schoolnr,pupilnr,iq_verb,iq_perf,sex,minority,repeatgr,aritpret,classnr,aritpost,langpret,langpost,ses,denomina,schoolse,satiprin,natitest,meetings,currmeet,mixedgra,percmino,aritdiff,homework,classsiz,groupsiz
1,17001,15,12.33333,0,0,0,14,180,24,36,46,23,1,11,3.42857,0,1.7,1.83333,0,60,12,2.33333,29,29
1,17002,14.5,10,0,1,0,12,180,19,36,45,10,1,11,3.42857,0,1.7,1.83333,0,60,12,2.33333,29,29
1,17003,9.5,11,0,0,0,10,180,24,33,33,15,1,11,3.42857,0,1.7,1.83333,0,60,12,2.33333,29,29
1,17004,11,10,0,0,0,13,180,26,29,46,23,1,11,3.42857,0,1.7,1.83333,0,60,12,2.33333,29,29
1,17005,8,6.66667,0,0,0,8,180,9,19,20,10,1,11,3.42857,0,1.7,1.83333,0,60,12,2.33333,29,29
1,17006,9.5,9,0,1,0,8,180,13,22,30,10,1,11,3.42857,0,1.7,1.83333,0,60,12,2.33333,29,29
1,17007,9.5,10.33333,0,1,0,7,180,13,20,30,23,1,11,3.42857,0,1.7,1.83333,0,60,12,2.33333,29,29
1,17008,13,14.33333,0,0,0,17,180,30,44,57,10,1,11,3.42857,0,1.7,1.83333,0,60,12,2.33333,29,29
1,17009,9.5,8.66667,0,1,1,10,180,23,34,36,13,1,11,3.42857,0,1.7,1.83333,0,60,12,2.33333,29,29
1,17010,11,15,0,1,0,14,180,22,31,36,15,1,11,3.42857,0,1.7,1.83333,0,60,12,2.33333,29,29
1,17011,5.5,9,1,1,0,11,180,19,18,29,10,1,11,3.42857,0,1.7,1.83333,0,60,12,2.33333,29,29
1,17012,14,9.33333,0,0,0,10,180,23,36,40,18,1,11,3.42857,0,1.7,1.83333,0,60,12,2.33333,29,29
1,17013,9,9,0,1,0,10,180,18,31,41,15,1,11,3.42857,0,1.7,1.83333,0,60,12,2.33333,29,29
1,17014,10.5,13,0,1,0,12,180,22,34,47,20,1,11,3.42857,0,1.7,1.83333,0,60,12,2.33333,29,29
1,17015,10,8.66667,0,1,0,9,180,15,31,33,10,1,11,3.42857,0,1.7,1.83333,0,60,12,2.33333,29,29
1,17016,11,12.33333,0,0,0,13,180,21,32,37,20,1,11,3.42857,0,1.7,1.83333,0,60,12,2.33333,29,29
1,17019,6.5,7.33333,1,0,0,9,180,13,23,29,13,1,11,3.42857,0,1.7,1.83333,0,60,12,2.33333,29,29
1,17020,4,9.33333,1,1,1,9,180,12,20,26,10,1,11,3.42857,0,1.7,1.83333,0,60,12,2.33333,29,29
1,17021,11,6.66667,1,1,0,7,180,11,27,37,10,1,11,3.42857,0,1.7,1.83333,0,60,12,2.33333,29,29
1,17022,11,11,1,1,0,16,180,23,31,40,15,1,11,3.42857,0,1.7,1.83333,0,60,12,2.33333,29,29
1,17025,11,11,1,0,1,16,180,17,24,27,10,1,11,3.42857,0,1.7,1.83333,0,60,12,2.33333,29,29
1,17026,12.5,10,1,0,0,9,180,16,35,43,13,1,11,3.42857,0,1.7,1.83333,0,60,12,2.33333,29,29
1,17027,11.5,11,1,1,0,14,180,24,32,39,10,1,11,3.42857,0,1.7,1.83333,0,60,12,2.33333,29,29
1,17028,10,6.66667,1,1,0,12,180,16,25,21,10,1,11,3.42857,0,1.7,1.83333,0,60,12,2.33333,29,29
1,17029,10,9.33333,1,1,0,17,180,11,33,42,10,1,11,3.42857,0,1.7,1.83333,0,60,12,2.33333,29,29
2,27001,11.5,7.33333,1,0,1,3,280,6,22,21,15,1,11,3,0,1.6,1.66667,1,10,27,1.66667,19,9
2,27002,10.5,9.33333,0,0,0,4,280,8,33,27,15,1,11,3,0,1.6,1.66667,1,10,27,1.66667,19,9
2,27003,8,9.33333,0,0,0,11,280,9,22,16,20,1,11,3,0,1.6,1.66667,1,10,27,1.66667,19,9
2,27004,7.5,7.66667,1,0,1,9,280,9,25,31,15,1,11,3,0,1.6,1.66667,1,10,27,1.66667,19,9
2,27005,7.5,11.33333,0,1,1,11,280,18,27,21,10,1,11,3,0,1.6,1.66667,1,10,27,1.66667,19,9
2,27006,6.5,6.66667,1,0,0,9,280,5,23,18,23,1,11,3,0,1.6,1.66667,1,10,27,1.66667,19,9
2,27007,11.5,12.66667,0,0,0,10,280,9,30,32,10,1,11,3,0,1.6,1.66667,1,10,27,1.66667,19,9
10,107201,10.5,8.66667,0,0,0,5,1082,14,26,28,15,1,15,3,0,2.6,2.66667,1,4,27,2,25,10
10,107202,10.5,12,0,0,0,11,1082,22,25,33,20,1,15,3,0,2.6,2.66667,1,4,27,2,25,10
10,107203,12.5,7.33333,1,0,0,10,1082,17,31,38,20,1,15,3,0,2.6,2.66667,1,4,27,2,25,10
10,107204,8,9,1,0,0,6,1082,8,20,14,10,1,15,3,0,2.6,2.66667,1,4,27,2,25,10
10,107206,11,8.33333,1,0,0,8,1082,10,30,39,33,1,15,3,0,2.6,2.66667,1,4,27,2,25,10
12,127102,9.5,9.66667,0,0,0,8,1280,15,23,23,27,1,20,3.14286,0,2.7,2.66667,1,5,17,1.33333,31,20
12,127103,10.5,11.33333,1,0,0,10,1280,16,33,43,33,1,20,3.14286,0,2.7,2.66667,1,5,17,1.33333,31,20
12,127104,8.5,12,1,0,0,7,1280,5,18,25,33,1,20,3.14286,0,2.7,2.66667,1,5,17,1.33333,31,20
12,127105,7.5,7.33333,1,0,0,6,1280,3,25,24,28,1,20,3.14286,0,2.7,2.66667,1,5,17,1.33333,31,20
12,127106,11,10.33333,1,0,0,8,1280,5,37,41,37,1,20,3.14286,0,2.7,2.66667,1,5,17,1.33333,31,20
12,127202,10.5,12.33333,0,0,0,11,1280,18,20,32,30,1,20,3.14286,0,2.7,2.66667,1,5,17,1.33333,31,20
12,127204,10.5,8.33333,0,0,0,9,1280,8,28,26,20,1,20,3.14286,0,2.7,2.66667,1,5,17,1.33333,31,20
12,127205,9.5,9.33333,0,0,0,9,1280,11,30,21,40,1,20,3.14286,0,2.7,2.66667,1,5,17,1.33333,31,20
12,127206,10,11.66667,0,0,0,9,1280,10,29,37,20,1,20,3.14286,0,2.7,2.66667,1,5,17,1.33333,31,20
12,127207,11.5,11.33333,1,0,0,11,1280,12,23,30,17,1,20,3.14286,0,2.7,2.66667,1,5,17,1.33333,31,20
12,127208,9.5,9.66667,1,0,0,9,1280,6,33,41,20,1,20,3.14286,0,2.7,2.66667,1,5,17,1.33333,31,20
12,127209,9,8,1,0,0,10,1280,5,25,31,50,1,20,3.14286,0,2.7,2.66667,1,5,17,1.33333,31,20
12,127210,8,7.66667,1,0,0,8,1280,10,21,27,20,1,20,3.14286,0,2.7,2.66667,1,5,17,1.33333,31,20
12,127212,7.5,7,1,0,0,9,1280,9,29,33,27,1,20,3.14286,0,2.7,2.66667,1,5,17,1.33333,31,20
12,127213,8.5,6.33333,1,0,0,6,1280,11,27,29,40,1,20,3.14286,0,2.7,2.66667,1,5,17,1.33333,31,20
15,157001,14,8.33333,0,0,0,11,1580,13,36,31,40,3,18,3.42857,0,1.9,2,1,25,21,2,35,11
15,157002,8.5,7.33333,0,0,0,5,1580,9,18,18,20,3,18,3.42857,0,1.9,2,1,25,21,2,35,11
15,157003,13,15.33333,0,0,1,9,1580,18,30,37,40,3,18,3.42857,0,1.9,2,1,25,21,2,35,11
15,157006,10.5,10.66667,1,0,1,5,1580,11,35,22,25,3,18,3.42857,0,1.9,2,1,25,21,2,35,11
15,157007,15,9.66667,1,0,0,16,1580,20,38,43,20,3,18,3.42857,0,1.9,2,1,25,21,2,35,11
15,157008,9,6.33333,1,0,0,4,1580,6,15,9,30,3,18,3.42857,0,1.9,2,1,25,21,2,35,11
15,157009,10,15,0,0,0,18,1580,19,36,41,30,3,18,3.42857,0,1.9,2,1,25,21,2,35,11
15,157010,12,12.66667,0,0,0,3,1580,24,37,46,20,3,18,3.42857,0,1.9,2,1,25,21,2,35,11
16,167002,11,12,0,0,1,14,1680,18,31,34,23,2,13,3.14286,0,2.11111,2.16667,1,0,19,1.66667,28,13
16,167003,11,11.66667,1,0,0,12,1680,23,40,47,33,2,13,3.14286,0,2.11111,2.16667,1,0,19,1.66667,28,13
16,167005,12.5,9.66667,0,0,0,14,1680,23,32,44,27,2,13,3.14286,0,2.11111,2.16667,1,0,19,1.66667,28,13
16,167006,13,16.33333,0,0,0,15,1680,22,44,50,27,2,13,3.14286,0,2.11111,2.16667,1,0,19,1.66667,28,13
16,167008,12.5,11.66667,0,0,0,7,1680,21,44,45,23,2,13,3.14286,0,2.11111,2.16667,1,0,19,1.66667,28,13
16,167010,11,9.66667,1,0,0,12,1680,14,41,43,30,2,13,3.14286,0,2.11111,2.16667,1,0,19,1.66667,28,13
16,167011,11.5,6.66667,0,0,0,7,1680,8,32,34,35,2,13,3.14286,0,2.11111,2.16667,1,0,19,1.66667,28,13
16,167012,11,9.66667,0,0,0,16,1680,19,32,35,37,2,13,3.14286,0,2.11111,2.16667,1,0,19,1.66667,28,13
18,187001,9.5,8.66667,0,0,1,3,1880,8,24,22,23,1,20,4,0,1.2,1.16667,0,0,25,1.66667,28,28
18,187002,9.5,9.66667,1,0,0,9,1880,11,30,27,15,1,20,4,0,1.2,1.16667,0,0,25,1.66667,28,28
18,187003,15,11.33333,1,0,0,12,1880,20,46,45,50,1,20,4,0,1.2,1.16667,0,0,25,1.66667,28,28
18,187004,11.5,10,1,0,0,13,1880,11,36,45,27,1,20,4,0,1.2,1.16667,0,0,25,1.66667,28,28
18,187005,13,12.33333,0,0,0,11,1880,15,30,38,35,1,20,4,0,1.2,1.16667,0,0,25,1.66667,28,28
18,187006,10.5,11.66667,0,0,0,7,1880,6,30,24,33,1,20,4,0,1.2,1.16667,0,0,25,1.66667,28,28
18,187007,13,9.33333,1,0,0,13,1880,16,41,50,25,1,20,4,0,1.2,1.16667,0,0,25,1.66667,28,28
18,187008,11,8.66667,0,0,0,10,1880,8,26,22,20,1,20,4,0,1.2,1.16667,0,0,25,1.66667,28,28
18,187009,14,13.66667,0,0,0,12,1880,20,37,43,30,1,20,4,0,1.2,1.16667,0,0,25,1.66667,28,28
18,187010,13.5,12.66667,0,0,0,12,1880,16,38,28,28,1,20,4,0,1.2,1.16667,0,0,25,1.66667,28,28
18,187012,10.5,8,0,0,0,10,1880,7,35,38,33,1,20,4,0,1.2,1.16667,0,0,25,1.66667,28,28
18,187013,9.5,8.33333,0,0,0,7,1880,16,29,20,25,1,20,4,0,1.2,1.16667,0,0,25,1.66667,28,28
18,187014,15.5,11.33333,0,0,0,9,1880,11,39,40,33,1,20,4,0,1.2,1.16667,0,0,25,1.66667,28,28
18,187015,12,16.33333,0,0,0,14,1880,20,41,47,50,1,20,4,0,1.2,1.16667,0,0,25,1.66667,28,28
18,187016,11,11.66667,0,0,0,9,1880,6,29,20,15,1,20,4,0,1.2,1.16667,0,0,25,1.66667,28,28
18,187017,11,10.66667,1,0,0,6,1880,6,32,28,25,1,20,4,0,1.2,1.16667,0,0,25,1.66667,28,28
18,187018,13,10.33333,0,0,0,12,1880,14,38,33,50,1,20,4,0,1.2,1.16667,0,0,25,1.66667,28,28
18,187019,11.5,9,0,0,0,7,1880,7,16,21,30,1,20,4,0,1.2,1.16667,0,0,25,1.66667,28,28
18,187020,12.5,11,1,0,0,16,1880,26,41,44,38,1,20,4,0,1.2,1.16667,0,0,25,1.66667,28,28
18,187022,12,12.33333,0,0,0,9,1880,15,33,43,20,1,20,4,0,1.2,1.16667,0,0,25,1.66667,28,28
18,187023,10,11.66667,0,0,0,11,1880,6,29,18,35,1,20,4,0,1.2,1.16667,0,0,25,1.66667,28,28
18,187024,10.5,10.33333,1,0,0,11,1880,19,41,31,50,1,20,4,0,1.2,1.16667,0,0,25,1.66667,28,28
18,187025,11.5,7,1,0,0,8,1880,11,29,21,35,1,20,4,0,1.2,1.16667,0,0,25,1.66667,28,28
18,187027,11,12.33333,0,0,0,8,1880,15,34,41,35,1,20,4,0,1.2,1.16667,0,0,25,1.66667,28,28
21,217001,14.5,13.33333,0,0,0,16,2180,30,34,48,20,2,15,2.85714,0,1.8,1.66667,0,0,16,2,19,19
21,217002,13,11,1,0,0,11,2180,12,38,43,18,2,15,2.85714,0,1.8,1.66667,0,0,16,2,19,19
21,217004,8.5,13.33333,0,0,1,9,2180,14,27,32,18,2,15,2.85714,0,1.8,1.66667,0,0,16,2,19,19
21,217005,11.5,11.33333,0,0,0,10,2180,10,31,17,20,2,15,2.85714,0,1.8,1.66667,0,0,16,2,19,19
21,217006,8.5,9.66667,0,0,0,4,2180,14,15,27,20,2,15,2.85714,0,1.8,1.66667,0,0,16,2,19,19
21,217007,13,9,0,0,0,13,2180,17,45,55,28,2,15,2.85714,0,1.8,1.66667,0,0,16,2,19,19
21,217008,12.5,10,1,0,0,9,2180,14,43,45,28,2,15,2.85714,0,1.8,1.66667,0,0,16,2,19,19
21,217009,13.5,8.66667,1,0,0,9,2180,12,34,36,18,2,15,2.85714,0,1.8,1.66667,0,0,16,2,19,19
21,217011,8,9.66667,0,0,1,10,2180,6,25,24,18,2,15,2.85714,0,1.8,1.66667,0,0,16,2,19,19
21,217012,9,10.66667,1,0,1,9,2180,11,30,35,18,2,15,2.85714,0,1.8,1.66667,0,0,16,2,19,19
21,217013,11.5,11.66667,0,0,0,12,2180,16,39,43,23,2,15,2.85714,0,1.8,1.66667,0,0,16,2,19,19
21,217014,13,11.66667,1,0,0,15,2180,18,38,48,23,2,15,2.85714,0,1.8,1.66667,0,0,16,2,19,19
21,217015,14.5,11,1,0,0,11,2180,11,41,38,23,2,15,2.85714,0,1.8,1.66667,0,0,16,2,19,19
21,217016,12,11.66667,0,0,0,11,2180,19,38,44,20,2,15,2.85714,0,1.8,1.66667,0,0,16,2,19,19
21,217017,12,12.66667,0,0,0,15,2180,27,44,47,18,2,15,2.85714,0,1.8,1.66667,0,0,16,2,19,19
21,217018,13.5,14,0,0,0,11,2180,23,38,36,23,2,15,2.85714,0,1.8,1.66667,0,0,16,2,19,19
21,217019,11.5,11.33333,1,0,0,10,2180,19,31,41,25,2,15,2.85714,0,1.8,1.66667,0,0,16,2,19,19
24,247001,12,11.66667,0,0,1,18,2480,26,43,41,23,2,16,3.57143,0,2.7,2.83333,0,0,17,2.66667,35,35
24,247002,10,11.33333,1,0,0,9,2480,13,23,26,20,2,16,3.57143,0,2.7,2.83333,0,0,17,2.66667,35,35
24,247003,14,9.33333,1,0,0,13,2480,16,47,52,20,2,16,3.57143,0,2.7,2.83333,0,0,17,2.66667,35,35
24,247004,12.5,9.33333,0,0,0,15,2480,28,34,43,10,2,16,3.57143,0,2.7,2.83333,0,0,17,2.66667,35,35
24,247005,13,13,0,0,0,20,2480,29,43,54,20,2,16,3.57143,0,2.7,2.83333,0,0,17,2.66667,35,35
24,247006,11.5,7.66667,1,0,0,14,2480,29,33,49,30,2,16,3.57143,0,2.7,2.83333,0,0,17,2.66667,35,35
24,247007,15.5,12.33333,0,0,0,16,2480,29,41,51,20,2,16,3.57143,0,2.7,2.83333,0,0,17,2.66667,35,35
24,247008,13.5,12.66667,0,0,0,17,2480,29,37,47,23,2,16,3.57143,0,2.7,2.83333,0,0,17,2.66667,35,35
24,247009,12,11,1,0,0,14,2480,22,43,51,17,2,16,3.57143,0,2.7,2.83333,0,0,17,2.66667,35,35
24,247010,12,11.66667,1,0,0,15,2480,27,37,51,23,2,16,3.57143,0,2.7,2.83333,0,0,17,2.66667,35,35
24,247011,8.5,11.33333,1,0,0,9,2480,19,31,34,20,2,16,3.57143,0,2.7,2.83333,0,0,17,2.66667,35,35
24,247012,10.5,12,1,0,0,16,2480,28,40,51,23,2,16,3.57143,0,2.7,2.83333,0,0,17,2.66667,35,35
24,247013,10,10,1,0,0,13,2480,26,33,49,23,2,16,3.57143,0,2.7,2.83333,0,0,17,2.66667,35,35
24,247014,9,8.66667,1,0,0,15,2480,18,26,42,37,2,16,3.57143,0,2.7,2.83333,0,0,17,2.66667,35,35
24,247015,13,5.33333,1,0,0,12,2480,23,40,50,17,2,16,3.57143,0,2.7,2.83333,0,0,17,2.66667,35,35
24,247018,6.5,9.33333,1,0,0,10,2480,21,29,33,17,2,16,3.57143,0,2.7,2.83333,0,0,17,2.66667,35,35
24,247019,13.5,9.66667,1,0,0,11,2480,23,38,46,33,2,16,3.57143,0,2.7,2.83333,0,0,17,2.66667,35,35
24,247020,16.5,10.33333,0,0,0,15,2480,28,44,57,20,2,16,3.57143,0,2.7,2.83333,0,0,17,2.66667,35,35
24,247021,10.5,12.33333,0,0,0,14,2480,27,33,35,30,2,16,3.57143,0,2.7,2.83333,0,0,17,2.66667,35,35
24,247022,13.5,9.66667,0,0,0,17,2480,23,29,44,27,2,16,3.57143,0,2.7,2.83333,0,0,17,2.66667,35,35
24,247023,12,13,0,0,0,11,2480,25,33,36,23,2,16,3.57143,0,2.7,2.83333,0,0,17,2.66667,35,35
24,247024,12.5,14.33333,0,0,0,15,2480,29,44,50,23,2,16,3.57143,0,2.7,2.83333,0,0,17,2.66667,35,35
24,247025,13,12.66667,1,0,0,11,2480,20,33,38,27,2,16,3.57143,0,2.7,2.83333,0,0,17,2.66667,35,35
24,247026,12,9.33333,1,0,0,14,2480,26,31,49,27,2,16,3.57143,0,2.7,2.83333,0,0,17,2.66667,35,35
26,267001,10.5,9,0,0,1,10,2680,13,27,26,20,2,19,3.14286,0,2.1,2,0,5,12,3,21,21
26,267002,12,12.33333,0,0,0,15,2680,25,37,48,35,2,19,3.14286,0,2.1,2,0,5,12,3,21,21
26,267003,12.5,11.66667,0,0,0,8,2680,18,32,32,40,2,19,3.14286,0,2.1,2,0,5,12,3,21,21
26,267004,13,15,0,0,0,19,2680,27,40,46,33,2,19,3.14286,0,2.1,2,0,5,12,3,21,21
26,267006,10,9,0,0,1,10,2680,13,33,38,30,2,19,3.14286,0,2.1,2,0,5,12,3,21,21
26,267007,11,9.66667,0,0,0,13,2680,27,26,44,33,2,19,3.14286,0,2.1,2,0,5,12,3,21,21
26,267009,11,13,0,0,0,9,2680,12,35,35,17,2,19,3.14286,0,2.1,2,0,5,12,3,21,21
26,267010,16.5,7.33333,0,0,0,11,2680,17,37,40,23,2,19,3.14286,0,2.1,2,0,5,12,3,21,21
26,267011,13,11.66667,0,0,0,18,2680,23,44,40,37,2,19,3.14286,0,2.1,2,0,5,12,3,21,21
26,267012,11.5,12,0,0,0,18,2680,25,37,46,20,2,19,3.14286,0,2.1,2,0,5,12,3,21,21
26,267013,10,9.66667,1,0,0,6,2680,13,37,31,20,2,19,3.14286,0,2.1,2,0,5,12,3,21,21
26,267014,13.5,7.33333,1,0,0,11,2680,16,40,50,45,2,19,3.14286,0,2.1,2,0,5,12,3,21,21
26,267015,13.5,14,1,0,0,12,2680,26,41,46,40,2,19,3.14286,0,2.1,2,0,5,12,3,21,21
26,267016,16.5,13.66667,1,0,0,12,2680,21,37,51,43,2,19,3.14286,0,2.1,2,0,5,12,3,21,21
26,267017,9,9.33333,1,0,0,9,2680,12,23,29,28,2,19,3.14286,0,2.1,2,0,5,12,3,21,21
26,267018,12,8,1,0,0,13,2680,9,36,39,33,2,19,3.14286,0,2.1,2,0,5,12,3,21,21
26,267019,13.5,9.33333,1,0,0,11,2680,23,39,49,35,2,19,3.14286,0,2.1,2,0,5,12,3,21,21
26,267020,14,12,1,0,0,15,2680,17,43,43,47,2,19,3.14286,0,2.1,2,0,5,12,3,21,21
27,277101,10,8.66667,1,0,0,8,2780,12,34,37,23,1,17,3.28571,0,1.1,1,1,0,9,2.33333,32,32
27,277102,10.5,10.33333,0,0,0,8,2780,14,30,35,23,1,17,3.28571,0,1.1,1,1,0,9,2.33333,32,32
27,277103,13,10.66667,0,0,0,14,2780,21,35,38,28,1,17,3.28571,0,1.1,1,1,0,9,2.33333,32,32
27,277104,13,12,1,0,0,13,2780,14,35,40,23,1,17,3.28571,0,1.1,1,1,0,9,2.33333,32,32
27,277105,14,11.66667,0,0,0,11,2780,19,37,42,47,1,17,3.28571,0,1.1,1,1,0,9,2.33333,32,32
27,277109,14.5,8.66667,0,0,0,8,2780,12,33,41,40,1,17,3.28571,0,1.1,1,1,0,9,2.33333,32,32
27,277110,12,7.33333,0,0,1,9,2780,5,30,32,40,1,17,3.28571,0,1.1,1,1,0,9,2.33333,32,32
27,277111,12.5,11.33333,0,0,0,15,2780,24,36,40,27,1,17,3.28571,0,1.1,1,1,0,9,2.33333,32,32
27,277112,10.5,9.66667,0,0,0,7,2780,6,19,20,23,1,17,3.28571,0,1.1,1,1,0,9,2.33333,32,32
27,277114,11,9.33333,1,0,0,10,2780,18,37,29,27,1,17,3.28571,0,1.1,1,1,0,9,2.33333,32,32
27,277115,12.5,13.66667,0,0,0,13,2780,17,33,41,40,1,17,3.28571,0,1.1,1,1,0,9,2.33333,32,32
27,277116,13,10,0,0,0,6,2780,13,30,23,30,1,17,3.28571,0,1.1,1,1,0,9,2.33333,32,32
27,277120,11.5,9.33333,1,0,1,8,2780,9,19,27,23,1,17,3.28571,0,1.1,1,1,0,9,2.33333,32,32
27,277122,9.5,8.66667,1,0,0,5,2780,12,27,35,27,1,17,3.28571,0,1.1,1,1,0,9,2.33333,32,32
27,277202,11.5,8.33333,0,0,0,15,2780,13,29,33,35,1,17,3.28571,0,1.1,1,1,0,9,2.33333,32,32
27,277203,9.5,10.66667,1,0,0,9,2780,13,20,31,23,1,17,3.28571,0,1.1,1,1,0,9,2.33333,32,32
27,277204,12,8,0,0,0,8,2780,10,30,29,40,1,17,3.28571,0,1.1,1,1,0,9,2.33333,32,32
27,277205,10,8,1,0,0,6,2780,6,25,31,20,1,17,3.28571,0,1.1,1,1,0,9,2.33333,32,32
27,277206,12,9.33333,0,0,0,10,2780,13,32,40,20,1,17,3.28571,0,1.1,1,1,0,9,2.33333,32,32
27,277207,6.5,7,1,0,0,8,2780,6,27,19,20,1,17,3.28571,0,1.1,1,1,0,9,2.33333,32,32
27,277208,11,8.33333,1,0,0,12,2780,8,35,40,35,1,17,3.28571,0,1.1,1,1,0,9,2.33333,32,32
29,297001,18,15,0,0,0,17,2980,29,38,51,45,4,26,3.85714,0,3.1,2.66667,1,0,20,2,22,12
29,297003,16,10.66667,0,0,0,11,2980,20,41,51,47,4,26,3.85714,0,3.1,2.66667,1,0,20,2,22,12
29,297004,12,11.66667,0,0,1,7,2980,9,31,35,50,4,26,3.85714,0,3.1,2.66667,1,0,20,2,22,12
29,297005,11.5,10.33333,0,0,0,7,2980,25,36,50,50,4,26,3.85714,0,3.1,2.66667,1,0,20,2,22,12
29,297006,12,13,0,0,0,9,2980,25,36,51,45,4,26,3.85714,0,3.1,2.66667,1,0,20,2,22,12
29,297007,15.5,12,0,0,0,15,2980,26,33,52,40,4,26,3.85714,0,3.1,2.66667,1,0,20,2,22,12
29,297008,14,11.66667,1,0,0,9,2980,17,36,44,35,4,26,3.85714,0,3.1,2.66667,1,0,20,2,22,12
29,297009,6,10,1,0,0,10,2980,12,34,39,35,4,26,3.85714,0,3.1,2.66667,1,0,20,2,22,12
29,297010,12.5,11,1,0,0,13,2980,12,40,41,35,4,26,3.85714,0,3.1,2.66667,1,0,20,2,22,12
29,297011,16.5,14.33333,1,0,0,16,2980,19,47,51,45,4,26,3.85714,0,3.1,2.66667,1,0,20,2,22,12
33,337001,12,8,0,0,0,6,3380,11,31,20,15,2,19,3.42857,1,1.66667,1.5,1,0,11,2.33333,14,9
33,337002,10,8.33333,1,0,0,10,3380,12,30,43,20,2,19,3.42857,1,1.66667,1.5,1,0,11,2.33333,14,9
33,337003,10,7.66667,0,0,0,6,3380,18,31,31,37,2,19,3.42857,1,1.66667,1.5,1,0,11,2.33333,14,9
33,337004,11,10,0,0,1,8,3380,19,32,42,25,2,19,3.42857,1,1.66667,1.5,1,0,11,2.33333,14,9
33,337005,13,11.66667,0,0,0,15,3380,28,31,50,23,2,19,3.42857,1,1.66667,1.5,1,0,11,2.33333,14,9
33,337006,12,11,1,0,0,9,3380,15,30,41,27,2,19,3.42857,1,1.66667,1.5,1,0,11,2.33333,14,9
35,357001,11,9,1,0,0,9,3580,16,30,38,20,1,19,3.42857,1,2.4,2.33333,1,20,15,3,16,16
35,357002,13,10.33333,0,0,0,8,3580,16,39,52,20,1,19,3.42857,1,2.4,2.33333,1,20,15,3,16,16
35,357003,10.5,9.33333,0,0,0,10,3580,22,31,34,20,1,19,3.42857,1,2.4,2.33333,1,20,15,3,16,16
35,357004,7,9.33333,1,0,1,8,3580,12,25,34,18,1,19,3.42857,1,2.4,2.33333,1,20,15,3,16,16
35,357005,13,12,0,0,0,14,3580,25,38,54,30,1,19,3.42857,1,2.4,2.33333,1,20,15,3,16,16
35,357006,13,15.33333,0,0,0,17,3580,25,39,47,45,1,19,3.42857,1,2.4,2.33333,1,20,15,3,16,16
35,357007,11,10,0,0,0,8,3580,11,20,25,18,1,19,3.42857,1,2.4,2.33333,1,20,15,3,16,16
35,357008,8,8.33333,0,1,1,8,3580,11,30,27,13,1,19,3.42857,1,2.4,2.33333,1,20,15,3,16,16
35,357009,8,7,1,0,0,8,3580,14,26,35,23,1,19,3.42857,1,2.4,2.33333,1,20,15,3,16,16
35,357010,12,13.33333,0,0,0,6,3580,13,31,28,18,1,19,3.42857,1,2.4,2.33333,1,20,15,3,16,16
35,357013,8.5,8,1,1,0,5,3580,13,29,34,10,1,19,3.42857,1,2.4,2.33333,1,20,15,3,16,16
35,357014,9.5,10,0,0,0,10,3580,15,30,42,25,1,19,3.42857,1,2.4,2.33333,1,20,15,3,16,16
35,357015,10.5,9,0,0,0,4,3580,11,33,38,25,1,19,3.42857,1,2.4,2.33333,1,20,15,3,16,16
35,357017,15.5,10.66667,0,1,0,10,3580,20,44,51,30,1,19,3.42857,1,2.4,2.33333,1,20,15,3,16,16
36,367001,14.5,14,0,0,0,17,3680,26,47,55,33,3,20,2.85714,0,2,2,0,0,20,3.33333,29,29
36,367002,12,11.33333,0,0,0,14,3680,19,32,40,20,3,20,2.85714,0,2,2,0,0,20,3.33333,29,29
36,367003,12,11.66667,0,0,0,14,3680,26,41,49,30,3,20,2.85714,0,2,2,0,0,20,3.33333,29,29
36,367004,13,11.66667,1,0,0,12,3680,12,24,37,35,3,20,2.85714,0,2,2,0,0,20,3.33333,29,29
36,367005,9.5,8,0,0,0,6,3680,11,31,31,25,3,20,2.85714,0,2,2,0,0,20,3.33333,29,29
36,367006,12,9.33333,0,0,0,9,3680,12,32,31,30,3,20,2.85714,0,2,2,0,0,20,3.33333,29,29
36,367008,8.5,9.33333,0,0,0,12,3680,12,32,28,30,3,20,2.85714,0,2,2,0,0,20,3.33333,29,29
36,367010,11,8,0,0,0,7,3680,6,26,30,20,3,20,2.85714,0,2,2,0,0,20,3.33333,29,29
36,367012,9.5,9.33333,1,0,0,7,3680,13,33,34,40,3,20,2.85714,0,2,2,0,0,20,3.33333,29,29
36,367013,12.5,12,0,0,0,14,3680,23,38,42,40,3,20,2.85714,0,2,2,0,0,20,3.33333,29,29
36,367014,11,7.66667,1,0,0,8,3680,15,26,29,30,3,20,2.85714,0,2,2,0,0,20,3.33333,29,29
36,367015,12,9.66667,0,0,0,12,3680,22,31,27,20,3,20,2.85714,0,2,2,0,0,20,3.33333,29,29
36,367016,13,10.66667,1,0,0,14,3680,14,31,32,33,3,20,2.85714,0,2,2,0,0,20,3.33333,29,29
36,367018,9.5,9.33333,0,0,1,8,3680,8,28,22,30,3,20,2.85714,0,2,2,0,0,20,3.33333,29,29
36,367019,14.5,12,0,0,0,14,3680,23,34,34,30,3,20,2.85714,0,2,2,0,0,20,3.33333,29,29
36,367020,12.5,10.66667,0,0,1,10,3680,16,31,36,38,3,20,2.85714,0,2,2,0,0,20,3.33333,29,29
36,367021,12.5,8.33333,1,0,0,11,3680,16,35,46,28,3,20,2.85714,0,2,2,0,0,20,3.33333,29,29
36,367023,12.5,10,1,0,0,10,3680,15,44,45,30,3,20,2.85714,0,2,2,0,0,20,3.33333,29,29
36,367024,12.5,13,1,0,0,14,3680,16,36,39,37,3,20,2.85714,0,2,2,0,0,20,3.33333,29,29
36,367025,11,11.66667,1,0,0,8,3680,10,38,36,40,3,20,2.85714,0,2,2,0,0,20,3.33333,29,29
36,367026,10.5,10,1,0,0,11,3680,12,36,33,30,3,20,2.85714,0,2,2,0,0,20,3.33333,29,29
36,367028,11,9.66667,0,0,0,8,3680,16,31,28,40,3,20,2.85714,0,2,2,0,0,20,3.33333,29,29
36,367029,12,10.33333,1,0,0,13,3680,13,34,35,20,3,20,2.85714,0,2,2,0,0,20,3.33333,29,29
38,387001,11,12.66667,0,0,0,11,3880,9,29,42,50,2,18,3.28571,1,1.9,1.83333,0,2,14,3,31,31
38,387002,10,14.33333,1,0,0,14,3880,23,36,42,40,2,18,3.28571,1,1.9,1.83333,0,2,14,3,31,31
38,387003,9.5,12.66667,1,0,0,7,3880,7,28,34,20,2,18,3.28571,1,1.9,1.83333,0,2,14,3,31,31
38,387004,9.5,11.33333,0,0,0,10,3880,13,40,47,20,2,18,3.28571,1,1.9,1.83333,0,2,14,3,31,31
38,387005,10,12.66667,0,0,0,17,3880,23,36,43,47,2,18,3.28571,1,1.9,1.83333,0,2,14,3,31,31
38,387006,11,10,0,0,0,9,3880,24,39,45,47,2,18,3.28571,1,1.9,1.83333,0,2,14,3,31,31
38,387007,12,10.66667,1,0,0,12,3880,16,44,53,20,2,18,3.28571,1,1.9,1.83333,0,2,14,3,31,31
38,387008,12,11.33333,1,0,0,10,3880,19,40,53,40,2,18,3.28571,1,1.9,1.83333,0,2,14,3,31,31
38,387009,12,10,1,0,1,10,3880,11,32,42,30,2,18,3.28571,1,1.9,1.83333,0,2,14,3,31,31
38,387010,11,8.33333,0,0,0,8,3880,17,36,40,30,2,18,3.28571,1,1.9,1.83333,0,2,14,3,31,31
38,387011,12.5,10.66667,1,0,0,14,3880,23,41,50,45,2,18,3.28571,1,1.9,1.83333,0,2,14,3,31,31
38,387012,12.5,9.33333,0,0,0,10,3880,21,39,41,23,2,18,3.28571,1,1.9,1.83333,0,2,14,3,31,31
38,387013,9,6.33333,0,0,0,11,3880,16,31,35,30,2,18,3.28571,1,1.9,1.83333,0,2,14,3,31,31
38,387015,13,10.33333,0,0,0,15,3880,19,41,42,20,2,18,3.28571,1,1.9,1.83333,0,2,14,3,31,31
38,387016,13,11.33333,1,0,1,13,3880,16,42,52,25,2,18,3.28571,1,1.9,1.83333,0,2,14,3,31,31
38,387017,9,10.33333,0,0,1,14,3880,13,31,26,20,2,18,3.28571,1,1.9,1.83333,0,2,14,3,31,31
38,387018,12,8.33333,0,0,0,9,3880,10,35,39,23,2,18,3.28571,1,1.9,1.83333,0,2,14,3,31,31
38,387019,8,7.66667,0,0,1,11,3880,12,28,33,20,2,18,3.28571,1,1.9,1.83333,0,2,14,3,31,31
38,387020,13.5,8.66667,1,0,0,12,3880,18,41,50,20,2,18,3.28571,1,1.9,1.83333,0,2,14,3,31,31
38,387021,10,12.33333,0,0,0,14,3880,24,35,38,20,2,18,3.28571,1,1.9,1.83333,0,2,14,3,31,31
38,387022,13.5,14.66667,0,0,0,17,3880,30,41,45,23,2,18,3.28571,1,1.9,1.83333,0,2,14,3,31,31
38,387023,14.5,12.33333,0,0,0,14,3880,23,41,43,33,2,18,3.28571,1,1.9,1.83333,0,2,14,3,31,31
38,387024,12,13.66667,1,0,0,11,3880,17,38,41,20,2,18,3.28571,1,1.9,1.83333,0,2,14,3,31,31
38,387025,10.5,7.66667,1,0,0,13,3880,11,27,36,25,2,18,3.28571,1,1.9,1.83333,0,2,14,3,31,31
38,387026,12,11,1,0,0,15,3880,14,41,38,30,2,18,3.28571,1,1.9,1.83333,0,2,14,3,31,31
38,387027,9.5,8.33333,0,0,0,6,3880,7,27,31,20,2,18,3.28571,1,1.9,1.83333,0,2,14,3,31,31
38,387028,15.5,9.66667,1,0,0,12,3880,17,38,53,37,2,18,3.28571,1,1.9,1.83333,0,2,14,3,31,31
38,387031,13.5,12,0,0,1,11,3880,15,35,35,17,2,18,3.28571,1,1.9,1.83333,0,2,14,3,31,31
40,407102,11.5,12,0,0,0,15,4081,25,31,41,45,3,23,2.85714,0,1.8,1.66667,0,0,10,2.33333,28,28
40,407103,9,9.33333,0,0,0,13,4081,17,30,27,40,3,23,2.85714,0,1.8,1.66667,0,0,10,2.33333,28,28
40,407104,10,9.33333,0,0,0,9,4081,27,34,30,50,3,23,2.85714,0,1.8,1.66667,0,0,10,2.33333,28,28
40,407105,12.5,12.66667,0,0,0,15,4081,26,40,48,50,3,23,2.85714,0,1.8,1.66667,0,0,10,2.33333,28,28
40,407106,12,9.66667,0,0,0,14,4081,23,34,36,40,3,23,2.85714,0,1.8,1.66667,0,0,10,2.33333,28,28
40,407107,9.5,9,0,0,0,11,4081,14,25,30,20,3,23,2.85714,0,1.8,1.66667,0,0,10,2.33333,28,28
40,407108,11.5,9.33333,0,0,0,7,4081,11,17,18,30,3,23,2.85714,0,1.8,1.66667,0,0,10,2.33333,28,28
40,407110,12.5,10.33333,0,0,1,10,4081,24,30,34,20,3,23,2.85714,0,1.8,1.66667,0,0,10,2.33333,28,28
40,407111,13,12,0,0,0,17,4081,28,40,49,50,3,23,2.85714,0,1.8,1.66667,0,0,10,2.33333,28,28
40,407112,12.5,11.33333,0,0,0,16,4081,18,41,44,20,3,23,2.85714,0,1.8,1.66667,0,0,10,2.33333,28,28
40,407113,15.5,13.66667,0,0,0,16,4081,25,35,50,30,3,23,2.85714,0,1.8,1.66667,0,0,10,2.33333,28,28
40,407114,14,7.66667,1,0,0,14,4081,20,42,51,20,3,23,2.85714,0,1.8,1.66667,0,0,10,2.33333,28,28
40,407115,13.5,10.66667,1,0,0,14,4081,29,37,50,20,3,23,2.85714,0,1.8,1.66667,0,0,10,2.33333,28,28
40,407116,14,10.66667,1,0,0,15,4081,29,40,50,30,3,23,2.85714,0,1.8,1.66667,0,0,10,2.33333,28,28
40,407118,12,8,1,0,0,10,4081,16,41,44,30,3,23,2.85714,0,1.8,1.66667,0,0,10,2.33333,28,28
40,407119,13,9.33333,1,0,0,14,4081,25,46,48,40,3,23,2.85714,0,1.8,1.66667,0,0,10,2.33333,28,28
40,407120,9.5,8.33333,1,0,0,9,4081,11,21,26,20,3,23,2.85714,0,1.8,1.66667,0,0,10,2.33333,28,28
40,407121,13.5,8.66667,1,0,0,17,4081,26,44,50,30,3,23,2.85714,0,1.8,1.66667,0,0,10,2.33333,28,28
40,407122,15,8.66667,1,0,0,17,4081,27,41,52,30,3,23,2.85714,0,1.8,1.66667,0,0,10,2.33333,28,28
40,407123,12.5,7.66667,1,0,0,14,4081,25,38,46,50,3,23,2.85714,0,1.8,1.66667,0,0,10,2.33333,28,28
40,407124,13.5,9,1,0,0,15,4081,26,38,50,40,3,23,2.85714,0,1.8,1.66667,0,0,10,2.33333,28,28
40,407125,11,7.33333,1,0,0,8,4081,16,33,36,30,3,23,2.85714,0,1.8,1.66667,0,0,10,2.33333,28,28
40,407126,11,10.33333,1,0,0,17,4081,27,34,44,40,3,23,2.85714,0,1.8,1.66667,0,0,10,2.33333,28,28
40,407127,11.5,6.66667,1,0,0,14,4081,9,28,35,20,3,23,2.85714,0,1.8,1.66667,0,0,10,2.33333,28,28
40,407128,12.5,9,1,0,0,8,4081,17,27,20,30,3,23,2.85714,0,1.8,1.66667,0,0,10,2.33333,28,28
40,407201,11,11,0,0,1,13,4082,21,27,36,28,3,23,2.85714,0,1.8,1.66667,1,0,10,3,11,11
40,407202,12.5,12.33333,0,0,0,20,4082,28,36,42,23,3,23,2.85714,0,1.8,1.66667,1,0,10,3,11,11
40,407203,13,13.66667,0,0,0,17,4082,28,38,43,30,3,23,2.85714,0,1.8,1.66667,1,0,10,3,11,11
40,407204,11.5,8.66667,0,0,1,13,4082,23,27,35,45,3,23,2.85714,0,1.8,1.66667,1,0,10,3,11,11
40,407205,16.5,16,0,0,0,19,4082,29,48,45,45,3,23,2.85714,0,1.8,1.66667,1,0,10,3,11,11
40,407206,15.5,13.33333,1,0,0,16,4082,29,44,50,28,3,23,2.85714,0,1.8,1.66667,1,0,10,3,11,11
40,407207,13.5,9.66667,1,0,0,14,4082,21,38,49,18,3,23,2.85714,0,1.8,1.66667,1,0,10,3,11,11
40,407209,12.5,10.66667,1,0,0,15,4082,24,41,51,28,3,23,2.85714,0,1.8,1.66667,1,0,10,3,11,11
40,407210,15,13,1,0,0,14,4082,28,42,53,20,3,23,2.85714,0,1.8,1.66667,1,0,10,3,11,11
40,407211,10,13.66667,1,0,0,17,4082,29,38,48,18,3,23,2.85714,0,1.8,1.66667,1,0,10,3,11,11
41,417001,11.5,11,0,1,0,16,4180,28,38,38,20,2,11,2.85714,0,1.9,2,0,33,19,2.66667,18,18
41,417002,13,9,0,0,0,12,4180,21,37,40,20,2,11,2.85714,0,1.9,2,0,33,19,2.66667,18,18
41,417003,12.5,10.66667,1,0,0,16,4180,11,44,31,20,2,11,2.85714,0,1.9,2,0,33,19,2.66667,18,18
41,417004,10.5,10.33333,1,0,0,11,4180,11,31,38,30,2,11,2.85714,0,1.9,2,0,33,19,2.66667,18,18
41,417005,11,12,0,0,0,18,4180,26,33,29,20,2,11,2.85714,0,1.9,2,0,33,19,2.66667,18,18
41,417006,15,12,1,0,0,16,4180,23,45,52,20,2,11,2.85714,0,1.9,2,0,33,19,2.66667,18,18
41,417007,15,12.33333,0,0,0,17,4180,28,38,41,20,2,11,2.85714,0,1.9,2,0,33,19,2.66667,18,18
41,417009,13,15.33333,0,0,0,14,4180,28,38,48,20,2,11,2.85714,0,1.9,2,0,33,19,2.66667,18,18
41,417010,15.5,10.33333,1,0,0,13,4180,25,38,50,20,2,11,2.85714,0,1.9,2,0,33,19,2.66667,18,18
41,417012,11.5,8.33333,0,0,0,11,4180,18,42,37,15,2,11,2.85714,0,1.9,2,0,33,19,2.66667,18,18
41,417014,11,12.33333,0,1,0,9,4180,16,34,30,10,2,11,2.85714,0,1.9,2,0,33,19,2.66667,18,18
41,417015,10,11.33333,1,0,1,7,4180,11,28,28,15,2,11,2.85714,0,1.9,2,0,33,19,2.66667,18,18
41,417017,9.5,11,0,1,0,9,4180,14,20,30,10,2,11,2.85714,0,1.9,2,0,33,19,2.66667,18,18
42,427001,11.5,13.33333,0,0,0,10,4280,25,37,45,28,3,24,3.14286,0,1.9,1.83333,1,0,16,2.66667,21,15
42,427002,11.5,10.33333,0,0,1,6,4280,13,25,25,38,3,24,3.14286,0,1.9,1.83333,1,0,16,2.66667,21,15
42,427003,14.5,12.33333,1,0,0,14,4280,20,39,49,43,3,24,3.14286,0,1.9,1.83333,1,0,16,2.66667,21,15
42,427004,12,10.66667,1,0,0,12,4280,20,24,30,40,3,24,3.14286,0,1.9,1.83333,1,0,16,2.66667,21,15
42,427005,12.5,12.33333,0,0,0,14,4280,25,33,35,40,3,24,3.14286,0,1.9,1.83333,1,0,16,2.66667,21,15
42,427006,9.5,10,0,0,0,9,4280,9,25,18,30,3,24,3.14286,0,1.9,1.83333,1,0,16,2.66667,21,15
42,427008,11,8,1,0,0,10,4280,12,33,39,20,3,24,3.14286,0,1.9,1.83333,1,0,16,2.66667,21,15
42,427009,10,8.66667,0,0,0,8,4280,8,28,20,20,3,24,3.14286,0,1.9,1.83333,1,0,16,2.66667,21,15
42,427010,14.5,11,1,0,0,10,4280,19,40,47,30,3,24,3.14286,0,1.9,1.83333,1,0,16,2.66667,21,15
42,427011,11,10.33333,1,0,0,14,4280,18,28,34,38,3,24,3.14286,0,1.9,1.83333,1,0,16,2.66667,21,15
42,427012,13,8.66667,0,0,0,14,4280,23,37,45,48,3,24,3.14286,0,1.9,1.83333,1,0,16,2.66667,21,15
42,427013,11.5,7.66667,1,0,0,8,4280,15,36,31,20,3,24,3.14286,0,1.9,1.83333,1,0,16,2.66667,21,15
42,427014,11.5,7.33333,1,0,0,13,4280,13,37,38,25,3,24,3.14286,0,1.9,1.83333,1,0,16,2.66667,21,15
42,427015,11.5,10.33333,1,0,0,14,4280,10,23,38,25,3,24,3.14286,0,1.9,1.83333,1,0,16,2.66667,21,15
44,447001,11,9.66667,0,0,1,8,4480,13,27,26,15,3,14,2.85714,0,2.4,2.16667,1,20,16,2.66667,25,16
44,447002,11.5,11.66667,1,0,0,10,4480,19,37,43,25,3,14,2.85714,0,2.4,2.16667,1,20,16,2.66667,25,16
44,447004,10.5,14,1,1,0,13,4480,13,38,34,18,3,14,2.85714,0,2.4,2.16667,1,20,16,2.66667,25,16
44,447005,11.5,11,0,0,0,8,4480,14,39,39,18,3,14,2.85714,0,2.4,2.16667,1,20,16,2.66667,25,16
44,447006,10.5,13,0,1,1,11,4480,22,31,36,10,3,14,2.85714,0,2.4,2.16667,1,20,16,2.66667,25,16
44,447008,12.5,11.33333,0,0,0,13,4480,21,35,46,17,3,14,2.85714,0,2.4,2.16667,1,20,16,2.66667,25,16
44,447009,11,13.33333,0,0,0,18,4480,21,27,38,25,3,14,2.85714,0,2.4,2.16667,1,20,16,2.66667,25,16
44,447010,11,9,0,0,0,8,4480,14,26,25,18,3,14,2.85714,0,2.4,2.16667,1,20,16,2.66667,25,16
44,447011,9.5,11.66667,1,0,0,9,4480,17,27,23,18,3,14,2.85714,0,2.4,2.16667,1,20,16,2.66667,25,16
44,447012,12.5,7.33333,0,0,0,16,4480,11,34,38,25,3,14,2.85714,0,2.4,2.16667,1,20,16,2.66667,25,16
44,447013,12.5,12,1,0,0,16,4480,27,45,53,25,3,14,2.85714,0,2.4,2.16667,1,20,16,2.66667,25,16
44,447014,10,9.66667,0,0,0,12,4480,21,31,31,17,3,14,2.85714,0,2.4,2.16667,1,20,16,2.66667,25,16
44,447015,10.5,13.33333,0,0,0,13,4480,17,40,45,20,3,14,2.85714,0,2.4,2.16667,1,20,16,2.66667,25,16
44,447016,11.5,13.66667,0,0,0,11,4480,20,34,43,20,3,14,2.85714,0,2.4,2.16667,1,20,16,2.66667,25,16
44,447017,12,14.66667,0,0,0,17,4480,24,33,26,18,3,14,2.85714,0,2.4,2.16667,1,20,16,2.66667,25,16
47,477002,10.5,8.66667,0,0,0,6,4780,4,23,29,17,3,11,2.85714,0,2.11111,1.83333,1,8,13,2.66667,15,15
47,477004,7,6,0,0,1,10,4780,11,15,15,18,3,11,2.85714,0,2.11111,1.83333,1,8,13,2.66667,15,15
47,477005,10,9.33333,0,0,0,10,4780,8,32,29,20,3,11,2.85714,0,2.11111,1.83333,1,8,13,2.66667,15,15
47,477006,11,10.33333,0,0,0,12,4780,19,27,20,10,3,11,2.85714,0,2.11111,1.83333,1,8,13,2.66667,15,15
47,477007,4.5,9,1,1,0,5,4780,5,15,23,10,3,11,2.85714,0,2.11111,1.83333,1,8,13,2.66667,15,15
47,477009,6,8.66667,1,1,2,8,4780,9,15,27,20,3,11,2.85714,0,2.11111,1.83333,1,8,13,2.66667,15,15
47,477011,10,10,0,1,1,7,4780,6,15,22,25,3,11,2.85714,0,2.11111,1.83333,1,8,13,2.66667,15,15
47,477012,7.5,6.33333,0,1,1,6,4780,5,22,23,25,3,11,2.85714,0,2.11111,1.83333,1,8,13,2.66667,15,15
48,487002,12.5,8.33333,0,0,1,7,4880,7,37,44,30,2,16,3.42857,0,1.6,1.5,0,25,20,2,19,19
48,487005,9,13.33333,0,1,1,8,4880,19,20,25,10,2,16,3.42857,0,1.6,1.5,0,25,20,2,19,19
48,487006,10.5,9.66667,0,1,1,9,4880,9,28,30,17,2,16,3.42857,0,1.6,1.5,0,25,20,2,19,19
48,487007,12,9,1,0,0,10,4880,5,33,32,25,2,16,3.42857,0,1.6,1.5,0,25,20,2,19,19
48,487008,11,8,1,0,0,8,4880,5,33,35,10,2,16,3.42857,0,1.6,1.5,0,25,20,2,19,19
48,487010,8.5,9.66667,1,0,0,10,4880,12,28,32,20,2,16,3.42857,0,1.6,1.5,0,25,20,2,19,19
48,487011,12,9.33333,1,0,0,2,4880,2,27,28,10,2,16,3.42857,0,1.6,1.5,0,25,20,2,19,19
48,487012,13.5,11,1,0,1,9,4880,11,33,37,30,2,16,3.42857,0,1.6,1.5,0,25,20,2,19,19
48,487013,13,12.66667,1,0,0,13,4880,23,38,46,10,2,16,3.42857,0,1.6,1.5,0,25,20,2,19,19
48,487014,12.5,15,1,0,0,13,4880,29,42,52,27,2,16,3.42857,0,1.6,1.5,0,25,20,2,19,19
48,487020,10,12.66667,1,1,0,9,4880,16,36,40,10,2,16,3.42857,0,1.6,1.5,0,25,20,2,19,19
49,497001,13,13.33333,1,1,0,14,4980,25,44,51,50,1,11,2.71429,0,1.4,1.33333,1,40,27,2,28,12
49,497002,10.5,10,1,0,0,11,4980,16,37,46,25,1,11,2.71429,0,1.4,1.33333,1,40,27,2,28,12
49,497003,8,7.66667,1,0,0,8,4980,5,18,18,17,1,11,2.71429,0,1.4,1.33333,1,40,27,2,28,12
49,497004,8.5,7,1,1,0,5,4980,5,29,32,17,1,11,2.71429,0,1.4,1.33333,1,40,27,2,28,12
49,497005,13.5,11.66667,1,1,0,15,4980,23,32,41,50,1,11,2.71429,0,1.4,1.33333,1,40,27,2,28,12
49,497006,13.5,11,1,0,0,11,4980,19,39,46,50,1,11,2.71429,0,1.4,1.33333,1,40,27,2,28,12
49,497008,9,9.33333,1,0,0,8,4980,7,29,25,17,1,11,2.71429,0,1.4,1.33333,1,40,27,2,28,12
49,497010,11,9.66667,0,0,1,10,4980,12,16,21,20,1,11,2.71429,0,1.4,1.33333,1,40,27,2,28,12
49,497011,11.5,11,0,0,0,9,4980,16,34,31,27,1,11,2.71429,0,1.4,1.33333,1,40,27,2,28,12
52,527001,10.5,9.33333,0,0,0,13,5280,14,29,25,13,3,21,3.28571,0,2,2,0,4,8,3.66667,27,27
52,527002,10.5,9.66667,0,1,1,11,5280,14,31,28,10,3,21,3.28571,0,2,2,0,4,8,3.66667,27,27
52,527005,13.5,11.66667,1,0,0,14,5280,19,35,39,30,3,21,3.28571,0,2,2,0,4,8,3.66667,27,27
52,527006,11,9.66667,0,0,0,8,5280,17,25,25,45,3,21,3.28571,0,2,2,0,4,8,3.66667,27,27
52,527009,14.5,14.33333,0,0,0,17,5280,28,46,49,43,3,21,3.28571,0,2,2,0,4,8,3.66667,27,27
52,527010,11,8.66667,0,0,1,9,5280,11,35,34,18,3,21,3.28571,0,2,2,0,4,8,3.66667,27,27
52,527011,15.5,12.33333,0,0,1,17,5280,22,34,36,20,3,21,3.28571,0,2,2,0,4,8,3.66667,27,27
52,527012,10.5,9.33333,0,0,0,10,5280,9,26,19,13,3,21,3.28571,0,2,2,0,4,8,3.66667,27,27
52,527013,11,12.66667,0,0,0,13,5280,23,40,48,28,3,21,3.28571,0,2,2,0,4,8,3.66667,27,27
52,527014,11.5,10,0,0,1,11,5280,10,30,22,15,3,21,3.28571,0,2,2,0,4,8,3.66667,27,27
52,527015,17,16.33333,0,0,0,20,5280,28,42,47,35,3,21,3.28571,0,2,2,0,4,8,3.66667,27,27
52,527017,12.5,10,1,0,0,18,5280,27,36,47,15,3,21,3.28571,0,2,2,0,4,8,3.66667,27,27
52,527018,12,11.33333,1,0,0,11,5280,16,35,44,20,3,21,3.28571,0,2,2,0,4,8,3.66667,27,27
52,527019,12,9,1,0,0,10,5280,12,30,35,20,3,21,3.28571,0,2,2,0,4,8,3.66667,27,27
52,527020,17,11.66667,1,0,0,16,5280,21,45,43,33,3,21,3.28571,0,2,2,0,4,8,3.66667,27,27
52,527021,7,10,1,0,0,9,5280,13,29,38,10,3,21,3.28571,0,2,2,0,4,8,3.66667,27,27
52,527022,13.5,12.66667,1,0,0,15,5280,15,41,44,15,3,21,3.28571,0,2,2,0,4,8,3.66667,27,27
52,527024,11.5,15,1,0,0,14,5280,20,40,37,25,3,21,3.28571,0,2,2,0,4,8,3.66667,27,27
52,527025,13,8.33333,1,0,0,11,5280,19,29,44,35,3,21,3.28571,0,2,2,0,4,8,3.66667,27,27
52,527026,11,11.33333,1,0,1,8,5280,12,25,32,15,3,21,3.28571,0,2,2,0,4,8,3.66667,27,27
52,527027,13.5,9.33333,1,0,0,9,5280,17,37,42,40,3,21,3.28571,0,2,2,0,4,8,3.66667,27,27
54,547001,11,12,0,0,0,11,5480,12,39,36,43,1,23,3.42857,0,1.4,1.33333,0,0,16,3.33333,32,32
54,547002,12.5,11.66667,1,0,0,6,5480,20,36,42,50,1,23,3.42857,0,1.4,1.33333,0,0,16,3.33333,32,32
54,547003,11.5,8.66667,1,0,1,10,5480,18,41,50,37,1,23,3.42857,0,1.4,1.33333,0,0,16,3.33333,32,32
54,547004,12,13.66667,1,0,0,19,5480,26,45,52,48,1,23,3.42857,0,1.4,1.33333,0,0,16,3.33333,32,32
54,547005,11,10,1,0,0,15,5480,23,42,46,30,1,23,3.42857,0,1.4,1.33333,0,0,16,3.33333,32,32
54,547006,15.5,14,1,0,0,18,5480,25,46,55,50,1,23,3.42857,0,1.4,1.33333,0,0,16,3.33333,32,32
54,547007,12.5,9.66667,1,0,0,17,5480,29,40,50,40,1,23,3.42857,0,1.4,1.33333,0,0,16,3.33333,32,32
54,547008,11.5,14.33333,0,0,0,12,5480,29,38,42,45,1,23,3.42857,0,1.4,1.33333,0,0,16,3.33333,32,32
54,547009,14.5,14,0,0,0,19,5480,29,47,54,50,1,23,3.42857,0,1.4,1.33333,0,0,16,3.33333,32,32
54,547010,15.5,13.33333,1,0,0,18,5480,27,47,50,40,1,23,3.42857,0,1.4,1.33333,0,0,16,3.33333,32,32
54,547011,15,12.66667,0,0,0,12,5480,21,45,53,50,1,23,3.42857,0,1.4,1.33333,0,0,16,3.33333,32,32
54,547012,13,15,1,0,0,19,5480,28,45,49,40,1,23,3.42857,0,1.4,1.33333,0,0,16,3.33333,32,32
54,547013,13.5,9.33333,0,0,0,13,5480,20,38,49,40,1,23,3.42857,0,1.4,1.33333,0,0,16,3.33333,32,32
54,547014,11.5,11.33333,1,0,0,12,5480,22,45,51,50,1,23,3.42857,0,1.4,1.33333,0,0,16,3.33333,32,32
54,547016,15.5,11.66667,0,0,0,16,5480,15,40,54,50,1,23,3.42857,0,1.4,1.33333,0,0,16,3.33333,32,32
54,547017,13.5,14,1,0,0,11,5480,21,39,53,40,1,23,3.42857,0,1.4,1.33333,0,0,16,3.33333,32,32
54,547018,13,15,0,0,0,15,5480,24,43,46,43,1,23,3.42857,0,1.4,1.33333,0,0,16,3.33333,32,32
54,547019,10.5,12,0,0,1,14,5480,13,33,34,33,1,23,3.42857,0,1.4,1.33333,0,0,16,3.33333,32,32
54,547020,13,11.33333,1,0,0,15,5480,18,37,47,43,1,23,3.42857,0,1.4,1.33333,0,0,16,3.33333,32,32
54,547021,12,13.66667,0,0,0,15,5480,23,38,42,17,1,23,3.42857,0,1.4,1.33333,0,0,16,3.33333,32,32
54,547022,18,11.66667,1,0,0,14,5480,26,48,51,50,1,23,3.42857,0,1.4,1.33333,0,0,16,3.33333,32,32
54,547023,13,11,0,0,0,12,5480,16,36,44,43,1,23,3.42857,0,1.4,1.33333,0,0,16,3.33333,32,32
54,547024,13,9.66667,1,0,0,9,5480,12,29,36,20,1,23,3.42857,0,1.4,1.33333,0,0,16,3.33333,32,32
54,547025,13.5,13,0,0,0,13,5480,25,36,40,20,1,23,3.42857,0,1.4,1.33333,0,0,16,3.33333,32,32
54,547026,16.5,12.66667,1,0,0,14,5480,25,36,50,45,1,23,3.42857,0,1.4,1.33333,0,0,16,3.33333,32,32
54,547027,10.5,9.33333,0,0,0,9,5480,9,34,23,45,1,23,3.42857,0,1.4,1.33333,0,0,16,3.33333,32,32
54,547028,13,14.33333,1,0,0,17,5480,26,39,51,50,1,23,3.42857,0,1.4,1.33333,0,0,16,3.33333,32,32
54,547029,11.5,8.66667,1,0,0,16,5480,24,39,45,45,1,23,3.42857,0,1.4,1.33333,0,0,16,3.33333,32,32
54,547030,11.5,9.33333,0,0,0,14,5480,19,32,44,43,1,23,3.42857,0,1.4,1.33333,0,0,16,3.33333,32,32
54,547031,11.5,10.33333,1,0,0,10,5480,19,41,34,38,1,23,3.42857,0,1.4,1.33333,0,0,16,3.33333,32,32
54,547032,12,12.33333,1,0,0,14,5480,19,44,48,35,1,23,3.42857,0,1.4,1.33333,0,0,16,3.33333,32,32
55,557001,7,8.66667,0,0,1,10,5580,9,23,37,40,2,26,3.14286,0,1.8,1.66667,0,0,11,3,32,32
55,557002,10.5,10.66667,0,0,0,15,5580,24,32,39,28,2,26,3.14286,0,1.8,1.66667,0,0,11,3,32,32
55,557003,15.5,15,1,0,0,20,5580,30,46,54,50,2,26,3.14286,0,1.8,1.66667,0,0,11,3,32,32
55,557004,12.5,13.33333,0,0,0,16,5580,25,42,46,30,2,26,3.14286,0,1.8,1.66667,0,0,11,3,32,32
55,557005,14.5,10,1,0,0,19,5580,28,43,54,45,2,26,3.14286,0,1.8,1.66667,0,0,11,3,32,32
55,557006,11,13,0,0,0,17,5580,25,35,44,30,2,26,3.14286,0,1.8,1.66667,0,0,11,3,32,32
55,557007,12.5,13.66667,1,0,0,15,5580,23,36,40,30,2,26,3.14286,0,1.8,1.66667,0,0,11,3,32,32
55,557008,10,8.66667,1,0,1,14,5580,15,34,31,30,2,26,3.14286,0,1.8,1.66667,0,0,11,3,32,32
55,557009,11,11,0,0,0,14,5580,21,35,46,50,2,26,3.14286,0,1.8,1.66667,0,0,11,3,32,32
55,557010,9.5,8.66667,1,0,1,10,5580,9,29,23,20,2,26,3.14286,0,1.8,1.66667,0,0,11,3,32,32
55,557011,16,12.33333,1,0,0,15,5580,29,41,52,50,2,26,3.14286,0,1.8,1.66667,0,0,11,3,32,32
55,557012,13.5,11.66667,0,0,1,17,5580,21,42,44,38,2,26,3.14286,0,1.8,1.66667,0,0,11,3,32,32
55,557013,13,9.33333,0,0,0,13,5580,18,37,40,45,2,26,3.14286,0,1.8,1.66667,0,0,11,3,32,32
55,557014,12.5,10,0,0,1,9,5580,18,37,37,30,2,26,3.14286,0,1.8,1.66667,0,0,11,3,32,32
55,557015,11.5,10.33333,0,0,1,8,5580,17,38,38,27,2,26,3.14286,0,1.8,1.66667,0,0,11,3,32,32
55,557016,7,11.66667,1,0,0,13,5580,18,28,34,20,2,26,3.14286,0,1.8,1.66667,0,0,11,3,32,32
55,557017,17.5,15,0,0,0,15,5580,28,46,51,45,2,26,3.14286,0,1.8,1.66667,0,0,11,3,32,32
55,557018,9.5,13.66667,0,0,0,17,5580,24,35,40,43,2,26,3.14286,0,1.8,1.66667,0,0,11,3,32,32
55,557019,12,9.33333,1,0,0,11,5580,9,26,39,30,2,26,3.14286,0,1.8,1.66667,0,0,11,3,32,32
55,557020,12.5,10.66667,0,0,1,17,5580,24,31,23,10,2,26,3.14286,0,1.8,1.66667,0,0,11,3,32,32
55,557021,10.5,11.66667,0,0,0,13,5580,23,35,39,30,2,26,3.14286,0,1.8,1.66667,0,0,11,3,32,32
55,557022,15.5,10.33333,1,0,0,15,5580,28,46,44,40,2,26,3.14286,0,1.8,1.66667,0,0,11,3,32,32
55,557023,12.5,13.33333,1,0,0,14,5580,28,37,42,40,2,26,3.14286,0,1.8,1.66667,0,0,11,3,32,32
55,557024,12,13,0,0,0,19,5580,27,37,40,30,2,26,3.14286,0,1.8,1.66667,0,0,11,3,32,32
55,557025,12,14.33333,1,0,0,14,5580,25,36,41,50,2,26,3.14286,0,1.8,1.66667,0,0,11,3,32,32
55,557026,11,8,0,0,0,6,5580,23,36,51,45,2,26,3.14286,0,1.8,1.66667,0,0,11,3,32,32
55,557028,12.5,11,1,0,0,15,5580,27,45,43,40,2,26,3.14286,0,1.8,1.66667,0,0,11,3,32,32
55,557029,13,14.33333,0,0,0,14,5580,24,31,33,30,2,26,3.14286,0,1.8,1.66667,0,0,11,3,32,32
55,557030,10.5,9.66667,1,0,0,11,5580,17,40,42,35,2,26,3.14286,0,1.8,1.66667,0,0,11,3,32,32
55,557031,12,11,0,0,0,12,5580,19,39,48,35,2,26,3.14286,0,1.8,1.66667,0,0,11,3,32,32
57,577001,12,11.66667,0,1,0,13,5780,11,30,33,20,1,22,2.71429,0,1.9,1.5,0,33,15,3.33333,31,31
57,577002,12,13.33333,0,0,0,16,5780,26,37,33,30,1,22,2.71429,0,1.9,1.5,0,33,15,3.33333,31,31
57,577005,11.5,8.33333,0,0,0,11,5780,19,31,33,40,1,22,2.71429,0,1.9,1.5,0,33,15,3.33333,31,31
57,577006,13,10,0,0,0,14,5780,23,40,39,40,1,22,2.71429,0,1.9,1.5,0,33,15,3.33333,31,31
57,577007,12,11.66667,0,0,0,13,5780,19,34,47,40,1,22,2.71429,0,1.9,1.5,0,33,15,3.33333,31,31
57,577008,13,11.66667,0,0,0,10,5780,19,41,42,30,1,22,2.71429,0,1.9,1.5,0,33,15,3.33333,31,31
57,577011,13.5,16,0,0,0,13,5780,22,42,44,50,1,22,2.71429,0,1.9,1.5,0,33,15,3.33333,31,31
57,577012,14,13.33333,0,0,0,15,5780,26,39,50,40,1,22,2.71429,0,1.9,1.5,0,33,15,3.33333,31,31
57,577013,11.5,13.33333,0,0,1,15,5780,18,34,33,30,1,22,2.71429,0,1.9,1.5,0,33,15,3.33333,31,31
57,577014,13,14,0,0,0,16,5780,19,41,41,40,1,22,2.71429,0,1.9,1.5,0,33,15,3.33333,31,31
57,577015,8.5,11.66667,1,0,1,14,5780,24,33,45,40,1,22,2.71429,0,1.9,1.5,0,33,15,3.33333,31,31
57,577017,11,9,1,0,0,12,5780,13,34,40,45,1,22,2.71429,0,1.9,1.5,0,33,15,3.33333,31,31
57,577018,13,13.66667,1,0,0,14,5780,24,38,52,35,1,22,2.71429,0,1.9,1.5,0,33,15,3.33333,31,31
57,577020,10.5,10.33333,1,0,0,11,5780,19,37,45,45,1,22,2.71429,0,1.9,1.5,0,33,15,3.33333,31,31
57,577021,15,16.33333,1,0,0,15,5780,28,45,55,50,1,22,2.71429,0,1.9,1.5,0,33,15,3.33333,31,31
57,577022,11.5,11,1,1,0,13,5780,18,26,35,40,1,22,2.71429,0,1.9,1.5,0,33,15,3.33333,31,31
57,577023,11.5,11.33333,1,0,0,15,5780,29,35,54,50,1,22,2.71429,0,1.9,1.5,0,33,15,3.33333,31,31
57,577025,15.5,14.33333,1,0,0,15,5780,26,41,42,50,1,22,2.71429,0,1.9,1.5,0,33,15,3.33333,31,31
57,577026,12,12.33333,1,1,0,13,5780,12,38,41,50,1,22,2.71429,0,1.9,1.5,0,33,15,3.33333,31,31
57,577027,11,7.66667,1,0,0,10,5780,25,38,45,40,1,22,2.71429,0,1.9,1.5,0,33,15,3.33333,31,31
57,577028,10,9.33333,1,0,0,9,5780,10,32,29,40,1,22,2.71429,0,1.9,1.5,0,33,15,3.33333,31,31
57,577029,7.5,7,1,0,0,9,5780,18,22,26,35,1,22,2.71429,0,1.9,1.5,0,33,15,3.33333,31,31
57,577030,15.5,11.66667,1,0,0,12,5780,25,40,53,30,1,22,2.71429,0,1.9,1.5,0,33,15,3.33333,31,31
57,577031,11,8,1,0,0,10,5780,19,37,41,30,1,22,2.71429,0,1.9,1.5,0,33,15,3.33333,31,31
60,607102,9.5,9.66667,1,1,0,9,6081,16,31,22,50,1,21,2.85714,0,3,3.33333,1,25,22,1.33333,26,15
60,607103,6,12.33333,0,1,0,14,6082,10,22,28,10,1,21,2.85714,0,3,3.33333,1,24,22,2,25,14
60,607105,12.5,11,1,0,0,10,6081,13,38,41,33,1,21,2.85714,0,3,3.33333,1,25,22,1.33333,26,15
60,607106,11.5,14,0,0,1,13,6081,20,38,31,33,1,21,2.85714,0,3,3.33333,1,25,22,1.33333,26,15
60,607107,13.5,12.33333,0,0,0,15,6081,25,43,48,25,1,21,2.85714,0,3,3.33333,1,25,22,1.33333,26,15
60,607108,8,9.66667,0,0,0,12,6081,14,27,26,33,1,21,2.85714,0,3,3.33333,1,25,22,1.33333,26,15
60,607111,13,11.33333,0,0,0,13,6081,20,37,36,40,1,21,2.85714,0,3,3.33333,1,25,22,1.33333,26,15
60,607112,12,12,1,0,0,16,6081,28,41,47,50,1,21,2.85714,0,3,3.33333,1,25,22,1.33333,26,15
60,607114,14,13.66667,0,0,0,14,6081,21,38,48,37,1,21,2.85714,0,3,3.33333,1,25,22,1.33333,26,15
60,607115,14,16.66667,1,0,0,18,6081,29,42,52,40,1,21,2.85714,0,3,3.33333,1,25,22,1.33333,26,15
60,607116,12,12,1,0,0,13,6081,13,32,37,20,1,21,2.85714,0,3,3.33333,1,25,22,1.33333,26,15
60,607201,13.5,12.33333,1,0,0,11,6082,17,32,37,18,1,21,2.85714,0,3,3.33333,1,24,22,2,25,14
60,607202,13,12.66667,0,0,0,10,6082,16,35,43,28,1,21,2.85714,0,3,3.33333,1,24,22,2,25,14
60,607203,12,11.66667,0,0,0,11,6082,22,33,36,25,1,21,2.85714,0,3,3.33333,1,24,22,2,25,14
60,607204,11.5,14,0,0,0,9,6082,21,27,35,30,1,21,2.85714,0,3,3.33333,1,24,22,2,25,14
60,607205,10.5,9,0,0,0,10,6082,7,34,35,25,1,21,2.85714,0,3,3.33333,1,24,22,2,25,14
60,607206,11.5,11.66667,1,0,0,11,6082,21,37,44,40,1,21,2.85714,0,3,3.33333,1,24,22,2,25,14
60,607207,9,8.33333,1,0,0,3,6082,6,19,22,28,1,21,2.85714,0,3,3.33333,1,24,22,2,25,14
60,607208,11.5,8,1,0,0,11,6082,17,39,50,50,1,21,2.85714,0,3,3.33333,1,24,22,2,25,14
60,607211,12,14.33333,0,0,0,12,6082,16,37,43,35,1,21,2.85714,0,3,3.33333,1,24,22,2,25,14
60,607212,6,12,1,1,1,9,6082,10,19,27,10,1,21,2.85714,0,3,3.33333,1,24,22,2,25,14
60,607213,9.5,7.33333,1,0,0,1,6082,6,22,22,13,1,21,2.85714,0,3,3.33333,1,24,22,2,25,14
61,617001,11.5,12.66667,0,0,0,10,6180,19,29,45,23,2,22,3.71429,0,2.6,2.33333,0,4,13,2.66667,27,27
61,617002,7.5,10.33333,0,1,1,3,6180,10,16,19,10,2,22,3.71429,0,2.6,2.33333,0,4,13,2.66667,27,27
61,617004,15,11.33333,1,0,0,15,6180,28,41,50,25,2,22,3.71429,0,2.6,2.33333,0,4,13,2.66667,27,27
61,617005,9,15,0,0,1,9,6180,11,31,39,30,2,22,3.71429,0,2.6,2.33333,0,4,13,2.66667,27,27
61,617008,15,13,0,0,0,10,6180,26,34,40,27,2,22,3.71429,0,2.6,2.33333,0,4,13,2.66667,27,27
61,617010,8,9,1,0,0,10,6180,15,22,29,20,2,22,3.71429,0,2.6,2.33333,0,4,13,2.66667,27,27
61,617011,10,10,1,0,0,12,6180,24,42,49,50,2,22,3.71429,0,2.6,2.33333,0,4,13,2.66667,27,27
61,617012,15,11,1,0,0,11,6180,25,37,51,30,2,22,3.71429,0,2.6,2.33333,0,4,13,2.66667,27,27
61,617013,16,16.66667,1,0,0,16,6180,30,45,56,37,2,22,3.71429,0,2.6,2.33333,0,4,13,2.66667,27,27
61,617015,11.5,14.33333,1,0,0,11,6180,22,30,41,10,2,22,3.71429,0,2.6,2.33333,0,4,13,2.66667,27,27
61,617016,13,8.66667,0,0,1,11,6180,12,16,27,18,2,22,3.71429,0,2.6,2.33333,0,4,13,2.66667,27,27
61,617017,10.5,7,1,1,1,9,6180,8,21,31,10,2,22,3.71429,0,2.6,2.33333,0,4,13,2.66667,27,27
61,617021,12.5,12.33333,1,0,0,9,6180,19,40,48,43,2,22,3.71429,0,2.6,2.33333,0,4,13,2.66667,27,27
61,617022,12,14,0,0,0,9,6180,11,36,40,37,2,22,3.71429,0,2.6,2.33333,0,4,13,2.66667,27,27
61,617024,11,11.66667,1,0,0,4,6180,20,37,33,27,2,22,3.71429,0,2.6,2.33333,0,4,13,2.66667,27,27
61,617025,11.5,12,0,0,0,11,6180,23,30,38,30,2,22,3.71429,0,2.6,2.33333,0,4,13,2.66667,27,27
61,617026,10,6.66667,1,0,0,6,6180,8,34,40,25,2,22,3.71429,0,2.6,2.33333,0,4,13,2.66667,27,27
61,617027,10.5,9.66667,0,0,0,9,6180,12,29,39,23,2,22,3.71429,0,2.6,2.33333,0,4,13,2.66667,27,27
61,617028,14.5,14.33333,1,0,0,11,6180,20,32,43,25,2,22,3.71429,0,2.6,2.33333,0,4,13,2.66667,27,27
61,617029,13.5,10.66667,0,0,0,11,6180,19,33,46,30,2,22,3.71429,0,2.6,2.33333,0,4,13,2.66667,27,27
62,627001,16,11.66667,0,0,0,17,6280,28,42,51,25,3,26,3.71429,1,2.1,1.83333,0,0,15,2.66667,26,26
62,627002,10.5,10,1,0,0,13,6280,20,36,47,50,3,26,3.71429,1,2.1,1.83333,0,0,15,2.66667,26,26
62,627004,17.5,11.33333,1,0,0,15,6280,24,40,49,40,3,26,3.71429,1,2.1,1.83333,0,0,15,2.66667,26,26
62,627005,13.5,10,0,0,0,14,6280,26,43,43,50,3,26,3.71429,1,2.1,1.83333,0,0,15,2.66667,26,26
62,627006,12.5,10,1,0,0,10,6280,20,45,43,30,3,26,3.71429,1,2.1,1.83333,0,0,15,2.66667,26,26
62,627007,14.5,13,0,0,0,17,6280,24,48,53,30,3,26,3.71429,1,2.1,1.83333,0,0,15,2.66667,26,26
62,627008,12,9.33333,0,0,0,12,6280,16,37,40,45,3,26,3.71429,1,2.1,1.83333,0,0,15,2.66667,26,26
62,627009,12.5,13,1,0,0,16,6280,18,46,53,50,3,26,3.71429,1,2.1,1.83333,0,0,15,2.66667,26,26
62,627010,13.5,16,0,0,0,17,6280,25,46,48,30,3,26,3.71429,1,2.1,1.83333,0,0,15,2.66667,26,26
62,627012,14,12.66667,0,0,0,13,6280,20,39,36,30,3,26,3.71429,1,2.1,1.83333,0,0,15,2.66667,26,26
62,627013,12,9,0,0,0,13,6280,24,41,50,30,3,26,3.71429,1,2.1,1.83333,0,0,15,2.66667,26,26
62,627014,17.5,10.66667,1,0,0,14,6280,21,39,54,30,3,26,3.71429,1,2.1,1.83333,0,0,15,2.66667,26,26
62,627015,12,11,1,0,0,14,6280,16,36,42,40,3,26,3.71429,1,2.1,1.83333,0,0,15,2.66667,26,26
62,627016,13,10.33333,0,0,0,15,6280,28,43,51,20,3,26,3.71429,1,2.1,1.83333,0,0,15,2.66667,26,26
62,627017,11.5,9.66667,0,0,0,16,6280,22,30,43,20,3,26,3.71429,1,2.1,1.83333,0,0,15,2.66667,26,26
62,627020,16,10,0,0,0,17,6280,22,40,51,40,3,26,3.71429,1,2.1,1.83333,0,0,15,2.66667,26,26
62,627021,17.5,15,0,0,0,18,6280,27,47,53,50,3,26,3.71429,1,2.1,1.83333,0,0,15,2.66667,26,26
62,627022,14.5,13,1,0,0,15,6280,20,43,49,50,3,26,3.71429,1,2.1,1.83333,0,0,15,2.66667,26,26
62,627023,11.5,9.66667,1,0,0,12,6280,17,41,41,30,3,26,3.71429,1,2.1,1.83333,0,0,15,2.66667,26,26
62,627025,11.5,10,1,0,0,11,6280,17,41,44,30,3,26,3.71429,1,2.1,1.83333,0,0,15,2.66667,26,26
62,627027,13,11,0,0,0,10,6280,18,40,41,50,3,26,3.71429,1,2.1,1.83333,0,0,15,2.66667,26,26
65,657001,15,14.66667,0,0,0,19,6580,29,44,57,18,4,29,3.85714,0,1.8,1.66667,1,0,13,2,32,24
65,657002,11,8.33333,0,0,0,8,6580,28,27,51,30,4,29,3.85714,0,1.8,1.66667,1,0,13,2,32,24
65,657003,10,9.66667,0,0,0,13,6580,14,31,43,25,4,29,3.85714,0,1.8,1.66667,1,0,13,2,32,24
65,657004,16,12.33333,0,0,0,19,6580,30,35,43,13,4,29,3.85714,0,1.8,1.66667,1,0,13,2,32,24
65,657005,12.5,13.33333,0,0,0,14,6580,25,23,43,43,4,29,3.85714,0,1.8,1.66667,1,0,13,2,32,24
65,657006,12,11.66667,0,0,0,10,6580,20,35,43,15,4,29,3.85714,0,1.8,1.66667,1,0,13,2,32,24
65,657007,11.5,14,0,0,0,17,6580,29,35,54,43,4,29,3.85714,0,1.8,1.66667,1,0,13,2,32,24
65,657008,9.5,13.33333,1,0,0,8,6580,24,35,33,13,4,29,3.85714,0,1.8,1.66667,1,0,13,2,32,24
65,657009,14.5,13.66667,0,0,0,17,6580,30,39,55,37,4,29,3.85714,0,1.8,1.66667,1,0,13,2,32,24
65,657010,13.5,11,0,0,0,15,6580,27,30,47,40,4,29,3.85714,0,1.8,1.66667,1,0,13,2,32,24
65,657011,11.5,10.33333,1,0,0,7,6580,22,24,36,33,4,29,3.85714,0,1.8,1.66667,1,0,13,2,32,24
65,657012,12.5,10.33333,1,0,0,16,6580,30,42,55,50,4,29,3.85714,0,1.8,1.66667,1,0,13,2,32,24
65,657013,12,10.33333,0,0,0,12,6580,23,29,41,10,4,29,3.85714,0,1.8,1.66667,1,0,13,2,32,24
65,657014,12,10.33333,1,0,0,18,6580,30,40,54,28,4,29,3.85714,0,1.8,1.66667,1,0,13,2,32,24
65,657015,14.5,14.33333,1,0,0,18,6580,30,41,50,37,4,29,3.85714,0,1.8,1.66667,1,0,13,2,32,24
65,657016,11.5,12.66667,1,0,0,16,6580,27,43,54,37,4,29,3.85714,0,1.8,1.66667,1,0,13,2,32,24
65,657017,12,8,0,0,0,9,6580,26,34,47,35,4,29,3.85714,0,1.8,1.66667,1,0,13,2,32,24
65,657018,12,13,0,0,0,12,6580,25,30,41,13,4,29,3.85714,0,1.8,1.66667,1,0,13,2,32,24
65,657019,13.5,12.33333,0,0,0,16,6580,27,37,50,30,4,29,3.85714,0,1.8,1.66667,1,0,13,2,32,24
65,657020,13.5,9.33333,1,0,1,11,6580,27,32,43,30,4,29,3.85714,0,1.8,1.66667,1,0,13,2,32,24
65,657021,11.5,13,1,0,0,15,6580,27,26,50,30,4,29,3.85714,0,1.8,1.66667,1,0,13,2,32,24
65,657022,14.5,10,1,0,0,15,6580,29,44,52,45,4,29,3.85714,0,1.8,1.66667,1,0,13,2,32,24
66,667001,9,6.33333,0,0,1,8,6680,15,37,32,17,3,18,4,0,2.5,2.5,1,0,26,2.33333,30,12
66,667002,14,12.33333,0,0,0,14,6680,26,33,52,40,3,18,4,0,2.5,2.5,1,0,26,2.33333,30,12
66,667003,10.5,11.33333,0,0,1,4,6680,9,36,21,17,3,18,4,0,2.5,2.5,1,0,26,2.33333,30,12
66,667004,11,10.66667,1,0,1,8,6680,16,26,36,30,3,18,4,0,2.5,2.5,1,0,26,2.33333,30,12
66,667005,11,13.33333,1,0,0,16,6680,21,35,49,37,3,18,4,0,2.5,2.5,1,0,26,2.33333,30,12
66,667006,11,10.66667,1,0,1,9,6680,14,28,37,33,3,18,4,0,2.5,2.5,1,0,26,2.33333,30,12
66,667007,10.5,11.66667,1,0,1,9,6680,17,28,28,33,3,18,4,0,2.5,2.5,1,0,26,2.33333,30,12
66,667008,16.5,14.66667,1,0,0,14,6680,24,42,50,37,3,18,4,0,2.5,2.5,1,0,26,2.33333,30,12
66,667009,14,13.66667,0,0,0,17,6680,25,36,47,30,3,18,4,0,2.5,2.5,1,0,26,2.33333,30,12
66,667010,11.5,10.33333,0,0,1,9,6680,8,38,35,30,3,18,4,0,2.5,2.5,1,0,26,2.33333,30,12
66,667011,15.5,9.66667,0,0,0,16,6680,28,40,52,33,3,18,4,0,2.5,2.5,1,0,26,2.33333,30,12
67,677001,15.5,17,1,0,0,14,6780,22,44,52,37,3,15,2.71429,0,2.1,2.16667,0,0,19,3,28,28
67,677002,11,8.33333,0,0,0,10,6780,11,36,39,20,3,15,2.71429,0,2.1,2.16667,0,0,19,3,28,28
67,677003,12,8,0,0,1,12,6780,5,32,25,20,3,15,2.71429,0,2.1,2.16667,0,0,19,3,28,28
67,677004,10.5,9.66667,0,0,0,8,6780,14,33,25,27,3,15,2.71429,0,2.1,2.16667,0,0,19,3,28,28
67,677005,13,6,1,0,0,9,6780,11,34,38,30,3,15,2.71429,0,2.1,2.16667,0,0,19,3,28,28
67,677006,11.5,11,0,0,0,10,6780,10,32,31,23,3,15,2.71429,0,2.1,2.16667,0,0,19,3,28,28
67,677007,9,6.66667,0,0,0,9,6780,10,20,26,17,3,15,2.71429,0,2.1,2.16667,0,0,19,3,28,28
67,677008,12.5,12.33333,1,0,0,9,6780,15,33,35,23,3,15,2.71429,0,2.1,2.16667,0,0,19,3,28,28
67,677009,12.5,13.33333,0,0,0,13,6780,22,38,29,37,3,15,2.71429,0,2.1,2.16667,0,0,19,3,28,28
67,677010,9.5,13,0,0,0,11,6780,23,32,32,30,3,15,2.71429,0,2.1,2.16667,0,0,19,3,28,28
67,677011,13,9.66667,0,0,0,16,6780,20,30,34,27,3,15,2.71429,0,2.1,2.16667,0,0,19,3,28,28
67,677012,13.5,13.66667,1,0,0,15,6780,27,41,51,40,3,15,2.71429,0,2.1,2.16667,0,0,19,3,28,28
67,677013,15,14.33333,1,0,0,14,6780,12,39,47,30,3,15,2.71429,0,2.1,2.16667,0,0,19,3,28,28
67,677014,15.5,10.66667,0,0,0,15,6780,16,40,39,33,3,15,2.71429,0,2.1,2.16667,0,0,19,3,28,28
67,677015,13,9.66667,1,0,0,9,6780,19,35,39,27,3,15,2.71429,0,2.1,2.16667,0,0,19,3,28,28
67,677016,11.5,12,0,0,0,13,6780,15,30,27,43,3,15,2.71429,0,2.1,2.16667,0,0,19,3,28,28
67,677017,16,15.33333,1,0,0,16,6780,19,34,45,40,3,15,2.71429,0,2.1,2.16667,0,0,19,3,28,28
67,677018,10,12.33333,0,0,0,11,6780,17,31,32,23,3,15,2.71429,0,2.1,2.16667,0,0,19,3,28,28
67,677019,10.5,10.33333,1,0,0,13,6780,16,37,41,27,3,15,2.71429,0,2.1,2.16667,0,0,19,3,28,28
67,677020,10.5,16,1,0,0,12,6780,24,31,38,28,3,15,2.71429,0,2.1,2.16667,0,0,19,3,28,28
67,677021,14,12.66667,1,0,0,11,6780,14,30,40,37,3,15,2.71429,0,2.1,2.16667,0,0,19,3,28,28
67,677023,16,11.66667,0,0,0,13,6780,22,39,39,20,3,15,2.71429,0,2.1,2.16667,0,0,19,3,28,28
67,677024,9.5,11.33333,1,0,0,13,6780,15,32,29,30,3,15,2.71429,0,2.1,2.16667,0,0,19,3,28,28
67,677025,11,13,1,0,0,10,6780,18,33,40,20,3,15,2.71429,0,2.1,2.16667,0,0,19,3,28,28
67,677026,10.5,7.66667,1,0,0,10,6780,7,32,32,40,3,15,2.71429,0,2.1,2.16667,0,0,19,3,28,28
67,677027,11,8.33333,1,0,1,9,6780,11,16,17,20,3,15,2.71429,0,2.1,2.16667,0,0,19,3,28,28
68,687001,15,13,1,0,0,15,6880,23,39,50,20,3,13,3.14286,0,2.2,2.16667,0,0,25,2,23,23
68,687003,13.5,9.66667,0,0,0,13,6880,12,28,38,18,3,13,3.14286,0,2.2,2.16667,0,0,25,2,23,23
68,687004,14,9.66667,0,0,0,15,6880,28,41,47,20,3,13,3.14286,0,2.2,2.16667,0,0,25,2,23,23
68,687006,15,11.33333,0,0,0,11,6880,18,32,41,23,3,13,3.14286,0,2.2,2.16667,0,0,25,2,23,23
68,687007,14.5,11.33333,1,0,0,12,6880,14,41,50,20,3,13,3.14286,0,2.2,2.16667,0,0,25,2,23,23
68,687008,11.5,9.33333,1,0,0,18,6880,24,29,38,25,3,13,3.14286,0,2.2,2.16667,0,0,25,2,23,23
68,687009,13.5,13,1,0,0,16,6880,25,32,47,15,3,13,3.14286,0,2.2,2.16667,0,0,25,2,23,23
68,687010,11,8.33333,1,0,0,12,6880,15,31,27,18,3,13,3.14286,0,2.2,2.16667,0,0,25,2,23,23
68,687011,13,15,0,0,0,11,6880,23,43,42,20,3,13,3.14286,0,2.2,2.16667,0,0,25,2,23,23
68,687012,10.5,9.66667,0,0,0,11,6880,10,28,27,15,3,13,3.14286,0,2.2,2.16667,0,0,25,2,23,23
68,687013,12,8.66667,1,0,0,8,6880,16,35,43,23,3,13,3.14286,0,2.2,2.16667,0,0,25,2,23,23
68,687014,13.5,11.33333,1,0,0,17,6880,18,38,43,23,3,13,3.14286,0,2.2,2.16667,0,0,25,2,23,23
68,687015,12.5,10.66667,1,0,0,11,6880,17,36,39,20,3,13,3.14286,0,2.2,2.16667,0,0,25,2,23,23
68,687016,9.5,9,1,0,0,14,6880,20,39,43,18,3,13,3.14286,0,2.2,2.16667,0,0,25,2,23,23
68,687017,17,15,0,0,0,18,6880,25,43,53,30,3,13,3.14286,0,2.2,2.16667,0,0,25,2,23,23
68,687018,14,15.66667,0,0,0,18,6880,26,46,54,25,3,13,3.14286,0,2.2,2.16667,0,0,25,2,23,23
68,687019,14.5,13,1,0,0,12,6880,22,36,47,15,3,13,3.14286,0,2.2,2.16667,0,0,25,2,23,23
68,687020,8.5,10.66667,1,0,0,12,6880,8,31,37,20,3,13,3.14286,0,2.2,2.16667,0,0,25,2,23,23
68,687021,13.5,12.33333,0,0,0,14,6880,22,40,40,15,3,13,3.14286,0,2.2,2.16667,0,0,25,2,23,23
68,687022,10.5,8.66667,0,0,0,12,6880,14,35,27,20,3,13,3.14286,0,2.2,2.16667,0,0,25,2,23,23
76,767001,11.5,12,0,0,0,11,7680,25,31,41,18,2,19,3.42857,0,2,2.16667,0,0,15,2,17,17
76,767002,10,10.33333,0,0,0,12,7680,17,29,34,18,2,19,3.42857,0,2,2.16667,0,0,15,2,17,17
76,767003,12.5,10.33333,1,0,0,13,7680,13,32,43,38,2,19,3.42857,0,2,2.16667,0,0,15,2,17,17
76,767004,12.5,10.66667,0,0,0,12,7680,19,39,37,38,2,19,3.42857,0,2,2.16667,0,0,15,2,17,17
76,767005,11,8.33333,1,0,0,11,7680,15,35,37,18,2,19,3.42857,0,2,2.16667,0,0,15,2,17,17
76,767006,11.5,10,0,0,0,13,7680,20,40,42,18,2,19,3.42857,0,2,2.16667,0,0,15,2,17,17
76,767007,9,7,1,0,0,8,7680,6,24,25,20,2,19,3.42857,0,2,2.16667,0,0,15,2,17,17
76,767008,9,7.66667,0,0,0,5,7680,9,19,33,20,2,19,3.42857,0,2,2.16667,0,0,15,2,17,17
76,767009,6.5,9,1,0,0,6,7680,6,11,16,17,2,19,3.42857,0,2,2.16667,0,0,15,2,17,17
76,767010,9.5,11.66667,1,0,0,14,7680,13,37,34,23,2,19,3.42857,0,2,2.16667,0,0,15,2,17,17
76,767012,12,10.66667,1,0,0,11,7680,14,38,40,33,2,19,3.42857,0,2,2.16667,0,0,15,2,17,17
76,767013,9.5,10.66667,0,0,0,14,7680,19,29,30,45,2,19,3.42857,0,2,2.16667,0,0,15,2,17,17
76,767014,13,11.33333,0,0,0,15,7680,21,45,47,20,2,19,3.42857,0,2,2.16667,0,0,15,2,17,17
76,767015,8.5,8.33333,0,0,0,6,7680,12,28,36,15,2,19,3.42857,0,2,2.16667,0,0,15,2,17,17
76,767016,16,11.66667,0,0,0,18,7680,27,40,52,33,2,19,3.42857,0,2,2.16667,0,0,15,2,17,17
76,767017,6.5,10,1,0,1,7,7680,6,20,28,20,2,19,3.42857,0,2,2.16667,0,0,15,2,17,17
78,787001,8.5,12,0,0,0,8,7880,16,31,37,33,1,21,3.14286,0,1.8,1.66667,0,17,22,2.33333,23,23
78,787004,15,14.33333,0,0,0,16,7880,27,44,43,27,1,21,3.14286,0,1.8,1.66667,0,17,22,2.33333,23,23
78,787005,15.5,11,0,0,0,12,7880,26,39,50,25,1,21,3.14286,0,1.8,1.66667,0,17,22,2.33333,23,23
78,787006,10.5,8.33333,0,0,0,9,7880,17,30,35,38,1,21,3.14286,0,1.8,1.66667,0,17,22,2.33333,23,23
78,787008,12,9.33333,0,0,0,12,7880,23,36,37,13,1,21,3.14286,0,1.8,1.66667,0,17,22,2.33333,23,23
78,787010,11,9.66667,0,0,0,12,7880,15,36,32,17,1,21,3.14286,0,1.8,1.66667,0,17,22,2.33333,23,23
78,787011,10.5,8,0,0,0,9,7880,15,23,34,30,1,21,3.14286,0,1.8,1.66667,0,17,22,2.33333,23,23
78,787012,14,14.33333,0,0,0,16,7880,27,42,49,45,1,21,3.14286,0,1.8,1.66667,0,17,22,2.33333,23,23
78,787013,12.5,11.33333,1,0,0,6,7880,19,27,34,47,1,21,3.14286,0,1.8,1.66667,0,17,22,2.33333,23,23
78,787014,11.5,9.66667,1,0,0,13,7880,13,28,34,33,1,21,3.14286,0,1.8,1.66667,0,17,22,2.33333,23,23
78,787015,12,11.66667,1,0,0,17,7880,23,38,39,17,1,21,3.14286,0,1.8,1.66667,0,17,22,2.33333,23,23
78,787016,8,9.66667,1,0,0,13,7880,17,23,40,20,1,21,3.14286,0,1.8,1.66667,0,17,22,2.33333,23,23
78,787017,11,9.66667,1,0,0,11,7880,16,31,34,17,1,21,3.14286,0,1.8,1.66667,0,17,22,2.33333,23,23
78,787018,12.5,13.33333,1,0,0,18,7880,29,35,51,30,1,21,3.14286,0,1.8,1.66667,0,17,22,2.33333,23,23
78,787019,10,7.66667,1,0,0,16,7880,27,40,49,20,1,21,3.14286,0,1.8,1.66667,0,17,22,2.33333,23,23
78,787022,8.5,8,1,0,1,11,7880,16,28,39,27,1,21,3.14286,0,1.8,1.66667,0,17,22,2.33333,23,23
78,787024,12,11,1,0,0,14,7880,24,35,37,27,1,21,3.14286,0,1.8,1.66667,0,17,22,2.33333,23,23
79,797001,8,11.66667,1,0,0,14,7980,21,42,45,33,1,20,4,1,2.7,2.33333,0,0,27,2.33333,17,17
79,797003,13,9.33333,1,0,0,17,7980,26,35,48,33,1,20,4,1,2.7,2.33333,0,0,27,2.33333,17,17
79,797004,9.5,10.33333,1,0,0,5,7980,12,30,40,20,1,20,4,1,2.7,2.33333,0,0,27,2.33333,17,17
79,797005,11,7.66667,1,0,1,9,7980,16,29,36,23,1,20,4,1,2.7,2.33333,0,0,27,2.33333,17,17
79,797006,13.5,8,1,0,0,10,7980,21,35,44,45,1,20,4,1,2.7,2.33333,0,0,27,2.33333,17,17
79,797007,13,11,1,0,0,16,7980,26,43,48,33,1,20,4,1,2.7,2.33333,0,0,27,2.33333,17,17
79,797009,14.5,13,1,0,0,11,7980,25,46,49,37,1,20,4,1,2.7,2.33333,0,0,27,2.33333,17,17
79,797010,9,9.33333,0,0,0,14,7980,18,31,31,25,1,20,4,1,2.7,2.33333,0,0,27,2.33333,17,17
79,797011,13,10,0,0,0,12,7980,21,38,41,43,1,20,4,1,2.7,2.33333,0,0,27,2.33333,17,17
79,797012,11,11.66667,0,0,0,12,7980,19,39,42,20,1,20,4,1,2.7,2.33333,0,0,27,2.33333,17,17
79,797013,15.5,11.66667,0,0,0,13,7980,29,42,46,37,1,20,4,1,2.7,2.33333,0,0,27,2.33333,17,17
79,797016,11.5,7,0,0,1,11,7980,10,32,28,20,1,20,4,1,2.7,2.33333,0,0,27,2.33333,17,17
79,797017,12.5,11,0,0,0,9,7980,26,43,45,20,1,20,4,1,2.7,2.33333,0,0,27,2.33333,17,17
79,797018,13.5,9.33333,0,0,1,8,7980,18,35,46,30,1,20,4,1,2.7,2.33333,0,0,27,2.33333,17,17
80,807001,9,7,0,0,1,9,8080,16,23,26,25,1,19,2.85714,1,2.8,2.83333,0,4,10,2.66667,28,28
80,807002,7,9,0,0,1,6,8080,12,22,28,17,1,19,2.85714,1,2.8,2.83333,0,4,10,2.66667,28,28
80,807004,9.5,9.66667,1,0,0,9,8080,14,36,46,20,1,19,2.85714,1,2.8,2.83333,0,4,10,2.66667,28,28
80,807005,12,13,1,0,0,13,8080,21,38,42,40,1,19,2.85714,1,2.8,2.83333,0,4,10,2.66667,28,28
80,807006,12,12,0,0,0,8,8080,21,38,48,40,1,19,2.85714,1,2.8,2.83333,0,4,10,2.66667,28,28
80,807007,11.5,7.66667,1,0,0,11,8080,9,37,41,20,1,19,2.85714,1,2.8,2.83333,0,4,10,2.66667,28,28
80,807008,10,12.33333,0,0,0,15,8080,20,35,45,43,1,19,2.85714,1,2.8,2.83333,0,4,10,2.66667,28,28
80,807009,11,12.33333,1,0,0,14,8080,24,36,45,47,1,19,2.85714,1,2.8,2.83333,0,4,10,2.66667,28,28
80,807010,13.5,13,0,0,0,13,8080,22,37,45,20,1,19,2.85714,1,2.8,2.83333,0,4,10,2.66667,28,28
80,807011,11.5,15,1,0,0,19,8080,27,49,50,47,1,19,2.85714,1,2.8,2.83333,0,4,10,2.66667,28,28
80,807012,7.5,7.33333,0,0,1,12,8080,17,37,24,17,1,19,2.85714,1,2.8,2.83333,0,4,10,2.66667,28,28
80,807014,14,12.66667,1,0,0,13,8080,27,46,54,50,1,19,2.85714,1,2.8,2.83333,0,4,10,2.66667,28,28
80,807017,7.5,8,0,0,1,5,8080,7,26,20,17,1,19,2.85714,1,2.8,2.83333,0,4,10,2.66667,28,28
80,807018,13.5,11,1,0,0,19,8080,25,38,52,50,1,19,2.85714,1,2.8,2.83333,0,4,10,2.66667,28,28
80,807019,11,11.66667,1,0,0,15,8080,27,39,44,33,1,19,2.85714,1,2.8,2.83333,0,4,10,2.66667,28,28
80,807020,10,13,0,0,0,17,8080,26,37,45,17,1,19,2.85714,1,2.8,2.83333,0,4,10,2.66667,28,28
80,807022,9.5,7,0,0,0,10,8080,17,28,34,10,1,19,2.85714,1,2.8,2.83333,0,4,10,2.66667,28,28
80,807023,11,7.66667,0,1,0,15,8080,20,35,46,10,1,19,2.85714,1,2.8,2.83333,0,4,10,2.66667,28,28
80,807024,12,13.66667,1,0,0,11,8080,13,36,39,15,1,19,2.85714,1,2.8,2.83333,0,4,10,2.66667,28,28
80,807026,14,13.33333,1,0,0,14,8080,24,34,51,30,1,19,2.85714,1,2.8,2.83333,0,4,10,2.66667,28,28
80,807027,10.5,7.66667,0,0,0,11,8080,14,27,28,17,1,19,2.85714,1,2.8,2.83333,0,4,10,2.66667,28,28
86,867001,11.5,12,0,0,0,15,8680,20,29,42,50,3,22,3.28571,1,3.6,3.33333,0,0,17,3,32,32
86,867002,13.5,10.33333,1,0,0,11,8680,28,37,45,20,3,22,3.28571,1,3.6,3.33333,0,0,17,3,32,32
86,867003,13,12.66667,1,0,0,12,8680,28,37,41,50,3,22,3.28571,1,3.6,3.33333,0,0,17,3,32,32
86,867005,11,10.33333,0,0,0,3,8680,21,34,46,30,3,22,3.28571,1,3.6,3.33333,0,0,17,3,32,32
86,867006,12.5,11,1,0,0,12,8680,27,40,48,30,3,22,3.28571,1,3.6,3.33333,0,0,17,3,32,32
86,867008,14,11.33333,0,0,0,7,8680,30,39,42,30,3,22,3.28571,1,3.6,3.33333,0,0,17,3,32,32
86,867009,10.5,8,0,0,0,6,8680,16,25,28,43,3,22,3.28571,1,3.6,3.33333,0,0,17,3,32,32
86,867010,7,9,1,0,1,6,8680,19,25,25,30,3,22,3.28571,1,3.6,3.33333,0,0,17,3,32,32
86,867013,14.5,10,1,0,0,9,8680,23,39,46,23,3,22,3.28571,1,3.6,3.33333,0,0,17,3,32,32
86,867014,15.5,11.33333,0,0,0,8,8680,29,37,49,50,3,22,3.28571,1,3.6,3.33333,0,0,17,3,32,32
86,867015,11,6.66667,1,0,0,6,8680,8,26,35,35,3,22,3.28571,1,3.6,3.33333,0,0,17,3,32,32
86,867017,12.5,8,0,0,0,4,8680,23,32,42,30,3,22,3.28571,1,3.6,3.33333,0,0,17,3,32,32
86,867018,13,11.33333,0,0,0,12,8680,28,35,51,50,3,22,3.28571,1,3.6,3.33333,0,0,17,3,32,32
86,867019,10.5,9.66667,0,0,0,7,8680,26,30,43,50,3,22,3.28571,1,3.6,3.33333,0,0,17,3,32,32
86,867020,11,8.66667,0,0,0,6,8680,19,22,31,20,3,22,3.28571,1,3.6,3.33333,0,0,17,3,32,32
86,867021,9.5,9,0,0,0,7,8680,19,17,40,35,3,22,3.28571,1,3.6,3.33333,0,0,17,3,32,32
86,867022,11,12.33333,1,0,0,10,8680,25,30,41,23,3,22,3.28571,1,3.6,3.33333,0,0,17,3,32,32
86,867023,11.5,10,1,0,0,10,8680,12,35,30,33,3,22,3.28571,1,3.6,3.33333,0,0,17,3,32,32
86,867026,16,16,0,0,0,17,8680,29,44,48,50,3,22,3.28571,1,3.6,3.33333,0,0,17,3,32,32
86,867028,10.5,12,1,0,1,9,8680,25,31,42,23,3,22,3.28571,1,3.6,3.33333,0,0,17,3,32,32
86,867029,15,9.66667,0,0,0,10,8680,25,38,51,50,3,22,3.28571,1,3.6,3.33333,0,0,17,3,32,32
86,867030,15.5,13,0,0,0,15,8680,30,42,53,50,3,22,3.28571,1,3.6,3.33333,0,0,17,3,32,32
86,867031,12.5,13,0,0,0,15,8680,26,35,50,40,3,22,3.28571,1,3.6,3.33333,0,0,17,3,32,32
86,867032,10.5,11.66667,0,0,0,9,8680,18,35,41,50,3,22,3.28571,1,3.6,3.33333,0,0,17,3,32,32
87,877002,11,12.66667,0,0,0,13,8780,21,29,45,35,2,16,2.85714,1,1.8,1.83333,0,25,14,2,28,28
87,877003,10,11.33333,0,0,0,11,8780,17,25,24,20,2,16,2.85714,1,1.8,1.83333,0,25,14,2,28,28
87,877004,11.5,13,1,0,0,10,8780,19,26,45,30,2,16,2.85714,1,1.8,1.83333,0,25,14,2,28,28
87,877006,10.5,8.33333,0,0,1,10,8780,20,28,36,20,2,16,2.85714,1,1.8,1.83333,0,25,14,2,28,28
87,877008,8.5,12.66667,1,0,0,11,8780,5,32,41,20,2,16,2.85714,1,1.8,1.83333,0,25,14,2,28,28
87,877009,12,8.66667,1,0,1,13,8780,11,36,33,20,2,16,2.85714,1,1.8,1.83333,0,25,14,2,28,28
87,877011,13.5,13,0,0,0,16,8780,26,36,47,47,2,16,2.85714,1,1.8,1.83333,0,25,14,2,28,28
87,877012,13.5,12.33333,0,0,0,12,8780,17,36,43,30,2,16,2.85714,1,1.8,1.83333,0,25,14,2,28,28
87,877013,14,10,1,0,0,17,8780,27,39,51,23,2,16,2.85714,1,1.8,1.83333,0,25,14,2,28,28
87,877014,11.5,7.66667,1,0,1,10,8780,11,35,32,25,2,16,2.85714,1,1.8,1.83333,0,25,14,2,28,28
87,877016,10,7,1,0,0,4,8780,5,28,22,20,2,16,2.85714,1,1.8,1.83333,0,25,14,2,28,28
87,877017,9,10.33333,1,0,1,8,8780,12,28,30,17,2,16,2.85714,1,1.8,1.83333,0,25,14,2,28,28
87,877018,8,9.66667,1,0,0,10,8780,11,28,37,23,2,16,2.85714,1,1.8,1.83333,0,25,14,2,28,28
87,877019,12.5,11.33333,0,0,0,11,8780,19,25,41,30,2,16,2.85714,1,1.8,1.83333,0,25,14,2,28,28
87,877020,9.5,8.66667,1,0,0,6,8780,11,22,20,23,2,16,2.85714,1,1.8,1.83333,0,25,14,2,28,28
87,877021,14,14,0,0,0,14,8780,26,42,52,40,2,16,2.85714,1,1.8,1.83333,0,25,14,2,28,28
87,877022,12.5,12.33333,1,0,0,15,8780,18,37,45,35,2,16,2.85714,1,1.8,1.83333,0,25,14,2,28,28
87,877023,12.5,11.33333,1,0,0,12,8780,25,41,51,30,2,16,2.85714,1,1.8,1.83333,0,25,14,2,28,28
87,877024,12,11,0,0,0,13,8780,29,38,49,30,2,16,2.85714,1,1.8,1.83333,0,25,14,2,28,28
87,877025,11.5,8,1,0,0,10,8780,12,24,27,25,2,16,2.85714,1,1.8,1.83333,0,25,14,2,28,28
87,877027,13,9.33333,0,0,0,12,8780,20,32,42,35,2,16,2.85714,1,1.8,1.83333,0,25,14,2,28,28
88,887001,15.5,10.66667,0,0,0,15,8880,28,42,53,35,2,21,2.14286,1,1.6,1.5,1,0,24,2.66667,27,12
88,887002,13.5,8.66667,1,0,0,13,8880,17,41,52,37,2,21,2.14286,1,1.6,1.5,1,0,24,2.66667,27,12
88,887003,12,9.66667,1,0,0,9,8880,20,35,47,37,2,21,2.14286,1,1.6,1.5,1,0,24,2.66667,27,12
88,887005,12.5,12.66667,1,0,0,12,8880,26,41,47,43,2,21,2.14286,1,1.6,1.5,1,0,24,2.66667,27,12
88,887006,7.5,8.33333,0,0,1,4,8880,11,19,18,10,2,21,2.14286,1,1.6,1.5,1,0,24,2.66667,27,12
88,887007,12.5,10.33333,1,0,0,12,8880,19,42,50,20,2,21,2.14286,1,1.6,1.5,1,0,24,2.66667,27,12
88,887009,12.5,12.66667,0,0,0,19,8880,25,40,39,33,2,21,2.14286,1,1.6,1.5,1,0,24,2.66667,27,12
88,887011,9,10.33333,0,0,1,11,8880,15,30,26,33,2,21,2.14286,1,1.6,1.5,1,0,24,2.66667,27,12
88,887012,10,13.33333,0,0,0,8,8880,14,25,27,33,2,21,2.14286,1,1.6,1.5,1,0,24,2.66667,27,12
88,887013,11,12.66667,1,0,0,14,8880,24,34,44,30,2,21,2.14286,1,1.6,1.5,1,0,24,2.66667,27,12
90,907001,13,8.33333,1,0,0,13,9080,24,40,49,40,1,16,2.85714,1,1.3,1.5,0,10,27,2.33333,22,22
90,907002,12,12.33333,0,0,0,14,9080,23,37,35,30,1,16,2.85714,1,1.3,1.5,0,10,27,2.33333,22,22
90,907004,11,6,1,0,0,13,9080,20,37,42,30,1,16,2.85714,1,1.3,1.5,0,10,27,2.33333,22,22
90,907005,11.5,11.33333,1,0,0,10,9080,27,42,53,40,1,16,2.85714,1,1.3,1.5,0,10,27,2.33333,22,22
90,907011,11.5,9.33333,1,0,0,16,9080,20,37,45,50,1,16,2.85714,1,1.3,1.5,0,10,27,2.33333,22,22
90,907012,12,12,1,0,0,16,9080,28,44,50,40,1,16,2.85714,1,1.3,1.5,0,10,27,2.33333,22,22
90,907013,12,9,0,0,0,12,9080,20,34,38,40,1,16,2.85714,1,1.3,1.5,0,10,27,2.33333,22,22
90,907015,13,12.66667,0,0,0,16,9080,27,40,50,40,1,16,2.85714,1,1.3,1.5,0,10,27,2.33333,22,22
90,907016,10.5,13,1,0,0,12,9080,16,37,44,20,1,16,2.85714,1,1.3,1.5,0,10,27,2.33333,22,22
90,907017,13.5,10.66667,1,0,0,14,9080,27,35,41,50,1,16,2.85714,1,1.3,1.5,0,10,27,2.33333,22,22
90,907019,12.5,14.33333,1,0,0,16,9080,27,33,47,30,1,16,2.85714,1,1.3,1.5,0,10,27,2.33333,22,22
90,907020,11,10.66667,1,0,0,11,9080,23,38,45,20,1,16,2.85714,1,1.3,1.5,0,10,27,2.33333,22,22
90,907021,11.5,14.66667,1,0,0,8,9080,23,34,52,40,1,16,2.85714,1,1.3,1.5,0,10,27,2.33333,22,22
90,907022,13,7,1,0,0,8,9080,12,35,48,30,1,16,2.85714,1,1.3,1.5,0,10,27,2.33333,22,22
90,907023,11.5,12,1,0,0,12,9080,27,33,50,50,1,16,2.85714,1,1.3,1.5,0,10,27,2.33333,22,22
94,947001,15,9,1,0,1,17,9480,10,32,40,30,3,23,3.85714,1,1.5,1.33333,0,20,11,3,25,25
94,947002,13,10.33333,0,0,0,13,9480,14,35,33,28,3,23,3.85714,1,1.5,1.33333,0,20,11,3,25,25
94,947003,12.5,10.66667,0,0,0,10,9480,17,29,46,38,3,23,3.85714,1,1.5,1.33333,0,20,11,3,25,25
94,947005,13,9,0,1,0,16,9480,27,29,49,20,3,23,3.85714,1,1.5,1.33333,0,20,11,3,25,25
94,947006,17.5,12.66667,0,0,0,19,9480,27,43,50,33,3,23,3.85714,1,1.5,1.33333,0,20,11,3,25,25
94,947009,13,12.66667,0,1,0,15,9480,24,33,47,38,3,23,3.85714,1,1.5,1.33333,0,20,11,3,25,25
94,947010,7,7.66667,1,0,1,12,9480,19,19,40,20,3,23,3.85714,1,1.5,1.33333,0,20,11,3,25,25
94,947012,15.5,10.33333,0,0,0,14,9480,23,37,51,40,3,23,3.85714,1,1.5,1.33333,0,20,11,3,25,25
94,947013,14.5,11.33333,0,0,0,17,9480,28,41,51,50,3,23,3.85714,1,1.5,1.33333,0,20,11,3,25,25
94,947015,15.5,12,0,0,0,16,9480,27,45,53,38,3,23,3.85714,1,1.5,1.33333,0,20,11,3,25,25
94,947017,12.5,9.33333,1,0,0,15,9480,15,34,42,20,3,23,3.85714,1,1.5,1.33333,0,20,11,3,25,25
94,947018,16.5,16.66667,1,0,0,18,9480,29,47,55,50,3,23,3.85714,1,1.5,1.33333,0,20,11,3,25,25
94,947019,14,10.66667,1,0,0,17,9480,21,44,53,45,3,23,3.85714,1,1.5,1.33333,0,20,11,3,25,25
94,947021,13.5,13.33333,0,0,0,14,9480,27,37,44,33,3,23,3.85714,1,1.5,1.33333,0,20,11,3,25,25
94,947026,13,12.66667,1,0,0,13,9480,21,39,51,38,3,23,3.85714,1,1.5,1.33333,0,20,11,3,25,25
95,957001,10,8,0,0,0,9,9580,9,25,32,20,1,18,3,0,2.2,2.33333,0,16,14,3,24,24
95,957002,13.5,10.66667,0,0,0,9,9580,13,38,36,20,1,18,3,0,2.2,2.33333,0,16,14,3,24,24
95,957004,15.5,10.66667,0,1,0,10,9580,24,45,55,25,1,18,3,0,2.2,2.33333,0,16,14,3,24,24
95,957005,11.5,11,0,0,0,11,9580,16,34,30,20,1,18,3,0,2.2,2.33333,0,16,14,3,24,24
95,957006,10.5,10,0,0,0,9,9580,12,32,39,20,1,18,3,0,2.2,2.33333,0,16,14,3,24,24
95,957007,10,10.66667,0,0,1,11,9580,21,34,42,20,1,18,3,0,2.2,2.33333,0,16,14,3,24,24
95,957009,8,9.33333,0,0,1,10,9580,18,27,34,20,1,18,3,0,2.2,2.33333,0,16,14,3,24,24
95,957010,11.5,9.33333,0,0,1,8,9580,12,32,36,20,1,18,3,0,2.2,2.33333,0,16,14,3,24,24
95,957011,11,9.66667,0,1,1,8,9580,15,33,31,33,1,18,3,0,2.2,2.33333,0,16,14,3,24,24
95,957012,12,9,0,0,0,10,9580,14,28,37,20,1,18,3,0,2.2,2.33333,0,16,14,3,24,24
95,957013,13,15.66667,0,0,0,17,9580,28,36,47,30,1,18,3,0,2.2,2.33333,0,16,14,3,24,24
95,957014,9,8.33333,1,0,1,3,9580,7,27,30,10,1,18,3,0,2.2,2.33333,0,16,14,3,24,24
95,957015,9,11.33333,1,0,0,7,9580,19,19,27,23,1,18,3,0,2.2,2.33333,0,16,14,3,24,24
95,957016,12,12.33333,1,0,0,15,9580,19,36,39,35,1,18,3,0,2.2,2.33333,0,16,14,3,24,24
95,957019,9.5,7.66667,1,0,0,9,9580,7,31,35,20,1,18,3,0,2.2,2.33333,0,16,14,3,24,24
95,957020,10.5,11.66667,1,0,0,9,9580,13,31,38,20,1,18,3,0,2.2,2.33333,0,16,14,3,24,24
95,957022,12.5,9,1,0,0,11,9580,14,36,29,40,1,18,3,0,2.2,2.33333,0,16,14,3,24,24
95,957023,13,12,1,0,0,15,9580,23,38,46,40,1,18,3,0,2.2,2.33333,0,16,14,3,24,24
97,977001,11.5,11,1,1,0,8,9780,14,30,46,17,3,15,3.28571,1,1.7,1.5,0,6,15,2.66667,34,19
97,977002,13,11.66667,1,0,0,18,9780,22,41,43,25,3,15,3.28571,1,1.7,1.5,0,6,15,2.66667,34,19
97,977003,12,9,0,0,0,7,9780,19,31,43,20,3,15,3.28571,1,1.7,1.5,0,6,15,2.66667,34,19
97,977004,13.5,11.66667,0,0,0,9,9780,15,34,42,20,3,15,3.28571,1,1.7,1.5,0,6,15,2.66667,34,19
97,977005,12,16,1,0,0,14,9780,21,38,49,30,3,15,3.28571,1,1.7,1.5,0,6,15,2.66667,34,19
97,977006,12,9.33333,0,0,0,10,9780,23,39,46,15,3,15,3.28571,1,1.7,1.5,0,6,15,2.66667,34,19
97,977007,12.5,12.66667,1,0,0,12,9780,14,42,49,40,3,15,3.28571,1,1.7,1.5,0,6,15,2.66667,34,19
97,977008,12.5,13,0,0,0,8,9780,10,25,27,18,3,15,3.28571,1,1.7,1.5,0,6,15,2.66667,34,19
97,977009,12.5,13.66667,0,0,0,16,9780,26,42,47,33,3,15,3.28571,1,1.7,1.5,0,6,15,2.66667,34,19
97,977010,11.5,10.66667,1,0,0,5,9780,10,27,36,18,3,15,3.28571,1,1.7,1.5,0,6,15,2.66667,34,19
97,977011,13.5,13.33333,0,0,0,15,9780,23,28,49,18,3,15,3.28571,1,1.7,1.5,0,6,15,2.66667,34,19
97,977012,8.5,10.33333,0,0,0,9,9780,8,24,30,25,3,15,3.28571,1,1.7,1.5,0,6,15,2.66667,34,19
97,977013,11.5,7.66667,0,0,1,8,9780,10,28,39,20,3,15,3.28571,1,1.7,1.5,0,6,15,2.66667,34,19
97,977014,12.5,9.66667,1,0,0,11,9780,17,25,45,20,3,15,3.28571,1,1.7,1.5,0,6,15,2.66667,34,19
97,977016,13,10.33333,0,0,0,14,9780,22,35,55,25,3,15,3.28571,1,1.7,1.5,0,6,15,2.66667,34,19
97,977017,9.5,6.66667,0,0,0,8,9780,10,28,29,18,3,15,3.28571,1,1.7,1.5,0,6,15,2.66667,34,19
97,977018,10.5,10,1,0,0,12,9780,9,31,32,25,3,15,3.28571,1,1.7,1.5,0,6,15,2.66667,34,19
98,987001,16,12.66667,0,0,0,15,9880,25,41,48,13,1,16,3.71429,0,1.9,1.83333,0,14,22,1.66667,22,22
98,987002,11,11,0,0,0,9,9880,14,34,38,17,1,16,3.71429,0,1.9,1.83333,0,14,22,1.66667,22,22
98,987003,12,12,0,0,0,13,9880,24,30,42,15,1,16,3.71429,0,1.9,1.83333,0,14,22,1.66667,22,22
98,987004,12,10,0,0,0,8,9880,17,29,31,13,1,16,3.71429,0,1.9,1.83333,0,14,22,1.66667,22,22
98,987005,11,11.66667,0,0,0,13,9880,19,21,31,18,1,16,3.71429,0,1.9,1.83333,0,14,22,1.66667,22,22
98,987006,16.5,12.66667,0,0,0,15,9880,26,36,38,33,1,16,3.71429,0,1.9,1.83333,0,14,22,1.66667,22,22
98,987007,14.5,10.33333,0,0,0,13,9880,24,44,48,15,1,16,3.71429,0,1.9,1.83333,0,14,22,1.66667,22,22
98,987008,13,10.66667,0,0,0,11,9880,14,35,44,15,1,16,3.71429,0,1.9,1.83333,0,14,22,1.66667,22,22
98,987009,12.5,8.66667,0,0,0,13,9880,11,34,35,13,1,16,3.71429,0,1.9,1.83333,0,14,22,1.66667,22,22
98,987011,8.5,10,1,0,1,13,9880,11,21,31,10,1,16,3.71429,0,1.9,1.83333,0,14,22,1.66667,22,22
98,987012,9,11.33333,1,1,1,11,9880,14,25,30,10,1,16,3.71429,0,1.9,1.83333,0,14,22,1.66667,22,22
98,987013,11,7,1,0,1,14,9880,10,31,46,15,1,16,3.71429,0,1.9,1.83333,0,14,22,1.66667,22,22
98,987014,12.5,11,1,0,0,16,9880,17,33,48,40,1,16,3.71429,0,1.9,1.83333,0,14,22,1.66667,22,22
98,987015,10,9.66667,1,0,0,14,9880,14,21,28,23,1,16,3.71429,0,1.9,1.83333,0,14,22,1.66667,22,22
98,987016,11,12.33333,1,0,1,13,9880,15,33,36,25,1,16,3.71429,0,1.9,1.83333,0,14,22,1.66667,22,22
98,987017,13.5,12.66667,1,0,0,15,9880,21,41,39,13,1,16,3.71429,0,1.9,1.83333,0,14,22,1.66667,22,22
98,987018,13,13.33333,1,0,0,12,9880,18,44,46,18,1,16,3.71429,0,1.9,1.83333,0,14,22,1.66667,22,22
98,987019,10.5,11,1,0,0,11,9880,14,27,38,13,1,16,3.71429,0,1.9,1.83333,0,14,22,1.66667,22,22
98,987020,8.5,9.66667,1,0,0,12,9880,12,29,31,18,1,16,3.71429,0,1.9,1.83333,0,14,22,1.66667,22,22
98,987021,10.5,12.33333,1,0,1,11,9880,14,27,33,10,1,16,3.71429,0,1.9,1.83333,0,14,22,1.66667,22,22
101,1017001,12,13.66667,1,0,0,12,10180,26,30,44,23,3,17,3.57143,1,2.3,2.66667,0,5,13,2.66667,25,25
101,1017002,11,8.66667,0,0,0,13,10180,26,27,46,33,3,17,3.57143,1,2.3,2.66667,0,5,13,2.66667,25,25
101,1017003,12,13,0,0,0,17,10180,29,40,53,30,3,17,3.57143,1,2.3,2.66667,0,5,13,2.66667,25,25
101,1017004,10.5,12.33333,0,0,0,14,10180,18,25,30,20,3,17,3.57143,1,2.3,2.66667,0,5,13,2.66667,25,25
101,1017005,11.5,14,0,0,0,14,10180,14,35,27,10,3,17,3.57143,1,2.3,2.66667,0,5,13,2.66667,25,25
101,1017006,13,12.66667,1,0,0,10,10180,17,40,40,23,3,17,3.57143,1,2.3,2.66667,0,5,13,2.66667,25,25
101,1017007,9,10.33333,1,1,0,4,10180,18,29,45,23,3,17,3.57143,1,2.3,2.66667,0,5,13,2.66667,25,25
101,1017008,9,13,0,0,0,15,10180,24,37,37,13,3,17,3.57143,1,2.3,2.66667,0,5,13,2.66667,25,25
101,1017009,12,8.33333,1,0,0,12,10180,17,34,50,33,3,17,3.57143,1,2.3,2.66667,0,5,13,2.66667,25,25
101,1017010,10,10.66667,1,0,0,10,10180,14,34,46,30,3,17,3.57143,1,2.3,2.66667,0,5,13,2.66667,25,25
101,1017011,12,9,1,0,0,13,10180,21,31,47,30,3,17,3.57143,1,2.3,2.66667,0,5,13,2.66667,25,25
101,1017012,16,10.33333,1,0,0,11,10180,27,42,54,35,3,17,3.57143,1,2.3,2.66667,0,5,13,2.66667,25,25
101,1017013,15.5,12,0,0,0,17,10180,27,44,50,33,3,17,3.57143,1,2.3,2.66667,0,5,13,2.66667,25,25
101,1017014,6,6.33333,0,0,0,12,10180,18,34,50,25,3,17,3.57143,1,2.3,2.66667,0,5,13,2.66667,25,25
101,1017015,7.5,10.66667,0,0,0,12,10180,8,22,35,23,3,17,3.57143,1,2.3,2.66667,0,5,13,2.66667,25,25
101,1017016,5.5,6.33333,0,0,2,10,10180,21,24,30,20,3,17,3.57143,1,2.3,2.66667,0,5,13,2.66667,25,25
101,1017017,10.5,9.66667,1,0,0,11,10180,26,38,48,30,3,17,3.57143,1,2.3,2.66667,0,5,13,2.66667,25,25
101,1017018,13,15.33333,1,0,0,16,10180,29,43,55,20,3,17,3.57143,1,2.3,2.66667,0,5,13,2.66667,25,25
101,1017019,9,6.66667,1,0,0,12,10180,10,40,35,35,3,17,3.57143,1,2.3,2.66667,0,5,13,2.66667,25,25
101,1017020,12,13.33333,1,0,0,11,10180,22,30,38,30,3,17,3.57143,1,2.3,2.66667,0,5,13,2.66667,25,25
101,1017021,9,10.66667,1,0,0,11,10180,15,39,38,33,3,17,3.57143,1,2.3,2.66667,0,5,13,2.66667,25,25
101,1017022,10.5,9,1,0,0,5,10180,19,21,41,33,3,17,3.57143,1,2.3,2.66667,0,5,13,2.66667,25,25
101,1017023,12,9.33333,0,0,0,8,10180,11,22,31,30,3,17,3.57143,1,2.3,2.66667,0,5,13,2.66667,25,25
103,1037002,10,6.33333,0,0,1,7,10380,6,20,15,15,3,12,3,1,2.1,2.16667,1,66,17,2.66667,29,9
103,1037006,4,6.66667,0,1,1,3,10380,4,15,21,10,3,12,3,1,2.1,2.16667,1,66,17,2.66667,29,9
103,1037009,7,13,0,1,1,8,10380,11,28,29,20,3,12,3,1,2.1,2.16667,1,66,17,2.66667,29,9
103,1037010,6,7.33333,0,0,0,5,10380,7,11,15,10,3,12,3,1,2.1,2.16667,1,66,17,2.66667,29,9
106,1067001,6,7.33333,1,1,0,9,10680,7,18,25,15,1,18,3,0,1.7,1.83333,1,30,13,2.66667,23,12
106,1067002,10.5,10.33333,1,0,0,9,10680,11,27,27,30,1,18,3,0,1.7,1.83333,1,30,13,2.66667,23,12
106,1067003,11,7.66667,1,1,0,7,10680,8,34,25,10,1,18,3,0,1.7,1.83333,1,30,13,2.66667,23,12
106,1067006,12.5,12.66667,0,0,0,14,10680,26,33,49,43,1,18,3,0,1.7,1.83333,1,30,13,2.66667,23,12
106,1067007,12,11.33333,0,0,0,10,10680,15,28,29,20,1,18,3,0,1.7,1.83333,1,30,13,2.66667,23,12
106,1067008,14,9.66667,1,0,0,12,10680,20,37,52,47,1,18,3,0,1.7,1.83333,1,30,13,2.66667,23,12
106,1067009,9.5,8,1,0,0,8,10680,11,26,27,23,1,18,3,0,1.7,1.83333,1,30,13,2.66667,23,12
106,1067010,12.5,14,1,0,0,13,10680,17,35,49,37,1,18,3,0,1.7,1.83333,1,30,13,2.66667,23,12
106,1067011,11.5,10.66667,1,0,0,8,10680,12,37,42,23,1,18,3,0,1.7,1.83333,1,30,13,2.66667,23,12
106,1067012,8,6.66667,0,0,0,12,10680,6,30,34,30,1,18,3,0,1.7,1.83333,1,30,13,2.66667,23,12
107,1077001,14.5,10.33333,1,0,0,11,10780,25,41,51,40,1,26,4,0,2.4,1.83333,1,0,13,3,31,18
107,1077002,11,11,1,0,0,10,10780,23,32,43,47,1,26,4,0,2.4,1.83333,1,0,13,3,31,18
107,1077003,13,11.66667,1,0,0,11,10780,17,33,42,35,1,26,4,0,2.4,1.83333,1,0,13,3,31,18
107,1077004,11.5,10,0,0,0,14,10780,25,23,29,27,1,26,4,0,2.4,1.83333,1,0,13,3,31,18
107,1077005,14.5,10.33333,0,0,0,16,10780,18,31,39,33,1,26,4,0,2.4,1.83333,1,0,13,3,31,18
107,1077007,15.5,13.66667,1,0,0,15,10780,24,41,49,50,1,26,4,0,2.4,1.83333,1,0,13,3,31,18
107,1077008,14,8.33333,0,0,0,8,10780,22,36,41,20,1,26,4,0,2.4,1.83333,1,0,13,3,31,18
107,1077009,12.5,7,0,0,1,5,10780,15,29,23,50,1,26,4,0,2.4,1.83333,1,0,13,3,31,18
107,1077010,14,16,0,0,0,18,10780,24,43,48,37,1,26,4,0,2.4,1.83333,1,0,13,3,31,18
107,1077011,11,9.66667,1,0,0,12,10780,23,28,22,43,1,26,4,0,2.4,1.83333,1,0,13,3,31,18
107,1077012,11,9,1,0,0,14,10780,18,28,19,43,1,26,4,0,2.4,1.83333,1,0,13,3,31,18
107,1077013,15,14.66667,0,0,0,18,10780,30,43,52,50,1,26,4,0,2.4,1.83333,1,0,13,3,31,18
107,1077014,17,16,0,0,0,16,10780,29,45,53,50,1,26,4,0,2.4,1.83333,1,0,13,3,31,18
107,1077015,12.5,13,0,0,0,12,10780,22,36,37,50,1,26,4,0,2.4,1.83333,1,0,13,3,31,18
107,1077016,14,12.33333,1,0,0,13,10780,19,37,44,20,1,26,4,0,2.4,1.83333,1,0,13,3,31,18
107,1077017,11.5,14,1,0,0,14,10780,23,37,34,30,1,26,4,0,2.4,1.83333,1,0,13,3,31,18
107,1077018,11,10.33333,0,0,0,8,10780,20,32,30,37,1,26,4,0,2.4,1.83333,1,0,13,3,31,18
108,1087001,13,13.33333,0,0,0,7,10880,18,36,41,18,3,24,3.57143,0,1.2,1.33333,1,0,16,2,15,10
108,1087002,13.5,12.66667,1,0,0,6,10880,15,34,49,28,3,24,3.57143,0,1.2,1.33333,1,0,16,2,15,10
108,1087003,12,11,1,0,0,16,10880,29,37,53,47,3,24,3.57143,0,1.2,1.33333,1,0,16,2,15,10
108,1087004,12,13.33333,0,0,0,13,10880,22,32,44,40,3,24,3.57143,0,1.2,1.33333,1,0,16,2,15,10
108,1087005,10,13,1,0,0,14,10880,19,24,41,33,3,24,3.57143,0,1.2,1.33333,1,0,16,2,15,10
108,1087006,10.5,10.33333,0,0,0,8,10880,17,37,37,23,3,24,3.57143,0,1.2,1.33333,1,0,16,2,15,10
108,1087007,14,12,0,0,0,10,10880,22,35,51,28,3,24,3.57143,0,1.2,1.33333,1,0,16,2,15,10
108,1087008,12.5,13.33333,0,0,0,12,10880,13,28,14,23,3,24,3.57143,0,1.2,1.33333,1,0,16,2,15,10
108,1087010,10.5,12.66667,0,0,0,7,10880,16,21,17,37,3,24,3.57143,0,1.2,1.33333,1,0,16,2,15,10
109,1097001,11.5,12.66667,0,0,1,14,10980,17,34,33,13,1,15,3.28571,0,1.6,1.33333,0,25,17,2.66667,33,23
109,1097002,11,9,0,0,0,12,10980,16,25,43,10,1,15,3.28571,0,1.6,1.33333,0,25,17,2.66667,33,23
109,1097003,12,9,0,0,0,15,10980,10,36,38,20,1,15,3.28571,0,1.6,1.33333,0,25,17,2.66667,33,23
109,1097005,10.5,9,0,0,0,9,10980,8,33,26,15,1,15,3.28571,0,1.6,1.33333,0,25,17,2.66667,33,23
109,1097006,6,6.33333,1,1,0,12,10980,5,22,26,10,1,15,3.28571,0,1.6,1.33333,0,25,17,2.66667,33,23
109,1097007,11,10.66667,1,0,0,8,10980,13,36,31,18,1,15,3.28571,0,1.6,1.33333,0,25,17,2.66667,33,23
109,1097008,7,6.33333,1,1,0,7,10980,11,27,30,10,1,15,3.28571,0,1.6,1.33333,0,25,17,2.66667,33,23
109,1097009,10.5,12,1,0,0,10,10980,6,28,29,23,1,15,3.28571,0,1.6,1.33333,0,25,17,2.66667,33,23
109,1097010,11.5,9.66667,1,0,0,15,10980,18,30,36,23,1,15,3.28571,0,1.6,1.33333,0,25,17,2.66667,33,23
109,1097011,13,13.66667,1,0,0,13,10980,22,42,43,10,1,15,3.28571,0,1.6,1.33333,0,25,17,2.66667,33,23
109,1097013,10.5,11.66667,1,0,0,13,10980,17,37,40,10,1,15,3.28571,0,1.6,1.33333,0,25,17,2.66667,33,23
109,1097014,8.5,5.66667,1,0,0,9,10980,9,21,26,20,1,15,3.28571,0,1.6,1.33333,0,25,17,2.66667,33,23
109,1097015,8.5,8.66667,1,1,0,12,10980,16,26,32,10,1,15,3.28571,0,1.6,1.33333,0,25,17,2.66667,33,23
109,1097016,13.5,14.33333,0,0,0,15,10980,25,41,38,10,1,15,3.28571,0,1.6,1.33333,0,25,17,2.66667,33,23
109,1097017,14.5,11,0,0,0,14,10980,22,40,43,20,1,15,3.28571,0,1.6,1.33333,0,25,17,2.66667,33,23
109,1097019,10.5,8,0,0,0,10,10980,14,28,33,20,1,15,3.28571,0,1.6,1.33333,0,25,17,2.66667,33,23
109,1097020,12,9.66667,0,0,1,14,10980,15,32,26,13,1,15,3.28571,0,1.6,1.33333,0,25,17,2.66667,33,23
109,1097021,13.5,9,0,0,1,7,10980,8,29,34,15,1,15,3.28571,0,1.6,1.33333,0,25,17,2.66667,33,23
109,1097022,5.5,6,0,1,0,9,10980,2,21,17,10,1,15,3.28571,0,1.6,1.33333,0,25,17,2.66667,33,23
109,1097023,15.5,12.66667,1,0,0,12,10980,20,35,39,15,1,15,3.28571,0,1.6,1.33333,0,25,17,2.66667,33,23
110,1107001,11.5,13.66667,1,0,0,17,11080,22,39,45,47,3,20,3.14286,1,1.4,1.33333,0,5,9,2.66667,19,19
110,1107002,11.5,14.33333,0,0,0,14,11080,20,37,47,30,3,20,3.14286,1,1.4,1.33333,0,5,9,2.66667,19,19
110,1107003,13,12,0,0,0,14,11080,21,39,45,35,3,20,3.14286,1,1.4,1.33333,0,5,9,2.66667,19,19
110,1107004,11.5,12.66667,1,0,0,12,11080,19,30,46,50,3,20,3.14286,1,1.4,1.33333,0,5,9,2.66667,19,19
110,1107005,13,14.33333,0,0,1,9,11080,16,36,35,50,3,20,3.14286,1,1.4,1.33333,0,5,9,2.66667,19,19
110,1107006,14,13.33333,0,0,0,14,11080,24,43,47,50,3,20,3.14286,1,1.4,1.33333,0,5,9,2.66667,19,19
110,1107007,13,11,0,0,0,10,11080,22,32,43,50,3,20,3.14286,1,1.4,1.33333,0,5,9,2.66667,19,19
110,1107008,13,10.66667,0,0,0,11,11080,20,33,42,50,3,20,3.14286,1,1.4,1.33333,0,5,9,2.66667,19,19
110,1107009,10.5,9.33333,1,0,1,9,11080,13,33,39,30,3,20,3.14286,1,1.4,1.33333,0,5,9,2.66667,19,19
110,1107010,11,13.66667,0,0,0,19,11080,28,42,51,50,3,20,3.14286,1,1.4,1.33333,0,5,9,2.66667,19,19
110,1107012,11,11,1,0,0,7,11080,16,26,44,20,3,20,3.14286,1,1.4,1.33333,0,5,9,2.66667,19,19
110,1107014,15,11,1,0,0,13,11080,22,34,46,40,3,20,3.14286,1,1.4,1.33333,0,5,9,2.66667,19,19
110,1107015,10.5,11,0,0,0,10,11080,23,34,33,30,3,20,3.14286,1,1.4,1.33333,0,5,9,2.66667,19,19
110,1107017,11,10,1,0,0,14,11080,13,30,40,20,3,20,3.14286,1,1.4,1.33333,0,5,9,2.66667,19,19
110,1107018,13.5,9.66667,1,0,0,14,11080,23,41,51,30,3,20,3.14286,1,1.4,1.33333,0,5,9,2.66667,19,19
110,1107019,12.5,10,1,0,0,7,11080,14,40,45,20,3,20,3.14286,1,1.4,1.33333,0,5,9,2.66667,19,19
110,1107020,12.5,11.33333,1,0,0,15,11080,23,38,49,20,3,20,3.14286,1,1.4,1.33333,0,5,9,2.66667,19,19
111,1117002,11.5,11.66667,0,0,0,11,11180,16,27,39,30,1,16,3.42857,0,2.4,2.33333,0,23,16,2.66667,22,22
111,1117003,13.5,13.33333,0,0,0,17,11180,26,44,45,28,1,16,3.42857,0,2.4,2.33333,0,23,16,2.66667,22,22
111,1117005,12.5,7.66667,0,0,1,8,11180,12,29,30,23,1,16,3.42857,0,2.4,2.33333,0,23,16,2.66667,22,22
111,1117006,15,9.66667,1,0,0,13,11180,11,32,41,20,1,16,3.42857,0,2.4,2.33333,0,23,16,2.66667,22,22
111,1117007,13,14.33333,0,0,0,16,11180,22,39,46,45,1,16,3.42857,0,2.4,2.33333,0,23,16,2.66667,22,22
111,1117008,11,14.33333,0,0,0,14,11180,18,35,39,20,1,16,3.42857,0,2.4,2.33333,0,23,16,2.66667,22,22
111,1117009,13,11.66667,0,0,0,10,11180,18,37,45,20,1,16,3.42857,0,2.4,2.33333,0,23,16,2.66667,22,22
111,1117010,13,9.66667,1,0,0,17,11180,20,41,48,20,1,16,3.42857,0,2.4,2.33333,0,23,16,2.66667,22,22
111,1117011,10,8,0,0,0,9,11180,11,32,30,28,1,16,3.42857,0,2.4,2.33333,0,23,16,2.66667,22,22
111,1117012,14,11,1,0,0,13,11180,20,37,48,27,1,16,3.42857,0,2.4,2.33333,0,23,16,2.66667,22,22
111,1117013,11.5,9.33333,0,0,0,15,11180,19,35,44,20,1,16,3.42857,0,2.4,2.33333,0,23,16,2.66667,22,22
111,1117014,10,8.33333,1,1,0,15,11180,9,28,29,10,1,16,3.42857,0,2.4,2.33333,0,23,16,2.66667,22,22
111,1117015,15.5,12.33333,0,0,0,19,11180,23,40,55,10,1,16,3.42857,0,2.4,2.33333,0,23,16,2.66667,22,22
111,1117016,12,9.33333,1,0,0,12,11180,17,35,43,20,1,16,3.42857,0,2.4,2.33333,0,23,16,2.66667,22,22
111,1117017,12,10,0,0,0,14,11180,13,39,45,23,1,16,3.42857,0,2.4,2.33333,0,23,16,2.66667,22,22
111,1117018,11.5,14.33333,0,0,0,13,11180,21,39,45,40,1,16,3.42857,0,2.4,2.33333,0,23,16,2.66667,22,22
111,1117019,14,13.66667,0,0,1,12,11180,22,39,42,10,1,16,3.42857,0,2.4,2.33333,0,23,16,2.66667,22,22
111,1117020,12,14.66667,0,1,1,12,11180,19,36,41,20,1,16,3.42857,0,2.4,2.33333,0,23,16,2.66667,22,22
112,1127201,12,10.66667,0,0,0,14,11282,21,33,28,25,1,13,3,1,1.8,1.66667,1,15,18,2,28,7
112,1127202,8,12.66667,0,0,0,8,11282,14,25,26,18,1,13,3,1,1.8,1.66667,1,15,18,2,28,7
112,1127203,11,10,0,0,0,11,11282,16,34,46,33,1,13,3,1,1.8,1.66667,1,15,18,2,28,7
112,1127204,11,14.66667,0,0,0,13,11282,16,38,38,23,1,13,3,1,1.8,1.66667,1,15,18,2,28,7
112,1127205,9.5,8.66667,1,0,0,3,11282,8,30,37,13,1,13,3,1,1.8,1.66667,1,15,18,2,28,7
112,1127206,13.5,11.66667,1,0,0,11,11282,15,44,54,30,1,13,3,1,1.8,1.66667,1,15,18,2,28,7
112,1127207,8,6,1,0,0,8,11282,4,31,29,18,1,13,3,1,1.8,1.66667,1,15,18,2,28,7
115,1157001,10.5,7.33333,0,0,0,6,11580,15,36,36,33,1,27,3.71429,1,1.8,1.66667,0,0,15,2.66667,31,31
115,1157002,11,14.33333,1,0,1,7,11580,15,32,36,33,1,27,3.71429,1,1.8,1.66667,0,0,15,2.66667,31,31
115,1157003,10,11.66667,0,0,0,13,11580,23,24,20,30,1,27,3.71429,1,1.8,1.66667,0,0,15,2.66667,31,31
115,1157004,12,17.66667,0,0,0,17,11580,24,37,46,30,1,27,3.71429,1,1.8,1.66667,0,0,15,2.66667,31,31
115,1157005,12,13,1,0,0,11,11580,25,34,48,30,1,27,3.71429,1,1.8,1.66667,0,0,15,2.66667,31,31
115,1157006,11,10.33333,1,0,0,8,11580,15,32,24,27,1,27,3.71429,1,1.8,1.66667,0,0,15,2.66667,31,31
115,1157007,8.5,9.33333,0,0,0,11,11580,21,21,26,27,1,27,3.71429,1,1.8,1.66667,0,0,15,2.66667,31,31
115,1157008,11.5,11.33333,0,0,0,9,11580,12,32,40,33,1,27,3.71429,1,1.8,1.66667,0,0,15,2.66667,31,31
115,1157009,9.5,8,0,0,0,7,11580,10,23,35,27,1,27,3.71429,1,1.8,1.66667,0,0,15,2.66667,31,31
115,1157010,11,10.33333,1,0,0,13,11580,19,36,55,30,1,27,3.71429,1,1.8,1.66667,0,0,15,2.66667,31,31
115,1157011,12,10,0,0,0,6,11580,13,30,36,27,1,27,3.71429,1,1.8,1.66667,0,0,15,2.66667,31,31
115,1157012,11.5,10,1,0,1,10,11580,9,29,30,47,1,27,3.71429,1,1.8,1.66667,0,0,15,2.66667,31,31
115,1157014,10.5,10.33333,0,0,0,9,11580,15,40,38,30,1,27,3.71429,1,1.8,1.66667,0,0,15,2.66667,31,31
115,1157015,12.5,11,0,0,0,11,11580,20,36,39,30,1,27,3.71429,1,1.8,1.66667,0,0,15,2.66667,31,31
115,1157016,12,15.33333,1,0,0,15,11580,29,39,52,27,1,27,3.71429,1,1.8,1.66667,0,0,15,2.66667,31,31
115,1157017,12,11.66667,0,0,1,9,11580,19,28,36,33,1,27,3.71429,1,1.8,1.66667,0,0,15,2.66667,31,31
115,1157018,13,12.66667,0,0,0,15,11580,27,38,43,40,1,27,3.71429,1,1.8,1.66667,0,0,15,2.66667,31,31
115,1157019,9.5,6.66667,1,0,0,8,11580,15,33,31,30,1,27,3.71429,1,1.8,1.66667,0,0,15,2.66667,31,31
115,1157020,12,11.33333,0,0,0,13,11580,22,35,43,30,1,27,3.71429,1,1.8,1.66667,0,0,15,2.66667,31,31
115,1157021,14.5,11.66667,0,0,0,9,11580,23,37,42,37,1,27,3.71429,1,1.8,1.66667,0,0,15,2.66667,31,31
115,1157022,11.5,10.66667,0,0,0,12,11580,19,33,37,37,1,27,3.71429,1,1.8,1.66667,0,0,15,2.66667,31,31
115,1157023,11.5,13.66667,1,0,0,12,11580,24,32,47,45,1,27,3.71429,1,1.8,1.66667,0,0,15,2.66667,31,31
115,1157024,12,10.66667,0,0,0,13,11580,16,41,49,40,1,27,3.71429,1,1.8,1.66667,0,0,15,2.66667,31,31
115,1157025,11,11.33333,1,0,0,8,11580,8,23,31,23,1,27,3.71429,1,1.8,1.66667,0,0,15,2.66667,31,31
115,1157026,12,12.66667,1,0,0,11,11580,22,33,41,30,1,27,3.71429,1,1.8,1.66667,0,0,15,2.66667,31,31
115,1157027,9,9.33333,1,0,0,11,11580,10,27,33,33,1,27,3.71429,1,1.8,1.66667,0,0,15,2.66667,31,31
115,1157028,13.5,14,1,0,0,11,11580,19,33,42,33,1,27,3.71429,1,1.8,1.66667,0,0,15,2.66667,31,31
115,1157029,12.5,12.33333,0,0,0,14,11580,24,38,41,33,1,27,3.71429,1,1.8,1.66667,0,0,15,2.66667,31,31
115,1157030,12.5,12.33333,0,0,0,16,11580,25,38,44,23,1,27,3.71429,1,1.8,1.66667,0,0,15,2.66667,31,31
115,1157031,11,10.66667,0,0,0,13,11580,17,39,41,37,1,27,3.71429,1,1.8,1.66667,0,0,15,2.66667,31,31
116,1167001,12,11.66667,1,0,0,13,11680,13,36,34,23,1,13,2.85714,1,1.6,1.33333,1,0,9,2,28,20
116,1167002,11,12,1,0,1,12,11680,17,41,32,28,1,13,2.85714,1,1.6,1.33333,1,0,9,2,28,20
116,1167003,13.5,13.66667,1,0,0,18,11680,28,44,46,20,1,13,2.85714,1,1.6,1.33333,1,0,9,2,28,20
116,1167004,12,13.33333,1,0,0,13,11680,23,46,40,20,1,13,2.85714,1,1.6,1.33333,1,0,9,2,28,20
116,1167005,9.5,11.33333,1,0,1,14,11680,9,34,38,30,1,13,2.85714,1,1.6,1.33333,1,0,9,2,28,20
116,1167006,12.5,9,0,0,0,12,11680,18,41,40,20,1,13,2.85714,1,1.6,1.33333,1,0,9,2,28,20
116,1167007,10.5,13.66667,0,0,0,12,11680,13,30,24,10,1,13,2.85714,1,1.6,1.33333,1,0,9,2,28,20
116,1167008,11.5,12.33333,0,0,0,18,11680,17,47,39,15,1,13,2.85714,1,1.6,1.33333,1,0,9,2,28,20
116,1167009,10,8.66667,0,0,1,15,11680,21,30,24,20,1,13,2.85714,1,1.6,1.33333,1,0,9,2,28,20
116,1167011,9.5,11,0,0,2,6,11680,16,38,37,17,1,13,2.85714,1,1.6,1.33333,1,0,9,2,28,20
116,1167012,11,10.66667,0,0,2,11,11680,13,38,25,20,1,13,2.85714,1,1.6,1.33333,1,0,9,2,28,20
116,1167013,9,8.33333,0,0,0,15,11680,12,23,28,38,1,13,2.85714,1,1.6,1.33333,1,0,9,2,28,20
116,1167014,13,13,0,0,0,9,11680,22,38,39,30,1,13,2.85714,1,1.6,1.33333,1,0,9,2,28,20
116,1167015,11,13.66667,0,0,0,14,11680,23,37,39,20,1,13,2.85714,1,1.6,1.33333,1,0,9,2,28,20
116,1167016,8,8,0,0,1,13,11680,21,30,33,23,1,13,2.85714,1,1.6,1.33333,1,0,9,2,28,20
116,1167018,11,7.66667,0,0,1,6,11680,10,28,38,15,1,13,2.85714,1,1.6,1.33333,1,0,9,2,28,20
116,1167019,12.5,10.33333,0,0,0,16,11680,25,39,38,20,1,13,2.85714,1,1.6,1.33333,1,0,9,2,28,20
116,1167021,10,12.33333,0,0,1,11,11680,21,32,29,25,1,13,2.85714,1,1.6,1.33333,1,0,9,2,28,20
116,1167022,10.5,10,0,0,0,8,11680,19,33,34,15,1,13,2.85714,1,1.6,1.33333,1,0,9,2,28,20
118,1187001,14,11.33333,0,0,0,15,11880,24,36,47,35,3,18,3,0,2.4,2.33333,1,19,21,2.33333,29,11
118,1187002,13.5,15.66667,1,0,0,16,11880,21,46,49,20,3,18,3,0,2.4,2.33333,1,19,21,2.33333,29,11
118,1187003,12.5,8.66667,0,0,0,9,11880,11,25,34,33,3,18,3,0,2.4,2.33333,1,19,21,2.33333,29,11
118,1187004,12.5,7.66667,0,0,0,14,11880,23,28,39,45,3,18,3,0,2.4,2.33333,1,19,21,2.33333,29,11
118,1187005,10.5,7.33333,1,0,0,7,11880,5,30,27,15,3,18,3,0,2.4,2.33333,1,19,21,2.33333,29,11
118,1187006,11.5,11,0,1,0,14,11880,13,31,31,18,3,18,3,0,2.4,2.33333,1,19,21,2.33333,29,11
118,1187008,12,12.33333,1,0,0,11,11880,22,36,40,20,3,18,3,0,2.4,2.33333,1,19,21,2.33333,29,11
118,1187010,12,10.33333,1,0,0,10,11880,17,33,39,25,3,18,3,0,2.4,2.33333,1,19,21,2.33333,29,11
118,1187011,10.5,7.33333,0,0,0,12,11880,9,18,25,30,3,18,3,0,2.4,2.33333,1,19,21,2.33333,29,11
119,1197001,13,10,0,0,1,11,11980,12,29,34,10,4,18,3,0,2.1,2,1,0,18,2.66667,33,14
119,1197002,10,9,1,0,0,12,11980,19,33,36,25,4,18,3,0,2.1,2,1,0,18,2.66667,33,14
119,1197004,15,12.33333,1,0,0,12,11980,26,41,52,20,4,18,3,0,2.1,2,1,0,18,2.66667,33,14
119,1197005,13,10.66667,0,0,0,16,11980,25,40,48,35,4,18,3,0,2.1,2,1,0,18,2.66667,33,14
119,1197006,10.5,5,1,0,1,9,11980,5,27,31,13,4,18,3,0,2.1,2,1,0,18,2.66667,33,14
119,1197008,11.5,8.66667,1,0,0,9,11980,14,41,43,23,4,18,3,0,2.1,2,1,0,18,2.66667,33,14
119,1197010,13,9.66667,0,0,1,14,11980,21,29,27,20,4,18,3,0,2.1,2,1,0,18,2.66667,33,14
119,1197012,14,12,0,0,0,17,11980,26,38,47,23,4,18,3,0,2.1,2,1,0,18,2.66667,33,14
119,1197013,10,8.33333,1,0,0,5,11980,9,24,27,20,4,18,3,0,2.1,2,1,0,18,2.66667,33,14
119,1197014,11,7,0,0,0,13,11980,21,36,40,33,4,18,3,0,2.1,2,1,0,18,2.66667,33,14
119,1197015,7,10.66667,0,0,0,12,11980,14,21,29,18,4,18,3,0,2.1,2,1,0,18,2.66667,33,14
119,1197017,11,9.66667,0,0,1,13,11980,16,32,40,33,4,18,3,0,2.1,2,1,0,18,2.66667,33,14
121,1217001,16,13.66667,1,0,0,16,12180,19,43,41,20,3,18,3.42857,0,1.8,1.5,1,0,27,2.66667,23,12
121,1217002,13.5,13.66667,1,0,0,15,12180,24,42,44,37,3,18,3.42857,0,1.8,1.5,1,0,27,2.66667,23,12
121,1217003,13.5,14.66667,1,0,0,20,12180,30,43,47,48,3,18,3.42857,0,1.8,1.5,1,0,27,2.66667,23,12
121,1217004,15,13.33333,0,0,0,18,12180,27,42,44,37,3,18,3.42857,0,1.8,1.5,1,0,27,2.66667,23,12
121,1217005,10.5,6,0,0,1,10,12180,9,34,33,37,3,18,3.42857,0,1.8,1.5,1,0,27,2.66667,23,12
121,1217006,12,12.66667,0,0,0,12,12180,10,25,28,20,3,18,3.42857,0,1.8,1.5,1,0,27,2.66667,23,12
121,1217007,13,12.33333,0,0,0,12,12180,18,37,28,28,3,18,3.42857,0,1.8,1.5,1,0,27,2.66667,23,12
121,1217008,14.5,13.33333,0,0,0,12,12180,28,44,50,28,3,18,3.42857,0,1.8,1.5,1,0,27,2.66667,23,12
121,1217010,14,9.33333,1,0,0,7,12180,14,44,51,30,3,18,3.42857,0,1.8,1.5,1,0,27,2.66667,23,12
121,1217011,14,11.33333,0,0,0,13,12180,20,43,40,20,3,18,3.42857,0,1.8,1.5,1,0,27,2.66667,23,12
123,1237001,6.5,9,1,1,1,5,12380,4,32,38,13,2,20,3.14286,1,2.1,2,1,20,27,2.66667,20,5
123,1237002,7,10.33333,0,1,0,14,12380,10,32,29,23,2,20,3.14286,1,2.1,2,1,20,27,2.66667,20,5
123,1237003,13.5,9.66667,0,1,1,14,12380,23,37,38,20,2,20,3.14286,1,2.1,2,1,20,27,2.66667,20,5
123,1237006,12,9.66667,0,0,1,11,12380,19,29,34,40,2,20,3.14286,1,2.1,2,1,20,27,2.66667,20,5
124,1247001,12,10.33333,1,0,0,11,12480,16,44,43,27,2,17,3.57143,1,1.8,1.83333,0,4,15,2,24,24
124,1247002,12.5,12.33333,1,0,0,16,12480,29,36,43,20,2,17,3.57143,1,1.8,1.83333,0,4,15,2,24,24
124,1247003,12,10.66667,0,0,0,9,12480,21,32,46,17,2,17,3.57143,1,1.8,1.83333,0,4,15,2,24,24
124,1247005,10,11.66667,1,0,0,13,12480,12,30,34,20,2,17,3.57143,1,1.8,1.83333,0,4,15,2,24,24
124,1247006,11.5,10.66667,1,0,0,10,12480,22,35,52,28,2,17,3.57143,1,1.8,1.83333,0,4,15,2,24,24
124,1247007,13.5,12.33333,0,0,0,19,12480,28,41,56,30,2,17,3.57143,1,1.8,1.83333,0,4,15,2,24,24
124,1247008,10.5,12.66667,0,0,1,15,12480,30,36,46,20,2,17,3.57143,1,1.8,1.83333,0,4,15,2,24,24
124,1247009,12.5,12.33333,1,0,0,16,12480,28,42,47,30,2,17,3.57143,1,1.8,1.83333,0,4,15,2,24,24
124,1247010,12,10.33333,1,0,0,16,12480,22,30,41,30,2,17,3.57143,1,1.8,1.83333,0,4,15,2,24,24
124,1247011,12,7.66667,0,0,0,12,12480,19,40,40,20,2,17,3.57143,1,1.8,1.83333,0,4,15,2,24,24
124,1247012,16,12.66667,1,0,0,16,12480,25,40,42,28,2,17,3.57143,1,1.8,1.83333,0,4,15,2,24,24
124,1247013,14.5,14.66667,0,1,0,15,12480,27,38,48,17,2,17,3.57143,1,1.8,1.83333,0,4,15,2,24,24
124,1247014,12,11.66667,0,0,0,16,12480,24,37,42,37,2,17,3.57143,1,1.8,1.83333,0,4,15,2,24,24
124,1247016,12.5,12.66667,0,0,0,16,12480,29,40,48,37,2,17,3.57143,1,1.8,1.83333,0,4,15,2,24,24
124,1247017,12.5,11.33333,0,0,0,15,12480,24,39,44,37,2,17,3.57143,1,1.8,1.83333,0,4,15,2,24,24
124,1247018,12,12,0,0,0,12,12480,22,31,45,33,2,17,3.57143,1,1.8,1.83333,0,4,15,2,24,24
124,1247019,13.5,11,0,0,1,12,12480,27,31,46,45,2,17,3.57143,1,1.8,1.83333,0,4,15,2,24,24
124,1247020,13.5,13.33333,1,0,0,15,12480,23,42,53,23,2,17,3.57143,1,1.8,1.83333,0,4,15,2,24,24
124,1247021,13,10,0,0,0,13,12480,22,39,40,25,2,17,3.57143,1,1.8,1.83333,0,4,15,2,24,24
124,1247022,12,11.33333,1,0,0,13,12480,27,40,46,20,2,17,3.57143,1,1.8,1.83333,0,4,15,2,24,24
125,1257001,13.5,13,0,0,0,16,12580,26,40,42,30,1,17,3.28571,1,1.5,1.33333,0,14,8,3,35,35
125,1257002,13.5,13.33333,0,0,0,13,12580,19,37,47,30,1,17,3.28571,1,1.5,1.33333,0,14,8,3,35,35
125,1257004,9.5,9.33333,0,1,0,11,12580,22,20,32,20,1,17,3.28571,1,1.5,1.33333,0,14,8,3,35,35
125,1257005,14.5,13,0,0,0,17,12580,29,47,52,45,1,17,3.28571,1,1.5,1.33333,0,14,8,3,35,35
125,1257006,11.5,11,0,0,0,14,12580,22,38,40,30,1,17,3.28571,1,1.5,1.33333,0,14,8,3,35,35
125,1257008,13,10,0,0,0,13,12580,26,41,48,30,1,17,3.28571,1,1.5,1.33333,0,14,8,3,35,35
125,1257009,10.5,9.33333,0,0,0,13,12580,18,27,32,20,1,17,3.28571,1,1.5,1.33333,0,14,8,3,35,35
125,1257010,15,14,0,0,0,18,12580,27,44,53,50,1,17,3.28571,1,1.5,1.33333,0,14,8,3,35,35
125,1257011,12,9.33333,0,0,0,14,12580,23,38,37,35,1,17,3.28571,1,1.5,1.33333,0,14,8,3,35,35
125,1257013,11.5,11,0,0,1,14,12580,25,30,36,20,1,17,3.28571,1,1.5,1.33333,0,14,8,3,35,35
125,1257015,15,11.33333,0,0,0,19,12580,28,47,54,40,1,17,3.28571,1,1.5,1.33333,0,14,8,3,35,35
125,1257016,11,9,0,1,1,5,12580,12,23,24,20,1,17,3.28571,1,1.5,1.33333,0,14,8,3,35,35
125,1257017,13,10.66667,0,0,0,12,12580,23,34,43,50,1,17,3.28571,1,1.5,1.33333,0,14,8,3,35,35
125,1257019,13,12.33333,1,0,0,15,12580,24,37,50,40,1,17,3.28571,1,1.5,1.33333,0,14,8,3,35,35
125,1257020,12,8.33333,1,0,1,11,12580,8,28,38,20,1,17,3.28571,1,1.5,1.33333,0,14,8,3,35,35
125,1257025,13,9.66667,1,0,0,12,12580,26,35,46,20,1,17,3.28571,1,1.5,1.33333,0,14,8,3,35,35
125,1257026,15,12.33333,1,0,0,16,12580,25,43,51,40,1,17,3.28571,1,1.5,1.33333,0,14,8,3,35,35
125,1257027,12,12.33333,1,0,0,16,12580,20,36,38,40,1,17,3.28571,1,1.5,1.33333,0,14,8,3,35,35
125,1257028,12.5,9.66667,1,0,0,13,12580,10,37,47,40,1,17,3.28571,1,1.5,1.33333,0,14,8,3,35,35
125,1257030,13.5,12,1,0,0,17,12580,24,38,48,40,1,17,3.28571,1,1.5,1.33333,0,14,8,3,35,35
125,1257031,12.5,7.66667,1,0,0,13,12580,13,22,28,20,1,17,3.28571,1,1.5,1.33333,0,14,8,3,35,35
125,1257032,12,11.66667,1,0,0,13,12580,26,34,51,30,1,17,3.28571,1,1.5,1.33333,0,14,8,3,35,35
125,1257033,6.5,8.33333,1,1,0,14,12580,24,30,43,10,1,17,3.28571,1,1.5,1.33333,0,14,8,3,35,35
125,1257034,14.5,15,1,0,0,14,12580,26,41,52,50,1,17,3.28571,1,1.5,1.33333,0,14,8,3,35,35
125,1257036,12.5,12.66667,1,0,0,18,12580,24,39,43,33,1,17,3.28571,1,1.5,1.33333,0,14,8,3,35,35
125,1257037,12,12,1,0,0,14,12580,30,42,49,45,1,17,3.28571,1,1.5,1.33333,0,14,8,3,35,35
130,1307001,10.5,7.66667,1,0,0,12,13080,9,31,42,10,2,15,3.14286,1,2,2.16667,1,0,16,2.33333,24,14
130,1307002,12,13,0,0,0,11,13080,24,36,45,13,2,15,3.14286,1,2,2.16667,1,0,16,2.33333,24,14
130,1307003,14.5,15.66667,0,0,0,17,13080,29,44,57,20,2,15,3.14286,1,2,2.16667,1,0,16,2.33333,24,14
130,1307004,12,10.33333,1,0,0,12,13080,24,39,52,30,2,15,3.14286,1,2,2.16667,1,0,16,2.33333,24,14
130,1307005,12.5,10.66667,1,0,0,12,13080,19,24,50,20,2,15,3.14286,1,2,2.16667,1,0,16,2.33333,24,14
130,1307006,13.5,11,1,0,0,12,13080,23,37,51,28,2,15,3.14286,1,2,2.16667,1,0,16,2.33333,24,14
130,1307007,6,10.66667,1,0,1,3,13080,9,17,27,10,2,15,3.14286,1,2,2.16667,1,0,16,2.33333,24,14
130,1307009,14.5,16,1,0,0,12,13080,26,41,54,28,2,15,3.14286,1,2,2.16667,1,0,16,2.33333,24,14
130,1307010,12.5,14.66667,0,0,1,14,13080,24,24,44,20,2,15,3.14286,1,2,2.16667,1,0,16,2.33333,24,14
130,1307011,12,10.66667,1,0,0,10,13080,17,33,45,25,2,15,3.14286,1,2,2.16667,1,0,16,2.33333,24,14
130,1307012,17,12.33333,1,0,1,16,13080,29,45,54,20,2,15,3.14286,1,2,2.16667,1,0,16,2.33333,24,14
130,1307013,8,9.33333,0,0,1,13,13080,9,26,27,10,2,15,3.14286,1,2,2.16667,1,0,16,2.33333,24,14
130,1307014,12.5,11.33333,1,0,1,13,13080,21,37,43,15,2,15,3.14286,1,2,2.16667,1,0,16,2.33333,24,14
132,1327001,12.5,11.66667,0,0,0,13,13281,26,28,35,20,2,21,2.85714,1,1.6,1.83333,0,5,13,2.66667,22,22
132,1327002,13,7,1,0,0,11,13281,21,33,45,20,2,21,2.85714,1,1.6,1.83333,0,5,13,2.66667,22,22
132,1327003,12,14.66667,0,0,1,15,13281,25,31,37,27,2,21,2.85714,1,1.6,1.83333,0,5,13,2.66667,22,22
132,1327004,11,10.66667,0,0,0,14,13281,26,34,46,30,2,21,2.85714,1,1.6,1.83333,0,5,13,2.66667,22,22
132,1327005,12.5,9.33333,1,0,0,14,13281,28,33,53,48,2,21,2.85714,1,1.6,1.83333,0,5,13,2.66667,22,22
132,1327008,14.5,14,0,0,0,20,13281,30,44,54,40,2,21,2.85714,1,1.6,1.83333,0,5,13,2.66667,22,22
132,1327009,12.5,10.66667,1,0,0,13,13281,27,42,51,20,2,21,2.85714,1,1.6,1.83333,0,5,13,2.66667,22,22
132,1327010,8.5,8.66667,0,0,0,15,13281,20,39,36,33,2,21,2.85714,1,1.6,1.83333,0,5,13,2.66667,22,22
132,1327012,13,14.66667,0,0,0,13,13281,28,44,51,30,2,21,2.85714,1,1.6,1.83333,0,5,13,2.66667,22,22
132,1327013,13,15.33333,0,0,0,17,13281,30,39,55,47,2,21,2.85714,1,1.6,1.83333,0,5,13,2.66667,22,22
132,1327014,14,14,0,0,1,13,13281,27,25,44,30,2,21,2.85714,1,1.6,1.83333,0,5,13,2.66667,22,22
132,1327015,14,11.66667,0,0,1,15,13281,26,39,42,20,2,21,2.85714,1,1.6,1.83333,0,5,13,2.66667,22,22
132,1327017,11,12,0,1,0,12,13281,30,33,48,50,2,21,2.85714,1,1.6,1.83333,0,5,13,2.66667,22,22
132,1327018,14.5,12,1,0,0,18,13281,26,34,54,50,2,21,2.85714,1,1.6,1.83333,0,5,13,2.66667,22,22
132,1327019,14.5,13.33333,0,0,1,19,13281,29,42,54,20,2,21,2.85714,1,1.6,1.83333,0,5,13,2.66667,22,22
132,1327020,12,9,0,0,0,11,13281,26,37,42,25,2,21,2.85714,1,1.6,1.83333,0,5,13,2.66667,22,22
132,1327021,13,15.33333,0,0,0,18,13281,30,43,55,25,2,21,2.85714,1,1.6,1.83333,0,5,13,2.66667,22,22
132,1327022,13,10.33333,0,0,0,11,13281,25,30,49,25,2,21,2.85714,1,1.6,1.83333,0,5,13,2.66667,22,22
132,1327023,13.5,14,0,0,0,10,13281,25,39,48,20,2,21,2.85714,1,1.6,1.83333,0,5,13,2.66667,22,22
132,1327024,11,8.66667,1,0,0,11,13281,17,30,44,28,2,21,2.85714,1,1.6,1.83333,0,5,13,2.66667,22,22
132,1327025,14.5,12,1,0,0,19,13281,27,45,53,40,2,21,2.85714,1,1.6,1.83333,0,5,13,2.66667,22,22
136,1367002,15,13.66667,1,0,0,18,13680,27,40,51,40,2,22,3.57143,1,1.7,1.5,1,0,13,3.33333,30,18
136,1367003,13,14.33333,0,0,0,19,13680,30,47,58,13,2,22,3.57143,1,1.7,1.5,1,0,13,3.33333,30,18
136,1367004,11.5,10.33333,1,0,0,12,13680,25,33,48,43,2,22,3.57143,1,1.7,1.5,1,0,13,3.33333,30,18
136,1367006,13.5,12,1,0,0,12,13680,28,37,51,23,2,22,3.57143,1,1.7,1.5,1,0,13,3.33333,30,18
136,1367007,13,11.33333,1,0,0,14,13680,26,40,48,40,2,22,3.57143,1,1.7,1.5,1,0,13,3.33333,30,18
136,1367008,13.5,12.66667,0,0,0,12,13680,25,39,42,23,2,22,3.57143,1,1.7,1.5,1,0,13,3.33333,30,18
136,1367009,14.5,9,1,0,0,14,13680,23,41,47,23,2,22,3.57143,1,1.7,1.5,1,0,13,3.33333,30,18
136,1367010,13,15.33333,0,0,0,18,13680,29,44,53,43,2,22,3.57143,1,1.7,1.5,1,0,13,3.33333,30,18
136,1367011,12,12.33333,1,0,0,15,13680,29,42,49,27,2,22,3.57143,1,1.7,1.5,1,0,13,3.33333,30,18
136,1367012,13.5,11,1,0,0,15,13680,29,42,47,33,2,22,3.57143,1,1.7,1.5,1,0,13,3.33333,30,18
136,1367013,12.5,10.33333,1,0,0,12,13680,22,36,41,20,2,22,3.57143,1,1.7,1.5,1,0,13,3.33333,30,18
136,1367014,12.5,11,1,0,0,12,13680,23,37,47,40,2,22,3.57143,1,1.7,1.5,1,0,13,3.33333,30,18
136,1367015,13.5,10,1,0,0,15,13680,28,42,54,30,2,22,3.57143,1,1.7,1.5,1,0,13,3.33333,30,18
136,1367016,11,11.33333,1,0,0,13,13680,26,35,46,33,2,22,3.57143,1,1.7,1.5,1,0,13,3.33333,30,18
136,1367017,11.5,10.33333,1,0,0,16,13680,18,27,33,30,2,22,3.57143,1,1.7,1.5,1,0,13,3.33333,30,18
136,1367018,12.5,9.33333,1,0,0,9,13680,26,41,44,20,2,22,3.57143,1,1.7,1.5,1,0,13,3.33333,30,18
137,1377001,12.5,11.66667,1,0,0,18,13780,26,39,49,40,4,21,3.28571,1,1.8,1.66667,1,0,13,2,32,18
137,1377002,14.5,15,1,0,0,18,13780,30,49,55,40,4,21,3.28571,1,1.8,1.66667,1,0,13,2,32,18
137,1377003,10,8.66667,0,0,0,11,13780,21,34,49,18,4,21,3.28571,1,1.8,1.66667,1,0,13,2,32,18
137,1377004,12.5,11,1,0,1,13,13780,17,39,37,20,4,21,3.28571,1,1.8,1.66667,1,0,13,2,32,18
137,1377005,12,10,1,0,0,9,13780,12,41,46,30,4,21,3.28571,1,1.8,1.66667,1,0,13,2,32,18
137,1377006,6,9.66667,0,0,0,9,13780,16,30,30,37,4,21,3.28571,1,1.8,1.66667,1,0,13,2,32,18
137,1377007,11,11.33333,1,0,0,13,13780,15,32,33,23,4,21,3.28571,1,1.8,1.66667,1,0,13,2,32,18
137,1377008,13.5,6.33333,1,0,0,10,13780,17,39,51,43,4,21,3.28571,1,1.8,1.66667,1,0,13,2,32,18
137,1377010,11,11,1,0,0,12,13780,21,34,50,20,4,21,3.28571,1,1.8,1.66667,1,0,13,2,32,18
137,1377011,12.5,11.33333,0,0,0,12,13780,22,34,40,30,4,21,3.28571,1,1.8,1.66667,1,0,13,2,32,18
137,1377012,13,10,0,0,0,18,13780,26,41,46,37,4,21,3.28571,1,1.8,1.66667,1,0,13,2,32,18
137,1377013,10,10.66667,1,0,0,15,13780,18,39,47,38,4,21,3.28571,1,1.8,1.66667,1,0,13,2,32,18
137,1377014,12.5,8.33333,0,0,0,14,13780,22,41,48,20,4,21,3.28571,1,1.8,1.66667,1,0,13,2,32,18
137,1377015,15,14.33333,0,0,0,15,13780,26,46,56,37,4,21,3.28571,1,1.8,1.66667,1,0,13,2,32,18
137,1377016,11,9.33333,0,0,0,9,13780,14,21,25,20,4,21,3.28571,1,1.8,1.66667,1,0,13,2,32,18
137,1377017,12,6.33333,1,0,0,9,13780,16,41,52,33,4,21,3.28571,1,1.8,1.66667,1,0,13,2,32,18
137,1377018,11.5,8.66667,0,0,0,13,13780,24,34,47,33,4,21,3.28571,1,1.8,1.66667,1,0,13,2,32,18
137,1377019,12.5,11.66667,1,0,1,16,13780,21,34,40,30,4,21,3.28571,1,1.8,1.66667,1,0,13,2,32,18
141,1417001,9.5,7.66667,1,0,0,9,14180,12,19,27,13,2,14,3.28571,1,1.66667,1.4,0,0,12,2.33333,20,20
141,1417002,10.5,8.66667,1,0,1,7,14180,8,38,41,20,2,14,3.28571,1,1.66667,1.4,0,0,12,2.33333,20,20
141,1417003,11,9.33333,0,0,0,9,14180,14,32,32,15,2,14,3.28571,1,1.66667,1.4,0,0,12,2.33333,20,20
141,1417004,15,13.66667,0,0,0,16,14180,28,34,45,20,2,14,3.28571,1,1.66667,1.4,0,0,12,2.33333,20,20
141,1417005,13.5,12,0,0,0,14,14180,20,42,47,20,2,14,3.28571,1,1.66667,1.4,0,0,12,2.33333,20,20
141,1417006,11.5,9.33333,1,0,1,15,14180,18,34,35,17,2,14,3.28571,1,1.66667,1.4,0,0,12,2.33333,20,20
141,1417007,11.5,12.33333,1,0,0,11,14180,16,34,44,18,2,14,3.28571,1,1.66667,1.4,0,0,12,2.33333,20,20
141,1417008,8,8,0,0,1,15,14180,11,39,35,18,2,14,3.28571,1,1.66667,1.4,0,0,12,2.33333,20,20
141,1417009,14,11.33333,1,0,0,9,14180,12,37,45,25,2,14,3.28571,1,1.66667,1.4,0,0,12,2.33333,20,20
141,1417010,15,15,0,0,0,18,14180,24,45,46,20,2,14,3.28571,1,1.66667,1.4,0,0,12,2.33333,20,20
141,1417011,12.5,15.33333,0,0,0,17,14180,30,44,51,43,2,14,3.28571,1,1.66667,1.4,0,0,12,2.33333,20,20
141,1417012,11.5,12.33333,1,0,0,14,14180,17,34,33,18,2,14,3.28571,1,1.66667,1.4,0,0,12,2.33333,20,20
141,1417013,10.5,6.33333,1,0,1,14,14180,8,26,29,13,2,14,3.28571,1,1.66667,1.4,0,0,12,2.33333,20,20
141,1417014,12,13.33333,0,0,0,15,14180,25,34,48,15,2,14,3.28571,1,1.66667,1.4,0,0,12,2.33333,20,20
141,1417015,10.5,10,0,0,0,15,14180,12,40,41,37,2,14,3.28571,1,1.66667,1.4,0,0,12,2.33333,20,20
141,1417016,8.5,9.66667,1,0,1,13,14180,13,31,38,23,2,14,3.28571,1,1.66667,1.4,0,0,12,2.33333,20,20
141,1417018,12,11,0,0,0,16,14180,25,37,44,15,2,14,3.28571,1,1.66667,1.4,0,0,12,2.33333,20,20
141,1417019,12.5,10,1,0,1,14,14180,21,29,27,20,2,14,3.28571,1,1.66667,1.4,0,0,12,2.33333,20,20
141,1417020,13.5,16.33333,0,0,0,17,14180,28,41,53,17,2,14,3.28571,1,1.66667,1.4,0,0,12,2.33333,20,20
141,1417021,13.5,10.66667,1,0,0,10,14180,20,36,44,20,2,14,3.28571,1,1.66667,1.4,0,0,12,2.33333,20,20
142,1427001,12,12.33333,1,0,0,15,14280,28,38,42,40,2,16,3.42857,1,1.8,1.66667,0,0,16,2.33333,25,25
142,1427002,12,8.33333,1,0,0,10,14280,21,40,50,17,2,16,3.42857,1,1.8,1.66667,0,0,16,2.33333,25,25
142,1427003,13.5,13.33333,0,0,0,15,14280,24,43,48,43,2,16,3.42857,1,1.8,1.66667,0,0,16,2.33333,25,25
142,1427004,12.5,10.33333,1,0,0,11,14280,23,42,53,17,2,16,3.42857,1,1.8,1.66667,0,0,16,2.33333,25,25
142,1427005,12,10,0,0,0,12,14280,14,39,41,30,2,16,3.42857,1,1.8,1.66667,0,0,16,2.33333,25,25
142,1427006,14.5,6,1,0,1,14,14280,9,35,38,15,2,16,3.42857,1,1.8,1.66667,0,0,16,2.33333,25,25
142,1427007,10.5,6.33333,1,0,1,13,14280,13,40,41,15,2,16,3.42857,1,1.8,1.66667,0,0,16,2.33333,25,25
142,1427008,11,17.33333,0,0,0,18,14280,27,28,33,20,2,16,3.42857,1,1.8,1.66667,0,0,16,2.33333,25,25
142,1427009,13.5,13.66667,1,0,0,19,14280,27,46,54,33,2,16,3.42857,1,1.8,1.66667,0,0,16,2.33333,25,25
142,1427010,10.5,8.66667,0,0,1,14,14280,17,28,31,10,2,16,3.42857,1,1.8,1.66667,0,0,16,2.33333,25,25
142,1427011,14,12,1,0,0,17,14280,27,40,50,17,2,16,3.42857,1,1.8,1.66667,0,0,16,2.33333,25,25
142,1427012,11.5,12.66667,0,0,0,13,14280,23,33,40,17,2,16,3.42857,1,1.8,1.66667,0,0,16,2.33333,25,25
142,1427013,13.5,12.66667,0,0,0,17,14280,29,42,52,23,2,16,3.42857,1,1.8,1.66667,0,0,16,2.33333,25,25
142,1427015,10,9.33333,0,0,1,14,14280,19,31,46,20,2,16,3.42857,1,1.8,1.66667,0,0,16,2.33333,25,25
142,1427016,12,11,1,0,0,12,14280,24,36,46,20,2,16,3.42857,1,1.8,1.66667,0,0,16,2.33333,25,25
142,1427017,14.5,12.66667,0,0,0,16,14280,29,48,53,17,2,16,3.42857,1,1.8,1.66667,0,0,16,2.33333,25,25
142,1427018,10.5,13,1,0,0,14,14280,17,31,36,40,2,16,3.42857,1,1.8,1.66667,0,0,16,2.33333,25,25
142,1427019,13.5,7.66667,0,0,0,15,14280,25,40,46,20,2,16,3.42857,1,1.8,1.66667,0,0,16,2.33333,25,25
142,1427020,11.5,12,1,0,0,18,14280,27,34,55,13,2,16,3.42857,1,1.8,1.66667,0,0,16,2.33333,25,25
142,1427021,13,13,0,0,0,17,14280,30,40,51,17,2,16,3.42857,1,1.8,1.66667,0,0,16,2.33333,25,25
142,1427022,12.5,13.33333,1,0,1,18,14280,27,31,42,15,2,16,3.42857,1,1.8,1.66667,0,0,16,2.33333,25,25
142,1427023,10,10.66667,0,0,0,17,14280,25,42,45,13,2,16,3.42857,1,1.8,1.66667,0,0,16,2.33333,25,25
142,1427024,12.5,15,1,0,0,18,14280,27,39,45,10,2,16,3.42857,1,1.8,1.66667,0,0,16,2.33333,25,25
142,1427025,11,9,0,0,0,13,14280,29,34,52,50,2,16,3.42857,1,1.8,1.66667,0,0,16,2.33333,25,25
147,1477001,13,13.33333,0,0,0,19,14780,30,42,55,30,2,19,3.71429,1,2.1,2.16667,0,0,13,2.66667,22,22
147,1477002,11.5,7.66667,1,0,0,6,14780,14,31,37,25,2,19,3.71429,1,2.1,2.16667,0,0,13,2.66667,22,22
147,1477003,13.5,12.33333,0,0,0,15,14780,30,34,46,23,2,19,3.71429,1,2.1,2.16667,0,0,13,2.66667,22,22
147,1477004,12,13.66667,0,0,0,18,14780,26,31,51,33,2,19,3.71429,1,2.1,2.16667,0,0,13,2.66667,22,22
147,1477005,10,11,1,0,0,8,14780,24,28,46,17,2,19,3.71429,1,2.1,2.16667,0,0,13,2.66667,22,22
147,1477006,13.5,12.33333,1,0,0,9,14780,16,39,51,20,2,19,3.71429,1,2.1,2.16667,0,0,13,2.66667,22,22
147,1477007,13.5,10,0,0,0,17,14780,30,35,54,25,2,19,3.71429,1,2.1,2.16667,0,0,13,2.66667,22,22
147,1477008,12,15,0,0,0,19,14780,30,35,51,37,2,19,3.71429,1,2.1,2.16667,0,0,13,2.66667,22,22
147,1477009,12.5,10.33333,0,0,0,18,14780,28,34,53,25,2,19,3.71429,1,2.1,2.16667,0,0,13,2.66667,22,22
147,1477010,13,7,0,0,0,10,14780,27,39,46,20,2,19,3.71429,1,2.1,2.16667,0,0,13,2.66667,22,22
147,1477011,14,14.33333,1,0,0,14,14780,27,39,55,20,2,19,3.71429,1,2.1,2.16667,0,0,13,2.66667,22,22
147,1477012,12.5,9.33333,0,0,0,10,14780,26,31,51,25,2,19,3.71429,1,2.1,2.16667,0,0,13,2.66667,22,22
147,1477013,12.5,13.33333,1,0,0,17,14780,29,38,54,25,2,19,3.71429,1,2.1,2.16667,0,0,13,2.66667,22,22
147,1477014,15,10.33333,0,0,0,17,14780,29,37,55,18,2,19,3.71429,1,2.1,2.16667,0,0,13,2.66667,22,22
147,1477015,13.5,11,0,0,1,13,14780,27,35,37,20,2,19,3.71429,1,2.1,2.16667,0,0,13,2.66667,22,22
147,1477016,13,10,1,0,0,10,14780,23,36,51,23,2,19,3.71429,1,2.1,2.16667,0,0,13,2.66667,22,22
147,1477017,12,11.66667,1,0,0,13,14780,28,40,53,20,2,19,3.71429,1,2.1,2.16667,0,0,13,2.66667,22,22
147,1477018,15,13,0,0,0,15,14780,27,36,51,23,2,19,3.71429,1,2.1,2.16667,0,0,13,2.66667,22,22
147,1477019,12.5,13,0,0,0,18,14780,27,27,43,23,2,19,3.71429,1,2.1,2.16667,0,0,13,2.66667,22,22
147,1477020,12,14.33333,0,0,0,19,14780,30,36,48,20,2,19,3.71429,1,2.1,2.16667,0,0,13,2.66667,22,22
147,1477021,11.5,6.66667,0,0,0,11,14780,25,29,47,25,2,19,3.71429,1,2.1,2.16667,0,0,13,2.66667,22,22
147,1477022,10.5,9,0,0,0,13,14780,29,33,46,20,2,19,3.71429,1,2.1,2.16667,0,0,13,2.66667,22,22
148,1487001,12.5,14,1,0,0,14,14880,26,42,51,25,2,28,3.71429,0,1.8,1.66667,0,0,11,2.66667,32,32
148,1487002,13,12,0,0,0,19,14880,28,38,47,23,2,28,3.71429,0,1.8,1.66667,0,0,11,2.66667,32,32
148,1487003,11,12.33333,1,0,1,12,14880,23,37,46,43,2,28,3.71429,0,1.8,1.66667,0,0,11,2.66667,32,32
148,1487004,11,9.66667,1,0,0,15,14880,25,28,45,20,2,28,3.71429,0,1.8,1.66667,0,0,11,2.66667,32,32
148,1487005,11.5,13.66667,0,0,0,11,14880,21,34,38,10,2,28,3.71429,0,1.8,1.66667,0,0,11,2.66667,32,32
148,1487006,13,13,1,0,0,16,14880,18,35,41,20,2,28,3.71429,0,1.8,1.66667,0,0,11,2.66667,32,32
148,1487007,12,13.33333,1,0,0,12,14880,25,31,43,23,2,28,3.71429,0,1.8,1.66667,0,0,11,2.66667,32,32
148,1487008,13.5,14.66667,0,0,0,17,14880,28,40,44,25,2,28,3.71429,0,1.8,1.66667,0,0,11,2.66667,32,32
148,1487009,12.5,12,1,0,0,10,14880,18,32,42,23,2,28,3.71429,0,1.8,1.66667,0,0,11,2.66667,32,32
148,1487010,17,15.33333,0,0,0,17,14880,24,39,51,28,2,28,3.71429,0,1.8,1.66667,0,0,11,2.66667,32,32
148,1487011,11.5,10,1,0,0,10,14880,27,31,40,23,2,28,3.71429,0,1.8,1.66667,0,0,11,2.66667,32,32
148,1487012,17,15.66667,1,0,0,18,14880,30,44,54,20,2,28,3.71429,0,1.8,1.66667,0,0,11,2.66667,32,32
148,1487013,11.5,11.33333,0,0,0,14,14880,21,34,50,28,2,28,3.71429,0,1.8,1.66667,0,0,11,2.66667,32,32
148,1487015,14,16,1,0,0,15,14880,28,41,55,48,2,28,3.71429,0,1.8,1.66667,0,0,11,2.66667,32,32
148,1487016,13.5,11.33333,1,0,0,17,14880,26,36,47,35,2,28,3.71429,0,1.8,1.66667,0,0,11,2.66667,32,32
148,1487019,12.5,12.33333,1,0,0,15,14880,21,33,44,28,2,28,3.71429,0,1.8,1.66667,0,0,11,2.66667,32,32
148,1487020,13,9,0,0,0,12,14880,26,38,42,38,2,28,3.71429,0,1.8,1.66667,0,0,11,2.66667,32,32
148,1487021,16.5,15,1,0,0,17,14880,29,43,56,48,2,28,3.71429,0,1.8,1.66667,0,0,11,2.66667,32,32
148,1487022,12,13.66667,0,0,1,15,14880,15,36,33,28,2,28,3.71429,0,1.8,1.66667,0,0,11,2.66667,32,32
148,1487023,13,13.66667,0,0,1,15,14880,26,40,46,20,2,28,3.71429,0,1.8,1.66667,0,0,11,2.66667,32,32
148,1487024,12.5,13,0,0,0,18,14880,22,37,48,15,2,28,3.71429,0,1.8,1.66667,0,0,11,2.66667,32,32
148,1487025,12.5,12.33333,1,0,0,12,14880,21,39,32,50,2,28,3.71429,0,1.8,1.66667,0,0,11,2.66667,32,32
148,1487026,15,12.66667,1,0,0,14,14880,26,35,43,33,2,28,3.71429,0,1.8,1.66667,0,0,11,2.66667,32,32
148,1487027,11.5,14.33333,1,0,0,15,14880,23,45,45,30,2,28,3.71429,0,1.8,1.66667,0,0,11,2.66667,32,32
148,1487028,14.5,12,1,0,0,9,14880,27,35,45,50,2,28,3.71429,0,1.8,1.66667,0,0,11,2.66667,32,32
148,1487029,13.5,14.33333,0,0,0,17,14880,24,44,53,33,2,28,3.71429,0,1.8,1.66667,0,0,11,2.66667,32,32
148,1487030,14.5,12.33333,1,0,0,16,14880,26,41,50,35,2,28,3.71429,0,1.8,1.66667,0,0,11,2.66667,32,32
148,1487031,12,14,1,0,0,11,14880,25,42,48,33,2,28,3.71429,0,1.8,1.66667,0,0,11,2.66667,32,32
148,1487032,13,12.33333,1,0,0,10,14880,20,31,37,23,2,28,3.71429,0,1.8,1.66667,0,0,11,2.66667,32,32
149,1497001,15,10,1,0,0,16,14980,28,42,51,45,2,21,3.57143,1,2.7,3,0,0,14,3,23,23
149,1497002,11,13.33333,0,0,0,12,14980,24,29,40,35,2,21,3.57143,1,2.7,3,0,0,14,3,23,23
149,1497003,12,11.33333,0,0,0,7,14980,19,39,44,33,2,21,3.57143,1,2.7,3,0,0,14,3,23,23
149,1497004,11.5,11,0,0,0,11,14980,19,23,38,43,2,21,3.57143,1,2.7,3,0,0,14,3,23,23
149,1497005,9,7.33333,1,0,0,9,14980,18,33,35,33,2,21,3.57143,1,2.7,3,0,0,14,3,23,23
149,1497006,9.5,12.33333,0,0,1,5,14980,9,26,23,37,2,21,3.57143,1,2.7,3,0,0,14,3,23,23
149,1497007,11.5,8.33333,0,0,0,11,14980,22,32,46,33,2,21,3.57143,1,2.7,3,0,0,14,3,23,23
149,1497008,10.5,8,0,0,0,7,14980,15,25,38,43,2,21,3.57143,1,2.7,3,0,0,14,3,23,23
149,1497009,9.5,9,1,0,0,9,14980,17,35,52,47,2,21,3.57143,1,2.7,3,0,0,14,3,23,23
149,1497010,12,11,0,0,1,10,14980,22,37,45,40,2,21,3.57143,1,2.7,3,0,0,14,3,23,23
149,1497011,9,11.66667,1,0,0,13,14980,15,31,34,20,2,21,3.57143,1,2.7,3,0,0,14,3,23,23
149,1497012,13.5,14.33333,1,0,0,14,14980,26,42,46,45,2,21,3.57143,1,2.7,3,0,0,14,3,23,23
149,1497013,12,9.33333,0,0,1,8,14980,25,30,41,23,2,21,3.57143,1,2.7,3,0,0,14,3,23,23
149,1497014,12.5,12.33333,1,0,0,12,14980,23,29,40,33,2,21,3.57143,1,2.7,3,0,0,14,3,23,23
149,1497015,15,11.66667,1,0,0,16,14980,30,41,51,43,2,21,3.57143,1,2.7,3,0,0,14,3,23,23
149,1497016,11.5,10.33333,0,0,0,11,14980,19,37,31,20,2,21,3.57143,1,2.7,3,0,0,14,3,23,23
149,1497017,12,14,0,0,0,16,14980,29,38,47,30,2,21,3.57143,1,2.7,3,0,0,14,3,23,23
149,1497018,14,12.66667,0,0,0,14,14980,23,39,44,47,2,21,3.57143,1,2.7,3,0,0,14,3,23,23
149,1497019,13.5,13.66667,0,0,0,17,14980,25,35,47,40,2,21,3.57143,1,2.7,3,0,0,14,3,23,23
149,1497020,13.5,15.33333,1,0,0,8,14980,27,35,48,20,2,21,3.57143,1,2.7,3,0,0,14,3,23,23
149,1497021,13,11.66667,0,0,0,6,14980,25,37,48,45,2,21,3.57143,1,2.7,3,0,0,14,3,23,23
150,1507001,11.5,12.66667,0,0,0,14,15080,23,25,30,20,1,24,3.28571,1,2.4,2.5,0,10,26,3,30,30
150,1507002,12,9,1,0,0,9,15080,20,31,40,50,1,24,3.28571,1,2.4,2.5,0,10,26,3,30,30
150,1507004,12,11.66667,0,0,0,15,15080,26,37,50,20,1,24,3.28571,1,2.4,2.5,0,10,26,3,30,30
150,1507005,12.5,13.66667,1,0,0,17,15080,27,40,54,40,1,24,3.28571,1,2.4,2.5,0,10,26,3,30,30
150,1507006,9,8.33333,1,0,0,14,15080,19,26,37,30,1,24,3.28571,1,2.4,2.5,0,10,26,3,30,30
150,1507007,13.5,12.33333,0,0,0,13,15080,29,37,40,40,1,24,3.28571,1,2.4,2.5,0,10,26,3,30,30
150,1507008,11,11.33333,1,0,0,8,15080,14,26,34,40,1,24,3.28571,1,2.4,2.5,0,10,26,3,30,30
150,1507009,11.5,13.33333,0,0,0,17,15080,27,28,47,40,1,24,3.28571,1,2.4,2.5,0,10,26,3,30,30
150,1507010,9.5,12,0,0,1,11,15080,19,26,33,40,1,24,3.28571,1,2.4,2.5,0,10,26,3,30,30
150,1507011,12,7,1,0,1,13,15080,23,35,43,10,1,24,3.28571,1,2.4,2.5,0,10,26,3,30,30
150,1507012,12.5,15,1,0,0,19,15080,27,39,53,40,1,24,3.28571,1,2.4,2.5,0,10,26,3,30,30
150,1507013,10,12.66667,0,0,0,12,15080,20,29,36,20,1,24,3.28571,1,2.4,2.5,0,10,26,3,30,30
150,1507014,12.5,11,1,0,0,16,15080,27,37,49,30,1,24,3.28571,1,2.4,2.5,0,10,26,3,30,30
150,1507015,13,12.33333,1,0,0,16,15080,27,33,54,50,1,24,3.28571,1,2.4,2.5,0,10,26,3,30,30
150,1507016,12,8.33333,1,0,0,10,15080,21,34,45,40,1,24,3.28571,1,2.4,2.5,0,10,26,3,30,30
150,1507017,13.5,12.33333,1,0,0,12,15080,20,36,41,50,1,24,3.28571,1,2.4,2.5,0,10,26,3,30,30
150,1507018,10.5,9.66667,1,0,1,4,15080,8,30,35,20,1,24,3.28571,1,2.4,2.5,0,10,26,3,30,30
150,1507019,10.5,10.33333,0,0,0,13,15080,24,32,34,40,1,24,3.28571,1,2.4,2.5,0,10,26,3,30,30
150,1507020,10.5,10,0,0,0,6,15080,21,23,30,40,1,24,3.28571,1,2.4,2.5,0,10,26,3,30,30
150,1507021,12.5,11.33333,1,0,0,11,15080,23,36,41,50,1,24,3.28571,1,2.4,2.5,0,10,26,3,30,30
150,1507024,9.5,8.33333,1,0,0,13,15080,5,29,37,30,1,24,3.28571,1,2.4,2.5,0,10,26,3,30,30
150,1507025,12.5,10.33333,1,0,0,12,15080,26,28,46,30,1,24,3.28571,1,2.4,2.5,0,10,26,3,30,30
150,1507026,11.5,9.33333,0,0,0,15,15080,24,30,43,30,1,24,3.28571,1,2.4,2.5,0,10,26,3,30,30
150,1507027,12,12,0,0,0,12,15080,13,20,30,20,1,24,3.28571,1,2.4,2.5,0,10,26,3,30,30
150,1507028,11.5,11.33333,0,0,1,9,15080,15,24,39,10,1,24,3.28571,1,2.4,2.5,0,10,26,3,30,30
151,1517002,11,12,1,0,1,12,15180,23,28,40,20,2,22,3.14286,1,1.8,1.83333,0,0,12,2.33333,24,24
151,1517003,10,11.33333,0,0,0,10,15180,19,28,25,20,2,22,3.14286,1,1.8,1.83333,0,0,12,2.33333,24,24
151,1517004,11,10.66667,1,0,0,8,15180,21,33,38,30,2,22,3.14286,1,1.8,1.83333,0,0,12,2.33333,24,24
151,1517005,10,12,0,0,0,7,15180,15,29,34,20,2,22,3.14286,1,1.8,1.83333,0,0,12,2.33333,24,24
151,1517006,12.5,13,0,0,0,13,15180,27,22,37,20,2,22,3.14286,1,1.8,1.83333,0,0,12,2.33333,24,24
151,1517007,7,9.33333,1,0,0,12,15180,14,16,33,20,2,22,3.14286,1,1.8,1.83333,0,0,12,2.33333,24,24
151,1517008,10,14,0,0,0,7,15180,26,29,39,20,2,22,3.14286,1,1.8,1.83333,0,0,12,2.33333,24,24
151,1517010,11.5,14.33333,1,0,0,12,15180,19,36,34,20,2,22,3.14286,1,1.8,1.83333,0,0,12,2.33333,24,24
151,1517011,12,13,0,0,0,11,15180,27,41,49,47,2,22,3.14286,1,1.8,1.83333,0,0,12,2.33333,24,24
151,1517012,13,13.33333,1,0,0,15,15180,20,37,46,23,2,22,3.14286,1,1.8,1.83333,0,0,12,2.33333,24,24
151,1517013,9.5,7.33333,0,0,0,8,15180,17,28,37,47,2,22,3.14286,1,1.8,1.83333,0,0,12,2.33333,24,24
151,1517014,8.5,10.66667,0,0,0,14,15180,18,32,37,33,2,22,3.14286,1,1.8,1.83333,0,0,12,2.33333,24,24
151,1517015,12.5,9.66667,1,0,0,9,15180,16,33,43,20,2,22,3.14286,1,1.8,1.83333,0,0,12,2.33333,24,24
151,1517016,12,9.33333,1,0,0,8,15180,25,23,47,20,2,22,3.14286,1,1.8,1.83333,0,0,12,2.33333,24,24
151,1517017,10.5,12.33333,0,0,0,10,15180,23,27,38,47,2,22,3.14286,1,1.8,1.83333,0,0,12,2.33333,24,24
151,1517018,10,7.66667,0,0,1,7,15180,7,14,28,17,2,22,3.14286,1,1.8,1.83333,0,0,12,2.33333,24,24
151,1517019,11.5,7.66667,1,0,0,8,15180,6,34,42,23,2,22,3.14286,1,1.8,1.83333,0,0,12,2.33333,24,24
151,1517020,10.5,12,1,0,0,11,15180,11,33,43,23,2,22,3.14286,1,1.8,1.83333,0,0,12,2.33333,24,24
151,1517021,7.5,5.66667,1,0,0,8,15180,14,31,34,20,2,22,3.14286,1,1.8,1.83333,0,0,12,2.33333,24,24
151,1517022,10,8,1,0,0,10,15180,9,29,31,20,2,22,3.14286,1,1.8,1.83333,0,0,12,2.33333,24,24
151,1517023,16,14.33333,0,0,0,20,15180,29,43,51,40,2,22,3.14286,1,1.8,1.83333,0,0,12,2.33333,24,24
151,1517024,12,11.66667,0,0,0,12,15180,23,31,38,23,2,22,3.14286,1,1.8,1.83333,0,0,12,2.33333,24,24
151,1517025,7.5,7.66667,1,0,1,8,15180,13,28,34,20,2,22,3.14286,1,1.8,1.83333,0,0,12,2.33333,24,24
152,1527001,13.5,9.33333,1,0,0,14,15280,25,33,49,30,2,28,3,1,1.5,1.66667,0,0,13,3.66667,17,17
152,1527002,15,12.66667,1,0,0,16,15280,28,38,52,50,2,28,3,1,1.5,1.66667,0,0,13,3.66667,17,17
152,1527003,11,10.66667,0,0,0,15,15280,26,33,46,40,2,28,3,1,1.5,1.66667,0,0,13,3.66667,17,17
152,1527004,12,12.66667,1,0,0,10,15280,23,30,40,30,2,28,3,1,1.5,1.66667,0,0,13,3.66667,17,17
152,1527005,14.5,13.66667,1,0,0,12,15280,27,41,49,37,2,28,3,1,1.5,1.66667,0,0,13,3.66667,17,17
152,1527006,11.5,10.33333,0,0,0,14,15280,24,35,40,47,2,28,3,1,1.5,1.66667,0,0,13,3.66667,17,17
152,1527007,12,9.33333,0,0,1,9,15280,27,36,49,43,2,28,3,1,1.5,1.66667,0,0,13,3.66667,17,17
152,1527008,11.5,12.33333,1,0,0,15,15280,27,38,54,40,2,28,3,1,1.5,1.66667,0,0,13,3.66667,17,17
152,1527009,13,15.33333,1,0,0,15,15280,28,41,51,30,2,28,3,1,1.5,1.66667,0,0,13,3.66667,17,17
152,1527010,13.5,14,1,0,0,19,15280,29,40,56,43,2,28,3,1,1.5,1.66667,0,0,13,3.66667,17,17
152,1527011,12.5,12.33333,1,0,0,15,15280,29,38,54,47,2,28,3,1,1.5,1.66667,0,0,13,3.66667,17,17
152,1527012,12.5,12.33333,1,0,0,11,15280,28,33,52,47,2,28,3,1,1.5,1.66667,0,0,13,3.66667,17,17
152,1527013,12,8,0,0,0,11,15280,15,23,39,30,2,28,3,1,1.5,1.66667,0,0,13,3.66667,17,17
152,1527014,10,12.33333,1,0,0,15,15280,27,29,47,43,2,28,3,1,1.5,1.66667,0,0,13,3.66667,17,17
152,1527015,11.5,12.33333,0,0,0,8,15280,18,38,38,47,2,28,3,1,1.5,1.66667,0,0,13,3.66667,17,17
152,1527016,12,12.33333,1,0,0,13,15280,27,42,52,37,2,28,3,1,1.5,1.66667,0,0,13,3.66667,17,17
152,1527017,12.5,12.33333,0,0,0,13,15280,29,32,48,43,2,28,3,1,1.5,1.66667,0,0,13,3.66667,17,17
155,1557001,10,10.66667,0,0,0,9,15580,11,28,34,30,2,21,3.71429,1,2.5,2.16667,0,0,16,2.66667,34,34
155,1557002,11,12,0,0,1,8,15580,17,38,39,33,2,21,3.71429,1,2.5,2.16667,0,0,16,2.66667,34,34
155,1557003,9,13,0,0,0,5,15580,16,26,40,40,2,21,3.71429,1,2.5,2.16667,0,0,16,2.66667,34,34
155,1557004,13,9.66667,1,0,0,14,15580,22,39,51,40,2,21,3.71429,1,2.5,2.16667,0,0,16,2.66667,34,34
155,1557005,13,9,1,0,0,12,15580,21,42,54,40,2,21,3.71429,1,2.5,2.16667,0,0,16,2.66667,34,34
155,1557006,13.5,14.66667,0,0,0,10,15580,27,37,51,30,2,21,3.71429,1,2.5,2.16667,0,0,16,2.66667,34,34
155,1557007,13,9.66667,0,0,0,15,15580,24,38,51,25,2,21,3.71429,1,2.5,2.16667,0,0,16,2.66667,34,34
155,1557008,13.5,15,0,0,0,15,15580,27,44,54,30,2,21,3.71429,1,2.5,2.16667,0,0,16,2.66667,34,34
155,1557009,10,12.66667,1,0,0,8,15580,24,37,49,27,2,21,3.71429,1,2.5,2.16667,0,0,16,2.66667,34,34
155,1557010,12,13.66667,1,0,0,12,15580,21,33,42,35,2,21,3.71429,1,2.5,2.16667,0,0,16,2.66667,34,34
155,1557011,15,14.66667,1,0,0,13,15580,25,44,55,40,2,21,3.71429,1,2.5,2.16667,0,0,16,2.66667,34,34
155,1557012,10.5,12,1,0,1,9,15580,17,30,42,23,2,21,3.71429,1,2.5,2.16667,0,0,16,2.66667,34,34
155,1557013,12,10.33333,1,0,0,15,15580,27,34,54,33,2,21,3.71429,1,2.5,2.16667,0,0,16,2.66667,34,34
155,1557014,8,7.33333,0,0,0,7,15580,22,12,29,17,2,21,3.71429,1,2.5,2.16667,0,0,16,2.66667,34,34
155,1557015,12.5,11.66667,1,0,0,11,15580,23,35,35,50,2,21,3.71429,1,2.5,2.16667,0,0,16,2.66667,34,34
155,1557016,14,10.33333,1,0,0,12,15580,25,34,50,50,2,21,3.71429,1,2.5,2.16667,0,0,16,2.66667,34,34
155,1557017,12,13.33333,0,0,0,11,15580,26,31,37,30,2,21,3.71429,1,2.5,2.16667,0,0,16,2.66667,34,34
155,1557018,11.5,13,0,0,0,6,15580,22,26,40,33,2,21,3.71429,1,2.5,2.16667,0,0,16,2.66667,34,34
155,1557019,11,11.66667,1,0,0,14,15580,19,40,52,30,2,21,3.71429,1,2.5,2.16667,0,0,16,2.66667,34,34
155,1557020,14,12.33333,1,0,0,18,15580,28,39,52,37,2,21,3.71429,1,2.5,2.16667,0,0,16,2.66667,34,34
155,1557021,12,13.33333,1,0,0,10,15580,19,32,41,33,2,21,3.71429,1,2.5,2.16667,0,0,16,2.66667,34,34
155,1557022,15,15,0,0,0,16,15580,30,44,51,23,2,21,3.71429,1,2.5,2.16667,0,0,16,2.66667,34,34
155,1557023,11.5,12.33333,0,0,0,12,15580,20,32,45,43,2,21,3.71429,1,2.5,2.16667,0,0,16,2.66667,34,34
155,1557025,12,11.33333,0,0,0,5,15580,7,31,40,37,2,21,3.71429,1,2.5,2.16667,0,0,16,2.66667,34,34
155,1557026,11,12,1,0,1,11,15580,11,29,34,30,2,21,3.71429,1,2.5,2.16667,0,0,16,2.66667,34,34
155,1557027,12.5,11.33333,1,0,0,11,15580,18,29,38,40,2,21,3.71429,1,2.5,2.16667,0,0,16,2.66667,34,34
155,1557028,10.5,9,1,0,0,12,15580,23,38,47,20,2,21,3.71429,1,2.5,2.16667,0,0,16,2.66667,34,34
155,1557029,11,9.66667,0,0,0,16,15580,25,26,34,20,2,21,3.71429,1,2.5,2.16667,0,0,16,2.66667,34,34
155,1557030,9,9.33333,1,0,1,8,15580,21,23,23,23,2,21,3.71429,1,2.5,2.16667,0,0,16,2.66667,34,34
155,1557031,8.5,12,0,0,0,15,15580,24,39,34,40,2,21,3.71429,1,2.5,2.16667,0,0,16,2.66667,34,34
155,1557033,12.5,14,0,0,0,13,15580,21,40,51,40,2,21,3.71429,1,2.5,2.16667,0,0,16,2.66667,34,34
155,1557034,10.5,14,0,0,0,14,15580,27,30,47,37,2,21,3.71429,1,2.5,2.16667,0,0,16,2.66667,34,34
155,1557035,13,13.33333,1,0,0,15,15580,27,34,50,30,2,21,3.71429,1,2.5,2.16667,0,0,16,2.66667,34,34
156,1567001,14,10.33333,1,0,0,15,15680,19,44,47,23,1,15,3.57143,1,2.1,2.16667,1,10,20,2.33333,39,16
156,1567002,11,12.33333,0,0,0,12,15680,24,33,38,48,1,15,3.57143,1,2.1,2.16667,1,10,20,2.33333,39,16
156,1567003,11.5,15,0,0,0,12,15680,23,34,49,30,1,15,3.57143,1,2.1,2.16667,1,10,20,2.33333,39,16
156,1567004,10,12.66667,0,0,0,15,15680,16,27,29,28,1,15,3.57143,1,2.1,2.16667,1,10,20,2.33333,39,16
156,1567005,11.5,12.66667,0,0,0,5,15680,16,40,38,28,1,15,3.57143,1,2.1,2.16667,1,10,20,2.33333,39,16
156,1567006,14,15.66667,0,0,0,17,15680,26,42,48,23,1,15,3.57143,1,2.1,2.16667,1,10,20,2.33333,39,16
156,1567007,12,13,0,0,0,15,15680,21,31,25,20,1,15,3.57143,1,2.1,2.16667,1,10,20,2.33333,39,16
156,1567008,7,10,1,0,0,11,15680,17,25,31,10,1,15,3.57143,1,2.1,2.16667,1,10,20,2.33333,39,16
156,1567009,12.5,12.33333,0,0,1,9,15680,11,30,45,18,1,15,3.57143,1,2.1,2.16667,1,10,20,2.33333,39,16
156,1567010,8,10.33333,0,0,1,8,15680,11,23,31,10,1,15,3.57143,1,2.1,2.16667,1,10,20,2.33333,39,16
156,1567011,12,8.33333,0,0,0,6,15680,9,26,40,10,1,15,3.57143,1,2.1,2.16667,1,10,20,2.33333,39,16
156,1567012,13.5,15,0,0,0,18,15680,29,38,47,20,1,15,3.57143,1,2.1,2.16667,1,10,20,2.33333,39,16
159,1597001,12,13.33333,1,0,0,13,15980,27,39,49,25,2,23,3.57143,1,1.8,1.5,0,3,18,2,33,33
159,1597002,13,11,0,0,0,15,15980,27,38,50,30,2,23,3.57143,1,1.8,1.5,0,3,18,2,33,33
159,1597003,11,12.66667,0,0,1,20,15980,30,32,48,37,2,23,3.57143,1,1.8,1.5,0,3,18,2,33,33
159,1597004,12.5,12.66667,0,0,0,13,15980,23,37,41,20,2,23,3.57143,1,1.8,1.5,0,3,18,2,33,33
159,1597005,10,11.33333,0,0,0,11,15980,24,36,42,35,2,23,3.57143,1,1.8,1.5,0,3,18,2,33,33
159,1597006,12.5,10.66667,1,0,0,18,15980,27,39,54,38,2,23,3.57143,1,1.8,1.5,0,3,18,2,33,33
159,1597007,12,14.33333,1,0,0,15,15980,27,42,42,35,2,23,3.57143,1,1.8,1.5,0,3,18,2,33,33
159,1597008,9.5,9.66667,1,0,1,12,15980,20,27,32,23,2,23,3.57143,1,1.8,1.5,0,3,18,2,33,33
159,1597009,16.5,10.66667,0,0,0,18,15980,27,41,51,20,2,23,3.57143,1,1.8,1.5,0,3,18,2,33,33
159,1597010,10.5,12.33333,0,0,1,13,15980,20,14,34,20,2,23,3.57143,1,1.8,1.5,0,3,18,2,33,33
159,1597011,14,13.66667,0,0,0,11,15980,24,37,38,20,2,23,3.57143,1,1.8,1.5,0,3,18,2,33,33
159,1597012,11,11.66667,0,0,0,12,15980,17,33,32,33,2,23,3.57143,1,1.8,1.5,0,3,18,2,33,33
159,1597013,10.5,13,0,0,1,14,15980,20,31,21,30,2,23,3.57143,1,1.8,1.5,0,3,18,2,33,33
159,1597014,11.5,9.33333,1,0,0,11,15980,21,38,46,23,2,23,3.57143,1,1.8,1.5,0,3,18,2,33,33
159,1597015,12,15,0,1,0,13,15980,21,36,44,10,2,23,3.57143,1,1.8,1.5,0,3,18,2,33,33
159,1597017,11.5,14.66667,1,0,0,16,15980,21,34,43,23,2,23,3.57143,1,1.8,1.5,0,3,18,2,33,33
159,1597018,10,12.66667,1,0,0,14,15980,27,38,46,23,2,23,3.57143,1,1.8,1.5,0,3,18,2,33,33
159,1597019,14,12.66667,1,0,0,16,15980,28,47,57,40,2,23,3.57143,1,1.8,1.5,0,3,18,2,33,33
159,1597020,12,10.66667,1,0,0,17,15980,24,43,44,40,2,23,3.57143,1,1.8,1.5,0,3,18,2,33,33
159,1597021,11,11.33333,0,0,0,13,15980,29,38,50,45,2,23,3.57143,1,1.8,1.5,0,3,18,2,33,33
159,1597022,14,10.66667,0,0,0,12,15980,19,39,43,25,2,23,3.57143,1,1.8,1.5,0,3,18,2,33,33
159,1597024,12.5,10.33333,0,0,0,11,15980,19,36,39,20,2,23,3.57143,1,1.8,1.5,0,3,18,2,33,33
159,1597025,13.5,13.33333,1,0,0,14,15980,26,42,52,30,2,23,3.57143,1,1.8,1.5,0,3,18,2,33,33
159,1597026,13,10,1,0,0,14,15980,15,34,38,30,2,23,3.57143,1,1.8,1.5,0,3,18,2,33,33
159,1597027,12.5,16.66667,1,0,0,17,15980,27,44,51,23,2,23,3.57143,1,1.8,1.5,0,3,18,2,33,33
159,1597028,12.5,7.66667,1,0,0,9,15980,10,31,43,20,2,23,3.57143,1,1.8,1.5,0,3,18,2,33,33
159,1597029,11,8.66667,1,0,0,9,15980,9,32,40,20,2,23,3.57143,1,1.8,1.5,0,3,18,2,33,33
159,1597030,11.5,10.66667,0,0,0,13,15980,17,33,42,20,2,23,3.57143,1,1.8,1.5,0,3,18,2,33,33
159,1597031,11,15.33333,0,0,0,16,15980,25,32,38,30,2,23,3.57143,1,1.8,1.5,0,3,18,2,33,33
159,1597033,15,13.33333,1,0,0,16,15980,28,44,54,33,2,23,3.57143,1,1.8,1.5,0,3,18,2,33,33
159,1597034,17.5,15,0,0,0,15,15980,29,45,51,20,2,23,3.57143,1,1.8,1.5,0,3,18,2,33,33
160,1607001,14.5,10.33333,1,0,0,14,16080,27,39,50,50,1,18,3.28571,1,2,2,0,27,25,2.33333,26,26
160,1607003,12.5,10.33333,0,0,0,4,16080,24,31,45,45,1,18,3.28571,1,2,2,0,27,25,2.33333,26,26
160,1607004,12.5,7.33333,1,1,1,6,16080,17,28,43,10,1,18,3.28571,1,2,2,0,27,25,2.33333,26,26
160,1607005,12,13.66667,1,0,0,14,16080,30,44,51,20,1,18,3.28571,1,2,2,0,27,25,2.33333,26,26
160,1607006,9.5,11.66667,1,1,0,8,16080,27,34,44,10,1,18,3.28571,1,2,2,0,27,25,2.33333,26,26
160,1607007,5,9.33333,0,1,1,8,16080,10,25,23,10,1,18,3.28571,1,2,2,0,27,25,2.33333,26,26
160,1607008,12,10,0,0,0,9,16080,22,29,40,45,1,18,3.28571,1,2,2,0,27,25,2.33333,26,26
160,1607009,8,7.33333,1,1,1,9,16080,13,36,34,10,1,18,3.28571,1,2,2,0,27,25,2.33333,26,26
160,1607010,7.5,9,1,1,0,11,16080,12,17,20,10,1,18,3.28571,1,2,2,0,27,25,2.33333,26,26
160,1607012,12,8.33333,0,0,0,9,16080,18,34,44,50,1,18,3.28571,1,2,2,0,27,25,2.33333,26,26
160,1607013,15,13,1,0,0,13,16080,29,44,52,35,1,18,3.28571,1,2,2,0,27,25,2.33333,26,26
160,1607014,12,9.66667,1,0,0,7,16080,14,30,40,35,1,18,3.28571,1,2,2,0,27,25,2.33333,26,26
160,1607015,9.5,10.66667,1,1,1,11,16080,14,39,33,10,1,18,3.28571,1,2,2,0,27,25,2.33333,26,26
160,1607016,12,8.66667,1,0,0,10,16080,19,36,47,50,1,18,3.28571,1,2,2,0,27,25,2.33333,26,26
160,1607017,13,11.33333,1,0,0,12,16080,23,38,52,40,1,18,3.28571,1,2,2,0,27,25,2.33333,26,26
160,1607019,17.5,10.66667,0,0,0,7,16080,20,44,50,40,1,18,3.28571,1,2,2,0,27,25,2.33333,26,26
160,1607021,9.5,10.66667,1,0,0,11,16080,18,31,30,50,1,18,3.28571,1,2,2,0,27,25,2.33333,26,26
160,1607022,12.5,9,0,0,1,10,16080,24,37,50,25,1,18,3.28571,1,2,2,0,27,25,2.33333,26,26
160,1607023,12.5,9.33333,0,0,0,13,16080,23,40,44,35,1,18,3.28571,1,2,2,0,27,25,2.33333,26,26
160,1607024,13.5,13.33333,0,0,0,12,16080,29,47,52,37,1,18,3.28571,1,2,2,0,27,25,2.33333,26,26
160,1607025,11.5,14,0,0,0,9,16080,25,36,53,40,1,18,3.28571,1,2,2,0,27,25,2.33333,26,26
160,1607026,12,15,1,0,0,11,16080,26,26,42,35,1,18,3.28571,1,2,2,0,27,25,2.33333,26,26
160,1607027,14.5,13,1,0,0,16,16080,27,41,54,50,1,18,3.28571,1,2,2,0,27,25,2.33333,26,26
161,1617001,11,10.33333,1,0,0,12,16180,22,34,51,20,1,25,3.71429,1,3,3,0,6,17,2.66667,36,36
161,1617002,8,10,0,0,0,9,16180,22,38,45,20,1,25,3.71429,1,3,3,0,6,17,2.66667,36,36
161,1617003,15,16,0,0,0,15,16180,27,44,52,47,1,25,3.71429,1,3,3,0,6,17,2.66667,36,36
161,1617004,13.5,10.66667,1,0,0,16,16180,24,43,51,37,1,25,3.71429,1,3,3,0,6,17,2.66667,36,36
161,1617005,14,11.33333,1,1,0,12,16180,23,39,50,20,1,25,3.71429,1,3,3,0,6,17,2.66667,36,36
161,1617006,11.5,10,0,0,0,10,16180,19,32,44,48,1,25,3.71429,1,3,3,0,6,17,2.66667,36,36
161,1617007,10.5,12.33333,0,0,1,10,16180,25,27,28,20,1,25,3.71429,1,3,3,0,6,17,2.66667,36,36
161,1617008,11.5,10,0,0,0,10,16180,19,25,43,17,1,25,3.71429,1,3,3,0,6,17,2.66667,36,36
161,1617009,11.5,8.66667,1,0,0,15,16180,22,43,50,27,1,25,3.71429,1,3,3,0,6,17,2.66667,36,36
161,1617010,13.5,11,1,1,0,14,16180,15,30,41,18,1,25,3.71429,1,3,3,0,6,17,2.66667,36,36
161,1617011,13.5,17.33333,0,0,0,16,16180,28,42,51,37,1,25,3.71429,1,3,3,0,6,17,2.66667,36,36
161,1617013,11,11.66667,1,0,0,10,16180,28,35,53,17,1,25,3.71429,1,3,3,0,6,17,2.66667,36,36
161,1617014,11.5,11.66667,1,0,1,15,16180,20,34,35,38,1,25,3.71429,1,3,3,0,6,17,2.66667,36,36
161,1617015,12,12.66667,1,0,0,12,16180,25,39,50,37,1,25,3.71429,1,3,3,0,6,17,2.66667,36,36
161,1617016,13,11,0,0,1,11,16180,21,42,41,37,1,25,3.71429,1,3,3,0,6,17,2.66667,36,36
161,1617017,12,10.66667,1,0,0,17,16180,27,44,55,40,1,25,3.71429,1,3,3,0,6,17,2.66667,36,36
161,1617018,10.5,13,0,0,1,10,16180,20,28,37,40,1,25,3.71429,1,3,3,0,6,17,2.66667,36,36
161,1617019,13,13.33333,0,0,0,9,16180,20,36,44,30,1,25,3.71429,1,3,3,0,6,17,2.66667,36,36
161,1617020,12.5,10.33333,1,0,0,12,16180,23,42,52,43,1,25,3.71429,1,3,3,0,6,17,2.66667,36,36
161,1617021,15,15.33333,0,0,0,15,16180,28,40,49,43,1,25,3.71429,1,3,3,0,6,17,2.66667,36,36
161,1617022,13.5,10,1,0,1,13,16180,17,44,48,23,1,25,3.71429,1,3,3,0,6,17,2.66667,36,36
161,1617023,12.5,11.33333,0,0,0,16,16180,27,37,52,50,1,25,3.71429,1,3,3,0,6,17,2.66667,36,36
161,1617024,12,8,0,0,0,9,16180,22,37,43,20,1,25,3.71429,1,3,3,0,6,17,2.66667,36,36
161,1617025,11.5,12,0,0,0,13,16180,23,41,54,23,1,25,3.71429,1,3,3,0,6,17,2.66667,36,36
161,1617026,11.5,9.66667,1,0,0,9,16180,14,31,39,33,1,25,3.71429,1,3,3,0,6,17,2.66667,36,36
161,1617027,11.5,6.33333,1,0,0,8,16180,16,26,24,27,1,25,3.71429,1,3,3,0,6,17,2.66667,36,36
161,1617028,13.5,11,0,0,0,13,16180,25,40,50,30,1,25,3.71429,1,3,3,0,6,17,2.66667,36,36
161,1617030,8,12,1,0,0,13,16180,23,37,47,30,1,25,3.71429,1,3,3,0,6,17,2.66667,36,36
161,1617032,13.5,11.33333,1,0,0,14,16180,26,37,48,43,1,25,3.71429,1,3,3,0,6,17,2.66667,36,36
161,1617033,11,11.66667,0,0,1,9,16180,21,33,40,20,1,25,3.71429,1,3,3,0,6,17,2.66667,36,36
161,1617035,17,16,0,0,0,17,16180,30,48,58,43,1,25,3.71429,1,3,3,0,6,17,2.66667,36,36
164,1647001,13.5,15.66667,0,0,0,16,16480,28,40,48,30,2,15,3.57143,1,2.4,2.33333,0,0,15,2.33333,25,25
164,1647002,12,12,0,0,0,13,16480,21,33,40,18,2,15,3.57143,1,2.4,2.33333,0,0,15,2.33333,25,25
164,1647003,11,9,1,0,0,10,16480,22,38,35,28,2,15,3.57143,1,2.4,2.33333,0,0,15,2.33333,25,25
164,1647004,12,11.66667,0,0,0,11,16480,26,30,42,20,2,15,3.57143,1,2.4,2.33333,0,0,15,2.33333,25,25
164,1647005,9,11,1,0,0,9,16480,15,31,44,20,2,15,3.57143,1,2.4,2.33333,0,0,15,2.33333,25,25
164,1647006,7.5,11.66667,0,0,1,12,16480,18,24,31,18,2,15,3.57143,1,2.4,2.33333,0,0,15,2.33333,25,25
164,1647007,11,9,0,0,0,17,16480,25,31,35,18,2,15,3.57143,1,2.4,2.33333,0,0,15,2.33333,25,25
164,1647008,12.5,11.66667,0,0,0,14,16480,21,35,37,15,2,15,3.57143,1,2.4,2.33333,0,0,15,2.33333,25,25
164,1647009,12,14.33333,1,0,0,11,16480,18,31,40,23,2,15,3.57143,1,2.4,2.33333,0,0,15,2.33333,25,25
164,1647010,12.5,13.33333,0,0,0,12,16480,28,38,50,23,2,15,3.57143,1,2.4,2.33333,0,0,15,2.33333,25,25
164,1647011,13,13.66667,0,0,0,14,16480,27,44,55,33,2,15,3.57143,1,2.4,2.33333,0,0,15,2.33333,25,25
164,1647012,14,13,0,0,0,15,16480,26,43,50,23,2,15,3.57143,1,2.4,2.33333,0,0,15,2.33333,25,25
164,1647013,12,13,0,0,0,17,16480,28,34,39,15,2,15,3.57143,1,2.4,2.33333,0,0,15,2.33333,25,25
164,1647015,11,9.66667,1,0,0,8,16480,14,39,43,23,2,15,3.57143,1,2.4,2.33333,0,0,15,2.33333,25,25
164,1647016,8.5,9.33333,1,0,0,13,16480,16,33,43,20,2,15,3.57143,1,2.4,2.33333,0,0,15,2.33333,25,25
164,1647017,12,13.33333,0,0,0,15,16480,28,43,50,25,2,15,3.57143,1,2.4,2.33333,0,0,15,2.33333,25,25
164,1647018,13.5,14.66667,0,0,0,15,16480,28,36,45,23,2,15,3.57143,1,2.4,2.33333,0,0,15,2.33333,25,25
164,1647019,12,15.33333,0,0,0,18,16480,28,46,53,23,2,15,3.57143,1,2.4,2.33333,0,0,15,2.33333,25,25
164,1647020,11.5,13.33333,0,0,0,17,16480,22,36,40,20,2,15,3.57143,1,2.4,2.33333,0,0,15,2.33333,25,25
164,1647021,12,9.33333,0,0,1,15,16480,26,45,48,20,2,15,3.57143,1,2.4,2.33333,0,0,15,2.33333,25,25
164,1647022,12.5,12.66667,0,0,0,13,16480,28,41,51,23,2,15,3.57143,1,2.4,2.33333,0,0,15,2.33333,25,25
164,1647023,11,12,1,0,0,12,16480,21,34,37,18,2,15,3.57143,1,2.4,2.33333,0,0,15,2.33333,25,25
164,1647024,11.5,9,1,0,0,11,16480,23,42,47,23,2,15,3.57143,1,2.4,2.33333,0,0,15,2.33333,25,25
164,1647025,14,17.33333,0,0,0,16,16480,29,42,54,25,2,15,3.57143,1,2.4,2.33333,0,0,15,2.33333,25,25
167,1677001,10.5,12.33333,0,0,0,7,16780,10,26,26,45,3,23,3.42857,1,1.7,1.33333,0,0,14,2.66667,28,28
167,1677002,13,12.33333,1,0,0,13,16780,26,40,48,40,3,23,3.42857,1,1.7,1.33333,0,0,14,2.66667,28,28
167,1677003,9,10.66667,1,0,0,16,16780,19,38,42,35,3,23,3.42857,1,1.7,1.33333,0,0,14,2.66667,28,28
167,1677004,10,13,1,0,0,14,16780,25,38,41,47,3,23,3.42857,1,1.7,1.33333,0,0,14,2.66667,28,28
167,1677005,8,10.33333,1,0,0,8,16780,14,33,41,35,3,23,3.42857,1,1.7,1.33333,0,0,14,2.66667,28,28
167,1677006,14.5,10.66667,1,0,0,14,16780,28,41,55,20,3,23,3.42857,1,1.7,1.33333,0,0,14,2.66667,28,28
167,1677008,13,10.66667,1,0,0,8,16780,21,38,52,50,3,23,3.42857,1,1.7,1.33333,0,0,14,2.66667,28,28
167,1677009,11.5,12.33333,0,0,0,17,16780,27,42,53,50,3,23,3.42857,1,1.7,1.33333,0,0,14,2.66667,28,28
167,1677010,11.5,13.66667,0,0,0,16,16780,28,37,47,35,3,23,3.42857,1,1.7,1.33333,0,0,14,2.66667,28,28
167,1677011,8.5,7,1,0,0,7,16780,9,28,39,35,3,23,3.42857,1,1.7,1.33333,0,0,14,2.66667,28,28
167,1677012,9.5,11.33333,0,0,0,8,16780,24,26,41,35,3,23,3.42857,1,1.7,1.33333,0,0,14,2.66667,28,28
167,1677014,12.5,11.33333,0,0,0,7,16780,16,28,42,40,3,23,3.42857,1,1.7,1.33333,0,0,14,2.66667,28,28
167,1677015,16.5,16,1,0,0,16,16780,30,41,57,40,3,23,3.42857,1,1.7,1.33333,0,0,14,2.66667,28,28
167,1677017,12,11.66667,1,0,0,9,16780,19,26,39,50,3,23,3.42857,1,1.7,1.33333,0,0,14,2.66667,28,28
167,1677018,10.5,7.33333,0,0,0,6,16780,16,29,34,20,3,23,3.42857,1,1.7,1.33333,0,0,14,2.66667,28,28
167,1677019,12,11.33333,0,0,0,10,16780,15,31,39,20,3,23,3.42857,1,1.7,1.33333,0,0,14,2.66667,28,28
167,1677020,4,7,0,0,0,11,16780,16,33,37,35,3,23,3.42857,1,1.7,1.33333,0,0,14,2.66667,28,28
167,1677021,10.5,9.33333,0,0,0,12,16780,14,35,40,40,3,23,3.42857,1,1.7,1.33333,0,0,14,2.66667,28,28
167,1677022,11,9.66667,0,0,0,11,16780,24,30,42,20,3,23,3.42857,1,1.7,1.33333,0,0,14,2.66667,28,28
167,1677023,11.5,9.66667,0,0,1,10,16780,23,26,46,40,3,23,3.42857,1,1.7,1.33333,0,0,14,2.66667,28,28
167,1677024,13,13,0,0,0,15,16780,27,35,50,40,3,23,3.42857,1,1.7,1.33333,0,0,14,2.66667,28,28
167,1677025,10.5,7.66667,0,0,0,11,16780,18,25,27,20,3,23,3.42857,1,1.7,1.33333,0,0,14,2.66667,28,28
167,1677026,13,14,1,0,0,14,16780,27,36,49,25,3,23,3.42857,1,1.7,1.33333,0,0,14,2.66667,28,28
167,1677027,11.5,14.33333,0,0,0,17,16780,21,32,43,35,3,23,3.42857,1,1.7,1.33333,0,0,14,2.66667,28,28
167,1677028,10.5,6.66667,1,0,1,7,16780,4,22,25,40,3,23,3.42857,1,1.7,1.33333,0,0,14,2.66667,28,28
170,1707001,12,11.66667,0,0,0,12,17080,23,44,51,18,2,12,3.57143,1,2.2,2.33333,0,0,10,1.33333,27,27
170,1707002,11.5,12.66667,1,0,0,12,17080,20,32,41,18,2,12,3.57143,1,2.2,2.33333,0,0,10,1.33333,27,27
170,1707003,10,12.66667,1,0,0,9,17080,13,30,37,15,2,12,3.57143,1,2.2,2.33333,0,0,10,1.33333,27,27
170,1707004,10.5,13,1,0,0,15,17080,17,36,34,18,2,12,3.57143,1,2.2,2.33333,0,0,10,1.33333,27,27
170,1707005,10.5,10.33333,1,0,0,11,17080,21,32,34,15,2,12,3.57143,1,2.2,2.33333,0,0,10,1.33333,27,27
170,1707006,11,8.66667,1,0,0,14,17080,25,36,51,15,2,12,3.57143,1,2.2,2.33333,0,0,10,1.33333,27,27
170,1707007,13.5,11.33333,0,0,0,15,17080,22,40,53,18,2,12,3.57143,1,2.2,2.33333,0,0,10,1.33333,27,27
170,1707008,13.5,12.33333,1,0,0,14,17080,29,45,57,50,2,12,3.57143,1,2.2,2.33333,0,0,10,1.33333,27,27
170,1707009,12,11.66667,0,0,0,10,17080,21,36,49,15,2,12,3.57143,1,2.2,2.33333,0,0,10,1.33333,27,27
170,1707010,7,12.66667,0,0,0,7,17080,13,24,21,10,2,12,3.57143,1,2.2,2.33333,0,0,10,1.33333,27,27
170,1707011,10,10.66667,0,0,0,12,17080,13,31,27,15,2,12,3.57143,1,2.2,2.33333,0,0,10,1.33333,27,27
170,1707012,12.5,9,1,0,0,7,17080,15,33,39,47,2,12,3.57143,1,2.2,2.33333,0,0,10,1.33333,27,27
170,1707013,14.5,13.33333,1,0,0,18,17080,24,42,50,15,2,12,3.57143,1,2.2,2.33333,0,0,10,1.33333,27,27
170,1707014,10,11,0,0,0,12,17080,24,36,38,15,2,12,3.57143,1,2.2,2.33333,0,0,10,1.33333,27,27
170,1707015,12,12.66667,1,0,0,11,17080,14,43,42,15,2,12,3.57143,1,2.2,2.33333,0,0,10,1.33333,27,27
170,1707016,14.5,10.33333,1,0,0,8,17080,21,42,54,18,2,12,3.57143,1,2.2,2.33333,0,0,10,1.33333,27,27
170,1707017,12,13.33333,0,0,0,14,17080,24,32,37,18,2,12,3.57143,1,2.2,2.33333,0,0,10,1.33333,27,27
170,1707018,12,10.33333,0,0,0,8,17080,6,34,40,18,2,12,3.57143,1,2.2,2.33333,0,0,10,1.33333,27,27
170,1707019,14,13.33333,1,0,0,18,17080,30,36,51,43,2,12,3.57143,1,2.2,2.33333,0,0,10,1.33333,27,27
170,1707020,8.5,10.66667,0,0,0,7,17080,11,25,25,13,2,12,3.57143,1,2.2,2.33333,0,0,10,1.33333,27,27
170,1707021,9,10.66667,0,0,0,11,17080,10,30,25,18,2,12,3.57143,1,2.2,2.33333,0,0,10,1.33333,27,27
170,1707022,11.5,12,1,0,0,9,17080,19,41,47,20,2,12,3.57143,1,2.2,2.33333,0,0,10,1.33333,27,27
170,1707023,7.5,14.33333,1,0,0,5,17080,9,24,25,18,2,12,3.57143,1,2.2,2.33333,0,0,10,1.33333,27,27
170,1707024,11,9.33333,1,0,0,13,17080,24,33,52,28,2,12,3.57143,1,2.2,2.33333,0,0,10,1.33333,27,27
170,1707025,12,15,1,0,0,16,17080,28,42,50,18,2,12,3.57143,1,2.2,2.33333,0,0,10,1.33333,27,27
170,1707027,12,15.33333,0,0,0,14,17080,27,40,47,15,2,12,3.57143,1,2.2,2.33333,0,0,10,1.33333,27,27
175,1757001,16,13.33333,0,0,0,19,17580,30,43,56,40,1,29,2.71429,1,2.3,2.33333,1,0,8,2,27,14
175,1757003,16,12,1,0,0,17,17580,27,46,53,45,1,29,2.71429,1,2.3,2.33333,1,0,8,2,27,14
175,1757004,10.5,11.66667,0,0,1,11,17580,19,28,37,30,1,29,2.71429,1,2.3,2.33333,1,0,8,2,27,14
175,1757005,13,11.66667,0,1,0,13,17580,26,43,53,30,1,29,2.71429,1,2.3,2.33333,1,0,8,2,27,14
175,1757006,11,9.33333,0,0,1,13,17580,23,26,42,23,1,29,2.71429,1,2.3,2.33333,1,0,8,2,27,14
175,1757007,12.5,12,0,0,0,15,17580,26,34,42,33,1,29,2.71429,1,2.3,2.33333,1,0,8,2,27,14
175,1757008,15,14,0,0,0,14,17580,20,40,45,33,1,29,2.71429,1,2.3,2.33333,1,0,8,2,27,14
175,1757009,15.5,13.33333,0,0,0,19,17580,28,42,54,45,1,29,2.71429,1,2.3,2.33333,1,0,8,2,27,14
175,1757010,10,11,0,0,1,11,17580,13,27,23,17,1,29,2.71429,1,2.3,2.33333,1,0,8,2,27,14
175,1757011,11,12.66667,0,0,0,18,17580,22,36,48,37,1,29,2.71429,1,2.3,2.33333,1,0,8,2,27,14
175,1757012,12.5,15.66667,1,0,0,19,17580,30,41,54,50,1,29,2.71429,1,2.3,2.33333,1,0,8,2,27,14
175,1757013,12,13,0,0,0,15,17580,25,38,47,23,1,29,2.71429,1,2.3,2.33333,1,0,8,2,27,14
175,1757014,12,15,0,0,0,16,17580,29,37,46,50,1,29,2.71429,1,2.3,2.33333,1,0,8,2,27,14
175,1757015,14.5,11,1,0,0,15,17580,27,44,38,50,1,29,2.71429,1,2.3,2.33333,1,0,8,2,27,14
176,1767001,7,9,0,0,1,11,17680,10,22,26,10,2,17,3.28571,1,2.1,1.83333,0,0,15,2.33333,24,24
176,1767002,12.5,12.66667,1,0,0,16,17680,29,43,53,23,2,17,3.28571,1,2.1,1.83333,0,0,15,2.33333,24,24
176,1767003,11.5,9.33333,0,0,0,5,17680,25,27,51,20,2,17,3.28571,1,2.1,1.83333,0,0,15,2.33333,24,24
176,1767004,14,13.33333,0,0,0,16,17680,27,42,55,30,2,17,3.28571,1,2.1,1.83333,0,0,15,2.33333,24,24
176,1767005,11,10.66667,0,0,0,11,17680,23,19,33,25,2,17,3.28571,1,2.1,1.83333,0,0,15,2.33333,24,24
176,1767006,11,14.66667,1,0,0,16,17680,29,32,51,43,2,17,3.28571,1,2.1,1.83333,0,0,15,2.33333,24,24
176,1767007,12.5,14.33333,0,0,0,12,17680,24,37,47,30,2,17,3.28571,1,2.1,1.83333,0,0,15,2.33333,24,24
176,1767008,16,10.66667,1,0,0,14,17680,30,36,52,40,2,17,3.28571,1,2.1,1.83333,0,0,15,2.33333,24,24
176,1767009,11,9.66667,0,0,1,7,17680,11,28,37,18,2,17,3.28571,1,2.1,1.83333,0,0,15,2.33333,24,24
176,1767010,12.5,11.33333,1,0,0,13,17680,29,38,51,27,2,17,3.28571,1,2.1,1.83333,0,0,15,2.33333,24,24
176,1767011,8,5.33333,0,0,0,7,17680,16,33,41,20,2,17,3.28571,1,2.1,1.83333,0,0,15,2.33333,24,24
176,1767012,10.5,12,0,0,0,15,17680,26,35,53,28,2,17,3.28571,1,2.1,1.83333,0,0,15,2.33333,24,24
176,1767013,11,8.33333,1,0,0,5,17680,19,29,35,18,2,17,3.28571,1,2.1,1.83333,0,0,15,2.33333,24,24
176,1767014,11.5,13.66667,1,0,0,15,17680,27,42,49,38,2,17,3.28571,1,2.1,1.83333,0,0,15,2.33333,24,24
176,1767015,14.5,9.33333,0,0,0,12,17680,22,39,43,30,2,17,3.28571,1,2.1,1.83333,0,0,15,2.33333,24,24
176,1767016,13,14.33333,0,0,0,18,17680,29,47,55,18,2,17,3.28571,1,2.1,1.83333,0,0,15,2.33333,24,24
176,1767017,16,13.66667,1,0,0,14,17680,28,44,54,20,2,17,3.28571,1,2.1,1.83333,0,0,15,2.33333,24,24
176,1767018,13.5,12.66667,1,0,0,16,17680,27,47,55,25,2,17,3.28571,1,2.1,1.83333,0,0,15,2.33333,24,24
176,1767019,13.5,11,1,0,0,12,17680,24,34,55,23,2,17,3.28571,1,2.1,1.83333,0,0,15,2.33333,24,24
176,1767020,14.5,13.33333,0,0,0,16,17680,30,42,55,20,2,17,3.28571,1,2.1,1.83333,0,0,15,2.33333,24,24
176,1767021,8.5,10.33333,0,0,0,8,17680,15,23,31,28,2,17,3.28571,1,2.1,1.83333,0,0,15,2.33333,24,24
176,1767022,8.5,8,1,0,1,9,17680,8,22,36,18,2,17,3.28571,1,2.1,1.83333,0,0,15,2.33333,24,24
176,1767023,14.5,13.66667,0,0,0,16,17680,30,42,57,40,2,17,3.28571,1,2.1,1.83333,0,0,15,2.33333,24,24
177,1777001,10.5,9.66667,0,0,0,12,17780,16,34,41,33,2,15,3.14286,1,1.4,1.66667,1,0,15,1.66667,24,17
177,1777002,11.5,12.66667,0,0,0,17,17780,26,35,49,35,2,15,3.14286,1,1.4,1.66667,1,0,15,1.66667,24,17
177,1777003,9.5,10.66667,0,0,1,6,17780,21,34,42,30,2,15,3.14286,1,1.4,1.66667,1,0,15,1.66667,24,17
177,1777004,10.5,10,0,0,0,10,17780,16,33,37,18,2,15,3.14286,1,1.4,1.66667,1,0,15,1.66667,24,17
177,1777005,12,11,0,0,0,10,17780,22,31,33,33,2,15,3.14286,1,1.4,1.66667,1,0,15,1.66667,24,17
177,1777006,11.5,14.33333,0,0,0,15,17780,26,35,44,20,2,15,3.14286,1,1.4,1.66667,1,0,15,1.66667,24,17
177,1777007,14,12.66667,0,0,0,7,17780,22,42,43,18,2,15,3.14286,1,1.4,1.66667,1,0,15,1.66667,24,17
177,1777009,11.5,8,0,0,0,9,17780,15,33,39,18,2,15,3.14286,1,1.4,1.66667,1,0,15,1.66667,24,17
177,1777010,12,8.66667,0,0,1,5,17780,16,29,34,18,2,15,3.14286,1,1.4,1.66667,1,0,15,1.66667,24,17
177,1777011,11.5,12.33333,0,0,0,14,17780,29,36,45,15,2,15,3.14286,1,1.4,1.66667,1,0,15,1.66667,24,17
177,1777012,13.5,13.33333,0,0,0,7,17780,27,40,46,33,2,15,3.14286,1,1.4,1.66667,1,0,15,1.66667,24,17
177,1777013,11,11.33333,1,0,0,7,17780,12,33,34,18,2,15,3.14286,1,1.4,1.66667,1,0,15,1.66667,24,17
177,1777014,11.5,13,1,0,0,15,17780,24,35,46,20,2,15,3.14286,1,1.4,1.66667,1,0,15,1.66667,24,17
177,1777015,9.5,9.33333,1,0,0,8,17780,9,26,27,17,2,15,3.14286,1,1.4,1.66667,1,0,15,1.66667,24,17
177,1777016,12,9.33333,1,0,0,6,17780,20,42,48,20,2,15,3.14286,1,1.4,1.66667,1,0,15,1.66667,24,17
177,1777017,13.5,8,1,0,0,11,17780,13,39,39,30,2,15,3.14286,1,1.4,1.66667,1,0,15,1.66667,24,17
177,1777018,13,10.66667,1,0,0,6,17780,16,33,44,20,2,15,3.14286,1,1.4,1.66667,1,0,15,1.66667,24,17
179,1797005,13,9.66667,0,0,0,5,17980,13,29,34,20,2,13,2.71429,0,1.9,1.83333,1,50,11,2.33333,10,10
179,1797006,12,11.33333,0,0,0,10,17980,19,33,45,17,2,13,2.71429,0,1.9,1.83333,1,50,11,2.33333,10,10
179,1797007,12,14,0,0,1,10,17980,10,29,29,20,2,13,2.71429,0,1.9,1.83333,1,50,11,2.33333,10,10
179,1797008,9.5,9.66667,0,1,1,7,17980,13,32,19,10,2,13,2.71429,0,1.9,1.83333,1,50,11,2.33333,10,10
179,1797009,10,9.33333,1,1,0,11,17980,18,28,24,10,2,13,2.71429,0,1.9,1.83333,1,50,11,2.33333,10,10
179,1797010,11,13.66667,1,0,0,9,17980,17,33,30,10,2,13,2.71429,0,1.9,1.83333,1,50,11,2.33333,10,10
182,1827001,6.5,8,0,1,1,6,18280,11,26,29,10,2,10,2.85714,0,2.22222,2.33333,0,90,17,2.66667,11,11
182,1827002,6.5,7.66667,0,1,0,12,18280,14,20,24,10,2,10,2.85714,0,2.22222,2.33333,0,90,17,2.66667,11,11
182,1827003,11.5,11.66667,0,1,0,9,18280,25,31,41,10,2,10,2.85714,0,2.22222,2.33333,0,90,17,2.66667,11,11
182,1827005,11,12.33333,0,1,0,14,18280,23,42,46,10,2,10,2.85714,0,2.22222,2.33333,0,90,17,2.66667,11,11
182,1827007,12,12,1,0,0,13,18280,22,30,37,10,2,10,2.85714,0,2.22222,2.33333,0,90,17,2.66667,11,11
182,1827008,10.5,9,0,1,0,5,18280,4,30,34,10,2,10,2.85714,0,2.22222,2.33333,0,90,17,2.66667,11,11
182,1827010,8.5,8.66667,0,1,1,12,18280,17,26,30,10,2,10,2.85714,0,2.22222,2.33333,0,90,17,2.66667,11,11
182,1827011,8.5,11,0,1,0,11,18280,24,23,35,10,2,10,2.85714,0,2.22222,2.33333,0,90,17,2.66667,11,11
182,1827012,8,10,1,1,0,13,18280,22,27,38,10,2,10,2.85714,0,2.22222,2.33333,0,90,17,2.66667,11,11
183,1837001,12,10.66667,1,0,0,12,18380,23,40,40,23,2,18,3.57143,0,2.3,2.16667,0,3,26,2.66667,32,32
183,1837002,10.5,10.33333,0,0,0,10,18380,17,36,39,43,2,18,3.57143,0,2.3,2.16667,0,3,26,2.66667,32,32
183,1837003,11,10.66667,1,0,0,9,18380,12,37,45,25,2,18,3.57143,0,2.3,2.16667,0,3,26,2.66667,32,32
183,1837004,12,9,1,0,0,11,18380,19,37,45,20,2,18,3.57143,0,2.3,2.16667,0,3,26,2.66667,32,32
183,1837005,11.5,9,1,0,0,10,18380,12,39,44,25,2,18,3.57143,0,2.3,2.16667,0,3,26,2.66667,32,32
183,1837006,11,11.33333,0,0,0,18,18380,23,46,46,23,2,18,3.57143,0,2.3,2.16667,0,3,26,2.66667,32,32
183,1837007,12,12.66667,0,0,0,14,18380,28,40,48,30,2,18,3.57143,0,2.3,2.16667,0,3,26,2.66667,32,32
183,1837008,12.5,9.33333,1,0,0,9,18380,16,39,47,23,2,18,3.57143,0,2.3,2.16667,0,3,26,2.66667,32,32
183,1837009,11.5,9,1,0,0,12,18380,13,35,27,25,2,18,3.57143,0,2.3,2.16667,0,3,26,2.66667,32,32
183,1837010,12,12.66667,1,0,0,15,18380,24,43,43,50,2,18,3.57143,0,2.3,2.16667,0,3,26,2.66667,32,32
183,1837011,11,8.66667,0,1,1,5,18380,7,24,26,15,2,18,3.57143,0,2.3,2.16667,0,3,26,2.66667,32,32
183,1837012,9,8,0,0,1,7,18380,4,26,31,18,2,18,3.57143,0,2.3,2.16667,0,3,26,2.66667,32,32
183,1837013,12.5,10,0,0,0,12,18380,10,35,34,20,2,18,3.57143,0,2.3,2.16667,0,3,26,2.66667,32,32
183,1837014,11.5,8.33333,1,0,0,7,18380,10,25,32,15,2,18,3.57143,0,2.3,2.16667,0,3,26,2.66667,32,32
183,1837015,12.5,16,0,0,0,14,18380,30,39,47,33,2,18,3.57143,0,2.3,2.16667,0,3,26,2.66667,32,32
183,1837016,11,13.33333,0,0,0,15,18380,28,37,49,37,2,18,3.57143,0,2.3,2.16667,0,3,26,2.66667,32,32
183,1837017,14,15,0,0,0,16,18380,27,43,40,37,2,18,3.57143,0,2.3,2.16667,0,3,26,2.66667,32,32
183,1837018,13,14,0,0,0,10,18380,26,41,41,43,2,18,3.57143,0,2.3,2.16667,0,3,26,2.66667,32,32
183,1837019,13.5,10.66667,0,0,0,8,18380,22,41,53,40,2,18,3.57143,0,2.3,2.16667,0,3,26,2.66667,32,32
183,1837020,12,10.66667,0,0,0,9,18380,27,25,52,23,2,18,3.57143,0,2.3,2.16667,0,3,26,2.66667,32,32
183,1837022,11.5,11.33333,1,0,0,9,18380,17,39,47,20,2,18,3.57143,0,2.3,2.16667,0,3,26,2.66667,32,32
183,1837023,15,14.33333,0,0,0,13,18380,25,40,34,23,2,18,3.57143,0,2.3,2.16667,0,3,26,2.66667,32,32
183,1837024,10.5,7.33333,0,0,0,8,18380,8,20,27,20,2,18,3.57143,0,2.3,2.16667,0,3,26,2.66667,32,32
183,1837025,10.5,15,0,0,0,12,18380,22,33,41,28,2,18,3.57143,0,2.3,2.16667,0,3,26,2.66667,32,32
183,1837026,11.5,12.66667,1,0,0,11,18380,19,41,41,43,2,18,3.57143,0,2.3,2.16667,0,3,26,2.66667,32,32
183,1837028,12,13,0,0,0,15,18380,26,35,44,40,2,18,3.57143,0,2.3,2.16667,0,3,26,2.66667,32,32
183,1837029,12,13.33333,0,0,0,7,18380,23,32,37,15,2,18,3.57143,0,2.3,2.16667,0,3,26,2.66667,32,32
183,1837030,11,10,1,0,0,6,18380,14,35,36,25,2,18,3.57143,0,2.3,2.16667,0,3,26,2.66667,32,32
183,1837031,12.5,9.33333,1,0,0,15,18380,19,39,49,33,2,18,3.57143,0,2.3,2.16667,0,3,26,2.66667,32,32
183,1837032,10,11.33333,1,0,0,7,18380,20,35,41,18,2,18,3.57143,0,2.3,2.16667,0,3,26,2.66667,32,32
183,1837033,6,8.33333,0,1,1,6,18380,11,12,17,10,2,18,3.57143,0,2.3,2.16667,0,3,26,2.66667,32,32
184,1847001,11,7.33333,1,0,1,9,18480,5,29,41,10,2,24,3.57143,0,2.7,2.16667,0,0,19,3,29,29
184,1847002,18,15,0,0,0,17,18480,29,44,51,23,2,24,3.57143,0,2.7,2.16667,0,0,19,3,29,29
184,1847003,14.5,9.66667,1,0,1,15,18480,15,38,31,20,2,24,3.57143,0,2.7,2.16667,0,0,19,3,29,29
184,1847004,10,12.33333,1,0,0,17,18480,24,31,41,40,2,24,3.57143,0,2.7,2.16667,0,0,19,3,29,29
184,1847005,12,13,0,0,1,12,18480,16,28,37,20,2,24,3.57143,0,2.7,2.16667,0,0,19,3,29,29
184,1847006,11,14.33333,1,0,0,14,18480,24,41,48,43,2,24,3.57143,0,2.7,2.16667,0,0,19,3,29,29
184,1847007,10.5,12.33333,1,0,0,15,18480,23,39,47,50,2,24,3.57143,0,2.7,2.16667,0,0,19,3,29,29
184,1847008,11,9,1,0,0,12,18480,16,27,32,37,2,24,3.57143,0,2.7,2.16667,0,0,19,3,29,29
184,1847009,13,12,0,0,0,17,18480,22,42,48,47,2,24,3.57143,0,2.7,2.16667,0,0,19,3,29,29
184,1847010,11.5,15.66667,0,0,0,12,18480,21,28,40,43,2,24,3.57143,0,2.7,2.16667,0,0,19,3,29,29
184,1847011,12.5,13.66667,0,0,1,14,18480,24,31,47,50,2,24,3.57143,0,2.7,2.16667,0,0,19,3,29,29
184,1847012,15.5,13.66667,1,0,0,17,18480,25,46,54,50,2,24,3.57143,0,2.7,2.16667,0,0,19,3,29,29
184,1847013,11,12.66667,0,0,0,12,18480,14,38,43,17,2,24,3.57143,0,2.7,2.16667,0,0,19,3,29,29
184,1847014,12,9,1,0,0,13,18480,18,37,37,30,2,24,3.57143,0,2.7,2.16667,0,0,19,3,29,29
184,1847015,13,11.66667,0,0,0,16,18480,18,30,41,43,2,24,3.57143,0,2.7,2.16667,0,0,19,3,29,29
184,1847016,13,10.66667,1,0,0,18,18480,28,41,49,20,2,24,3.57143,0,2.7,2.16667,0,0,19,3,29,29
184,1847017,12,9.66667,0,0,0,10,18480,11,33,42,27,2,24,3.57143,0,2.7,2.16667,0,0,19,3,29,29
184,1847018,12,9.66667,1,0,0,10,18480,10,28,32,17,2,24,3.57143,0,2.7,2.16667,0,0,19,3,29,29
184,1847019,12.5,14.66667,0,0,0,19,18480,24,35,40,37,2,24,3.57143,0,2.7,2.16667,0,0,19,3,29,29
184,1847020,13,9.33333,0,1,1,9,18480,12,24,36,25,2,24,3.57143,0,2.7,2.16667,0,0,19,3,29,29
184,1847021,14.5,13,1,0,0,13,18480,24,44,53,40,2,24,3.57143,0,2.7,2.16667,0,0,19,3,29,29
184,1847022,11.5,10.33333,0,0,0,9,18480,10,31,23,13,2,24,3.57143,0,2.7,2.16667,0,0,19,3,29,29
184,1847024,12.5,12.33333,0,0,0,12,18480,11,26,42,33,2,24,3.57143,0,2.7,2.16667,0,0,19,3,29,29
184,1847025,11.5,10.33333,1,0,0,16,18480,20,34,38,23,2,24,3.57143,0,2.7,2.16667,0,0,19,3,29,29
184,1847026,17,10.66667,0,1,0,15,18480,20,36,43,37,2,24,3.57143,0,2.7,2.16667,0,0,19,3,29,29
184,1847027,13,17.66667,0,0,0,20,18480,27,42,51,47,2,24,3.57143,0,2.7,2.16667,0,0,19,3,29,29
184,1847028,9.5,10.33333,1,0,0,18,18480,22,30,41,10,2,24,3.57143,0,2.7,2.16667,0,0,19,3,29,29
184,1847029,11,9.66667,1,0,0,15,18480,27,26,52,47,2,24,3.57143,0,2.7,2.16667,0,0,19,3,29,29
188,1887001,13.5,12.33333,1,0,0,12,18880,25,38,50,17,2,16,3.57143,0,2.5,2.16667,1,4,25,2.66667,26,14
188,1887002,8.5,12,0,0,1,11,18880,9,28,26,23,2,16,3.57143,0,2.5,2.16667,1,4,25,2.66667,26,14
188,1887003,10.5,10.33333,1,0,0,5,18880,5,33,36,23,2,16,3.57143,0,2.5,2.16667,1,4,25,2.66667,26,14
188,1887004,10.5,9.33333,0,0,1,8,18880,8,17,20,23,2,16,3.57143,0,2.5,2.16667,1,4,25,2.66667,26,14
188,1887005,11,12,0,0,0,15,18880,23,32,46,40,2,16,3.57143,0,2.5,2.16667,1,4,25,2.66667,26,14
188,1887006,10.5,8,0,0,0,9,18880,8,29,39,30,2,16,3.57143,0,2.5,2.16667,1,4,25,2.66667,26,14
188,1887007,10.5,9,1,1,1,13,18880,12,26,34,40,2,16,3.57143,0,2.5,2.16667,1,4,25,2.66667,26,14
188,1887008,10.5,9.33333,1,0,0,11,18880,12,34,33,18,2,16,3.57143,0,2.5,2.16667,1,4,25,2.66667,26,14
188,1887009,11.5,9,0,0,0,6,18880,10,36,44,18,2,16,3.57143,0,2.5,2.16667,1,4,25,2.66667,26,14
188,1887010,11.5,7,1,0,0,7,18880,10,24,42,18,2,16,3.57143,0,2.5,2.16667,1,4,25,2.66667,26,14
188,1887011,12,14.33333,0,1,0,17,18880,26,36,48,30,2,16,3.57143,0,2.5,2.16667,1,4,25,2.66667,26,14
188,1887012,11.5,9,1,0,0,7,18880,16,27,25,18,2,16,3.57143,0,2.5,2.16667,1,4,25,2.66667,26,14
189,1897102,14.5,12.33333,1,0,0,7,18980,16,41,44,15,2,17,2.71429,1,2.9,2.66667,0,0,12,2.33333,29,29
189,1897103,10.5,13.33333,1,0,0,10,18980,16,42,48,17,2,17,2.71429,1,2.9,2.66667,0,0,12,2.33333,29,29
189,1897105,12,13.33333,0,0,0,11,18980,27,33,46,40,2,17,2.71429,1,2.9,2.66667,0,0,12,2.33333,29,29
189,1897106,15,12.66667,0,0,0,13,18980,29,33,49,27,2,17,2.71429,1,2.9,2.66667,0,0,12,2.33333,29,29
189,1897107,7,11.33333,1,0,0,14,18980,12,32,43,20,2,17,2.71429,1,2.9,2.66667,0,0,12,2.33333,29,29
189,1897108,13,11.33333,0,0,0,10,18980,21,30,39,20,2,17,2.71429,1,2.9,2.66667,0,0,12,2.33333,29,29
189,1897110,9,10.66667,0,0,1,6,18980,13,22,35,20,2,17,2.71429,1,2.9,2.66667,0,0,12,2.33333,29,29
189,1897111,9,11.33333,0,0,1,10,18980,17,27,31,15,2,17,2.71429,1,2.9,2.66667,0,0,12,2.33333,29,29
189,1897112,11,10.66667,0,0,0,13,18980,23,32,40,10,2,17,2.71429,1,2.9,2.66667,0,0,12,2.33333,29,29
189,1897113,12.5,10.66667,1,0,0,14,18980,26,42,53,20,2,17,2.71429,1,2.9,2.66667,0,0,12,2.33333,29,29
189,1897201,13,10.66667,1,0,0,11,18980,15,36,44,30,2,17,2.71429,1,2.9,2.66667,0,0,12,2.33333,29,29
189,1897202,13,13,1,0,0,10,18980,26,44,52,40,2,17,2.71429,1,2.9,2.66667,0,0,12,2.33333,29,29
189,1897203,11,8.33333,0,0,0,5,18980,14,34,33,30,2,17,2.71429,1,2.9,2.66667,0,0,12,2.33333,29,29
189,1897204,12,12.33333,1,1,0,16,18980,29,43,49,48,2,17,2.71429,1,2.9,2.66667,0,0,12,2.33333,29,29
189,1897205,11,15,1,0,1,15,18980,28,32,40,35,2,17,2.71429,1,2.9,2.66667,0,0,12,2.33333,29,29
189,1897206,15,13,0,0,0,12,18980,27,42,48,33,2,17,2.71429,1,2.9,2.66667,0,0,12,2.33333,29,29
189,1897207,7,10.33333,0,0,1,9,18980,15,21,17,15,2,17,2.71429,1,2.9,2.66667,0,0,12,2.33333,29,29
192,1927001,9.5,10.33333,0,0,0,5,19280,20,24,29,35,3,19,3.57143,1,3.2,3.16667,1,0,16,3,14,10
192,1927002,12.5,11.33333,1,0,0,11,19280,23,27,44,30,3,19,3.57143,1,3.2,3.16667,1,0,16,3,14,10
192,1927003,10,11.33333,0,0,0,7,19280,19,20,29,33,3,19,3.57143,1,3.2,3.16667,1,0,16,3,14,10
192,1927005,10.5,5.33333,0,0,1,2,19280,8,11,24,15,3,19,3.57143,1,3.2,3.16667,1,0,16,3,14,10
192,1927006,10,14,0,0,0,14,19280,28,36,41,35,3,19,3.57143,1,3.2,3.16667,1,0,16,3,14,10
192,1927007,10,8.33333,1,0,1,7,19280,3,33,36,15,3,19,3.57143,1,3.2,3.16667,1,0,16,3,14,10
192,1927008,11,10,0,0,1,10,19280,18,29,30,18,3,19,3.57143,1,3.2,3.16667,1,0,16,3,14,10
192,1927009,12.5,13.66667,0,0,1,8,19280,14,31,34,18,3,19,3.57143,1,3.2,3.16667,1,0,16,3,14,10
193,1937001,12.5,10.66667,0,0,0,15,19380,27,43,50,27,2,17,3.14286,1,2,2,1,4,17,1.66667,31,16
193,1937002,10.5,13.33333,0,0,0,19,19380,27,43,52,35,2,17,3.14286,1,2,2,1,4,17,1.66667,31,16
193,1937003,15,10.33333,0,0,0,15,19380,30,45,51,20,2,17,3.14286,1,2,2,1,4,17,1.66667,31,16
193,1937004,11.5,11.33333,0,0,0,12,19380,21,34,44,30,2,17,3.14286,1,2,2,1,4,17,1.66667,31,16
193,1937005,15,14,0,0,0,18,19380,30,43,55,45,2,17,3.14286,1,2,2,1,4,17,1.66667,31,16
193,1937006,14,11.33333,1,0,0,11,19380,24,42,50,27,2,17,3.14286,1,2,2,1,4,17,1.66667,31,16
193,1937009,11,7,1,0,0,10,19380,14,31,44,23,2,17,3.14286,1,2,2,1,4,17,1.66667,31,16
193,1937010,12.5,10.66667,1,0,0,9,19380,26,35,49,15,2,17,3.14286,1,2,2,1,4,17,1.66667,31,16
193,1937011,14,12.66667,1,0,0,18,19380,29,45,54,20,2,17,3.14286,1,2,2,1,4,17,1.66667,31,16
193,1937012,11.5,9.33333,1,0,1,10,19380,13,26,32,18,2,17,3.14286,1,2,2,1,4,17,1.66667,31,16
193,1937014,13,10,1,0,0,14,19380,25,39,52,20,2,17,3.14286,1,2,2,1,4,17,1.66667,31,16
193,1937015,11.5,12,1,0,0,12,19380,29,38,48,20,2,17,3.14286,1,2,2,1,4,17,1.66667,31,16
195,1957101,10.5,9,1,0,0,12,19580,22,31,37,37,3,17,2.85714,1,1.9,1.83333,1,4,22,2.33333,31,15
195,1957102,13.5,10.66667,1,0,0,14,19580,26,38,45,47,3,17,2.85714,1,1.9,1.83333,1,4,22,2.33333,31,15
195,1957103,11,8,0,0,0,9,19580,10,24,23,17,3,17,2.85714,1,1.9,1.83333,1,4,22,2.33333,31,15
195,1957104,15.5,15,0,0,0,13,19580,22,35,49,15,3,17,2.85714,1,1.9,1.83333,1,4,22,2.33333,31,15
195,1957106,15.5,10.66667,1,0,0,14,19580,21,44,56,35,3,17,2.85714,1,1.9,1.83333,1,4,22,2.33333,31,15
195,1957107,13,14.33333,0,0,0,12,19580,22,40,43,20,3,17,2.85714,1,1.9,1.83333,1,4,22,2.33333,31,15
195,1957109,11.5,9,1,0,0,11,19580,14,35,44,40,3,17,2.85714,1,1.9,1.83333,1,4,22,2.33333,31,15
195,1957110,11,10.33333,1,0,0,10,19580,18,35,45,15,3,17,2.85714,1,1.9,1.83333,1,4,22,2.33333,31,15
195,1957111,10,10.33333,0,0,1,4,19580,11,28,33,35,3,17,2.85714,1,1.9,1.83333,1,4,22,2.33333,31,15
195,1957112,11,12,0,0,1,15,19580,22,27,30,15,3,17,2.85714,1,1.9,1.83333,1,4,22,2.33333,31,15
195,1957113,12,9.66667,0,0,0,15,19580,13,32,38,15,3,17,2.85714,1,1.9,1.83333,1,4,22,2.33333,31,15
195,1957114,10.5,9.66667,0,0,0,6,19580,17,32,35,15,3,17,2.85714,1,1.9,1.83333,1,4,22,2.33333,31,15
195,1957201,12,13.66667,0,0,1,18,19580,22,35,43,15,3,17,2.85714,1,1.9,1.83333,1,4,22,2.33333,31,15
195,1957202,13,13.33333,0,0,0,10,19580,24,29,38,15,3,17,2.85714,1,1.9,1.83333,1,4,22,2.33333,31,15
195,1957203,12.5,9.33333,1,0,1,6,19580,15,40,37,18,3,17,2.85714,1,1.9,1.83333,1,4,22,2.33333,31,15
195,1957204,11.5,10,0,0,0,10,19580,13,36,34,25,3,17,2.85714,1,1.9,1.83333,1,4,22,2.33333,31,15
195,1957205,10,13,0,0,0,9,19580,10,32,44,20,3,17,2.85714,1,1.9,1.83333,1,4,22,2.33333,31,15
195,1957206,11,13,1,0,0,13,19580,14,37,42,18,3,17,2.85714,1,1.9,1.83333,1,4,22,2.33333,31,15
195,1957207,12,13.33333,1,0,0,11,19580,18,40,46,18,3,17,2.85714,1,1.9,1.83333,1,4,22,2.33333,31,15
195,1957208,13,10.33333,1,0,0,14,19580,15,40,47,18,3,17,2.85714,1,1.9,1.83333,1,4,22,2.33333,31,15
196,1967001,10.5,10.66667,1,0,0,10,19680,14,32,40,23,1,16,2.71429,1,2.3,2.5,0,0,14,2.33333,27,27
196,1967002,13,11.33333,0,0,1,12,19680,18,33,42,23,1,16,2.71429,1,2.3,2.5,0,0,14,2.33333,27,27
196,1967003,15,11.33333,1,0,0,13,19680,27,32,45,23,1,16,2.71429,1,2.3,2.5,0,0,14,2.33333,27,27
196,1967004,12.5,12,0,0,1,9,19680,20,34,35,20,1,16,2.71429,1,2.3,2.5,0,0,14,2.33333,27,27
196,1967005,12,9.33333,1,0,0,11,19680,22,33,39,23,1,16,2.71429,1,2.3,2.5,0,0,14,2.33333,27,27
196,1967006,12,12.66667,0,0,0,14,19680,26,29,46,23,1,16,2.71429,1,2.3,2.5,0,0,14,2.33333,27,27
196,1967007,12.5,14,1,0,0,10,19680,25,33,46,25,1,16,2.71429,1,2.3,2.5,0,0,14,2.33333,27,27
196,1967008,12,11.33333,1,0,0,13,19680,16,36,49,27,1,16,2.71429,1,2.3,2.5,0,0,14,2.33333,27,27
196,1967009,11,8.66667,0,0,1,8,19680,10,31,32,20,1,16,2.71429,1,2.3,2.5,0,0,14,2.33333,27,27
196,1967010,12,10.66667,0,0,1,8,19680,14,31,40,23,1,16,2.71429,1,2.3,2.5,0,0,14,2.33333,27,27
196,1967011,10.5,11,1,0,0,9,19680,22,31,43,45,1,16,2.71429,1,2.3,2.5,0,0,14,2.33333,27,27
196,1967012,16,16,0,0,0,18,19680,29,38,50,40,1,16,2.71429,1,2.3,2.5,0,0,14,2.33333,27,27
196,1967013,15,13.33333,1,0,0,12,19680,27,32,55,30,1,16,2.71429,1,2.3,2.5,0,0,14,2.33333,27,27
196,1967014,7.5,11.33333,1,0,0,10,19680,26,36,47,40,1,16,2.71429,1,2.3,2.5,0,0,14,2.33333,27,27
196,1967015,13,13,0,0,0,11,19680,11,21,36,20,1,16,2.71429,1,2.3,2.5,0,0,14,2.33333,27,27
196,1967016,11.5,8.66667,0,0,1,8,19680,19,29,44,37,1,16,2.71429,1,2.3,2.5,0,0,14,2.33333,27,27
196,1967017,15.5,12.33333,1,0,0,17,19680,28,43,50,23,1,16,2.71429,1,2.3,2.5,0,0,14,2.33333,27,27
196,1967018,12,12.66667,0,0,1,14,19680,21,28,40,28,1,16,2.71429,1,2.3,2.5,0,0,14,2.33333,27,27
196,1967019,12.5,11.33333,0,0,0,9,19680,29,37,50,30,1,16,2.71429,1,2.3,2.5,0,0,14,2.33333,27,27
196,1967020,13.5,12.66667,1,0,0,13,19680,30,32,52,47,1,16,2.71429,1,2.3,2.5,0,0,14,2.33333,27,27
196,1967021,15.5,13.66667,1,0,0,14,19680,27,45,55,50,1,16,2.71429,1,2.3,2.5,0,0,14,2.33333,27,27
196,1967022,9.5,11.33333,1,0,0,8,19680,12,27,30,23,1,16,2.71429,1,2.3,2.5,0,0,14,2.33333,27,27
196,1967023,7.5,10,1,0,1,11,19680,10,20,26,18,1,16,2.71429,1,2.3,2.5,0,0,14,2.33333,27,27
196,1967024,14,12,0,0,1,10,19680,14,38,45,23,1,16,2.71429,1,2.3,2.5,0,0,14,2.33333,27,27
196,1967025,10.5,11.33333,0,0,1,14,19680,23,33,35,18,1,16,2.71429,1,2.3,2.5,0,0,14,2.33333,27,27
196,1967026,10.5,8.66667,1,0,0,13,19680,18,27,37,40,1,16,2.71429,1,2.3,2.5,0,0,14,2.33333,27,27
196,1967027,12.5,13,1,0,0,15,19680,28,33,45,40,1,16,2.71429,1,2.3,2.5,0,0,14,2.33333,27,27
197,1977001,14,11,1,0,0,14,19780,25,36,43,27,4,21,3.14286,1,1.5,1.16667,1,0,10,2,35,20
197,1977002,13.5,10.33333,1,0,0,12,19780,26,38,50,23,4,21,3.14286,1,1.5,1.16667,1,0,10,2,35,20
197,1977003,12.5,11.66667,1,0,0,14,19780,22,28,46,30,4,21,3.14286,1,1.5,1.16667,1,0,10,2,35,20
197,1977004,15,11,1,0,0,15,19780,20,44,50,27,4,21,3.14286,1,1.5,1.16667,1,0,10,2,35,20
197,1977005,13.5,11.33333,1,0,0,17,19780,28,40,53,30,4,21,3.14286,1,1.5,1.16667,1,0,10,2,35,20
197,1977006,14.5,11.66667,1,0,0,16,19780,26,38,53,30,4,21,3.14286,1,1.5,1.16667,1,0,10,2,35,20
197,1977007,10.5,9.33333,1,0,0,8,19780,15,29,37,23,4,21,3.14286,1,1.5,1.16667,1,0,10,2,35,20
197,1977008,12,11,1,0,0,14,19780,20,39,46,27,4,21,3.14286,1,1.5,1.16667,1,0,10,2,35,20
197,1977009,11.5,9,0,0,1,11,19780,21,28,45,33,4,21,3.14286,1,1.5,1.16667,1,0,10,2,35,20
197,1977010,15.5,11.66667,0,0,0,17,19780,27,43,51,30,4,21,3.14286,1,1.5,1.16667,1,0,10,2,35,20
197,1977011,11.5,11,0,0,0,14,19780,21,36,37,27,4,21,3.14286,1,1.5,1.16667,1,0,10,2,35,20
197,1977012,14.5,16,0,0,0,17,19780,29,39,49,23,4,21,3.14286,1,1.5,1.16667,1,0,10,2,35,20
197,1977013,15,14,0,0,0,15,19780,25,32,46,23,4,21,3.14286,1,1.5,1.16667,1,0,10,2,35,20
197,1977014,13,10,0,0,0,12,19780,21,32,37,20,4,21,3.14286,1,1.5,1.16667,1,0,10,2,35,20
197,1977015,12,8.33333,0,0,0,12,19780,20,33,37,20,4,21,3.14286,1,1.5,1.16667,1,0,10,2,35,20
197,1977016,13,9.66667,0,0,0,10,19780,15,18,23,23,4,21,3.14286,1,1.5,1.16667,1,0,10,2,35,20
197,1977017,13.5,11.66667,0,0,0,15,19780,28,43,47,30,4,21,3.14286,1,1.5,1.16667,1,0,10,2,35,20
197,1977018,12.5,12.66667,0,0,0,15,19780,24,43,49,30,4,21,3.14286,1,1.5,1.16667,1,0,10,2,35,20
197,1977019,18,11.33333,0,0,0,17,19780,26,45,51,40,4,21,3.14286,1,1.5,1.16667,1,0,10,2,35,20
197,1977020,16.5,13,0,0,0,18,19780,26,43,56,27,4,21,3.14286,1,1.5,1.16667,1,0,10,2,35,20
198,1987001,11.5,10.66667,1,0,0,15,19880,13,32,30,23,1,11,3.28571,1,2.2,2.33333,1,22,14,2.33333,22,9
198,1987002,11,12.33333,1,0,0,11,19880,16,34,28,10,1,11,3.28571,1,2.2,2.33333,1,22,14,2.33333,22,9
198,1987004,13.5,15.66667,1,0,0,13,19880,22,39,45,30,1,11,3.28571,1,2.2,2.33333,1,22,14,2.33333,22,9
198,1987005,9.5,7.66667,1,0,1,13,19880,5,32,31,17,1,11,3.28571,1,2.2,2.33333,1,22,14,2.33333,22,9
198,1987008,8.5,10.33333,0,1,0,14,19880,16,19,29,10,1,11,3.28571,1,2.2,2.33333,1,22,14,2.33333,22,9
198,1987009,14,16,0,0,0,19,19880,28,46,49,25,1,11,3.28571,1,2.2,2.33333,1,22,14,2.33333,22,9
198,1987010,10.5,12,1,0,0,12,19880,19,40,43,25,1,11,3.28571,1,2.2,2.33333,1,22,14,2.33333,22,9
199,1997101,14.5,10.66667,1,0,0,11,19980,21,40,49,40,1,12,3.28571,0,2.1,2.16667,0,50,14,2.66667,37,37
199,1997102,12.5,11.66667,1,0,0,16,19980,15,39,40,40,1,12,3.28571,0,2.1,2.16667,0,50,14,2.66667,37,37
199,1997104,13,10.33333,0,1,0,10,19980,19,31,39,45,1,12,3.28571,0,2.1,2.16667,0,50,14,2.66667,37,37
199,1997105,13,10.66667,0,0,1,14,19980,25,29,33,17,1,12,3.28571,0,2.1,2.16667,0,50,14,2.66667,37,37
199,1997109,13.5,13,0,0,0,8,19980,8,25,30,40,1,12,3.28571,0,2.1,2.16667,0,50,14,2.66667,37,37
199,1997110,10.5,11,1,0,0,11,19980,6,31,31,20,1,12,3.28571,0,2.1,2.16667,0,50,14,2.66667,37,37
199,1997111,9,7.66667,1,0,0,10,19980,5,35,37,30,1,12,3.28571,0,2.1,2.16667,0,50,14,2.66667,37,37
199,1997112,14,10.33333,1,0,0,14,19980,26,41,53,27,1,12,3.28571,0,2.1,2.16667,0,50,14,2.66667,37,37
199,1997113,15,9.33333,1,0,0,11,19980,10,38,42,20,1,12,3.28571,0,2.1,2.16667,0,50,14,2.66667,37,37
199,1997114,11.5,10.66667,1,0,0,10,19980,12,35,31,20,1,12,3.28571,0,2.1,2.16667,0,50,14,2.66667,37,37
199,1997115,10,11,0,0,0,6,19980,10,31,35,20,1,12,3.28571,0,2.1,2.16667,0,50,14,2.66667,37,37
199,1997116,9,10.66667,0,0,0,9,19980,8,24,22,20,1,12,3.28571,0,2.1,2.16667,0,50,14,2.66667,37,37
199,1997117,9.5,10,0,1,0,12,19980,18,33,28,10,1,12,3.28571,0,2.1,2.16667,0,50,14,2.66667,37,37
199,1997201,8.5,12.33333,1,1,0,12,19980,15,26,33,10,1,12,3.28571,0,2.1,2.16667,0,50,14,2.66667,37,37
199,1997202,10,8,1,0,1,6,19980,6,28,21,10,1,12,3.28571,0,2.1,2.16667,0,50,14,2.66667,37,37
199,1997203,8,8.66667,1,0,1,8,19980,9,29,24,23,1,12,3.28571,0,2.1,2.16667,0,50,14,2.66667,37,37
199,1997204,7,7,0,0,1,8,19980,7,27,22,10,1,12,3.28571,0,2.1,2.16667,0,50,14,2.66667,37,37
199,1997205,11.5,10.33333,1,1,0,13,19980,12,39,46,15,1,12,3.28571,0,2.1,2.16667,0,50,14,2.66667,37,37
199,1997206,11,8,0,0,0,12,19980,9,26,25,10,1,12,3.28571,0,2.1,2.16667,0,50,14,2.66667,37,37
199,1997207,8.5,10.33333,1,1,0,12,19980,5,32,27,10,1,12,3.28571,0,2.1,2.16667,0,50,14,2.66667,37,37
199,1997208,13.5,12.33333,1,0,0,13,19980,18,31,43,15,1,12,3.28571,0,2.1,2.16667,0,50,14,2.66667,37,37
199,1997209,11,13,0,0,0,11,19980,13,39,36,15,1,12,3.28571,0,2.1,2.16667,0,50,14,2.66667,37,37
199,1997210,10,10,0,1,0,11,19980,10,29,26,10,1,12,3.28571,0,2.1,2.16667,0,50,14,2.66667,37,37
199,1997211,12.5,14.33333,1,0,0,12,19980,24,36,46,10,1,12,3.28571,0,2.1,2.16667,0,50,14,2.66667,37,37
199,1997212,12,9.66667,1,0,0,12,19980,9,31,46,10,1,12,3.28571,0,2.1,2.16667,0,50,14,2.66667,37,37
199,1997213,14.5,13.33333,1,0,0,11,19980,17,36,44,10,1,12,3.28571,0,2.1,2.16667,0,50,14,2.66667,37,37
199,1997215,10.5,11,0,0,0,11,19980,13,27,32,15,1,12,3.28571,0,2.1,2.16667,0,50,14,2.66667,37,37
199,1997216,13.5,9,0,0,0,13,19980,11,35,35,20,1,12,3.28571,0,2.1,2.16667,0,50,14,2.66667,37,37
199,1997217,9,10.33333,0,0,0,5,19980,8,26,26,10,1,12,3.28571,0,2.1,2.16667,0,50,14,2.66667,37,37
199,1997218,12,11.33333,1,0,1,12,19980,12,41,34,10,1,12,3.28571,0,2.1,2.16667,0,50,14,2.66667,37,37
204,2047001,12,10,1,0,0,13,20480,25,41,45,40,2,29,3.14286,0,2.3,1.83333,0,0,21,1.66667,26,26
204,2047002,13,15,1,0,0,17,20480,27,37,47,40,2,29,3.14286,0,2.3,1.83333,0,0,21,1.66667,26,26
204,2047004,12.5,10,1,0,0,14,20480,24,34,45,20,2,29,3.14286,0,2.3,1.83333,0,0,21,1.66667,26,26
204,2047005,10,10.66667,0,0,0,10,20480,13,36,32,38,2,29,3.14286,0,2.3,1.83333,0,0,21,1.66667,26,26
204,2047006,11,8.66667,0,0,0,9,20480,14,32,32,50,2,29,3.14286,0,2.3,1.83333,0,0,21,1.66667,26,26
204,2047007,13,13.33333,1,0,0,16,20480,27,45,47,30,2,29,3.14286,0,2.3,1.83333,0,0,21,1.66667,26,26
204,2047008,10,10.66667,0,0,0,11,20480,19,25,28,40,2,29,3.14286,0,2.3,1.83333,0,0,21,1.66667,26,26
204,2047009,14,11.66667,0,0,0,12,20480,22,37,46,45,2,29,3.14286,0,2.3,1.83333,0,0,21,1.66667,26,26
204,2047010,13,11.66667,1,0,0,8,20480,24,28,37,37,2,29,3.14286,0,2.3,1.83333,0,0,21,1.66667,26,26
204,2047012,12.5,12.33333,0,0,0,12,20480,22,37,40,43,2,29,3.14286,0,2.3,1.83333,0,0,21,1.66667,26,26
204,2047013,13.5,14,0,0,0,16,20480,26,42,42,40,2,29,3.14286,0,2.3,1.83333,0,0,21,1.66667,26,26
204,2047014,9.5,14.66667,1,0,0,11,20480,29,41,53,43,2,29,3.14286,0,2.3,1.83333,0,0,21,1.66667,26,26
204,2047015,11,10.66667,0,0,0,10,20480,17,26,22,37,2,29,3.14286,0,2.3,1.83333,0,0,21,1.66667,26,26
204,2047017,8.5,9.33333,1,0,1,10,20480,9,30,21,20,2,29,3.14286,0,2.3,1.83333,0,0,21,1.66667,26,26
204,2047018,10.5,8,0,0,0,9,20480,25,32,37,37,2,29,3.14286,0,2.3,1.83333,0,0,21,1.66667,26,26
204,2047019,11,10.66667,1,0,0,12,20480,19,26,42,38,2,29,3.14286,0,2.3,1.83333,0,0,21,1.66667,26,26
204,2047020,8.5,12.66667,1,0,0,16,20480,24,29,42,47,2,29,3.14286,0,2.3,1.83333,0,0,21,1.66667,26,26
204,2047021,8.5,10.66667,0,0,0,10,20480,18,32,35,37,2,29,3.14286,0,2.3,1.83333,0,0,21,1.66667,26,26
204,2047022,12.5,9.66667,1,0,0,16,20480,22,40,51,40,2,29,3.14286,0,2.3,1.83333,0,0,21,1.66667,26,26
204,2047023,10.5,12.66667,1,0,0,12,20480,26,31,46,37,2,29,3.14286,0,2.3,1.83333,0,0,21,1.66667,26,26
204,2047024,10.5,8,0,0,1,13,20480,18,31,31,37,2,29,3.14286,0,2.3,1.83333,0,0,21,1.66667,26,26
204,2047025,10,8.33333,1,0,0,9,20480,25,26,40,27,2,29,3.14286,0,2.3,1.83333,0,0,21,1.66667,26,26
204,2047026,11,11.33333,1,0,0,11,20480,28,37,52,33,2,29,3.14286,0,2.3,1.83333,0,0,21,1.66667,26,26
204,2047027,14,12.66667,1,0,0,10,20480,25,36,47,47,2,29,3.14286,0,2.3,1.83333,0,0,21,1.66667,26,26
206,2067001,12.5,8,0,0,0,13,20680,23,36,39,18,2,18,3.57143,1,1.8,1.66667,0,0,18,1.66667,11,11
206,2067002,12,10.33333,1,0,0,15,20680,25,40,39,20,2,18,3.57143,1,1.8,1.66667,0,0,18,1.66667,11,11
206,2067003,14,12.33333,0,0,0,16,20680,26,45,52,35,2,18,3.57143,1,1.8,1.66667,0,0,18,1.66667,11,11
206,2067004,12,9.66667,1,0,0,12,20680,24,33,48,23,2,18,3.57143,1,1.8,1.66667,0,0,18,1.66667,11,11
206,2067005,13,10.66667,0,0,0,15,20680,16,35,40,18,2,18,3.57143,1,1.8,1.66667,0,0,18,1.66667,11,11
206,2067006,12.5,11,0,0,0,12,20680,23,30,47,28,2,18,3.57143,1,1.8,1.66667,0,0,18,1.66667,11,11
206,2067007,11.5,10.33333,0,0,0,12,20680,24,30,45,20,2,18,3.57143,1,1.8,1.66667,0,0,18,1.66667,11,11
206,2067008,14.5,16.66667,1,0,0,17,20680,28,42,56,25,2,18,3.57143,1,1.8,1.66667,0,0,18,1.66667,11,11
206,2067009,13.5,10.33333,1,0,0,12,20680,28,35,51,20,2,18,3.57143,1,1.8,1.66667,0,0,18,1.66667,11,11
206,2067010,12.5,12.33333,0,0,0,15,20680,27,35,47,20,2,18,3.57143,1,1.8,1.66667,0,0,18,1.66667,11,11
206,2067011,12.5,8,0,0,1,6,20680,7,33,38,18,2,18,3.57143,1,1.8,1.66667,0,0,18,1.66667,11,11
209,2097001,11,9,1,0,0,9,20980,22,26,36,30,2,14,3.14286,1,1.6,1.83333,0,0,13,1.66667,27,27
209,2097002,10.5,8,0,0,1,14,20980,18,29,26,10,2,14,3.14286,1,1.6,1.83333,0,0,13,1.66667,27,27
209,2097003,11,13.33333,0,0,0,9,20980,26,35,37,17,2,14,3.14286,1,1.6,1.83333,0,0,13,1.66667,27,27
209,2097004,12,8.66667,1,0,0,10,20980,28,31,48,10,2,14,3.14286,1,1.6,1.83333,0,0,13,1.66667,27,27
209,2097005,10.5,9,0,0,0,8,20980,22,22,33,13,2,14,3.14286,1,1.6,1.83333,0,0,13,1.66667,27,27
209,2097006,11.5,9,1,0,0,10,20980,24,32,43,27,2,14,3.14286,1,1.6,1.83333,0,0,13,1.66667,27,27
209,2097007,14.5,9.66667,1,0,0,17,20980,29,42,52,13,2,14,3.14286,1,1.6,1.83333,0,0,13,1.66667,27,27
209,2097008,13,11.66667,0,0,1,3,20980,15,35,42,20,2,14,3.14286,1,1.6,1.83333,0,0,13,1.66667,27,27
209,2097009,13,11.33333,1,0,0,15,20980,26,35,53,17,2,14,3.14286,1,1.6,1.83333,0,0,13,1.66667,27,27
209,2097010,11,13,1,0,0,12,20980,26,32,47,20,2,14,3.14286,1,1.6,1.83333,0,0,13,1.66667,27,27
209,2097011,15,14.33333,1,0,0,16,20980,29,45,55,23,2,14,3.14286,1,1.6,1.83333,0,0,13,1.66667,27,27
209,2097012,9.5,9,0,0,0,10,20980,24,28,39,10,2,14,3.14286,1,1.6,1.83333,0,0,13,1.66667,27,27
209,2097013,13,9.66667,1,0,1,11,20980,15,28,33,20,2,14,3.14286,1,1.6,1.83333,0,0,13,1.66667,27,27
209,2097014,12.5,9,1,0,0,13,20980,21,33,46,43,2,14,3.14286,1,1.6,1.83333,0,0,13,1.66667,27,27
209,2097015,12.5,12.66667,1,0,0,13,20980,25,36,45,50,2,14,3.14286,1,1.6,1.83333,0,0,13,1.66667,27,27
209,2097016,11,13.66667,1,0,0,13,20980,26,39,49,10,2,14,3.14286,1,1.6,1.83333,0,0,13,1.66667,27,27
209,2097017,12.5,12,0,0,0,15,20980,29,35,48,23,2,14,3.14286,1,1.6,1.83333,0,0,13,1.66667,27,27
209,2097018,12.5,13.33333,0,0,0,16,20980,22,44,47,33,2,14,3.14286,1,1.6,1.83333,0,0,13,1.66667,27,27
209,2097019,13,10.66667,0,0,1,10,20980,17,41,40,20,2,14,3.14286,1,1.6,1.83333,0,0,13,1.66667,27,27
209,2097021,13.5,14.33333,0,0,0,14,20980,26,37,39,47,2,14,3.14286,1,1.6,1.83333,0,0,13,1.66667,27,27
209,2097022,11.5,9,1,0,0,8,20980,12,38,47,10,2,14,3.14286,1,1.6,1.83333,0,0,13,1.66667,27,27
209,2097023,11.5,8,1,0,0,11,20980,13,15,41,10,2,14,3.14286,1,1.6,1.83333,0,0,13,1.66667,27,27
209,2097024,11.5,10.33333,1,0,0,10,20980,24,29,41,10,2,14,3.14286,1,1.6,1.83333,0,0,13,1.66667,27,27
210,2107001,13.5,9,0,0,0,15,21080,24,39,45,35,1,18,3.28571,1,2.3,2.5,0,0,25,3.33333,17,17
210,2107003,11.5,10,1,0,0,12,21080,19,29,40,40,1,18,3.28571,1,2.3,2.5,0,0,25,3.33333,17,17
210,2107004,12.5,11,1,0,0,14,21080,24,36,55,35,1,18,3.28571,1,2.3,2.5,0,0,25,3.33333,17,17
210,2107005,15.5,13,0,0,0,11,21080,23,37,50,43,1,18,3.28571,1,2.3,2.5,0,0,25,3.33333,17,17
210,2107006,12,13.33333,1,0,0,16,21080,23,40,53,48,1,18,3.28571,1,2.3,2.5,0,0,25,3.33333,17,17
210,2107007,15.5,14.33333,1,0,0,19,21080,27,43,52,48,1,18,3.28571,1,2.3,2.5,0,0,25,3.33333,17,17
210,2107008,9,9.66667,0,0,0,10,21080,19,28,29,30,1,18,3.28571,1,2.3,2.5,0,0,25,3.33333,17,17
210,2107009,13.5,12.33333,0,0,0,18,21080,28,38,46,35,1,18,3.28571,1,2.3,2.5,0,0,25,3.33333,17,17
210,2107010,12,11.33333,0,0,0,8,21080,17,24,27,40,1,18,3.28571,1,2.3,2.5,0,0,25,3.33333,17,17
210,2107011,13,9.66667,1,0,0,7,21080,14,27,33,30,1,18,3.28571,1,2.3,2.5,0,0,25,3.33333,17,17
210,2107012,12,10.66667,0,0,0,12,21080,11,35,31,43,1,18,3.28571,1,2.3,2.5,0,0,25,3.33333,17,17
210,2107013,13.5,12.66667,0,0,0,11,21080,25,36,47,38,1,18,3.28571,1,2.3,2.5,0,0,25,3.33333,17,17
210,2107014,14.5,14,0,0,0,18,21080,28,48,56,35,1,18,3.28571,1,2.3,2.5,0,0,25,3.33333,17,17
210,2107015,9,10.33333,0,0,0,10,21080,16,26,28,28,1,18,3.28571,1,2.3,2.5,0,0,25,3.33333,17,17
210,2107016,14.5,9.33333,1,0,0,6,21080,19,34,44,35,1,18,3.28571,1,2.3,2.5,0,0,25,3.33333,17,17
210,2107017,14.5,13.33333,1,0,0,8,21080,13,34,40,30,1,18,3.28571,1,2.3,2.5,0,0,25,3.33333,17,17
212,2127001,9,10.66667,1,0,0,9,21280,10,29,34,25,1,14,3.57143,1,2.2,2,0,0,14,3,25,25
212,2127002,12.5,9,0,0,0,10,21280,22,28,32,18,1,14,3.57143,1,2.2,2,0,0,14,3,25,25
212,2127003,8.5,10.66667,0,0,0,11,21280,10,26,28,20,1,14,3.57143,1,2.2,2,0,0,14,3,25,25
212,2127005,13,11.33333,1,0,0,11,21280,20,33,49,33,1,14,3.57143,1,2.2,2,0,0,14,3,25,25
212,2127006,13,14.33333,1,0,0,13,21280,17,37,42,18,1,14,3.57143,1,2.2,2,0,0,14,3,25,25
212,2127007,11,9.33333,1,0,0,9,21280,23,35,50,23,1,14,3.57143,1,2.2,2,0,0,14,3,25,25
212,2127008,13,10.33333,0,0,0,14,21280,17,35,46,15,1,14,3.57143,1,2.2,2,0,0,14,3,25,25
212,2127009,15,11,1,0,0,17,21280,28,44,51,23,1,14,3.57143,1,2.2,2,0,0,14,3,25,25
212,2127010,12.5,9.33333,1,0,0,14,21280,16,39,42,18,1,14,3.57143,1,2.2,2,0,0,14,3,25,25
212,2127011,14.5,10.33333,1,0,0,15,21280,13,34,42,18,1,14,3.57143,1,2.2,2,0,0,14,3,25,25
212,2127012,8.5,8.66667,0,0,0,8,21280,15,26,40,18,1,14,3.57143,1,2.2,2,0,0,14,3,25,25
212,2127013,16.5,10.33333,0,0,0,14,21280,24,29,46,27,1,14,3.57143,1,2.2,2,0,0,14,3,25,25
212,2127014,10,9.33333,0,0,0,8,21280,24,34,35,18,1,14,3.57143,1,2.2,2,0,0,14,3,25,25
212,2127015,14,9.33333,0,0,0,15,21280,16,38,42,17,1,14,3.57143,1,2.2,2,0,0,14,3,25,25
212,2127016,13.5,11.66667,1,0,0,13,21280,25,35,52,15,1,14,3.57143,1,2.2,2,0,0,14,3,25,25
212,2127019,11.5,10,0,0,0,18,21280,23,32,47,25,1,14,3.57143,1,2.2,2,0,0,14,3,25,25
212,2127020,11.5,10,1,0,0,11,21280,20,36,47,23,1,14,3.57143,1,2.2,2,0,0,14,3,25,25
212,2127021,5.5,9.66667,0,0,0,12,21280,17,21,33,18,1,14,3.57143,1,2.2,2,0,0,14,3,25,25
212,2127022,12.5,9,0,0,0,12,21280,11,37,43,25,1,14,3.57143,1,2.2,2,0,0,14,3,25,25
212,2127023,13,10.33333,1,0,0,13,21280,24,40,46,17,1,14,3.57143,1,2.2,2,0,0,14,3,25,25
212,2127024,13.5,13.33333,1,0,0,7,21280,14,32,49,18,1,14,3.57143,1,2.2,2,0,0,14,3,25,25
212,2127025,11,10,0,0,1,11,21280,15,26,26,18,1,14,3.57143,1,2.2,2,0,0,14,3,25,25
212,2127026,12,11.33333,1,0,0,13,21280,15,36,35,18,1,14,3.57143,1,2.2,2,0,0,14,3,25,25
212,2127027,11.5,8,1,0,0,12,21280,11,28,45,18,1,14,3.57143,1,2.2,2,0,0,14,3,25,25
212,2127028,12,9.33333,1,0,0,11,21280,23,32,49,28,1,14,3.57143,1,2.2,2,0,0,14,3,25,25
214,2147001,10,10.33333,0,0,1,7,21480,3,16,21,15,1,16,3.42857,0,1.8,1.66667,0,25,13,1.33333,27,25
214,2147002,9,13,0,0,0,8,21480,11,32,33,20,1,16,3.42857,0,1.8,1.66667,0,25,13,1.33333,27,25
214,2147003,7,10.33333,0,1,0,8,21480,20,26,33,10,1,16,3.42857,0,1.8,1.66667,0,25,13,1.33333,27,25
214,2147004,10,9.66667,0,0,1,9,21480,8,24,21,20,1,16,3.42857,0,1.8,1.66667,0,25,13,1.33333,27,25
214,2147005,11.5,9.66667,0,0,0,14,21480,12,31,34,20,1,16,3.42857,0,1.8,1.66667,0,25,13,1.33333,27,25
214,2147006,8,13.66667,0,0,0,8,21480,9,24,31,20,1,16,3.42857,0,1.8,1.66667,0,25,13,1.33333,27,25
214,2147007,10.5,9.33333,0,0,0,8,21480,16,27,27,20,1,16,3.42857,0,1.8,1.66667,0,25,13,1.33333,27,25
214,2147009,12,11,0,0,0,7,21480,19,35,32,20,1,16,3.42857,0,1.8,1.66667,0,25,13,1.33333,27,25
214,2147010,12,9.33333,0,0,0,10,21480,13,27,41,47,1,16,3.42857,0,1.8,1.66667,0,25,13,1.33333,27,25
214,2147011,7,13.33333,0,1,0,9,21480,13,23,22,20,1,16,3.42857,0,1.8,1.66667,0,25,13,1.33333,27,25
214,2147012,14,11.33333,0,0,0,10,21480,17,38,34,15,1,16,3.42857,0,1.8,1.66667,0,25,13,1.33333,27,25
214,2147013,6,8.66667,0,1,1,8,21480,5,18,22,20,1,16,3.42857,0,1.8,1.66667,0,25,13,1.33333,27,25
214,2147015,17,13.33333,0,0,0,17,21480,25,44,52,40,1,16,3.42857,0,1.8,1.66667,0,25,13,1.33333,27,25
214,2147017,7,8.33333,0,0,0,8,21480,8,23,23,20,1,16,3.42857,0,1.8,1.66667,0,25,13,1.33333,27,25
214,2147018,11.5,10.66667,1,0,0,7,21480,10,29,35,37,1,16,3.42857,0,1.8,1.66667,0,25,13,1.33333,27,25
214,2147019,9,10,1,1,0,7,21480,13,33,35,15,1,16,3.42857,0,1.8,1.66667,0,25,13,1.33333,27,25
214,2147020,10,11.33333,1,0,0,7,21480,9,31,26,15,1,16,3.42857,0,1.8,1.66667,0,25,13,1.33333,27,25
214,2147021,13.5,9.33333,1,0,1,7,21480,3,36,40,20,1,16,3.42857,0,1.8,1.66667,0,25,13,1.33333,27,25
214,2147022,15.5,17,1,0,0,12,21480,25,39,49,43,1,16,3.42857,0,1.8,1.66667,0,25,13,1.33333,27,25
214,2147023,7.5,12,1,0,1,11,21480,13,32,36,17,1,16,3.42857,0,1.8,1.66667,0,25,13,1.33333,27,25
214,2147024,12.5,13,1,0,0,1,21480,5,34,36,30,1,16,3.42857,0,1.8,1.66667,0,25,13,1.33333,27,25
215,2157001,10.5,12.66667,0,0,0,8,21580,21,41,42,17,1,14,3.42857,0,2.2,2,0,0,24,3.33333,16,16
215,2157002,9,8.66667,1,0,0,4,21580,6,29,32,10,1,14,3.42857,0,2.2,2,0,0,24,3.33333,16,16
215,2157003,11,12,0,0,0,10,21580,18,24,37,27,1,14,3.42857,0,2.2,2,0,0,24,3.33333,16,16
215,2157004,14.5,14.33333,0,0,0,11,21580,20,36,46,50,1,14,3.42857,0,2.2,2,0,0,24,3.33333,16,16
215,2157005,10,8,0,0,1,9,21580,6,30,35,23,1,14,3.42857,0,2.2,2,0,0,24,3.33333,16,16
215,2157006,11.5,12.66667,1,0,0,12,21580,17,41,51,20,1,14,3.42857,0,2.2,2,0,0,24,3.33333,16,16
215,2157007,15.5,12.33333,1,0,0,11,21580,12,38,47,20,1,14,3.42857,0,2.2,2,0,0,24,3.33333,16,16
215,2157009,11.5,12.33333,0,0,0,9,21580,24,37,47,20,1,14,3.42857,0,2.2,2,0,0,24,3.33333,16,16
215,2157010,14,11,1,0,0,10,21580,18,44,44,20,1,14,3.42857,0,2.2,2,0,0,24,3.33333,16,16
215,2157011,11.5,10,0,0,0,11,21580,21,44,49,33,1,14,3.42857,0,2.2,2,0,0,24,3.33333,16,16
215,2157012,9,9,1,0,0,6,21580,13,35,37,20,1,14,3.42857,0,2.2,2,0,0,24,3.33333,16,16
215,2157013,11.5,10,0,0,0,4,21580,11,22,35,20,1,14,3.42857,0,2.2,2,0,0,24,3.33333,16,16
216,2167001,11.5,12.33333,0,0,0,11,21680,17,34,33,18,3,13,3.57143,1,2.5,2.5,1,0,10,2.33333,18,8
216,2167002,14.5,11,0,0,1,14,21680,23,34,37,20,3,13,3.57143,1,2.5,2.5,1,0,10,2.33333,18,8
216,2167003,12,11.33333,0,0,0,17,21680,26,41,53,20,3,13,3.57143,1,2.5,2.5,1,0,10,2.33333,18,8
216,2167004,13.5,12,0,0,0,17,21680,27,43,51,38,3,13,3.57143,1,2.5,2.5,1,0,10,2.33333,18,8
216,2167005,14,10,0,0,0,17,21680,26,43,53,28,3,13,3.57143,1,2.5,2.5,1,0,10,2.33333,18,8
216,2167006,10,11.66667,0,0,0,11,21680,20,37,36,23,3,13,3.57143,1,2.5,2.5,1,0,10,2.33333,18,8
216,2167007,12,9,1,0,0,17,21680,19,34,43,25,3,13,3.57143,1,2.5,2.5,1,0,10,2.33333,18,8
217,2177002,14,9,1,0,0,14,21780,29,44,52,20,1,17,3.85714,0,2.3,2.16667,0,0,22,2,20,10
217,2177003,11,8.33333,0,0,0,12,21780,20,31,36,27,1,17,3.85714,0,2.3,2.16667,0,0,22,2,20,10
217,2177004,13,9.66667,0,0,0,17,21780,23,38,50,40,1,17,3.85714,0,2.3,2.16667,0,0,22,2,20,10
217,2177005,13,11.66667,0,0,0,13,21780,28,40,48,27,1,17,3.85714,0,2.3,2.16667,0,0,22,2,20,10
217,2177006,13,12.66667,0,0,0,17,21780,28,36,49,20,1,17,3.85714,0,2.3,2.16667,0,0,22,2,20,10
217,2177007,12,11.66667,0,0,0,17,21780,24,29,43,17,1,17,3.85714,0,2.3,2.16667,0,0,22,2,20,10
217,2177008,12.5,9.5,0,0,0,9,21780,20,34,38,20,1,17,3.85714,0,2.3,2.16667,0,0,22,2,20,10
217,2177009,12,9.33333,0,0,0,12,21780,11,31,39,20,1,17,3.85714,0,2.3,2.16667,0,0,22,2,20,10
218,2187001,13.5,15.33333,1,1,0,15,21880,26,38,44,35,3,23,3.85714,1,2.5,2.33333,0,0,14,1.66667,27,27
218,2187002,8.5,10.33333,0,1,0,12,21880,24,25,41,28,3,23,3.85714,1,2.5,2.33333,0,0,14,1.66667,27,27
218,2187003,15,9.66667,1,1,0,10,21880,25,42,52,35,3,23,3.85714,1,2.5,2.33333,0,0,14,1.66667,27,27
218,2187004,15.5,9.66667,0,1,0,7,21880,26,43,55,28,3,23,3.85714,1,2.5,2.33333,0,0,14,1.66667,27,27
218,2187005,16,11,1,1,0,13,21880,25,46,49,33,3,23,3.85714,1,2.5,2.33333,0,0,14,1.66667,27,27
218,2187007,14,12.33333,1,1,0,17,21880,25,45,55,50,3,23,3.85714,1,2.5,2.33333,0,0,14,1.66667,27,27
218,2187009,16,11,1,1,0,10,21880,18,38,42,40,3,23,3.85714,1,2.5,2.33333,0,0,14,1.66667,27,27
218,2187010,14,13,0,1,0,15,21880,26,38,43,43,3,23,3.85714,1,2.5,2.33333,0,0,14,1.66667,27,27
218,2187011,11,10.66667,0,1,1,14,21880,16,29,39,33,3,23,3.85714,1,2.5,2.33333,0,0,14,1.66667,27,27
218,2187012,7.5,9.33333,0,1,1,13,21880,12,31,41,33,3,23,3.85714,1,2.5,2.33333,0,0,14,1.66667,27,27
218,2187013,14.5,15.66667,0,1,0,20,21880,30,41,56,40,3,23,3.85714,1,2.5,2.33333,0,0,14,1.66667,27,27
218,2187015,10.5,7.66667,0,1,0,12,21880,16,37,41,28,3,23,3.85714,1,2.5,2.33333,0,0,14,1.66667,27,27
218,2187016,15,11.33333,1,0,0,9,21880,29,43,49,50,3,23,3.85714,1,2.5,2.33333,0,0,14,1.66667,27,27
218,2187017,10.5,6.66667,1,0,1,11,21880,13,35,44,20,3,23,3.85714,1,2.5,2.33333,0,0,14,1.66667,27,27
218,2187019,13.5,10,1,1,0,13,21880,24,40,48,50,3,23,3.85714,1,2.5,2.33333,0,0,14,1.66667,27,27
218,2187020,11.5,11.33333,1,1,1,9,21880,16,30,42,23,3,23,3.85714,1,2.5,2.33333,0,0,14,1.66667,27,27
218,2187021,10.5,10.66667,0,1,0,11,21880,21,27,48,40,3,23,3.85714,1,2.5,2.33333,0,0,14,1.66667,27,27
218,2187022,15,12,1,1,0,17,21880,30,37,53,35,3,23,3.85714,1,2.5,2.33333,0,0,14,1.66667,27,27
218,2187023,13,10.33333,1,1,0,16,21880,26,44,54,35,3,23,3.85714,1,2.5,2.33333,0,0,14,1.66667,27,27
218,2187024,12.5,13.33333,1,1,0,15,21880,26,41,53,33,3,23,3.85714,1,2.5,2.33333,0,0,14,1.66667,27,27
218,2187025,13.5,13.66667,1,1,0,16,21880,28,40,44,23,3,23,3.85714,1,2.5,2.33333,0,0,14,1.66667,27,27
218,2187027,12.5,14,0,1,0,13,21880,25,41,44,23,3,23,3.85714,1,2.5,2.33333,0,0,14,1.66667,27,27
218,2187028,5.5,13.66667,0,1,0,13,21880,18,44,44,33,3,23,3.85714,1,2.5,2.33333,0,0,14,1.66667,27,27
218,2187029,17.5,11.33333,0,1,0,13,21880,26,43,54,50,3,23,3.85714,1,2.5,2.33333,0,0,14,1.66667,27,27
219,2197001,9.5,11,0,0,0,7,21980,9,34,36,15,2,14,3.42857,1,2.5,2.5,1,0,25,2.33333,32,14
219,2197002,14.5,12,0,0,0,16,21980,22,38,50,28,2,14,3.42857,1,2.5,2.5,1,0,25,2.33333,32,14
219,2197003,14,15,0,0,0,14,21980,20,35,43,18,2,14,3.42857,1,2.5,2.5,1,0,25,2.33333,32,14
219,2197004,13.5,14.33333,0,0,0,8,21980,21,40,46,15,2,14,3.42857,1,2.5,2.5,1,0,25,2.33333,32,14
219,2197005,10,11.66667,0,0,0,12,21980,23,36,51,23,2,14,3.42857,1,2.5,2.5,1,0,25,2.33333,32,14
219,2197006,12.5,15.33333,0,0,0,18,21980,29,34,46,10,2,14,3.42857,1,2.5,2.5,1,0,25,2.33333,32,14
219,2197007,10.5,13,0,0,0,12,21980,19,40,43,15,2,14,3.42857,1,2.5,2.5,1,0,25,2.33333,32,14
219,2197008,10.5,8,0,0,0,10,21980,18,33,43,18,2,14,3.42857,1,2.5,2.5,1,0,25,2.33333,32,14
219,2197009,10,10.66667,1,0,0,13,21980,22,42,53,25,2,14,3.42857,1,2.5,2.5,1,0,25,2.33333,32,14
219,2197010,10,10.33333,1,0,0,7,21980,16,41,40,35,2,14,3.42857,1,2.5,2.5,1,0,25,2.33333,32,14
219,2197011,12,9.66667,1,0,0,10,21980,15,30,35,18,2,14,3.42857,1,2.5,2.5,1,0,25,2.33333,32,14
219,2197012,11.5,8.66667,1,0,0,8,21980,19,33,46,15,2,14,3.42857,1,2.5,2.5,1,0,25,2.33333,32,14
219,2197013,12.5,10.66667,1,0,0,11,21980,30,39,51,20,2,14,3.42857,1,2.5,2.5,1,0,25,2.33333,32,14
219,2197014,12,9.33333,0,0,0,6,21980,20,36,43,18,2,14,3.42857,1,2.5,2.5,1,0,25,2.33333,32,14
222,2227001,11.5,11.33333,1,0,0,12,22280,18,23,28,40,1,18,3.28571,1,1.8,1.83333,0,0,10,2.33333,26,26
222,2227002,8.5,7.66667,1,0,0,12,22280,10,30,40,20,1,18,3.28571,1,1.8,1.83333,0,0,10,2.33333,26,26
222,2227004,11.5,10.66667,0,0,1,10,22280,15,27,40,20,1,18,3.28571,1,1.8,1.83333,0,0,10,2.33333,26,26
222,2227005,10.5,8,1,0,0,6,22280,6,19,24,17,1,18,3.28571,1,1.8,1.83333,0,0,10,2.33333,26,26
222,2227006,7,9.33333,1,0,0,6,22280,20,22,22,27,1,18,3.28571,1,1.8,1.83333,0,0,10,2.33333,26,26
222,2227007,12,9.66667,1,0,1,9,22280,16,26,33,23,1,18,3.28571,1,1.8,1.83333,0,0,10,2.33333,26,26
222,2227008,11.5,9,0,0,1,11,22280,15,31,37,20,1,18,3.28571,1,1.8,1.83333,0,0,10,2.33333,26,26
222,2227009,8,11.66667,0,0,1,7,22280,16,29,33,45,1,18,3.28571,1,1.8,1.83333,0,0,10,2.33333,26,26
222,2227010,12.5,9.66667,1,0,0,10,22280,26,37,53,40,1,18,3.28571,1,1.8,1.83333,0,0,10,2.33333,26,26
222,2227011,12,8.33333,1,0,0,12,22280,17,29,37,30,1,18,3.28571,1,1.8,1.83333,0,0,10,2.33333,26,26
222,2227013,12.5,11.33333,0,0,0,13,22280,25,40,49,25,1,18,3.28571,1,1.8,1.83333,0,0,10,2.33333,26,26
222,2227014,12.5,14.33333,0,0,0,13,22280,25,35,52,45,1,18,3.28571,1,1.8,1.83333,0,0,10,2.33333,26,26
222,2227016,12.5,9.66667,1,0,0,14,22280,28,30,51,40,1,18,3.28571,1,1.8,1.83333,0,0,10,2.33333,26,26
222,2227017,13,9,1,0,1,11,22280,8,37,39,30,1,18,3.28571,1,1.8,1.83333,0,0,10,2.33333,26,26
222,2227018,12,14,0,0,0,11,22280,26,32,46,50,1,18,3.28571,1,1.8,1.83333,0,0,10,2.33333,26,26
222,2227019,11,9.66667,1,0,0,12,22280,17,29,42,25,1,18,3.28571,1,1.8,1.83333,0,0,10,2.33333,26,26
222,2227020,11,14,0,0,0,10,22280,19,37,44,50,1,18,3.28571,1,1.8,1.83333,0,0,10,2.33333,26,26
222,2227021,11,8.33333,1,0,0,14,22280,23,21,37,20,1,18,3.28571,1,1.8,1.83333,0,0,10,2.33333,26,26
222,2227022,12.5,14,0,0,0,12,22280,26,33,49,30,1,18,3.28571,1,1.8,1.83333,0,0,10,2.33333,26,26
222,2227023,9.5,10.33333,0,0,0,10,22280,18,23,37,40,1,18,3.28571,1,1.8,1.83333,0,0,10,2.33333,26,26
222,2227024,13,13.33333,1,0,0,11,22280,27,42,51,35,1,18,3.28571,1,1.8,1.83333,0,0,10,2.33333,26,26
222,2227025,11,11.66667,1,0,0,13,22280,22,24,34,30,1,18,3.28571,1,1.8,1.83333,0,0,10,2.33333,26,26
222,2227026,11,11,0,0,0,11,22280,21,39,32,40,1,18,3.28571,1,1.8,1.83333,0,0,10,2.33333,26,26
222,2227027,12.5,11,0,0,0,10,22280,22,39,40,40,1,18,3.28571,1,1.8,1.83333,0,0,10,2.33333,26,26
224,2247001,11.5,11.33333,0,0,0,10,22480,23,28,40,30,3,14,2.71429,1,2.1,1.83333,0,0,14,3,13,13
224,2247002,12.5,12.66667,0,0,0,15,22480,26,37,41,30,3,14,2.71429,1,2.1,1.83333,0,0,14,3,13,13
224,2247003,10.5,7,0,0,0,6,22480,9,32,36,37,3,14,2.71429,1,2.1,1.83333,0,0,14,3,13,13
224,2247004,14,9.66667,1,0,0,9,22480,18,46,49,33,3,14,2.71429,1,2.1,1.83333,0,0,14,3,13,13
224,2247005,11,12,1,0,0,11,22480,10,29,45,30,3,14,2.71429,1,2.1,1.83333,0,0,14,3,13,13
224,2247006,13.5,13.66667,1,0,0,14,22480,26,39,43,30,3,14,2.71429,1,2.1,1.83333,0,0,14,3,13,13
224,2247007,12.5,10.66667,0,0,0,10,22480,25,29,35,20,3,14,2.71429,1,2.1,1.83333,0,0,14,3,13,13
224,2247008,15,14.33333,0,0,0,13,22480,27,46,48,23,3,14,2.71429,1,2.1,1.83333,0,0,14,3,13,13
224,2247009,16.5,11.33333,0,0,0,14,22480,27,38,46,30,3,14,2.71429,1,2.1,1.83333,0,0,14,3,13,13
224,2247010,13,9,0,0,0,6,22480,16,33,43,20,3,14,2.71429,1,2.1,1.83333,0,0,14,3,13,13
224,2247011,12.5,12,1,0,0,12,22480,26,46,44,38,3,14,2.71429,1,2.1,1.83333,0,0,14,3,13,13
224,2247012,8.5,10.66667,1,0,0,9,22480,24,32,33,23,3,14,2.71429,1,2.1,1.83333,0,0,14,3,13,13
224,2247013,10,9,1,0,0,8,22480,18,29,40,30,3,14,2.71429,1,2.1,1.83333,0,0,14,3,13,13
226,2267101,12,10.66667,0,0,0,9,22680,22,32,30,25,3,20,3.71429,1,1.8,1.66667,1,4,14,1.66667,24,17
226,2267102,11.5,14,0,0,0,12,22680,9,37,31,20,3,20,3.71429,1,1.8,1.66667,1,4,14,1.66667,24,17
226,2267103,11.5,11,0,0,1,12,22680,18,32,34,20,3,20,3.71429,1,1.8,1.66667,1,4,14,1.66667,24,17
226,2267104,15,11.66667,0,0,1,13,22680,21,39,42,25,3,20,3.71429,1,1.8,1.66667,1,4,14,1.66667,24,17
226,2267105,10,11.33333,0,0,0,13,22680,24,31,42,50,3,20,3.71429,1,1.8,1.66667,1,4,14,1.66667,24,17
226,2267107,12,9.66667,1,0,0,13,22680,21,37,51,50,3,20,3.71429,1,1.8,1.66667,1,4,14,1.66667,24,17
226,2267108,14.5,12.33333,1,0,0,12,22680,26,38,48,50,3,20,3.71429,1,1.8,1.66667,1,4,14,1.66667,24,17
226,2267109,10,9.33333,1,0,0,8,22680,13,33,42,20,3,20,3.71429,1,1.8,1.66667,1,4,14,1.66667,24,17
227,2277001,17.5,15,0,0,0,19,22780,29,44,51,27,3,20,3.42857,1,1.8,1.66667,0,0,11,2.66667,30,30
227,2277002,12.5,9.66667,0,0,0,10,22780,21,33,47,40,3,20,3.42857,1,1.8,1.66667,0,0,11,2.66667,30,30
227,2277003,13,9.33333,1,0,0,7,22780,10,27,40,23,3,20,3.42857,1,1.8,1.66667,0,0,11,2.66667,30,30
227,2277004,12,12.33333,0,0,0,7,22780,23,36,49,33,3,20,3.42857,1,1.8,1.66667,0,0,11,2.66667,30,30
227,2277005,10.5,9.33333,1,0,0,11,22780,27,36,52,28,3,20,3.42857,1,1.8,1.66667,0,0,11,2.66667,30,30
227,2277007,12,13,1,0,0,10,22780,27,33,52,30,3,20,3.42857,1,1.8,1.66667,0,0,11,2.66667,30,30
227,2277008,10,10.66667,0,0,0,6,22780,20,29,46,40,3,20,3.42857,1,1.8,1.66667,0,0,11,2.66667,30,30
227,2277009,12.5,9.66667,0,0,0,10,22780,17,35,46,33,3,20,3.42857,1,1.8,1.66667,0,0,11,2.66667,30,30
227,2277010,13,15,0,0,0,12,22780,22,39,44,27,3,20,3.42857,1,1.8,1.66667,0,0,11,2.66667,30,30
227,2277011,12.5,10,0,0,0,7,22780,16,38,48,20,3,20,3.42857,1,1.8,1.66667,0,0,11,2.66667,30,30
227,2277012,7,7.66667,0,0,1,10,22780,14,16,31,17,3,20,3.42857,1,1.8,1.66667,0,0,11,2.66667,30,30
227,2277013,14,12.66667,0,0,0,9,22780,23,33,40,30,3,20,3.42857,1,1.8,1.66667,0,0,11,2.66667,30,30
227,2277014,14,13,0,0,0,10,22780,21,36,39,40,3,20,3.42857,1,1.8,1.66667,0,0,11,2.66667,30,30
227,2277015,11.5,10.66667,0,0,0,7,22780,13,32,45,20,3,20,3.42857,1,1.8,1.66667,0,0,11,2.66667,30,30
227,2277016,11,10,1,0,0,11,22780,24,35,47,33,3,20,3.42857,1,1.8,1.66667,0,0,11,2.66667,30,30
227,2277018,12,9,0,0,0,7,22780,13,31,23,30,3,20,3.42857,1,1.8,1.66667,0,0,11,2.66667,30,30
227,2277019,12.5,10.33333,1,0,0,11,22780,24,36,49,40,3,20,3.42857,1,1.8,1.66667,0,0,11,2.66667,30,30
227,2277020,11,9,1,0,0,11,22780,10,30,36,20,3,20,3.42857,1,1.8,1.66667,0,0,11,2.66667,30,30
228,2287001,13.5,11.33333,0,0,0,15,22880,23,42,51,23,3,21,3.57143,1,2.1,2.16667,0,8,13,2.33333,25,25
228,2287004,11,10.33333,0,0,0,14,22880,27,32,40,43,3,21,3.57143,1,2.1,2.16667,0,8,13,2.33333,25,25
228,2287005,11.5,8.66667,1,0,0,8,22880,11,31,46,20,3,21,3.57143,1,2.1,2.16667,0,8,13,2.33333,25,25
228,2287006,13,10,1,0,0,14,22880,27,36,52,27,3,21,3.57143,1,2.1,2.16667,0,8,13,2.33333,25,25
228,2287007,6.5,10,1,0,0,10,22880,19,35,53,23,3,21,3.57143,1,2.1,2.16667,0,8,13,2.33333,25,25
228,2287008,12,10,0,0,1,8,22880,20,28,37,20,3,21,3.57143,1,2.1,2.16667,0,8,13,2.33333,25,25
228,2287009,12.5,10,0,0,0,12,22880,25,33,47,33,3,21,3.57143,1,2.1,2.16667,0,8,13,2.33333,25,25
228,2287010,12,8.33333,1,0,0,11,22880,22,34,49,23,3,21,3.57143,1,2.1,2.16667,0,8,13,2.33333,25,25
228,2287011,17,15.33333,0,0,0,15,22880,29,42,54,37,3,21,3.57143,1,2.1,2.16667,0,8,13,2.33333,25,25
228,2287012,11.5,10.66667,1,0,0,13,22880,22,32,50,27,3,21,3.57143,1,2.1,2.16667,0,8,13,2.33333,25,25
228,2287013,12.5,9,0,0,0,11,22880,25,33,52,27,3,21,3.57143,1,2.1,2.16667,0,8,13,2.33333,25,25
228,2287017,13.5,11,1,0,0,12,22880,24,39,53,27,3,21,3.57143,1,2.1,2.16667,0,8,13,2.33333,25,25
228,2287018,12,7,1,0,0,14,22880,19,35,48,37,3,21,3.57143,1,2.1,2.16667,0,8,13,2.33333,25,25
228,2287019,12,13.33333,0,0,0,14,22880,29,38,53,30,3,21,3.57143,1,2.1,2.16667,0,8,13,2.33333,25,25
228,2287020,13.5,10.66667,1,0,0,10,22880,24,36,51,20,3,21,3.57143,1,2.1,2.16667,0,8,13,2.33333,25,25
228,2287021,9.5,10,1,0,0,12,22880,16,27,44,27,3,21,3.57143,1,2.1,2.16667,0,8,13,2.33333,25,25
228,2287022,12.5,12.66667,0,0,0,13,22880,25,35,47,20,3,21,3.57143,1,2.1,2.16667,0,8,13,2.33333,25,25
228,2287023,11.5,12,0,0,0,11,22880,22,35,51,20,3,21,3.57143,1,2.1,2.16667,0,8,13,2.33333,25,25
228,2287024,15.5,8.66667,0,0,0,13,22880,28,45,57,30,3,21,3.57143,1,2.1,2.16667,0,8,13,2.33333,25,25
228,2287025,12,12.33333,0,0,0,14,22880,28,38,44,37,3,21,3.57143,1,2.1,2.16667,0,8,13,2.33333,25,25
228,2287026,14.5,11.66667,1,0,0,18,22880,29,42,54,23,3,21,3.57143,1,2.1,2.16667,0,8,13,2.33333,25,25
231,2317001,13,13,1,0,0,16,23180,26,42,55,25,3,18,3.57143,1,3.22222,3,0,0,17,2,21,21
231,2317002,9.5,10,1,0,0,8,23180,21,29,50,20,3,18,3.57143,1,3.22222,3,0,0,17,2,21,21
231,2317003,15,13.33333,0,0,0,12,23180,28,42,49,23,3,18,3.57143,1,3.22222,3,0,0,17,2,21,21
231,2317004,12,13,1,0,0,11,23180,28,38,57,50,3,18,3.57143,1,3.22222,3,0,0,17,2,21,21
231,2317005,12,7.33333,1,0,0,11,23180,21,35,45,50,3,18,3.57143,1,3.22222,3,0,0,17,2,21,21
231,2317006,9.5,12,0,0,0,16,23180,26,39,48,23,3,18,3.57143,1,3.22222,3,0,0,17,2,21,21
231,2317007,12.5,13,0,0,0,7,23180,17,26,42,18,3,18,3.57143,1,3.22222,3,0,0,17,2,21,21
231,2317008,12,12.66667,0,0,0,13,23180,24,32,41,45,3,18,3.57143,1,3.22222,3,0,0,17,2,21,21
231,2317009,11.5,10.33333,1,0,0,11,23180,23,33,50,35,3,18,3.57143,1,3.22222,3,0,0,17,2,21,21
231,2317010,13.5,14,0,0,0,13,23180,29,45,52,23,3,18,3.57143,1,3.22222,3,0,0,17,2,21,21
231,2317011,12.5,12,1,0,0,13,23180,26,33,39,20,3,18,3.57143,1,3.22222,3,0,0,17,2,21,21
231,2317012,11.5,14.66667,1,0,0,12,23180,20,33,48,25,3,18,3.57143,1,3.22222,3,0,0,17,2,21,21
231,2317013,13.5,13,1,0,0,9,23180,24,43,51,20,3,18,3.57143,1,3.22222,3,0,0,17,2,21,21
231,2317014,11,10.33333,0,0,0,7,23180,20,23,38,20,3,18,3.57143,1,3.22222,3,0,0,17,2,21,21
231,2317015,11,10.33333,1,0,0,8,23180,17,30,45,20,3,18,3.57143,1,3.22222,3,0,0,17,2,21,21
231,2317016,13,13,0,0,0,12,23180,27,37,46,23,3,18,3.57143,1,3.22222,3,0,0,17,2,21,21
231,2317017,12,7.66667,1,0,0,8,23180,14,28,44,23,3,18,3.57143,1,3.22222,3,0,0,17,2,21,21
231,2317018,9.5,11.33333,0,0,0,15,23180,18,29,34,23,3,18,3.57143,1,3.22222,3,0,0,17,2,21,21
231,2317019,15,13.66667,1,0,0,13,23180,20,44,50,20,3,18,3.57143,1,3.22222,3,0,0,17,2,21,21
231,2317020,11.5,11,1,0,0,6,23180,16,34,41,25,3,18,3.57143,1,3.22222,3,0,0,17,2,21,21
231,2317021,11,11.33333,0,0,0,10,23180,21,27,41,20,3,18,3.57143,1,3.22222,3,0,0,17,2,21,21
233,2337001,11,10.33333,1,0,0,8,23380,14,28,33,30,3,20,3.42857,0,2.9,2.66667,1,0,20,2,22,10
233,2337002,11.5,10,0,0,0,9,23380,18,34,38,20,3,20,3.42857,0,2.9,2.66667,1,0,20,2,22,10
233,2337003,12.5,12,1,0,0,7,23380,24,39,44,33,3,20,3.42857,0,2.9,2.66667,1,0,20,2,22,10
233,2337004,14.5,12,1,0,0,11,23380,21,32,42,33,3,20,3.42857,0,2.9,2.66667,1,0,20,2,22,10
233,2337005,8.5,5.33333,0,0,0,4,23380,10,13,15,20,3,20,3.42857,0,2.9,2.66667,1,0,20,2,22,10
233,2337006,13,6.33333,1,0,0,6,23380,12,32,35,18,3,20,3.42857,0,2.9,2.66667,1,0,20,2,22,10
233,2337008,12.5,12.66667,1,0,0,12,23380,21,40,46,33,3,20,3.42857,0,2.9,2.66667,1,0,20,2,22,10
233,2337009,14,11.33333,1,0,0,11,23380,23,38,49,35,3,20,3.42857,0,2.9,2.66667,1,0,20,2,22,10
233,2337010,11,8,1,0,0,9,23380,14,26,40,28,3,20,3.42857,0,2.9,2.66667,1,0,20,2,22,10
234,2347001,10.5,8,0,0,0,9,23480,23,42,52,28,1,25,3.71429,1,1.9,1.83333,0,8,24,1.33333,24,13
234,2347002,12,12.66667,0,0,0,13,23480,18,34,40,40,1,25,3.71429,1,1.9,1.83333,0,8,24,1.33333,24,13
234,2347003,11,9,0,1,0,8,23480,14,33,46,20,1,25,3.71429,1,1.9,1.83333,0,8,24,1.33333,24,13
234,2347004,15.5,16,0,0,0,16,23480,23,38,49,43,1,25,3.71429,1,1.9,1.83333,0,8,24,1.33333,24,13
234,2347005,8.5,6.66667,1,1,1,7,23480,5,26,21,17,1,25,3.71429,1,1.9,1.83333,0,8,24,1.33333,24,13
234,2347006,13,9.66667,0,0,0,10,23480,20,43,46,40,1,25,3.71429,1,1.9,1.83333,0,8,24,1.33333,24,13
234,2347007,13.5,12.66667,1,0,0,16,23480,27,47,55,50,1,25,3.71429,1,1.9,1.83333,0,8,24,1.33333,24,13
234,2347008,13.5,12.66667,0,0,0,9,23480,27,31,47,45,1,25,3.71429,1,1.9,1.83333,0,8,24,1.33333,24,13
234,2347009,14,8,1,0,0,14,23480,25,43,53,48,1,25,3.71429,1,1.9,1.83333,0,8,24,1.33333,24,13
234,2347010,11,11,1,0,0,11,23480,18,38,46,28,1,25,3.71429,1,1.9,1.83333,0,8,24,1.33333,24,13
234,2347011,13.5,11.33333,1,0,0,15,23480,26,43,50,37,1,25,3.71429,1,1.9,1.83333,0,8,24,1.33333,24,13
234,2347012,9.5,9.66667,1,0,0,9,23480,21,34,44,30,1,25,3.71429,1,1.9,1.83333,0,8,24,1.33333,24,13
234,2347013,10.5,8.66667,1,0,0,9,23480,20,25,37,37,1,25,3.71429,1,1.9,1.83333,0,8,24,1.33333,24,13
235,2357001,12.5,12,1,0,0,11,23580,18,42,49,50,4,18,3.57143,0,1.9,1.83333,1,0,26,2.66667,15,10
235,2357002,13.5,10,0,0,1,11,23580,16,31,43,45,4,18,3.57143,0,1.9,1.83333,1,0,26,2.66667,15,10
235,2357003,13,11.33333,0,0,0,10,23580,23,40,47,20,4,18,3.57143,0,1.9,1.83333,1,0,26,2.66667,15,10
235,2357004,11,10.66667,0,0,0,12,23580,20,37,34,17,4,18,3.57143,0,1.9,1.83333,1,0,26,2.66667,15,10
235,2357005,13,13.66667,1,0,0,17,23580,24,42,51,23,4,18,3.57143,0,1.9,1.83333,1,0,26,2.66667,15,10
235,2357006,10.5,12.33333,0,0,0,7,23580,9,32,29,15,4,18,3.57143,0,1.9,1.83333,1,0,26,2.66667,15,10
235,2357008,10.5,11.66667,0,0,1,9,23580,7,28,34,10,4,18,3.57143,0,1.9,1.83333,1,0,26,2.66667,15,10
235,2357009,13.5,17.33333,1,0,0,14,23580,24,45,53,20,4,18,3.57143,0,1.9,1.83333,1,0,26,2.66667,15,10
235,2357010,10,9.66667,0,0,0,12,23580,19,28,43,30,4,18,3.57143,0,1.9,1.83333,1,0,26,2.66667,15,10
235,2357011,13,13,1,0,0,14,23580,27,47,57,50,4,18,3.57143,0,1.9,1.83333,1,0,26,2.66667,15,10
237,2377002,13,11,0,0,0,14,23780,30,36,48,10,3,20,4,0,1.7,1.66667,1,0,15,2.66667,19,19
237,2377003,9,6.66667,0,0,1,7,23780,12,33,31,50,3,20,4,0,1.7,1.66667,1,0,15,2.66667,19,19
237,2377004,10,12,0,0,0,10,23780,14,36,38,35,3,20,4,0,1.7,1.66667,1,0,15,2.66667,19,19
237,2377005,11,11.66667,1,0,0,13,23780,28,46,49,35,3,20,4,0,1.7,1.66667,1,0,15,2.66667,19,19
237,2377007,9.5,11.33333,1,0,0,14,23780,18,36,36,10,3,20,4,0,1.7,1.66667,1,0,15,2.66667,19,19
237,2377008,8.5,9.66667,1,0,0,12,23780,14,40,42,10,3,20,4,0,1.7,1.66667,1,0,15,2.66667,19,19
237,2377009,8,8.66667,1,0,0,12,23780,17,33,33,20,3,20,4,0,1.7,1.66667,1,0,15,2.66667,19,19
237,2377010,10,9,0,0,1,10,23780,14,31,30,20,3,20,4,0,1.7,1.66667,1,0,15,2.66667,19,19
237,2377011,12.5,11.66667,0,0,0,18,23780,21,34,35,30,3,20,4,0,1.7,1.66667,1,0,15,2.66667,19,19
237,2377013,11.5,10.33333,1,0,0,9,23780,14,32,35,20,3,20,4,0,1.7,1.66667,1,0,15,2.66667,19,19
237,2377014,12,8,0,0,0,8,23780,12,34,37,10,3,20,4,0,1.7,1.66667,1,0,15,2.66667,19,19
237,2377015,11.5,13,1,0,0,12,23780,18,40,42,20,3,20,4,0,1.7,1.66667,1,0,15,2.66667,19,19
237,2377016,11.5,9.66667,1,0,0,16,23780,22,41,49,40,3,20,4,0,1.7,1.66667,1,0,15,2.66667,19,19
237,2377017,13,10,0,0,0,14,23780,18,41,48,50,3,20,4,0,1.7,1.66667,1,0,15,2.66667,19,19
237,2377018,16.5,16.33333,1,0,0,19,23780,28,45,49,35,3,20,4,0,1.7,1.66667,1,0,15,2.66667,19,19
240,2407001,11,14.66667,0,0,0,11,24080,11,33,28,20,3,15,3.57143,0,2.1,1.83333,1,0,16,2.33333,26,14
240,2407002,13,8.66667,0,0,0,13,24080,26,36,41,30,3,15,3.57143,0,2.1,1.83333,1,0,16,2.33333,26,14
240,2407003,12,10,1,0,0,15,24080,24,34,41,30,3,15,3.57143,0,2.1,1.83333,1,0,16,2.33333,26,14
240,2407004,11,13.66667,1,0,0,8,24080,17,33,35,20,3,15,3.57143,0,2.1,1.83333,1,0,16,2.33333,26,14
240,2407006,14.5,9,0,0,0,15,24080,24,42,50,10,3,15,3.57143,0,2.1,1.83333,1,0,16,2.33333,26,14
240,2407007,12.5,10.66667,0,0,0,12,24080,18,36,43,33,3,15,3.57143,0,2.1,1.83333,1,0,16,2.33333,26,14
240,2407008,11,8.66667,1,0,0,10,24080,12,34,45,30,3,15,3.57143,0,2.1,1.83333,1,0,16,2.33333,26,14
240,2407009,13.5,8.33333,1,0,0,9,24080,10,40,47,17,3,15,3.57143,0,2.1,1.83333,1,0,16,2.33333,26,14
240,2407010,15,10,1,0,0,12,24080,13,32,39,33,3,15,3.57143,0,2.1,1.83333,1,0,16,2.33333,26,14
240,2407011,11.5,10.66667,0,0,0,13,24080,22,32,35,30,3,15,3.57143,0,2.1,1.83333,1,0,16,2.33333,26,14
240,2407013,11.5,11.33333,1,0,0,12,24080,15,33,44,30,3,15,3.57143,0,2.1,1.83333,1,0,16,2.33333,26,14
240,2407014,12,13.66667,1,0,0,11,24080,19,38,52,40,3,15,3.57143,0,2.1,1.83333,1,0,16,2.33333,26,14
241,2417001,13.5,13.66667,0,0,0,17,24180,25,40,51,18,3,17,3.42857,0,1.5,1.5,0,0,16,2,23,23
241,2417002,14,16.66667,1,0,0,18,24180,30,42,51,18,3,17,3.42857,0,1.5,1.5,0,0,16,2,23,23
241,2417003,14,15.66667,1,0,0,19,24180,25,44,54,18,3,17,3.42857,0,1.5,1.5,0,0,16,2,23,23
241,2417004,10,9,0,0,0,6,24180,15,29,33,15,3,17,3.42857,0,1.5,1.5,0,0,16,2,23,23
241,2417006,9.5,6.66667,0,0,0,13,24180,15,36,51,23,3,17,3.42857,0,1.5,1.5,0,0,16,2,23,23
241,2417007,13,12.66667,1,0,0,16,24180,19,44,47,40,3,17,3.42857,0,1.5,1.5,0,0,16,2,23,23
241,2417008,7,8.33333,1,0,0,12,24180,11,32,38,17,3,17,3.42857,0,1.5,1.5,0,0,16,2,23,23
241,2417009,9.5,9.33333,0,0,1,16,24180,17,27,33,17,3,17,3.42857,0,1.5,1.5,0,0,16,2,23,23
241,2417010,13.5,11.66667,1,0,0,14,24180,19,36,44,17,3,17,3.42857,0,1.5,1.5,0,0,16,2,23,23
241,2417011,8.5,7.33333,0,0,0,3,24180,7,16,29,17,3,17,3.42857,0,1.5,1.5,0,0,16,2,23,23
241,2417012,14.5,13.33333,0,0,0,19,24180,27,43,50,27,3,17,3.42857,0,1.5,1.5,0,0,16,2,23,23
241,2417013,15.5,16,0,0,0,17,24180,30,39,48,45,3,17,3.42857,0,1.5,1.5,0,0,16,2,23,23
241,2417014,11,8.66667,1,0,0,10,24180,15,29,36,10,3,17,3.42857,0,1.5,1.5,0,0,16,2,23,23
241,2417015,12.5,10.66667,1,0,0,11,24180,19,39,53,28,3,17,3.42857,0,1.5,1.5,0,0,16,2,23,23
241,2417016,9,6.33333,0,0,0,17,24180,24,31,44,18,3,17,3.42857,0,1.5,1.5,0,0,16,2,23,23
241,2417017,12,8.66667,1,0,0,6,24180,8,37,34,17,3,17,3.42857,0,1.5,1.5,0,0,16,2,23,23
241,2417018,11,8,0,0,0,11,24180,8,33,28,20,3,17,3.42857,0,1.5,1.5,0,0,16,2,23,23
241,2417019,11,8.66667,0,0,0,12,24180,17,26,39,15,3,17,3.42857,0,1.5,1.5,0,0,16,2,23,23
241,2417020,12.5,10.66667,0,0,0,12,24180,11,41,40,28,3,17,3.42857,0,1.5,1.5,0,0,16,2,23,23
241,2417021,10,8,1,0,0,9,24180,9,34,44,10,3,17,3.42857,0,1.5,1.5,0,0,16,2,23,23
241,2417022,12.5,12,1,0,0,11,24180,9,32,39,17,3,17,3.42857,0,1.5,1.5,0,0,16,2,23,23
241,2417023,11,11.33333,0,0,0,15,24180,16,28,37,27,3,17,3.42857,0,1.5,1.5,0,0,16,2,23,23
241,2417024,8,7.66667,1,0,0,10,24180,9,16,23,10,3,17,3.42857,0,1.5,1.5,0,0,16,2,23,23
242,2427001,10,10.66667,1,0,0,10,24280,12,31,32,45,1,22,3.57143,1,2.3,2,1,0,17,2,37,14
242,2427002,10,7.66667,0,0,0,5,24280,19,23,38,23,1,22,3.57143,1,2.3,2,1,0,17,2,37,14
242,2427003,14.5,16.66667,0,0,0,20,24280,30,46,54,50,1,22,3.57143,1,2.3,2,1,0,17,2,37,14
242,2427004,11,8,1,0,0,18,24280,23,40,45,20,1,22,3.57143,1,2.3,2,1,0,17,2,37,14
242,2427005,13,15.66667,0,0,0,17,24280,29,37,49,35,1,22,3.57143,1,2.3,2,1,0,17,2,37,14
242,2427006,8.5,12.33333,0,0,0,8,24280,22,28,29,25,1,22,3.57143,1,2.3,2,1,0,17,2,37,14
242,2427007,7,9.33333,1,0,0,16,24280,24,27,38,25,1,22,3.57143,1,2.3,2,1,0,17,2,37,14
242,2427009,11.5,17,0,0,0,18,24280,30,37,53,30,1,22,3.57143,1,2.3,2,1,0,17,2,37,14
242,2427010,12.5,10,0,0,0,11,24280,27,35,50,25,1,22,3.57143,1,2.3,2,1,0,17,2,37,14
242,2427011,10,11,1,0,0,16,24280,26,29,46,18,1,22,3.57143,1,2.3,2,1,0,17,2,37,14
242,2427012,11.5,11.66667,1,0,0,14,24280,25,29,42,33,1,22,3.57143,1,2.3,2,1,0,17,2,37,14
243,2437001,9,9.33333,1,0,0,11,24380,16,36,46,23,3,16,2.85714,0,2.2,2.16667,1,0,13,2.66667,15,8
243,2437002,10,11,1,0,0,11,24380,13,25,48,27,3,16,2.85714,0,2.2,2.16667,1,0,13,2.66667,15,8
243,2437003,11,12.33333,0,0,1,18,24380,21,36,39,20,3,16,2.85714,0,2.2,2.16667,1,0,13,2.66667,15,8
243,2437004,9,9.33333,0,0,0,13,24380,16,23,29,23,3,16,2.85714,0,2.2,2.16667,1,0,13,2.66667,15,8
243,2437005,10,10.66667,1,0,0,12,24380,5,30,42,23,3,16,2.85714,0,2.2,2.16667,1,0,13,2.66667,15,8
243,2437006,9.5,11.66667,1,0,0,13,24380,21,32,43,20,3,16,2.85714,0,2.2,2.16667,1,0,13,2.66667,15,8
243,2437007,12.5,12.33333,0,0,0,8,24380,16,18,35,20,3,16,2.85714,0,2.2,2.16667,1,0,13,2.66667,15,8
243,2437008,12,10.66667,1,0,0,14,24380,23,41,51,23,3,16,2.85714,0,2.2,2.16667,1,0,13,2.66667,15,8
244,2447001,9,7,0,0,0,6,24480,8,25,33,18,3,13,3.85714,0,1.4,1.33333,0,0,26,3,13,13
244,2447002,13,11,0,0,0,10,24480,17,27,36,18,3,13,3.85714,0,1.4,1.33333,0,0,26,3,13,13
244,2447003,8,8.66667,0,0,0,7,24480,13,22,17,18,3,13,3.85714,0,1.4,1.33333,0,0,26,3,13,13
244,2447004,14,12,0,0,0,6,24480,14,29,28,20,3,13,3.85714,0,1.4,1.33333,0,0,26,3,13,13
244,2447005,10.5,14.33333,0,0,0,18,24480,25,38,43,28,3,13,3.85714,0,1.4,1.33333,0,0,26,3,13,13
244,2447006,12.5,13.33333,0,0,0,14,24480,25,39,49,18,3,13,3.85714,0,1.4,1.33333,0,0,26,3,13,13
244,2447007,11,11.33333,1,0,1,9,24480,12,21,39,23,3,13,3.85714,0,1.4,1.33333,0,0,26,3,13,13
244,2447008,12.5,10.66667,1,0,0,15,24480,19,34,51,15,3,13,3.85714,0,1.4,1.33333,0,0,26,3,13,13
244,2447009,7,9.33333,1,0,0,9,24480,6,19,29,15,3,13,3.85714,0,1.4,1.33333,0,0,26,3,13,13
244,2447010,11.5,12.33333,1,0,0,8,24480,18,42,38,25,3,13,3.85714,0,1.4,1.33333,0,0,26,3,13,13
244,2447011,12.5,8,1,0,0,11,24480,11,36,52,15,3,13,3.85714,0,1.4,1.33333,0,0,26,3,13,13
244,2447012,13.5,10.66667,1,0,0,11,24480,13,37,42,18,3,13,3.85714,0,1.4,1.33333,0,0,26,3,13,13
244,2447013,9.5,10,1,0,0,9,24480,10,25,34,18,3,13,3.85714,0,1.4,1.33333,0,0,26,3,13,13
246,2467002,14.5,11.33333,1,0,0,13,24680,25,44,55,35,1,24,3.14286,1,2.4,2.16667,1,0,13,3.33333,32,14
246,2467004,12.5,8.66667,1,0,0,14,24680,20,41,42,40,1,24,3.14286,1,2.4,2.16667,1,0,13,3.33333,32,14
246,2467005,12.5,8.66667,0,0,1,12,24680,15,34,47,50,1,24,3.14286,1,2.4,2.16667,1,0,13,3.33333,32,14
246,2467006,12.5,9.33333,1,0,0,10,24680,23,34,42,40,1,24,3.14286,1,2.4,2.16667,1,0,13,3.33333,32,14
246,2467007,13,15.33333,0,0,0,16,24680,26,40,47,50,1,24,3.14286,1,2.4,2.16667,1,0,13,3.33333,32,14
246,2467008,11,12.33333,0,0,0,12,24680,23,41,41,50,1,24,3.14286,1,2.4,2.16667,1,0,13,3.33333,32,14
246,2467009,10.5,11.33333,0,0,0,12,24680,21,32,32,35,1,24,3.14286,1,2.4,2.16667,1,0,13,3.33333,32,14
246,2467010,12.5,10.33333,0,0,0,12,24680,22,41,53,50,1,24,3.14286,1,2.4,2.16667,1,0,13,3.33333,32,14
246,2467011,14,12,0,0,0,15,24680,24,34,47,50,1,24,3.14286,1,2.4,2.16667,1,0,13,3.33333,32,14
246,2467012,16.5,9.33333,0,0,0,19,24680,28,49,56,40,1,24,3.14286,1,2.4,2.16667,1,0,13,3.33333,32,14
246,2467013,12.5,12,0,0,0,17,24680,26,41,51,30,1,24,3.14286,1,2.4,2.16667,1,0,13,3.33333,32,14
246,2467014,11,11.66667,0,0,0,16,24680,23,24,33,15,1,24,3.14286,1,2.4,2.16667,1,0,13,3.33333,32,14
249,2497001,13.5,6.66667,1,0,0,11,24980,21,39,47,27,3,20,3.42857,1,2,1.66667,0,0,15,2.66667,24,24
249,2497002,12.5,9,0,0,0,11,24980,12,29,41,27,3,20,3.42857,1,2,1.66667,0,0,15,2.66667,24,24
249,2497003,15.5,13,1,0,0,16,24980,27,42,53,50,3,20,3.42857,1,2,1.66667,0,0,15,2.66667,24,24
249,2497004,13,15,0,0,0,15,24980,26,35,41,33,3,20,3.42857,1,2,1.66667,0,0,15,2.66667,24,24
249,2497005,11.5,10.33333,1,0,0,9,24980,13,27,39,30,3,20,3.42857,1,2,1.66667,0,0,15,2.66667,24,24
249,2497006,10,12.33333,0,0,0,15,24980,22,31,45,23,3,20,3.42857,1,2,1.66667,0,0,15,2.66667,24,24
249,2497007,10.5,11.33333,0,0,0,11,24980,17,33,34,23,3,20,3.42857,1,2,1.66667,0,0,15,2.66667,24,24
249,2497008,11.5,11.66667,1,0,0,11,24980,20,38,41,33,3,20,3.42857,1,2,1.66667,0,0,15,2.66667,24,24
249,2497009,10.5,10.33333,1,0,0,12,24980,17,32,37,33,3,20,3.42857,1,2,1.66667,0,0,15,2.66667,24,24
249,2497010,12,12,0,0,0,14,24980,12,38,33,33,3,20,3.42857,1,2,1.66667,0,0,15,2.66667,24,24
249,2497011,8.5,10.33333,1,0,0,10,24980,9,26,33,33,3,20,3.42857,1,2,1.66667,0,0,15,2.66667,24,24
249,2497012,13.5,13.33333,1,0,0,15,24980,26,38,48,40,3,20,3.42857,1,2,1.66667,0,0,15,2.66667,24,24
249,2497013,12,7.33333,0,0,0,9,24980,13,29,37,20,3,20,3.42857,1,2,1.66667,0,0,15,2.66667,24,24
249,2497014,12.5,9.66667,0,0,0,12,24980,21,37,40,37,3,20,3.42857,1,2,1.66667,0,0,15,2.66667,24,24
249,2497015,10.5,8,1,0,0,15,24980,9,25,37,20,3,20,3.42857,1,2,1.66667,0,0,15,2.66667,24,24
249,2497016,10.5,12,1,0,1,11,24980,18,34,34,20,3,20,3.42857,1,2,1.66667,0,0,15,2.66667,24,24
249,2497017,11.5,8.33333,1,0,0,10,24980,18,31,49,23,3,20,3.42857,1,2,1.66667,0,0,15,2.66667,24,24
249,2497018,11.5,13.33333,1,0,0,14,24980,24,38,47,23,3,20,3.42857,1,2,1.66667,0,0,15,2.66667,24,24
249,2497019,13,9.33333,0,0,0,12,24980,16,36,38,47,3,20,3.42857,1,2,1.66667,0,0,15,2.66667,24,24
249,2497020,14.5,12.66667,0,0,0,15,24980,22,39,49,33,3,20,3.42857,1,2,1.66667,0,0,15,2.66667,24,24
249,2497021,15,11.33333,1,0,0,7,24980,13,39,44,33,3,20,3.42857,1,2,1.66667,0,0,15,2.66667,24,24
249,2497022,12,12.33333,1,0,0,12,24980,13,29,33,33,3,20,3.42857,1,2,1.66667,0,0,15,2.66667,24,24
249,2497023,12,9,1,0,0,13,24980,18,33,46,33,3,20,3.42857,1,2,1.66667,0,0,15,2.66667,24,24
249,2497024,15.5,11,0,0,0,17,24980,29,44,50,23,3,20,3.42857,1,2,1.66667,0,0,15,2.66667,24,24
250,2507101,12.5,10,0,0,1,7,25080,11,24,23,17,1,25,3,0,2.2,1.83333,1,0,25,1.66667,25,17
250,2507103,8,10.66667,1,0,0,10,25080,15,20,23,28,1,25,3,0,2.2,1.83333,1,0,25,1.66667,25,17
250,2507105,11.5,8.66667,1,0,0,8,25080,14,33,39,33,1,25,3,0,2.2,1.83333,1,0,25,1.66667,25,17
250,2507106,11.5,12.66667,1,0,0,11,25080,18,42,51,30,1,25,3,0,2.2,1.83333,1,0,25,1.66667,25,17
250,2507107,12.5,11.33333,1,0,0,13,25080,23,39,41,18,1,25,3,0,2.2,1.83333,1,0,25,1.66667,25,17
250,2507108,11,7.33333,1,0,0,11,25080,17,28,38,17,1,25,3,0,2.2,1.83333,1,0,25,1.66667,25,17
250,2507109,11,13.66667,1,0,0,11,25080,25,35,32,27,1,25,3,0,2.2,1.83333,1,0,25,1.66667,25,17
250,2507201,15.5,14,0,0,0,13,25080,21,39,38,48,1,25,3,0,2.2,1.83333,1,0,25,1.66667,25,17
250,2507202,14,10.33333,1,0,0,13,25080,20,43,55,40,1,25,3,0,2.2,1.83333,1,0,25,1.66667,25,17
250,2507203,12.5,11,1,0,0,16,25080,24,45,51,37,1,25,3,0,2.2,1.83333,1,0,25,1.66667,25,17
250,2507205,11.5,9,1,0,0,10,25080,24,42,51,47,1,25,3,0,2.2,1.83333,1,0,25,1.66667,25,17
250,2507206,8,11.66667,0,0,0,13,25080,17,30,36,40,1,25,3,0,2.2,1.83333,1,0,25,1.66667,25,17
250,2507207,13,11.66667,1,0,0,12,25080,29,45,47,27,1,25,3,0,2.2,1.83333,1,0,25,1.66667,25,17
250,2507208,11,9.33333,1,0,0,13,25080,18,31,33,10,1,25,3,0,2.2,1.83333,1,0,25,1.66667,25,17
250,2507209,14.5,12,1,0,0,15,25080,23,43,46,47,1,25,3,0,2.2,1.83333,1,0,25,1.66667,25,17
252,2527002,12.5,13,0,0,0,8,25280,16,30,37,33,3,17,3.28571,0,2.2,2.16667,0,0,15,2.33333,25,25
252,2527003,7.5,9.66667,0,0,0,7,25280,7,25,34,30,3,17,3.28571,0,2.2,2.16667,0,0,15,2.33333,25,25
252,2527004,12.5,10.66667,0,0,0,12,25280,21,40,40,40,3,17,3.28571,0,2.2,2.16667,0,0,15,2.33333,25,25
252,2527005,13,11.66667,0,0,0,8,25280,8,34,42,23,3,17,3.28571,0,2.2,2.16667,0,0,15,2.33333,25,25
252,2527007,10,9.33333,1,0,0,9,25280,12,36,34,15,3,17,3.28571,0,2.2,2.16667,0,0,15,2.33333,25,25
252,2527008,12,9.33333,0,0,0,11,25280,16,39,48,15,3,17,3.28571,0,2.2,2.16667,0,0,15,2.33333,25,25
252,2527009,12.5,10.66667,0,0,0,8,25280,10,33,31,28,3,17,3.28571,0,2.2,2.16667,0,0,15,2.33333,25,25
252,2527010,11,14.66667,0,0,0,6,25280,11,25,32,20,3,17,3.28571,0,2.2,2.16667,0,0,15,2.33333,25,25
252,2527012,13.5,8.33333,1,0,0,8,25280,14,38,38,20,3,17,3.28571,0,2.2,2.16667,0,0,15,2.33333,25,25
252,2527013,9,10.33333,1,0,0,9,25280,15,30,47,27,3,17,3.28571,0,2.2,2.16667,0,0,15,2.33333,25,25
252,2527015,10.5,10.66667,1,0,1,7,25280,9,38,36,23,3,17,3.28571,0,2.2,2.16667,0,0,15,2.33333,25,25
256,2567002,12,13.66667,1,0,0,11,25680,19,39,45,30,2,11,3.42857,0,2.1,1.83333,1,10,22,2,32,12
256,2567003,11,11,1,0,0,8,25680,8,17,25,17,2,11,3.42857,0,2.1,1.83333,1,10,22,2,32,12
256,2567004,6,9.33333,1,0,0,4,25680,4,18,11,10,2,11,3.42857,0,2.1,1.83333,1,10,22,2,32,12
256,2567005,9.5,8.33333,0,0,0,6,25680,5,18,19,17,2,11,3.42857,0,2.1,1.83333,1,10,22,2,32,12
256,2567006,8,6,0,0,0,8,25680,7,16,16,17,2,11,3.42857,0,2.1,1.83333,1,10,22,2,32,12
256,2567007,13.5,14.66667,0,0,0,13,25680,21,39,42,30,2,11,3.42857,0,2.1,1.83333,1,10,22,2,32,12
256,2567008,11,10.66667,0,0,0,8,25680,11,33,29,10,2,11,3.42857,0,2.1,1.83333,1,10,22,2,32,12
256,2567009,10,9,0,0,0,8,25680,7,29,24,10,2,11,3.42857,0,2.1,1.83333,1,10,22,2,32,12
256,2567010,13.5,13,1,0,0,15,25680,21,39,52,27,2,11,3.42857,0,2.1,1.83333,1,10,22,2,32,12
256,2567011,11,8.33333,1,0,0,7,25680,11,27,30,10,2,11,3.42857,0,2.1,1.83333,1,10,22,2,32,12
258,2587002,9.5,9,0,0,0,12,25880,12,26,21,13,3,14,2.71429,0,2,2,1,0,13,2,30,9
258,2587003,10,10.33333,0,0,1,8,25880,5,20,25,10,3,14,2.71429,0,2,2,1,0,13,2,30,9
258,2587004,12.5,5.33333,1,0,0,10,25880,11,24,21,17,3,14,2.71429,0,2,2,1,0,13,2,30,9
258,2587006,9,8.66667,1,0,0,9,25880,6,22,33,25,3,14,2.71429,0,2,2,1,0,13,2,30,9
258,2587007,11,12.33333,0,0,1,13,25880,14,25,26,25,3,14,2.71429,0,2,2,1,0,13,2,30,9
258,2587008,10.5,9.33333,1,0,0,9,25880,11,31,34,18,3,14,2.71429,0,2,2,1,0,13,2,30,9
258,2587010,12,10.33333,1,0,0,8,25880,8,29,39,25,3,14,2.71429,0,2,2,1,0,13,2,30,9
