id,SEX,GRADE,GRADE_C,CONFLMOM,CONFLDAD,CLOSEMOM,CLOSEDAD,CLOSMBOY,CLOSMGRL,CNFLMBOY,CNFLMGRL,CLOSDBOY,CLOSDGRL,CNFLDBOY,CNFLDGRL,CONSBOY,CONSGRL,CONS1,CONS3,CONS4,CONS5,CONS6,GRDBOY_C,GRDGRL_C
1,1,1,0,11,16,36,37,36,0,11,0,37,0,16,0,1,0,1,0,0,0,0,0,0
1,1,3,2,13,16,39,34,39,0,13,0,34,0,16,0,1,0,0,1,0,0,0,2,0
1,1,4,3,15,-999999,40,-999999,40,0,15,0,-999999,0,-999999,0,1,0,0,0,1,0,0,3,0
1,1,5,4,8,11,39,35,39,0,8,0,35,0,11,0,1,0,0,0,0,1,0,4,0
1,1,6,5,14,16,35,35,35,0,14,0,35,0,16,0,1,0,0,0,0,0,1,5,0
2,0,3,2,11,13,40,38,0,40,0,11,0,38,0,13,0,1,0,1,0,0,0,0,2
2,0,4,3,11,15,39,38,0,39,0,11,0,38,0,15,0,1,0,0,1,0,0,0,3
2,0,5,4,10,13,40,38,0,40,0,10,0,38,0,13,0,1,0,0,0,1,0,0,4
2,0,6,5,14,15,40,37,0,40,0,14,0,37,0,15,0,1,0,0,0,0,1,0,5
3,0,1,0,18,16,37,36,0,37,0,18,0,36,0,16,0,1,1,0,0,0,0,0,0
3,0,3,2,29,12,34,37,0,34,0,29,0,37,0,12,0,1,0,1,0,0,0,0,2
3,0,4,3,26,15,34,37,0,34,0,26,0,37,0,15,0,1,0,0,1,0,0,0,3
3,0,5,4,10,9,37,34,0,37,0,10,0,34,0,9,0,1,0,0,0,1,0,0,4
3,0,6,5,28,13,26,36,0,26,0,28,0,36,0,13,0,1,0,0,0,0,1,0,5
4,0,1,0,12,12,40,37,0,40,0,12,0,37,0,12,0,1,1,0,0,0,0,0,0
4,0,3,2,12,-999999,40,-999999,0,40,0,12,0,-999999,0,-999999,0,1,0,1,0,0,0,0,2
4,0,4,3,9,-999999,40,-999999,0,40,0,9,0,-999999,0,-999999,0,1,0,0,1,0,0,0,3
4,0,5,4,13,15,40,38,0,40,0,13,0,38,0,15,0,1,0,0,0,1,0,0,4
4,0,6,5,8,-999999,40,-999999,0,40,0,8,0,-999999,0,-999999,0,1,0,0,0,0,1,0,5
5,1,1,0,7,10,40,35,40,0,7,0,35,0,10,0,1,0,1,0,0,0,0,0,0
5,1,3,2,7,15,40,30,40,0,7,0,30,0,15,0,1,0,0,1,0,0,0,2,0
5,1,4,3,7,14,38,25,38,0,7,0,25,0,14,0,1,0,0,0,1,0,0,3,0
5,1,5,4,8,16,38,19,38,0,8,0,19,0,16,0,1,0,0,0,0,1,0,4,0
5,1,6,5,7,12,39,25,39,0,7,0,25,0,12,0,1,0,0,0,0,0,1,5,0
6,1,1,0,7,7,40,39,40,0,7,0,39,0,7,0,1,0,1,0,0,0,0,0,0
6,1,3,2,7,7,37,33,37,0,7,0,33,0,7,0,1,0,0,1,0,0,0,2,0
6,1,4,3,7,8,38,39,38,0,7,0,39,0,8,0,1,0,0,0,1,0,0,3,0
6,1,5,4,7,8,37,31,37,0,7,0,31,0,8,0,1,0,0,0,0,1,0,4,0
6,1,6,5,8,8,33,33,33,0,8,0,33,0,8,0,1,0,0,0,0,0,1,5,0
7,1,1,0,8,-999999,37,-999999,37,0,8,0,-999999,0,-999999,0,1,0,1,0,0,0,0,0,0
7,1,3,2,7,-999999,40,-999999,40,0,7,0,-999999,0,-999999,0,1,0,0,1,0,0,0,2,0
7,1,4,3,8,-999999,40,-999999,40,0,8,0,-999999,0,-999999,0,1,0,0,0,1,0,0,3,0
7,1,5,4,14,-999999,39,-999999,39,0,14,0,-999999,0,-999999,0,1,0,0,0,0,1,0,4,0
7,1,6,5,9,8,40,38,40,0,9,0,38,0,8,0,1,0,0,0,0,0,1,5,0
8,0,1,0,19,12,40,36,0,40,0,19,0,36,0,12,0,1,1,0,0,0,0,0,0
8,0,3,2,20,14,38,32,0,38,0,20,0,32,0,14,0,1,0,1,0,0,0,0,2
8,0,4,3,19,14,35,34,0,35,0,19,0,34,0,14,0,1,0,0,1,0,0,0,3
8,0,5,4,21,12,36,33,0,36,0,21,0,33,0,12,0,1,0,0,0,1,0,0,4
8,0,6,5,19,18,39,30,0,39,0,19,0,30,0,18,0,1,0,0,0,0,1,0,5
9,1,3,2,21,24,32,30,32,0,21,0,30,0,24,0,1,0,0,1,0,0,0,2,0
9,1,4,3,24,27,29,28,29,0,24,0,28,0,27,0,1,0,0,0,1,0,0,3,0
9,1,5,4,29,21,32,23,32,0,29,0,23,0,21,0,1,0,0,0,0,1,0,4,0
9,1,6,5,28,27,32,21,32,0,28,0,21,0,27,0,1,0,0,0,0,0,1,5,0
10,0,1,0,11,-999999,36,-999999,0,36,0,11,0,-999999,0,-999999,0,1,1,0,0,0,0,0,0
10,0,3,2,12,-999999,40,-999999,0,40,0,12,0,-999999,0,-999999,0,1,0,1,0,0,0,0,2
10,0,4,3,10,-999999,35.42857143,-999999,0,35.42857143,0,10,0,-999999,0,-999999,0,1,0,0,1,0,0,0,3
10,0,5,4,9,-999999,40,-999999,0,40,0,9,0,-999999,0,-999999,0,1,0,0,0,1,0,0,4
10,0,6,5,9,-999999,37,-999999,0,37,0,9,0,-999999,0,-999999,0,1,0,0,0,0,1,0,5
11,1,1,0,27,29,32,36,32,0,27,0,36,0,29,0,1,0,1,0,0,0,0,0,0
11,1,3,2,22,-999999,31,-999999,31,0,22,0,-999999,0,-999999,0,1,0,0,1,0,0,0,2,0
11,1,4,3,21,-999999,33,-999999,33,0,21,0,-999999,0,-999999,0,1,0,0,0,1,0,0,3,0
11,1,5,4,29,16,31,19,31,0,29,0,19,0,16,0,1,0,0,0,0,1,0,4,0
11,1,6,5,22,-999999,35,-999999,35,0,22,0,-999999,0,-999999,0,1,0,0,0,0,0,1,5,0
12,1,1,0,11,-999999,39,-999999,39,0,11,0,-999999,0,-999999,0,1,0,1,0,0,0,0,0,0
12,1,3,2,10,10,37,35,37,0,10,0,35,0,10,0,1,0,0,1,0,0,0,2,0
12,1,4,3,9,-999999,38,-999999,38,0,9,0,-999999,0,-999999,0,1,0,0,0,1,0,0,3,0
12,1,5,4,10,13,36,31,36,0,10,0,31,0,13,0,1,0,0,0,0,1,0,4,0
12,1,6,5,7,10,35,30,35,0,7,0,30,0,10,0,1,0,0,0,0,0,1,5,0
13,0,1,0,14,-999999,39,-999999,0,39,0,14,0,-999999,0,-999999,0,1,1,0,0,0,0,0,0
13,0,3,2,21,10,36,35,0,36,0,21,0,35,0,10,0,1,0,1,0,0,0,0,2
13,0,4,3,19,13,34,35,0,34,0,19,0,35,0,13,0,1,0,0,1,0,0,0,3
13,0,5,4,17,11,39,30,0,39,0,17,0,30,0,11,0,1,0,0,0,1,0,0,4
13,0,6,5,20,10,37,33,0,37,0,20,0,33,0,10,0,1,0,0,0,0,1,0,5
14,0,1,0,17,-999999,39,-999999,0,39,0,17,0,-999999,0,-999999,0,1,1,0,0,0,0,0,0
14,0,3,2,21,24,39,36,0,39,0,21,0,36,0,24,0,1,0,1,0,0,0,0,2
14,0,4,3,19,-999999,38,-999999,0,38,0,19,0,-999999,0,-999999,0,1,0,0,1,0,0,0,3
14,0,5,4,21,26,36,34,0,36,0,21,0,34,0,26,0,1,0,0,0,1,0,0,4
14,0,6,5,23,-999999,39,-999999,0,39,0,23,0,-999999,0,-999999,0,1,0,0,0,0,1,0,5
15,0,1,0,21,15,33,34,0,33,0,21,0,34,0,15,0,1,1,0,0,0,0,0,0
15,0,3,2,25,20,33,36,0,33,0,25,0,36,0,20,0,1,0,1,0,0,0,0,2
15,0,4,3,25,15,32,33,0,32,0,25,0,33,0,15,0,1,0,0,1,0,0,0,3
15,0,5,4,24,15,32,30,0,32,0,24,0,30,0,15,0,1,0,0,0,1,0,0,4
15,0,6,5,29,19,31,32,0,31,0,29,0,32,0,19,0,1,0,0,0,0,1,0,5
16,1,1,0,20,18,39,39,39,0,20,0,39,0,18,0,1,0,1,0,0,0,0,0,0
16,1,3,2,13,-999999,35,-999999,35,0,13,0,-999999,0,-999999,0,1,0,0,1,0,0,0,2,0
16,1,4,3,16,-999999,37,-999999,37,0,16,0,-999999,0,-999999,0,1,0,0,0,1,0,0,3,0
16,1,5,4,20,-999999,29,-999999,29,0,20,0,-999999,0,-999999,0,1,0,0,0,0,1,0,4,0
16,1,6,5,14,-999999,36,-999999,36,0,14,0,-999999,0,-999999,0,1,0,0,0,0,0,1,5,0
17,1,1,0,10,15,40,38,40,0,10,0,38,0,15,0,1,0,1,0,0,0,0,0,0
17,1,3,2,12,20,40,36,40,0,12,0,36,0,20,0,1,0,0,1,0,0,0,2,0
17,1,4,3,14,17,39,31,39,0,14,0,31,0,17,0,1,0,0,0,1,0,0,3,0
17,1,5,4,19,18,40,33,40,0,19,0,33,0,18,0,1,0,0,0,0,1,0,4,0
17,1,6,5,13,16,39,35,39,0,13,0,35,0,16,0,1,0,0,0,0,0,1,5,0
18,0,1,0,16,-999999,40,-999999,0,40,0,16,0,-999999,0,-999999,0,1,1,0,0,0,0,0,0
18,0,3,2,14,-999999,40,-999999,0,40,0,14,0,-999999,0,-999999,0,1,0,1,0,0,0,0,2
18,0,4,3,12,-999999,40,-999999,0,40,0,12,0,-999999,0,-999999,0,1,0,0,1,0,0,0,3
18,0,6,5,21,-999999,35,-999999,0,35,0,21,0,-999999,0,-999999,0,1,0,0,0,0,1,0,5
19,0,1,0,17,18,39,28,0,39,0,17,0,28,0,18,0,1,1,0,0,0,0,0,0
19,0,3,2,16,23,39,27,0,39,0,16,0,27,0,23,0,1,0,1,0,0,0,0,2
19,0,4,3,20,27,40,32,0,40,0,20,0,32,0,27,0,1,0,0,1,0,0,0,3
19,0,5,4,22,22,40,28,0,40,0,22,0,28,0,22,0,1,0,0,0,1,0,0,4
19,0,6,5,26,27,40,28,0,40,0,26,0,28,0,27,0,1,0,0,0,0,1,0,5
20,1,3,2,12,16,40,29,40,0,12,0,29,0,16,0,1,0,0,1,0,0,0,2,0
20,1,4,3,18,8,36,34,36,0,18,0,34,0,8,0,1,0,0,0,1,0,0,3,0
20,1,5,4,15,16,39,34,39,0,15,0,34,0,16,0,1,0,0,0,0,1,0,4,0
20,1,6,5,13,11,40,40,40,0,13,0,40,0,11,0,1,0,0,0,0,0,1,5,0
21,0,1,0,16,15,40,38,0,40,0,16,0,38,0,15,0,1,1,0,0,0,0,0,0
21,0,3,2,17,-999999,40,-999999,0,40,0,17,0,-999999,0,-999999,0,1,0,1,0,0,0,0,2
21,0,4,3,12,9,40,33.14285714,0,40,0,12,0,33.14285714,0,9,0,1,0,0,1,0,0,0,3
21,0,5,4,12,14,39,38,0,39,0,12,0,38,0,14,0,1,0,0,0,1,0,0,4
21,0,6,5,18,12,39,37,0,39,0,18,0,37,0,12,0,1,0,0,0,0,1,0,5
22,1,1,0,13,13,40,29,40,0,13,0,29,0,13,0,1,0,1,0,0,0,0,0,0
22,1,3,2,21,14,36,25,36,0,21,0,25,0,14,0,1,0,0,1,0,0,0,2,0
22,1,4,3,13,13,37,32,37,0,13,0,32,0,13,0,1,0,0,0,1,0,0,3,0
22,1,5,4,16,13,38,31,38,0,16,0,31,0,13,0,1,0,0,0,0,1,0,4,0
22,1,6,5,19,11,39,27,39,0,19,0,27,0,11,0,1,0,0,0,0,0,1,5,0
23,0,1,0,20,-999999,38,-999999,0,38,0,20,0,-999999,0,-999999,0,1,1,0,0,0,0,0,0
23,0,3,2,14,14,36,36,0,36,0,14,0,36,0,14,0,1,0,1,0,0,0,0,2
23,0,4,3,17,-999999,37,-999999,0,37,0,17,0,-999999,0,-999999,0,1,0,0,1,0,0,0,3
23,0,5,4,22,-999999,39,-999999,0,39,0,22,0,-999999,0,-999999,0,1,0,0,0,1,0,0,4
23,0,6,5,14,20,36,38,0,36,0,14,0,38,0,20,0,1,0,0,0,0,1,0,5
24,1,1,0,15,9,39,37,39,0,15,0,37,0,9,0,1,0,1,0,0,0,0,0,0
24,1,3,2,20,7,37,35,37,0,20,0,35,0,7,0,1,0,0,1,0,0,0,2,0
24,1,4,3,18,-999999,36,-999999,36,0,18,0,-999999,0,-999999,0,1,0,0,0,1,0,0,3,0
24,1,5,4,22,12,35,37,35,0,22,0,37,0,12,0,1,0,0,0,0,1,0,4,0
24,1,6,5,11,10,35,37,35,0,11,0,37,0,10,0,1,0,0,0,0,0,1,5,0
25,1,1,0,-999999,12,-999999,39,-999999,0,-999999,0,39,0,12,0,1,0,1,0,0,0,0,0,0
25,1,4,3,13,14,38,38,38,0,13,0,38,0,14,0,1,0,0,0,1,0,0,3,0
25,1,5,4,15,13,40,32,40,0,15,0,32,0,13,0,1,0,0,0,0,1,0,4,0
25,1,6,5,18,17,38,38,38,0,18,0,38,0,17,0,1,0,0,0,0,0,1,5,0
26,0,1,0,13,8,39,39,0,39,0,13,0,39,0,8,0,1,1,0,0,0,0,0,0
26,0,3,2,8,-999999,36,-999999,0,36,0,8,0,-999999,0,-999999,0,1,0,1,0,0,0,0,2
26,0,4,3,21,-999999,25,-999999,0,25,0,21,0,-999999,0,-999999,0,1,0,0,1,0,0,0,3
26,0,5,4,17,-999999,24,-999999,0,24,0,17,0,-999999,0,-999999,0,1,0,0,0,1,0,0,4
26,0,6,5,16,-999999,31,-999999,0,31,0,16,0,-999999,0,-999999,0,1,0,0,0,0,1,0,5
27,0,1,0,20,18,38,38,0,38,0,20,0,38,0,18,0,1,1,0,0,0,0,0,0
27,0,3,2,26,16,38,40,0,38,0,26,0,40,0,16,0,1,0,1,0,0,0,0,2
27,0,4,3,20,16,39,38.85714286,0,39,0,20,0,38.85714286,0,16,0,1,0,0,1,0,0,0,3
27,0,5,4,17,17,36,38,0,36,0,17,0,38,0,17,0,1,0,0,0,1,0,0,4
27,0,6,5,19,9,34,39,0,34,0,19,0,39,0,9,0,1,0,0,0,0,1,0,5
28,0,1,0,27,23,32,36,0,32,0,27,0,36,0,23,0,1,1,0,0,0,0,0,0
28,0,3,2,28,29,35,34,0,35,0,28,0,34,0,29,0,1,0,1,0,0,0,0,2
28,0,4,3,27,24,33,36,0,33,0,27,0,36,0,24,0,1,0,0,1,0,0,0,3
28,0,5,4,20,22,36,36,0,36,0,20,0,36,0,22,0,1,0,0,0,1,0,0,4
28,0,6,5,14,22,35,36,0,35,0,14,0,36,0,22,0,1,0,0,0,0,1,0,5
29,0,1,0,7,14,39,39,0,39,0,7,0,39,0,14,0,1,1,0,0,0,0,0,0
29,0,3,2,7,9,40,31,0,40,0,7,0,31,0,9,0,1,0,1,0,0,0,0,2
29,0,4,3,7,8,40,34,0,40,0,7,0,34,0,8,0,1,0,0,1,0,0,0,3
29,0,5,4,8,10,39,35,0,39,0,8,0,35,0,10,0,1,0,0,0,1,0,0,4
29,0,6,5,8,-999999,40,-999999,0,40,0,8,0,-999999,0,-999999,0,1,0,0,0,0,1,0,5
30,1,1,0,17,17,40,40,40,0,17,0,40,0,17,0,1,0,1,0,0,0,0,0,0
30,1,3,2,19,16,37,38,37,0,19,0,38,0,16,0,1,0,0,1,0,0,0,2,0
30,1,4,3,22,19,32,39,32,0,22,0,39,0,19,0,1,0,0,0,1,0,0,3,0
30,1,5,4,22,18,38,36,38,0,22,0,36,0,18,0,1,0,0,0,0,1,0,4,0
30,1,6,5,17,-999999,39,-999999,39,0,17,0,-999999,0,-999999,0,1,0,0,0,0,0,1,5,0
31,1,1,0,13,-999999,37,-999999,37,0,13,0,-999999,0,-999999,0,1,0,1,0,0,0,0,0,0
31,1,3,2,19,-999999,34,-999999,34,0,19,0,-999999,0,-999999,0,1,0,0,1,0,0,0,2,0
31,1,4,3,20,-999999,37,-999999,37,0,20,0,-999999,0,-999999,0,1,0,0,0,1,0,0,3,0
32,0,1,0,23,24,39,36,0,39,0,23,0,36,0,24,0,1,1,0,0,0,0,0,0
32,0,3,2,27,29,34,32,0,34,0,27,0,32,0,29,0,1,0,1,0,0,0,0,2
32,0,4,3,30,29,30,32,0,30,0,30,0,32,0,29,0,1,0,0,1,0,0,0,3
32,0,5,4,26,30,35,37,0,35,0,26,0,37,0,30,0,1,0,0,0,1,0,0,4
32,0,6,5,29,-999999,35,-999999,0,35,0,29,0,-999999,0,-999999,0,1,0,0,0,0,1,0,5
33,1,1,0,22,-999999,29,-999999,29,0,22,0,-999999,0,-999999,0,1,0,1,0,0,0,0,0,0
33,1,3,2,25,-999999,36,-999999,36,0,25,0,-999999,0,-999999,0,1,0,0,1,0,0,0,2,0
33,1,4,3,23,25,34,34,34,0,23,0,34,0,25,0,1,0,0,0,1,0,0,3,0
33,1,5,4,26,24,34,31,34,0,26,0,31,0,24,0,1,0,0,0,0,1,0,4,0
33,1,6,5,22,-999999,29,-999999,29,0,22,0,-999999,0,-999999,0,1,0,0,0,0,0,1,5,0
34,1,1,0,11,-999999,40,-999999,40,0,11,0,-999999,0,-999999,0,1,0,1,0,0,0,0,0,0
34,1,3,2,17,20,40,26,40,0,17,0,26,0,20,0,1,0,0,1,0,0,0,2,0
34,1,4,3,25,31,40,25,40,0,25,0,25,0,31,0,1,0,0,0,1,0,0,3,0
34,1,5,4,26,-999999,38,-999999,38,0,26,0,-999999,0,-999999,0,1,0,0,0,0,1,0,4,0
34,1,6,5,16,-999999,40,-999999,40,0,16,0,-999999,0,-999999,0,1,0,0,0,0,0,1,5,0
35,0,1,0,20,-999999,38,-999999,0,38,0,20,0,-999999,0,-999999,0,1,1,0,0,0,0,0,0
35,0,3,2,25,22,37,29,0,37,0,25,0,29,0,22,0,1,0,1,0,0,0,0,2
35,0,4,3,17,13,39,31,0,39,0,17,0,31,0,13,0,1,0,0,1,0,0,0,3
35,0,5,4,10,-999999,38,-999999,0,38,0,10,0,-999999,0,-999999,0,1,0,0,0,1,0,0,4
35,0,6,5,14,-999999,33,-999999,0,33,0,14,0,-999999,0,-999999,0,1,0,0,0,0,1,0,5
36,1,1,0,25,25,29,16,29,0,25,0,16,0,25,0,1,0,1,0,0,0,0,0,0
36,1,3,2,23,20,36,23,36,0,23,0,23,0,20,0,1,0,0,1,0,0,0,2,0
36,1,4,3,26,19,23,34,23,0,26,0,34,0,19,0,1,0,0,0,1,0,0,3,0
36,1,5,4,28,24,23,35,23,0,28,0,35,0,24,0,1,0,0,0,0,1,0,4,0
36,1,6,5,29,20,26,18,26,0,29,0,18,0,20,0,1,0,0,0,0,0,1,5,0
37,1,3,2,28,-999999,31,-999999,31,0,28,0,-999999,0,-999999,0,1,0,0,1,0,0,0,2,0
37,1,5,4,24,-999999,36,-999999,36,0,24,0,-999999,0,-999999,0,1,0,0,0,0,1,0,4,0
37,1,6,5,24,-999999,39,-999999,39,0,24,0,-999999,0,-999999,0,1,0,0,0,0,0,1,5,0
38,1,1,0,8,-999999,37,-999999,37,0,8,0,-999999,0,-999999,0,1,0,1,0,0,0,0,0,0
38,1,3,2,12,7,40,40,40,0,12,0,40,0,7,0,1,0,0,1,0,0,0,2,0
38,1,4,3,10,8,38,36,38,0,10,0,36,0,8,0,1,0,0,0,1,0,0,3,0
38,1,5,4,8,7,40,37,40,0,8,0,37,0,7,0,1,0,0,0,0,1,0,4,0
38,1,6,5,7,8,39,39,39,0,7,0,39,0,8,0,1,0,0,0,0,0,1,5,0
39,1,5,4,14,13,38,36,38,0,14,0,36,0,13,0,1,0,0,0,0,1,0,4,0
39,1,6,5,13,16,37,36,37,0,13,0,36,0,16,0,1,0,0,0,0,0,1,5,0
40,1,1,0,17,-999999,38,-999999,38,0,17,0,-999999,0,-999999,0,1,0,1,0,0,0,0,0,0
40,1,3,2,27,24,37,26,37,0,27,0,26,0,24,0,1,0,0,1,0,0,0,2,0
40,1,4,3,27,-999999,31,-999999,31,0,27,0,-999999,0,-999999,0,1,0,0,0,1,0,0,3,0
40,1,5,4,28,33,30,29,30,0,28,0,29,0,33,0,1,0,0,0,0,1,0,4,0
40,1,6,5,28,33,30,20,30,0,28,0,20,0,33,0,1,0,0,0,0,0,1,5,0
41,1,1,0,7,8,40,36,40,0,7,0,36,0,8,0,1,0,1,0,0,0,0,0,0
41,1,3,2,12,16,39,38,39,0,12,0,38,0,16,0,1,0,0,1,0,0,0,2,0
41,1,4,3,11,13,37,36,37,0,11,0,36,0,13,0,1,0,0,0,1,0,0,3,0
41,1,5,4,12,13,39,37,39,0,12,0,37,0,13,0,1,0,0,0,0,1,0,4,0
41,1,6,5,10,14,38,37,38,0,10,0,37,0,14,0,1,0,0,0,0,0,1,5,0
42,1,1,0,33,11,34,34,34,0,33,0,34,0,11,0,1,0,1,0,0,0,0,0,0
42,1,3,2,31,13,37,30,37,0,31,0,30,0,13,0,1,0,0,1,0,0,0,2,0
42,1,4,3,27,11,30,31,30,0,27,0,31,0,11,0,1,0,0,0,1,0,0,3,0
42,1,5,4,24,15,33,33,33,0,24,0,33,0,15,0,1,0,0,0,0,1,0,4,0
42,1,6,5,30,26,33,24,33,0,30,0,24,0,26,0,1,0,0,0,0,0,1,5,0
43,1,1,0,12,15,39,36,39,0,12,0,36,0,15,0,1,0,1,0,0,0,0,0,0
43,1,3,2,15,-999999,36,-999999,36,0,15,0,-999999,0,-999999,0,1,0,0,1,0,0,0,2,0
43,1,4,3,21,-999999,34,-999999,34,0,21,0,-999999,0,-999999,0,1,0,0,0,1,0,0,3,0
43,1,5,4,17,-999999,35,-999999,35,0,17,0,-999999,0,-999999,0,1,0,0,0,0,1,0,4,0
43,1,6,5,21,-999999,34,-999999,34,0,21,0,-999999,0,-999999,0,1,0,0,0,0,0,1,5,0
44,1,1,0,15,25,33,37,33,0,15,0,37,0,25,0,1,0,1,0,0,0,0,0,0
44,1,3,2,12,12,35,35,35,0,12,0,35,0,12,0,1,0,0,1,0,0,0,2,0
44,1,4,3,23,-999999,31,-999999,31,0,23,0,-999999,0,-999999,0,1,0,0,0,1,0,0,3,0
44,1,6,5,21,-999999,33,-999999,33,0,21,0,-999999,0,-999999,0,1,0,0,0,0,0,1,5,0
45,0,1,0,9,-999999,40,-999999,0,40,0,9,0,-999999,0,-999999,0,1,1,0,0,0,0,0,0
45,0,3,2,18,24,35,35,0,35,0,18,0,35,0,24,0,1,0,1,0,0,0,0,2
45,0,4,3,14,19,38,31,0,38,0,14,0,31,0,19,0,1,0,0,1,0,0,0,3
45,0,5,4,15,18,35,33,0,35,0,15,0,33,0,18,0,1,0,0,0,1,0,0,4
45,0,6,5,15,20,38,31,0,38,0,15,0,31,0,20,0,1,0,0,0,0,1,0,5
46,1,1,0,15,14,38,36,38,0,15,0,36,0,14,0,1,0,1,0,0,0,0,0,0
46,1,3,2,22,14,38,37,38,0,22,0,37,0,14,0,1,0,0,1,0,0,0,2,0
46,1,4,3,19,-999999,40,-999999,40,0,19,0,-999999,0,-999999,0,1,0,0,0,1,0,0,3,0
46,1,5,4,23,20,39,35,39,0,23,0,35,0,20,0,1,0,0,0,0,1,0,4,0
46,1,6,5,24,17,36,36,36,0,24,0,36,0,17,0,1,0,0,0,0,0,1,5,0
47,0,3,2,13,-999999,39,-999999,0,39,0,13,0,-999999,0,-999999,0,1,0,1,0,0,0,0,2
47,0,4,3,13,-999999,40,-999999,0,40,0,13,0,-999999,0,-999999,0,1,0,0,1,0,0,0,3
47,0,5,4,14,-999999,40,-999999,0,40,0,14,0,-999999,0,-999999,0,1,0,0,0,1,0,0,4
47,0,6,5,11,-999999,40,-999999,0,40,0,11,0,-999999,0,-999999,0,1,0,0,0,0,1,0,5
48,1,1,0,8,18,40,37,40,0,8,0,37,0,18,0,1,0,1,0,0,0,0,0,0
48,1,3,2,10,12,38,35,38,0,10,0,35,0,12,0,1,0,0,1,0,0,0,2,0
48,1,4,3,11,24,39,24,39,0,11,0,24,0,24,0,1,0,0,0,1,0,0,3,0
48,1,5,4,10,30,39,28,39,0,10,0,28,0,30,0,1,0,0,0,0,1,0,4,0
48,1,6,5,22,27,32,28,32,0,22,0,28,0,27,0,1,0,0,0,0,0,1,5,0
49,0,1,0,21,-999999,40,-999999,0,40,0,21,0,-999999,0,-999999,0,1,1,0,0,0,0,0,0
49,0,3,2,26,-999999,40,-999999,0,40,0,26,0,-999999,0,-999999,0,1,0,1,0,0,0,0,2
49,0,4,3,20,-999999,37,-999999,0,37,0,20,0,-999999,0,-999999,0,1,0,0,1,0,0,0,3
49,0,5,4,15,-999999,38,-999999,0,38,0,15,0,-999999,0,-999999,0,1,0,0,0,1,0,0,4
49,0,6,5,11,10,30,34,0,30,0,11,0,34,0,10,0,1,0,0,0,0,1,0,5
50,1,1,0,24,-999999,38,-999999,38,0,24,0,-999999,0,-999999,0,1,0,1,0,0,0,0,0,0
50,1,3,2,24,20,38,33,38,0,24,0,33,0,20,0,1,0,0,1,0,0,0,2,0
50,1,4,3,22,20,35,35,35,0,22,0,35,0,20,0,1,0,0,0,1,0,0,3,0
50,1,5,4,24,22,34,27,34,0,24,0,27,0,22,0,1,0,0,0,0,1,0,4,0
50,1,6,5,20,26,34,26,34,0,20,0,26,0,26,0,1,0,0,0,0,0,1,5,0
51,1,1,0,13,18,39,37,39,0,13,0,37,0,18,0,1,0,1,0,0,0,0,0,0
51,1,3,2,22,19,39,35,39,0,22,0,35,0,19,0,1,0,0,1,0,0,0,2,0
51,1,4,3,21,17,38,38,38,0,21,0,38,0,17,0,1,0,0,0,1,0,0,3,0
51,1,5,4,12,13,40,32,40,0,12,0,32,0,13,0,1,0,0,0,0,1,0,4,0
51,1,6,5,18,20,38,36,38,0,18,0,36,0,20,0,1,0,0,0,0,0,1,5,0
52,0,1,0,14,13,38,39,0,38,0,14,0,39,0,13,0,1,1,0,0,0,0,0,0
52,0,3,2,-999999,12,-999999,35,0,-999999,0,-999999,0,35,0,12,0,1,0,1,0,0,0,0,2
52,0,4,3,14,17,29,37,0,29,0,14,0,37,0,17,0,1,0,0,1,0,0,0,3
52,0,5,4,19,16,39,35,0,39,0,19,0,35,0,16,0,1,0,0,0,1,0,0,4
52,0,6,5,17,12,40,38,0,40,0,17,0,38,0,12,0,1,0,0,0,0,1,0,5
53,1,1,0,15,18,40,36,40,0,15,0,36,0,18,0,1,0,1,0,0,0,0,0,0
54,0,3,2,10,-999999,-999999,-999999,0,-999999,0,10,0,-999999,0,-999999,0,1,0,1,0,0,0,0,2
54,0,4,3,8,-999999,38,-999999,0,38,0,8,0,-999999,0,-999999,0,1,0,0,1,0,0,0,3
54,0,5,4,12,-999999,35,-999999,0,35,0,12,0,-999999,0,-999999,0,1,0,0,0,1,0,0,4
54,0,6,5,11,-999999,36,-999999,0,36,0,11,0,-999999,0,-999999,0,1,0,0,0,0,1,0,5
55,0,1,0,23,12,38,40,0,38,0,23,0,40,0,12,0,1,1,0,0,0,0,0,0
55,0,3,2,9,16,39,38,0,39,0,9,0,38,0,16,0,1,0,1,0,0,0,0,2
55,0,4,3,12,14,39,36,0,39,0,12,0,36,0,14,0,1,0,0,1,0,0,0,3
55,0,5,4,11,15.16666667,39,35,0,39,0,11,0,35,0,15.16666667,0,1,0,0,0,1,0,0,4
55,0,6,5,12,18,36,36,0,36,0,12,0,36,0,18,0,1,0,0,0,0,1,0,5
56,0,1,0,13,-999999,37,-999999,0,37,0,13,0,-999999,0,-999999,0,1,1,0,0,0,0,0,0
56,0,3,2,13,11,37,36,0,37,0,13,0,36,0,11,0,1,0,1,0,0,0,0,2
56,0,4,3,8,8,40,40,0,40,0,8,0,40,0,8,0,1,0,0,1,0,0,0,3
56,0,5,4,14,19,39,38,0,39,0,14,0,38,0,19,0,1,0,0,0,1,0,0,4
56,0,6,5,13,17,36,36,0,36,0,13,0,36,0,17,0,1,0,0,0,0,1,0,5
57,1,1,0,18,-999999,36,-999999,36,0,18,0,-999999,0,-999999,0,1,0,1,0,0,0,0,0,0
57,1,3,2,9,-999999,35,-999999,35,0,9,0,-999999,0,-999999,0,1,0,0,1,0,0,0,2,0
57,1,4,3,13,-999999,40,-999999,40,0,13,0,-999999,0,-999999,0,1,0,0,0,1,0,0,3,0
57,1,5,4,9,-999999,36,-999999,36,0,9,0,-999999,0,-999999,0,1,0,0,0,0,1,0,4,0
57,1,6,5,17,-999999,31,-999999,31,0,17,0,-999999,0,-999999,0,1,0,0,0,0,0,1,5,0
58,1,3,2,29,22,40,27,40,0,29,0,27,0,22,0,1,0,0,1,0,0,0,2,0
58,1,4,3,26,16,38,25,38,0,26,0,25,0,16,0,1,0,0,0,1,0,0,3,0
58,1,5,4,27,24,35,20,35,0,27,0,20,0,24,0,1,0,0,0,0,1,0,4,0
58,1,6,5,27,-999999,36,-999999,36,0,27,0,-999999,0,-999999,0,1,0,0,0,0,0,1,5,0
59,1,1,0,8,14,38,40,38,0,8,0,40,0,14,0,1,0,1,0,0,0,0,0,0
59,1,3,2,15,10,39,37,39,0,15,0,37,0,10,0,1,0,0,1,0,0,0,2,0
59,1,4,3,14,10,35,36,35,0,14,0,36,0,10,0,1,0,0,0,1,0,0,3,0
59,1,5,4,10,14,39,35,39,0,10,0,35,0,14,0,1,0,0,0,0,1,0,4,0
59,1,6,5,14,9,37,37,37,0,14,0,37,0,9,0,1,0,0,0,0,0,1,5,0
60,1,1,0,18,19,37,36,37,0,18,0,36,0,19,0,1,0,1,0,0,0,0,0,0
60,1,3,2,10,16,34,33,34,0,10,0,33,0,16,0,1,0,0,1,0,0,0,2,0
60,1,5,4,17,11,38,33,38,0,17,0,33,0,11,0,1,0,0,0,0,1,0,4,0
60,1,6,5,7,9,37,32,37,0,7,0,32,0,9,0,1,0,0,0,0,0,1,5,0
61,0,1,0,13,7,40,36,0,40,0,13,0,36,0,7,0,1,1,0,0,0,0,0,0
61,0,3,2,16,9,37,37,0,37,0,16,0,37,0,9,0,1,0,1,0,0,0,0,2
61,0,4,3,12,7,39,36,0,39,0,12,0,36,0,7,0,1,0,0,1,0,0,0,3
61,0,5,4,14,12,32,36,0,32,0,14,0,36,0,12,0,1,0,0,0,1,0,0,4
61,0,6,5,10,9,35,35,0,35,0,10,0,35,0,9,0,1,0,0,0,0,1,0,5
62,0,1,0,8,9,40,39,0,40,0,8,0,39,0,9,0,1,1,0,0,0,0,0,0
62,0,3,2,23,10,35,34,0,35,0,23,0,34,0,10,0,1,0,1,0,0,0,0,2
62,0,4,3,14,9,33,38,0,33,0,14,0,38,0,9,0,1,0,0,1,0,0,0,3
62,0,5,4,17,11,29,36,0,29,0,17,0,36,0,11,0,1,0,0,0,1,0,0,4
62,0,6,5,11,10,35,36,0,35,0,11,0,36,0,10,0,1,0,0,0,0,1,0,5
63,0,1,0,20,-999999,40,-999999,0,40,0,20,0,-999999,0,-999999,0,1,1,0,0,0,0,0,0
64,1,1,0,9,12,40,28,40,0,9,0,28,0,12,0,1,0,1,0,0,0,0,0,0
64,1,3,2,12,15,40,19,40,0,12,0,19,0,15,0,1,0,0,1,0,0,0,2,0
64,1,4,3,12,22,40,24,40,0,12,0,24,0,22,0,1,0,0,0,1,0,0,3,0
64,1,5,4,9,-999999,40,-999999,40,0,9,0,-999999,0,-999999,0,1,0,0,0,0,1,0,4,0
64,1,6,5,14,-999999,40,-999999,40,0,14,0,-999999,0,-999999,0,1,0,0,0,0,0,1,5,0
65,0,1,0,10,10,40,40,0,40,0,10,0,40,0,10,0,1,1,0,0,0,0,0,0
65,0,3,2,13,-999999,39,-999999,0,39,0,13,0,-999999,0,-999999,0,1,0,1,0,0,0,0,2
65,0,4,3,15,-999999,38,-999999,0,38,0,15,0,-999999,0,-999999,0,1,0,0,1,0,0,0,3
65,0,5,4,11,-999999,38,-999999,0,38,0,11,0,-999999,0,-999999,0,1,0,0,0,1,0,0,4
65,0,6,5,21,-999999,33,-999999,0,33,0,21,0,-999999,0,-999999,0,1,0,0,0,0,1,0,5
66,1,1,0,17,13,39,39,39,0,17,0,39,0,13,0,1,0,1,0,0,0,0,0,0
66,1,3,2,-999999,14,-999999,37,-999999,0,-999999,0,37,0,14,0,1,0,0,1,0,0,0,2,0
66,1,4,3,19,12,38,37,38,0,19,0,37,0,12,0,1,0,0,0,1,0,0,3,0
66,1,5,4,20,14,37,37,37,0,20,0,37,0,14,0,1,0,0,0,0,1,0,4,0
66,1,6,5,19,21,39,31,39,0,19,0,31,0,21,0,1,0,0,0,0,0,1,5,0
67,0,1,0,26,-999999,39,-999999,0,39,0,26,0,-999999,0,-999999,0,1,1,0,0,0,0,0,0
67,0,3,2,25,-999999,38,-999999,0,38,0,25,0,-999999,0,-999999,0,1,0,1,0,0,0,0,2
67,0,4,3,25,-999999,36,-999999,0,36,0,25,0,-999999,0,-999999,0,1,0,0,1,0,0,0,3
67,0,5,4,18,-999999,38,-999999,0,38,0,18,0,-999999,0,-999999,0,1,0,0,0,1,0,0,4
67,0,6,5,27,-999999,38,-999999,0,38,0,27,0,-999999,0,-999999,0,1,0,0,0,0,1,0,5
68,1,1,0,12,-999999,38,-999999,38,0,12,0,-999999,0,-999999,0,1,0,1,0,0,0,0,0,0
68,1,3,2,7,15,40,36,40,0,7,0,36,0,15,0,1,0,0,1,0,0,0,2,0
68,1,4,3,11,17,39,34,39,0,11,0,34,0,17,0,1,0,0,0,1,0,0,3,0
68,1,5,4,9,11,38,37,38,0,9,0,37,0,11,0,1,0,0,0,0,1,0,4,0
68,1,6,5,7,9,36,33,36,0,7,0,33,0,9,0,1,0,0,0,0,0,1,5,0
69,0,3,2,30,20,35,38,0,35,0,30,0,38,0,20,0,1,0,1,0,0,0,0,2
70,0,1,0,18,20,40,33,0,40,0,18,0,33,0,20,0,1,1,0,0,0,0,0,0
70,0,3,2,24,21,40,33,0,40,0,24,0,33,0,21,0,1,0,1,0,0,0,0,2
70,0,4,3,20,-999999,40,-999999,0,40,0,20,0,-999999,0,-999999,0,1,0,0,1,0,0,0,3
70,0,5,4,24,23,39,29,0,39,0,24,0,29,0,23,0,1,0,0,0,1,0,0,4
70,0,6,5,28,24,40,31,0,40,0,28,0,31,0,24,0,1,0,0,0,0,1,0,5
71,0,1,0,30,8,32,39,0,32,0,30,0,39,0,8,0,1,1,0,0,0,0,0,0
71,0,3,2,26,8,33,38,0,33,0,26,0,38,0,8,0,1,0,1,0,0,0,0,2
71,0,4,3,32,14,30,37,0,30,0,32,0,37,0,14,0,1,0,0,1,0,0,0,3
71,0,5,4,28,16,33,35,0,33,0,28,0,35,0,16,0,1,0,0,0,1,0,0,4
71,0,6,5,32,26,24,32,0,24,0,32,0,32,0,26,0,1,0,0,0,0,1,0,5
72,0,1,0,24,14,37,37,0,37,0,24,0,37,0,14,0,1,1,0,0,0,0,0,0
72,0,3,2,19,14,35,33,0,35,0,19,0,33,0,14,0,1,0,1,0,0,0,0,2
72,0,4,3,20,14,36,30,0,36,0,20,0,30,0,14,0,1,0,0,1,0,0,0,3
72,0,5,4,24,14,32,30,0,32,0,24,0,30,0,14,0,1,0,0,0,1,0,0,4
72,0,6,5,24,16,34,33,0,34,0,24,0,33,0,16,0,1,0,0,0,0,1,0,5
73,1,1,0,10,8,38,38,38,0,10,0,38,0,8,0,1,0,1,0,0,0,0,0,0
73,1,3,2,12,7,36,38,36,0,12,0,38,0,7,0,1,0,0,1,0,0,0,2,0
73,1,4,3,9,7,34,38,34,0,9,0,38,0,7,0,1,0,0,0,1,0,0,3,0
73,1,5,4,13,8,37,40,37,0,13,0,40,0,8,0,1,0,0,0,0,1,0,4,0
73,1,6,5,9,7,34,37,34,0,9,0,37,0,7,0,1,0,0,0,0,0,1,5,0
74,0,1,0,17,16,40,37,0,40,0,17,0,37,0,16,0,1,1,0,0,0,0,0,0
75,1,1,0,15,16,36,39,36,0,15,0,39,0,16,0,1,0,1,0,0,0,0,0,0
75,1,3,2,16,11,36,39,36,0,16,0,39,0,11,0,1,0,0,1,0,0,0,2,0
75,1,4,3,17,10,37,39,37,0,17,0,39,0,10,0,1,0,0,0,1,0,0,3,0
75,1,5,4,12,12,38,38,38,0,12,0,38,0,12,0,1,0,0,0,0,1,0,4,0
75,1,6,5,10,13,37,37,37,0,10,0,37,0,13,0,1,0,0,0,0,0,1,5,0
76,1,1,0,11,-999999,40,-999999,40,0,11,0,-999999,0,-999999,0,1,0,1,0,0,0,0,0,0
76,1,3,2,13,13,39,19,39,0,13,0,19,0,13,0,1,0,0,1,0,0,0,2,0
76,1,4,3,10,23,39,20,39,0,10,0,20,0,23,0,1,0,0,0,1,0,0,3,0
76,1,5,4,12,15,40,19,40,0,12,0,19,0,15,0,1,0,0,0,0,1,0,4,0
76,1,6,5,20,20,36,22,36,0,20,0,22,0,20,0,1,0,0,0,0,0,1,5,0
77,1,1,0,7,12,40,38,40,0,7,0,38,0,12,0,1,0,1,0,0,0,0,0,0
78,0,1,0,7,8,40,40,0,40,0,7,0,40,0,8,0,1,1,0,0,0,0,0,0
78,0,3,2,9,9,39,36,0,39,0,9,0,36,0,9,0,1,0,1,0,0,0,0,2
78,0,4,3,16,8,39,37,0,39,0,16,0,37,0,8,0,1,0,0,1,0,0,0,3
78,0,5,4,14,8,39,37,0,39,0,14,0,37,0,8,0,1,0,0,0,1,0,0,4
78,0,6,5,8,9,39,38,0,39,0,8,0,38,0,9,0,1,0,0,0,0,1,0,5
79,1,3,2,8,-999999,40,-999999,40,0,8,0,-999999,0,-999999,0,1,0,0,1,0,0,0,2,0
79,1,4,3,11,-999999,40,-999999,40,0,11,0,-999999,0,-999999,0,1,0,0,0,1,0,0,3,0
79,1,5,4,11,-999999,40,-999999,40,0,11,0,-999999,0,-999999,0,1,0,0,0,0,1,0,4,0
80,1,1,0,16,-999999,37,-999999,37,0,16,0,-999999,0,-999999,0,1,0,1,0,0,0,0,0,0
80,1,3,2,12,-999999,37,-999999,37,0,12,0,-999999,0,-999999,0,1,0,0,1,0,0,0,2,0
80,1,4,3,20,-999999,38,-999999,38,0,20,0,-999999,0,-999999,0,1,0,0,0,1,0,0,3,0
80,1,5,4,13,-999999,36,-999999,36,0,13,0,-999999,0,-999999,0,1,0,0,0,0,1,0,4,0
80,1,6,5,18,-999999,37,-999999,37,0,18,0,-999999,0,-999999,0,1,0,0,0,0,0,1,5,0
81,1,1,0,14,-999999,31,-999999,31,0,14,0,-999999,0,-999999,0,1,0,1,0,0,0,0,0,0
81,1,3,2,14,-999999,33,-999999,33,0,14,0,-999999,0,-999999,0,1,0,0,1,0,0,0,2,0
81,1,4,3,8,-999999,35,-999999,35,0,8,0,-999999,0,-999999,0,1,0,0,0,1,0,0,3,0
81,1,5,4,7,-999999,29,-999999,29,0,7,0,-999999,0,-999999,0,1,0,0,0,0,1,0,4,0
81,1,6,5,11,-999999,28,-999999,28,0,11,0,-999999,0,-999999,0,1,0,0,0,0,0,1,5,0
82,1,1,0,18,12,38,40,38,0,18,0,40,0,12,0,1,0,1,0,0,0,0,0,0
82,1,3,2,15,17,37,36,37,0,15,0,36,0,17,0,1,0,0,1,0,0,0,2,0
82,1,4,3,19,17,37,36,37,0,19,0,36,0,17,0,1,0,0,0,1,0,0,3,0
82,1,5,4,13,14,38,34,38,0,13,0,34,0,14,0,1,0,0,0,0,1,0,4,0
82,1,6,5,18,18,37,34,37,0,18,0,34,0,18,0,1,0,0,0,0,0,1,5,0
83,1,1,0,18,21,39,38,39,0,18,0,38,0,21,0,1,0,1,0,0,0,0,0,0
83,1,3,2,16,22,38,39,38,0,16,0,39,0,22,0,1,0,0,1,0,0,0,2,0
83,1,4,3,18,-999999,38,-999999,38,0,18,0,-999999,0,-999999,0,1,0,0,0,1,0,0,3,0
83,1,5,4,14,20,37,39,37,0,14,0,39,0,20,0,1,0,0,0,0,1,0,4,0
83,1,6,5,14,-999999,37,-999999,37,0,14,0,-999999,0,-999999,0,1,0,0,0,0,0,1,5,0
84,0,1,0,18,19,37,36,0,37,0,18,0,36,0,19,0,1,1,0,0,0,0,0,0
84,0,3,2,17,29,35,32,0,35,0,17,0,32,0,29,0,1,0,1,0,0,0,0,2
84,0,4,3,26,-999999,35,-999999,0,35,0,26,0,-999999,0,-999999,0,1,0,0,1,0,0,0,3
84,0,5,4,24,-999999,35,-999999,0,35,0,24,0,-999999,0,-999999,0,1,0,0,0,1,0,0,4
84,0,6,5,26,-999999,35,-999999,0,35,0,26,0,-999999,0,-999999,0,1,0,0,0,0,1,0,5
85,0,1,0,22,7,40,40,0,40,0,22,0,40,0,7,0,1,1,0,0,0,0,0,0
85,0,3,2,19,8,38,39,0,38,0,19,0,39,0,8,0,1,0,1,0,0,0,0,2
85,0,4,3,14,7,37,39,0,37,0,14,0,39,0,7,0,1,0,0,1,0,0,0,3
85,0,5,4,11,8,38,40,0,38,0,11,0,40,0,8,0,1,0,0,0,1,0,0,4
85,0,6,5,13,9,35,37,0,35,0,13,0,37,0,9,0,1,0,0,0,0,1,0,5
86,0,1,0,17,-999999,37,-999999,0,37,0,17,0,-999999,0,-999999,0,1,1,0,0,0,0,0,0
86,0,3,2,19,-999999,38,-999999,0,38,0,19,0,-999999,0,-999999,0,1,0,1,0,0,0,0,2
86,0,4,3,24,-999999,39,-999999,0,39,0,24,0,-999999,0,-999999,0,1,0,0,1,0,0,0,3
86,0,5,4,20,-999999,40,-999999,0,40,0,20,0,-999999,0,-999999,0,1,0,0,0,1,0,0,4
86,0,6,5,21,-999999,36,-999999,0,36,0,21,0,-999999,0,-999999,0,1,0,0,0,0,1,0,5
87,0,1,0,24,-999999,36,-999999,0,36,0,24,0,-999999,0,-999999,0,1,1,0,0,0,0,0,0
87,0,3,2,25,-999999,38,-999999,0,38,0,25,0,-999999,0,-999999,0,1,0,1,0,0,0,0,2
87,0,4,3,20,-999999,35,-999999,0,35,0,20,0,-999999,0,-999999,0,1,0,0,1,0,0,0,3
87,0,5,4,15,-999999,40,-999999,0,40,0,15,0,-999999,0,-999999,0,1,0,0,0,1,0,0,4
87,0,6,5,13,-999999,39,-999999,0,39,0,13,0,-999999,0,-999999,0,1,0,0,0,0,1,0,5
88,0,1,0,9,9,40,36,0,40,0,9,0,36,0,9,0,1,1,0,0,0,0,0,0
88,0,3,2,9,11,40,39,0,40,0,9,0,39,0,11,0,1,0,1,0,0,0,0,2
88,0,4,3,8,11,40,36,0,40,0,8,0,36,0,11,0,1,0,0,1,0,0,0,3
88,0,5,4,7,8,40,39,0,40,0,7,0,39,0,8,0,1,0,0,0,1,0,0,4
88,0,6,5,8,9,40,36,0,40,0,8,0,36,0,9,0,1,0,0,0,0,1,0,5
89,0,1,0,17,-999999,40,-999999,0,40,0,17,0,-999999,0,-999999,0,1,1,0,0,0,0,0,0
89,0,3,2,22,18,37,40,0,37,0,22,0,40,0,18,0,1,0,1,0,0,0,0,2
89,0,5,4,20,16,35,40,0,35,0,20,0,40,0,16,0,1,0,0,0,1,0,0,4
89,0,6,5,21,-999999,32,-999999,0,32,0,21,0,-999999,0,-999999,0,1,0,0,0,0,1,0,5
90,0,1,0,20,-999999,39,-999999,0,39,0,20,0,-999999,0,-999999,0,1,1,0,0,0,0,0,0
90,0,3,2,16,-999999,39,-999999,0,39,0,16,0,-999999,0,-999999,0,1,0,1,0,0,0,0,2
90,0,4,3,18,-999999,39,-999999,0,39,0,18,0,-999999,0,-999999,0,1,0,0,1,0,0,0,3
90,0,5,4,20,-999999,35,-999999,0,35,0,20,0,-999999,0,-999999,0,1,0,0,0,1,0,0,4
90,0,6,5,26,-999999,36,-999999,0,36,0,26,0,-999999,0,-999999,0,1,0,0,0,0,1,0,5
91,0,1,0,10,10,32,39,0,32,0,10,0,39,0,10,0,1,1,0,0,0,0,0,0
91,0,3,2,11,9,36,35,0,36,0,11,0,35,0,9,0,1,0,1,0,0,0,0,2
91,0,4,3,9,9,32,32,0,32,0,9,0,32,0,9,0,1,0,0,1,0,0,0,3
91,0,5,4,10,13,36,34,0,36,0,10,0,34,0,13,0,1,0,0,0,1,0,0,4
91,0,6,5,8,9,38,36,0,38,0,8,0,36,0,9,0,1,0,0,0,0,1,0,5
92,0,1,0,18,14,40,40,0,40,0,18,0,40,0,14,0,1,1,0,0,0,0,0,0
92,0,3,2,14,14,39,36,0,39,0,14,0,36,0,14,0,1,0,1,0,0,0,0,2
92,0,4,3,10,14,39,37,0,39,0,10,0,37,0,14,0,1,0,0,1,0,0,0,3
92,0,5,4,11,-999999,39,-999999,0,39,0,11,0,-999999,0,-999999,0,1,0,0,0,1,0,0,4
92,0,6,5,9,-999999,39,-999999,0,39,0,9,0,-999999,0,-999999,0,1,0,0,0,0,1,0,5
93,0,1,0,11,-999999,37,-999999,0,37,0,11,0,-999999,0,-999999,0,1,1,0,0,0,0,0,0
93,0,3,2,12,-999999,39,-999999,0,39,0,12,0,-999999,0,-999999,0,1,0,1,0,0,0,0,2
93,0,4,3,11,-999999,37,-999999,0,37,0,11,0,-999999,0,-999999,0,1,0,0,1,0,0,0,3
93,0,5,4,13,-999999,39,-999999,0,39,0,13,0,-999999,0,-999999,0,1,0,0,0,1,0,0,4
93,0,6,5,15,-999999,39,-999999,0,39,0,15,0,-999999,0,-999999,0,1,0,0,0,0,1,0,5
94,1,1,0,17,-999999,39,-999999,39,0,17,0,-999999,0,-999999,0,1,0,1,0,0,0,0,0,0
94,1,3,2,13,-999999,40,-999999,40,0,13,0,-999999,0,-999999,0,1,0,0,1,0,0,0,2,0
94,1,4,3,12,-999999,40,-999999,40,0,12,0,-999999,0,-999999,0,1,0,0,0,1,0,0,3,0
94,1,5,4,13,-999999,36,-999999,36,0,13,0,-999999,0,-999999,0,1,0,0,0,0,1,0,4,0
94,1,6,5,11,-999999,38,-999999,38,0,11,0,-999999,0,-999999,0,1,0,0,0,0,0,1,5,0
95,1,1,0,18,12,37,35,37,0,18,0,35,0,12,0,1,0,1,0,0,0,0,0,0
95,1,3,2,16,16,36,30,36,0,16,0,30,0,16,0,1,0,0,1,0,0,0,2,0
95,1,4,3,21,20,35,31,35,0,21,0,31,0,20,0,1,0,0,0,1,0,0,3,0
95,1,5,4,22,25,36,26,36,0,22,0,26,0,25,0,1,0,0,0,0,1,0,4,0
95,1,6,5,20,20,36,27,36,0,20,0,27,0,20,0,1,0,0,0,0,0,1,5,0
96,1,1,0,24,9,35,38,35,0,24,0,38,0,9,0,1,0,1,0,0,0,0,0,0
96,1,3,2,22,10,39,37,39,0,22,0,37,0,10,0,1,0,0,1,0,0,0,2,0
96,1,4,3,20,11,40,38,40,0,20,0,38,0,11,0,1,0,0,0,1,0,0,3,0
96,1,5,4,25,12,40,35,40,0,25,0,35,0,12,0,1,0,0,0,0,1,0,4,0
96,1,6,5,17,16,39,34,39,0,17,0,34,0,16,0,1,0,0,0,0,0,1,5,0
97,0,1,0,13,11,39,38,0,39,0,13,0,38,0,11,0,1,1,0,0,0,0,0,0
97,0,3,2,13,9,36,32,0,36,0,13,0,32,0,9,0,1,0,1,0,0,0,0,2
97,0,4,3,21,14,37,32,0,37,0,21,0,32,0,14,0,1,0,0,1,0,0,0,3
97,0,5,4,16,14,36,30,0,36,0,16,0,30,0,14,0,1,0,0,0,1,0,0,4
97,0,6,5,22,14,35,30,0,35,0,22,0,30,0,14,0,1,0,0,0,0,1,0,5
98,0,1,0,26,10,35,38,0,35,0,26,0,38,0,10,0,1,1,0,0,0,0,0,0
98,0,3,2,25,-999999,30,-999999,0,30,0,25,0,-999999,0,-999999,0,1,0,1,0,0,0,0,2
98,0,4,3,17,9,37,18,0,37,0,17,0,18,0,9,0,1,0,0,1,0,0,0,3
98,0,5,4,20,22.16666667,35,23,0,35,0,20,0,23,0,22.16666667,0,1,0,0,0,1,0,0,4
98,0,6,5,22,-999999,27,-999999,0,27,0,22,0,-999999,0,-999999,0,1,0,0,0,0,1,0,5
99,0,1,0,9,-999999,38,-999999,0,38,0,9,0,-999999,0,-999999,0,1,1,0,0,0,0,0,0
99,0,3,2,10,-999999,38,-999999,0,38,0,10,0,-999999,0,-999999,0,1,0,1,0,0,0,0,2
99,0,4,3,9,-999999,39,-999999,0,39,0,9,0,-999999,0,-999999,0,1,0,0,1,0,0,0,3
99,0,5,4,15,14,33,30,0,33,0,15,0,30,0,14,0,1,0,0,0,1,0,0,4
99,0,6,5,14,-999999,33,-999999,0,33,0,14,0,-999999,0,-999999,0,1,0,0,0,0,1,0,5
100,1,1,0,14,19,40,31,40,0,14,0,31,0,19,0,1,0,1,0,0,0,0,0,0
100,1,3,2,14,20,40,29,40,0,14,0,29,0,20,0,1,0,0,1,0,0,0,2,0
100,1,4,3,21,20,39,24,39,0,21,0,24,0,20,0,1,0,0,0,1,0,0,3,0
100,1,5,4,14,19,40,25,40,0,14,0,25,0,19,0,1,0,0,0,0,1,0,4,0
100,1,6,5,23,16,38,30,38,0,23,0,30,0,16,0,1,0,0,0,0,0,1,5,0
101,0,1,0,18,-999999,39,-999999,0,39,0,18,0,-999999,0,-999999,0,1,1,0,0,0,0,0,0
101,0,3,2,11,-999999,38,-999999,0,38,0,11,0,-999999,0,-999999,0,1,0,1,0,0,0,0,2
101,0,4,3,22,-999999,38,-999999,0,38,0,22,0,-999999,0,-999999,0,1,0,0,1,0,0,0,3
101,0,5,4,11,17,36,37,0,36,0,11,0,37,0,17,0,1,0,0,0,1,0,0,4
101,0,6,5,19,19,35,35,0,35,0,19,0,35,0,19,0,1,0,0,0,0,1,0,5
102,1,1,0,32,-999999,30,-999999,30,0,32,0,-999999,0,-999999,0,1,0,1,0,0,0,0,0,0
102,1,3,2,20,-999999,30,-999999,30,0,20,0,-999999,0,-999999,0,1,0,0,1,0,0,0,2,0
102,1,4,3,13,-999999,21,-999999,21,0,13,0,-999999,0,-999999,0,1,0,0,0,1,0,0,3,0
102,1,5,4,28,-999999,33,-999999,33,0,28,0,-999999,0,-999999,0,1,0,0,0,0,1,0,4,0
102,1,6,5,26,-999999,28,-999999,28,0,26,0,-999999,0,-999999,0,1,0,0,0,0,0,1,5,0
103,0,1,0,8,-999999,38,-999999,0,38,0,8,0,-999999,0,-999999,0,1,1,0,0,0,0,0,0
103,0,3,2,25,13,37,36,0,37,0,25,0,36,0,13,0,1,0,1,0,0,0,0,2
103,0,4,3,19,-999999,36,-999999,0,36,0,19,0,-999999,0,-999999,0,1,0,0,1,0,0,0,3
103,0,5,4,29,-999999,30,-999999,0,30,0,29,0,-999999,0,-999999,0,1,0,0,0,1,0,0,4
103,0,6,5,14,-999999,36,-999999,0,36,0,14,0,-999999,0,-999999,0,1,0,0,0,0,1,0,5
104,1,1,0,21,27,40,39,40,0,21,0,39,0,27,0,1,0,1,0,0,0,0,0,0
104,1,3,2,17,27,39,40,39,0,17,0,40,0,27,0,1,0,0,1,0,0,0,2,0
104,1,4,3,12,29,38,40,38,0,12,0,40,0,29,0,1,0,0,0,1,0,0,3,0
104,1,5,4,15,24,39,38,39,0,15,0,38,0,24,0,1,0,0,0,0,1,0,4,0
104,1,6,5,15,20,38,40,38,0,15,0,40,0,20,0,1,0,0,0,0,0,1,5,0
105,1,1,0,18,10,38,36,38,0,18,0,36,0,10,0,1,0,1,0,0,0,0,0,0
105,1,3,2,24,15,37,37,37,0,24,0,37,0,15,0,1,0,0,1,0,0,0,2,0
105,1,4,3,22,12,37,39,37,0,22,0,39,0,12,0,1,0,0,0,1,0,0,3,0
105,1,5,4,22,15,38,30.85714286,38,0,22,0,30.85714286,0,15,0,1,0,0,0,0,1,0,4,0
105,1,6,5,18,15,37,39,37,0,18,0,39,0,15,0,1,0,0,0,0,0,1,5,0
106,1,1,0,7,10,39,40,39,0,7,0,40,0,10,0,1,0,1,0,0,0,0,0,0
106,1,3,2,8,-999999,38,-999999,38,0,8,0,-999999,0,-999999,0,1,0,0,1,0,0,0,2,0
106,1,4,3,12,9,34,39,34,0,12,0,39,0,9,0,1,0,0,0,1,0,0,3,0
106,1,5,4,10,9,36,39,36,0,10,0,39,0,9,0,1,0,0,0,0,1,0,4,0
106,1,6,5,10,9,33,38,33,0,10,0,38,0,9,0,1,0,0,0,0,0,1,5,0
107,0,1,0,22,-999999,37,-999999,0,37,0,22,0,-999999,0,-999999,0,1,1,0,0,0,0,0,0
107,0,3,2,13,11,36,33,0,36,0,13,0,33,0,11,0,1,0,1,0,0,0,0,2
107,0,4,3,13,-999999,39,-999999,0,39,0,13,0,-999999,0,-999999,0,1,0,0,1,0,0,0,3
107,0,5,4,20,14,37,37,0,37,0,20,0,37,0,14,0,1,0,0,0,1,0,0,4
107,0,6,5,16,26,39,36,0,39,0,16,0,36,0,26,0,1,0,0,0,0,1,0,5
108,1,1,0,21,21,36,37,36,0,21,0,37,0,21,0,1,0,1,0,0,0,0,0,0
108,1,3,2,26,24,34,33,34,0,26,0,33,0,24,0,1,0,0,1,0,0,0,2,0
108,1,4,3,17,22,33,33,33,0,17,0,33,0,22,0,1,0,0,0,1,0,0,3,0
108,1,5,4,25,19,29,28,29,0,25,0,28,0,19,0,1,0,0,0,0,1,0,4,0
108,1,6,5,25,17,32,31,32,0,25,0,31,0,17,0,1,0,0,0,0,0,1,5,0
109,0,1,0,10,10,38,37,0,38,0,10,0,37,0,10,0,1,1,0,0,0,0,0,0
109,0,3,2,11,10,38,40,0,38,0,11,0,40,0,10,0,1,0,1,0,0,0,0,2
109,0,4,3,9,8,38,38,0,38,0,9,0,38,0,8,0,1,0,0,1,0,0,0,3
109,0,5,4,13,9,35,38,0,35,0,13,0,38,0,9,0,1,0,0,0,1,0,0,4
109,0,6,5,22,13,35,36,0,35,0,22,0,36,0,13,0,1,0,0,0,0,1,0,5
110,0,1,0,14,26,39,38,0,39,0,14,0,38,0,26,0,1,1,0,0,0,0,0,0
110,0,3,2,10,14,38,37,0,38,0,10,0,37,0,14,0,1,0,1,0,0,0,0,2
110,0,4,3,9,8,40,39,0,40,0,9,0,39,0,8,0,1,0,0,1,0,0,0,3
110,0,5,4,9,9,40,32,0,40,0,9,0,32,0,9,0,1,0,0,0,1,0,0,4
110,0,6,5,13,10,40,38,0,40,0,13,0,38,0,10,0,1,0,0,0,0,1,0,5
111,1,1,0,17,21,39,33,39,0,17,0,33,0,21,0,1,0,1,0,0,0,0,0,0
111,1,3,2,29,-999999,35,-999999,35,0,29,0,-999999,0,-999999,0,1,0,0,1,0,0,0,2,0
111,1,4,3,20,-999999,37,-999999,37,0,20,0,-999999,0,-999999,0,1,0,0,0,1,0,0,3,0
111,1,5,4,23,-999999,38,-999999,38,0,23,0,-999999,0,-999999,0,1,0,0,0,0,1,0,4,0
111,1,6,5,22,-999999,37,-999999,37,0,22,0,-999999,0,-999999,0,1,0,0,0,0,0,1,5,0
112,0,1,0,17,28,37,35,0,37,0,17,0,35,0,28,0,1,1,0,0,0,0,0,0
112,0,3,2,24,-999999,37,-999999,0,37,0,24,0,-999999,0,-999999,0,1,0,1,0,0,0,0,2
112,0,4,3,16,26,39,34,0,39,0,16,0,34,0,26,0,1,0,0,1,0,0,0,3
112,0,5,4,15,-999999,38,-999999,0,38,0,15,0,-999999,0,-999999,0,1,0,0,0,1,0,0,4
112,0,6,5,13,26,40,32,0,40,0,13,0,32,0,26,0,1,0,0,0,0,1,0,5
113,1,1,0,19,17,40,38,40,0,19,0,38,0,17,0,1,0,1,0,0,0,0,0,0
113,1,3,2,22,17,37,34,37,0,22,0,34,0,17,0,1,0,0,1,0,0,0,2,0
113,1,4,3,23,16,37,31,37,0,23,0,31,0,16,0,1,0,0,0,1,0,0,3,0
113,1,5,4,20,17,33,34,33,0,20,0,34,0,17,0,1,0,0,0,0,1,0,4,0
113,1,6,5,22,-999999,37,-999999,37,0,22,0,-999999,0,-999999,0,1,0,0,0,0,0,1,5,0
114,1,1,0,14,-999999,39,-999999,39,0,14,0,-999999,0,-999999,0,1,0,1,0,0,0,0,0,0
114,1,3,2,14,22,38,25,38,0,14,0,25,0,22,0,1,0,0,1,0,0,0,2,0
114,1,4,3,18,18,35,28,35,0,18,0,28,0,18,0,1,0,0,0,1,0,0,3,0
114,1,5,4,18,24,35,27,35,0,18,0,27,0,24,0,1,0,0,0,0,1,0,4,0
114,1,6,5,26,24,36,30,36,0,26,0,30,0,24,0,1,0,0,0,0,0,1,5,0
115,1,1,0,17,18,40,30,40,0,17,0,30,0,18,0,1,0,1,0,0,0,0,0,0
115,1,3,2,18,19,39,30,39,0,18,0,30,0,19,0,1,0,0,1,0,0,0,2,0
115,1,4,3,-999999,21,-999999,28,-999999,0,-999999,0,28,0,21,0,1,0,0,0,1,0,0,3,0
115,1,6,5,24,25,40,31,40,0,24,0,31,0,25,0,1,0,0,0,0,0,1,5,0
116,0,1,0,11,10,39,38,0,39,0,11,0,38,0,10,0,1,1,0,0,0,0,0,0
116,0,3,2,12,7,40,39,0,40,0,12,0,39,0,7,0,1,0,1,0,0,0,0,2
116,0,4,3,10,-999999,39,-999999,0,39,0,10,0,-999999,0,-999999,0,1,0,0,1,0,0,0,3
116,0,5,4,8,9,40,38,0,40,0,8,0,38,0,9,0,1,0,0,0,1,0,0,4
116,0,6,5,13,8,39,39,0,39,0,13,0,39,0,8,0,1,0,0,0,0,1,0,5
117,0,1,0,22,-999999,37,-999999,0,37,0,22,0,-999999,0,-999999,0,1,1,0,0,0,0,0,0
117,0,3,2,19,-999999,32,-999999,0,32,0,19,0,-999999,0,-999999,0,1,0,1,0,0,0,0,2
117,0,4,3,18,-999999,35,-999999,0,35,0,18,0,-999999,0,-999999,0,1,0,0,1,0,0,0,3
117,0,5,4,22,14,31,36,0,31,0,22,0,36,0,14,0,1,0,0,0,1,0,0,4
117,0,6,5,26,16,31,31,0,31,0,26,0,31,0,16,0,1,0,0,0,0,1,0,5
118,1,1,0,10,11,31,36,31,0,10,0,36,0,11,0,1,0,1,0,0,0,0,0,0
118,1,3,2,12,18,35,30,35,0,12,0,30,0,18,0,1,0,0,1,0,0,0,2,0
118,1,4,3,8,16,30,29,30,0,8,0,29,0,16,0,1,0,0,0,1,0,0,3,0
118,1,5,4,10,23,30,26,30,0,10,0,26,0,23,0,1,0,0,0,0,1,0,4,0
118,1,6,5,10,20,28,26,28,0,10,0,26,0,20,0,1,0,0,0,0,0,1,5,0
119,1,1,0,9,9,38,35,38,0,9,0,35,0,9,0,1,0,1,0,0,0,0,0,0
119,1,3,2,11,12,37,33,37,0,11,0,33,0,12,0,1,0,0,1,0,0,0,2,0
119,1,4,3,12,9,40,40,40,0,12,0,40,0,9,0,1,0,0,0,1,0,0,3,0
119,1,5,4,7,12,38,36,38,0,7,0,36,0,12,0,1,0,0,0,0,1,0,4,0
119,1,6,5,11,13,38,36,38,0,11,0,36,0,13,0,1,0,0,0,0,0,1,5,0
120,1,1,0,15,-999999,40,-999999,40,0,15,0,-999999,0,-999999,0,1,0,1,0,0,0,0,0,0
120,1,3,2,17,13,39,37,39,0,17,0,37,0,13,0,1,0,0,1,0,0,0,2,0
120,1,4,3,15,-999999,37,-999999,37,0,15,0,-999999,0,-999999,0,1,0,0,0,1,0,0,3,0
120,1,5,4,16,-999999,36,-999999,36,0,16,0,-999999,0,-999999,0,1,0,0,0,0,1,0,4,0
120,1,6,5,12,-999999,40,-999999,40,0,12,0,-999999,0,-999999,0,1,0,0,0,0,0,1,5,0
121,1,1,0,10,15,39,38,39,0,10,0,38,0,15,0,1,0,1,0,0,0,0,0,0
121,1,3,2,17,15,39,38,39,0,17,0,38,0,15,0,1,0,0,1,0,0,0,2,0
121,1,4,3,13,12,38,38,38,0,13,0,38,0,12,0,1,0,0,0,1,0,0,3,0
121,1,5,4,12,18,40,37,40,0,12,0,37,0,18,0,1,0,0,0,0,1,0,4,0
121,1,6,5,13,-999999,39,-999999,39,0,13,0,-999999,0,-999999,0,1,0,0,0,0,0,1,5,0
122,1,1,0,7,7,34,38,34,0,7,0,38,0,7,0,1,0,1,0,0,0,0,0,0
122,1,3,2,10,12,35,39,35,0,10,0,39,0,12,0,1,0,0,1,0,0,0,2,0
122,1,4,3,11,9,36,36,36,0,11,0,36,0,9,0,1,0,0,0,1,0,0,3,0
122,1,5,4,11,14,37,39,37,0,11,0,39,0,14,0,1,0,0,0,0,1,0,4,0
122,1,6,5,10,13,35,38,35,0,10,0,38,0,13,0,1,0,0,0,0,0,1,5,0
123,0,1,0,12,-999999,38,-999999,0,38,0,12,0,-999999,0,-999999,0,1,1,0,0,0,0,0,0
123,0,3,2,20,-999999,38,-999999,0,38,0,20,0,-999999,0,-999999,0,1,0,1,0,0,0,0,2
123,0,4,3,15,-999999,39,-999999,0,39,0,15,0,-999999,0,-999999,0,1,0,0,1,0,0,0,3
123,0,5,4,15,-999999,40,-999999,0,40,0,15,0,-999999,0,-999999,0,1,0,0,0,1,0,0,4
123,0,6,5,15,-999999,39,-999999,0,39,0,15,0,-999999,0,-999999,0,1,0,0,0,0,1,0,5
124,1,1,0,10,-999999,36,-999999,36,0,10,0,-999999,0,-999999,0,1,0,1,0,0,0,0,0,0
124,1,3,2,11,16,38,32,38,0,11,0,32,0,16,0,1,0,0,1,0,0,0,2,0
124,1,4,3,20,13,37,31,37,0,20,0,31,0,13,0,1,0,0,0,1,0,0,3,0
124,1,5,4,14,11,32,33,32,0,14,0,33,0,11,0,1,0,0,0,0,1,0,4,0
124,1,6,5,16,14,32,32,32,0,16,0,32,0,14,0,1,0,0,0,0,0,1,5,0
125,1,1,0,13,14,40,31,40,0,13,0,31,0,14,0,1,0,1,0,0,0,0,0,0
126,0,3,2,23,-999999,34,-999999,0,34,0,23,0,-999999,0,-999999,0,1,0,1,0,0,0,0,2
126,0,4,3,24,-999999,33,-999999,0,33,0,24,0,-999999,0,-999999,0,1,0,0,1,0,0,0,3
126,0,5,4,22,-999999,35,-999999,0,35,0,22,0,-999999,0,-999999,0,1,0,0,0,1,0,0,4
126,0,6,5,27,-999999,30,-999999,0,30,0,27,0,-999999,0,-999999,0,1,0,0,0,0,1,0,5
127,1,1,0,16,17,40,28,40,0,16,0,28,0,17,0,1,0,1,0,0,0,0,0,0
127,1,3,2,22,18,-999999,19,-999999,0,22,0,19,0,18,0,1,0,0,1,0,0,0,2,0
127,1,4,3,13,9,34,27,34,0,13,0,27,0,9,0,1,0,0,0,1,0,0,3,0
127,1,5,4,18,16,39,28,39,0,18,0,28,0,16,0,1,0,0,0,0,1,0,4,0
127,1,6,5,17,19,35,25,35,0,17,0,25,0,19,0,1,0,0,0,0,0,1,5,0
128,0,1,0,10,11,40,35,0,40,0,10,0,35,0,11,0,1,1,0,0,0,0,0,0
128,0,3,2,14,9,39,36,0,39,0,14,0,36,0,9,0,1,0,1,0,0,0,0,2
128,0,4,3,11,7,38,38,0,38,0,11,0,38,0,7,0,1,0,0,1,0,0,0,3
128,0,5,4,15,7,39,38,0,39,0,15,0,38,0,7,0,1,0,0,0,1,0,0,4
128,0,6,5,13,7,38,38,0,38,0,13,0,38,0,7,0,1,0,0,0,0,1,0,5
129,1,1,0,18,12,40,38,40,0,18,0,38,0,12,0,1,0,1,0,0,0,0,0,0
129,1,3,2,13,-999999,38,-999999,38,0,13,0,-999999,0,-999999,0,1,0,0,1,0,0,0,2,0
130,0,1,0,10,-999999,40,-999999,0,40,0,10,0,-999999,0,-999999,0,1,1,0,0,0,0,0,0
130,0,3,2,20,-999999,39,-999999,0,39,0,20,0,-999999,0,-999999,0,1,0,1,0,0,0,0,2
130,0,4,3,18,-999999,40,-999999,0,40,0,18,0,-999999,0,-999999,0,1,0,0,1,0,0,0,3
130,0,5,4,20,-999999,39,-999999,0,39,0,20,0,-999999,0,-999999,0,1,0,0,0,1,0,0,4
130,0,6,5,15,-999999,39,-999999,0,39,0,15,0,-999999,0,-999999,0,1,0,0,0,0,1,0,5
131,0,1,0,21,21,35,31,0,35,0,21,0,31,0,21,0,1,1,0,0,0,0,0,0
131,0,3,2,19,14,37,34,0,37,0,19,0,34,0,14,0,1,0,1,0,0,0,0,2
131,0,4,3,24,-999999,33,-999999,0,33,0,24,0,-999999,0,-999999,0,1,0,0,1,0,0,0,3
131,0,5,4,18,-999999,34,-999999,0,34,0,18,0,-999999,0,-999999,0,1,0,0,0,1,0,0,4
131,0,6,5,20,-999999,35,-999999,0,35,0,20,0,-999999,0,-999999,0,1,0,0,0,0,1,0,5
132,0,1,0,8,10,40,40,0,40,0,8,0,40,0,10,0,1,1,0,0,0,0,0,0
132,0,3,2,8,9,40,40,0,40,0,8,0,40,0,9,0,1,0,1,0,0,0,0,2
132,0,4,3,9,9,40,40,0,40,0,9,0,40,0,9,0,1,0,0,1,0,0,0,3
132,0,5,4,8,8,39,40,0,39,0,8,0,40,0,8,0,1,0,0,0,1,0,0,4
132,0,6,5,7,11,40,39,0,40,0,7,0,39,0,11,0,1,0,0,0,0,1,0,5
133,0,1,0,11,21,38,39,0,38,0,11,0,39,0,21,0,1,1,0,0,0,0,0,0
133,0,3,2,10,15,36,40,0,36,0,10,0,40,0,15,0,1,0,1,0,0,0,0,2
133,0,4,3,11,17,36,40,0,36,0,11,0,40,0,17,0,1,0,0,1,0,0,0,3
133,0,5,4,16,21,39,40,0,39,0,16,0,40,0,21,0,1,0,0,0,1,0,0,4
133,0,6,5,11,26,34,39,0,34,0,11,0,39,0,26,0,1,0,0,0,0,1,0,5
134,0,1,0,8,14,31,33,0,31,0,8,0,33,0,14,0,1,1,0,0,0,0,0,0
134,0,3,2,7,11,36,37,0,36,0,7,0,37,0,11,0,1,0,1,0,0,0,0,2
134,0,4,3,7,16,37,33,0,37,0,7,0,33,0,16,0,1,0,0,1,0,0,0,3
134,0,5,4,13,21,30,30,0,30,0,13,0,30,0,21,0,1,0,0,0,1,0,0,4
134,0,6,5,10,19,37,28,0,37,0,10,0,28,0,19,0,1,0,0,0,0,1,0,5
135,0,1,0,19,8,38,38,0,38,0,19,0,38,0,8,0,1,1,0,0,0,0,0,0
135,0,3,2,13,7,36,36,0,36,0,13,0,36,0,7,0,1,0,1,0,0,0,0,2
135,0,4,3,15,-999999,36,-999999,0,36,0,15,0,-999999,0,-999999,0,1,0,0,1,0,0,0,3
135,0,5,4,12,-999999,36,-999999,0,36,0,12,0,-999999,0,-999999,0,1,0,0,0,1,0,0,4
135,0,6,5,16,8,36,39,0,36,0,16,0,39,0,8,0,1,0,0,0,0,1,0,5
136,1,1,0,22,20,34,37,34,0,22,0,37,0,20,0,1,0,1,0,0,0,0,0,0
136,1,4,3,21,21,37,32,37,0,21,0,32,0,21,0,1,0,0,0,1,0,0,3,0
136,1,5,4,24,30,34,34,34,0,24,0,34,0,30,0,1,0,0,0,0,1,0,4,0
136,1,6,5,-999999,20,-999999,35,-999999,0,-999999,0,35,0,20,0,1,0,0,0,0,0,1,5,0
137,0,1,0,13,14,37,38,0,37,0,13,0,38,0,14,0,1,1,0,0,0,0,0,0
137,0,3,2,13,18,37,36,0,37,0,13,0,36,0,18,0,1,0,1,0,0,0,0,2
137,0,4,3,19,14,36,34,0,36,0,19,0,34,0,14,0,1,0,0,1,0,0,0,3
137,0,5,4,12,24,39,34,0,39,0,12,0,34,0,24,0,1,0,0,0,1,0,0,4
137,0,6,5,15,16,38,33,0,38,0,15,0,33,0,16,0,1,0,0,0,0,1,0,5
138,0,1,0,20,7,38,40,0,38,0,20,0,40,0,7,0,1,1,0,0,0,0,0,0
138,0,3,2,25,-999999,34,-999999,0,34,0,25,0,-999999,0,-999999,0,1,0,1,0,0,0,0,2
138,0,4,3,27,23,32,36,0,32,0,27,0,36,0,23,0,1,0,0,1,0,0,0,3
138,0,5,4,27,19,32,36,0,32,0,27,0,36,0,19,0,1,0,0,0,1,0,0,4
138,0,6,5,29,21,32,35,0,32,0,29,0,35,0,21,0,1,0,0,0,0,1,0,5
139,1,1,0,10,9,40,35,40,0,10,0,35,0,9,0,1,0,1,0,0,0,0,0,0
139,1,3,2,15,11,36,36,36,0,15,0,36,0,11,0,1,0,0,1,0,0,0,2,0
139,1,4,3,12,-999999,38,-999999,38,0,12,0,-999999,0,-999999,0,1,0,0,0,1,0,0,3,0
139,1,5,4,16,8,38,34,38,0,16,0,34,0,8,0,1,0,0,0,0,1,0,4,0
139,1,6,5,15,15,37,36,37,0,15,0,36,0,15,0,1,0,0,0,0,0,1,5,0
140,1,3,2,20,23,39,39,39,0,20,0,39,0,23,0,1,0,0,1,0,0,0,2,0
140,1,4,3,21,17,38,39,38,0,21,0,39,0,17,0,1,0,0,0,1,0,0,3,0
140,1,5,4,20,22,37,38,37,0,20,0,38,0,22,0,1,0,0,0,0,1,0,4,0
140,1,6,5,16,15,36,39,36,0,16,0,39,0,15,0,1,0,0,0,0,0,1,5,0
141,0,3,2,13,9,39,38,0,39,0,13,0,38,0,9,0,1,0,1,0,0,0,0,2
141,0,5,4,13,-999999,37,-999999,0,37,0,13,0,-999999,0,-999999,0,1,0,0,0,1,0,0,4
142,0,1,0,20,-999999,36,-999999,0,36,0,20,0,-999999,0,-999999,0,1,1,0,0,0,0,0,0
142,0,3,2,20,-999999,37,-999999,0,37,0,20,0,-999999,0,-999999,0,1,0,1,0,0,0,0,2
142,0,4,3,22,-999999,38,-999999,0,38,0,22,0,-999999,0,-999999,0,1,0,0,1,0,0,0,3
142,0,5,4,20,-999999,33,-999999,0,33,0,20,0,-999999,0,-999999,0,1,0,0,0,1,0,0,4
142,0,6,5,19,-999999,36,-999999,0,36,0,19,0,-999999,0,-999999,0,1,0,0,0,0,1,0,5
143,1,1,0,18,22,34,37,34,0,18,0,37,0,22,0,1,0,1,0,0,0,0,0,0
143,1,3,2,17,19,38,36,38,0,17,0,36,0,19,0,1,0,0,1,0,0,0,2,0
143,1,4,3,20,27,34,36,34,0,20,0,36,0,27,0,1,0,0,0,1,0,0,3,0
143,1,5,4,22,25,35,36,35,0,22,0,36,0,25,0,1,0,0,0,0,1,0,4,0
143,1,6,5,20,26,37,33,37,0,20,0,33,0,26,0,1,0,0,0,0,0,1,5,0
144,0,1,0,21,15,40,40,0,40,0,21,0,40,0,15,0,1,1,0,0,0,0,0,0
144,0,3,2,22,18,40,38,0,40,0,22,0,38,0,18,0,1,0,1,0,0,0,0,2
144,0,4,3,17,22,40,36,0,40,0,17,0,36,0,22,0,1,0,0,1,0,0,0,3
144,0,5,4,19,10,39,37,0,39,0,19,0,37,0,10,0,1,0,0,0,1,0,0,4
144,0,6,5,20,18,39,35,0,39,0,20,0,35,0,18,0,1,0,0,0,0,1,0,5
145,1,1,0,9,7,40,40,40,0,9,0,40,0,7,0,1,0,1,0,0,0,0,0,0
145,1,3,2,10,-999999,39,-999999,39,0,10,0,-999999,0,-999999,0,1,0,0,1,0,0,0,2,0
145,1,4,3,8,8,40,36,40,0,8,0,36,0,8,0,1,0,0,0,1,0,0,3,0
145,1,5,4,12,8,40,39,40,0,12,0,39,0,8,0,1,0,0,0,0,1,0,4,0
145,1,6,5,7,7,40,40,40,0,7,0,40,0,7,0,1,0,0,0,0,0,1,5,0
146,1,1,0,21,12,38,34,38,0,21,0,34,0,12,0,1,0,1,0,0,0,0,0,0
146,1,3,2,15,18,37,33,37,0,15,0,33,0,18,0,1,0,0,1,0,0,0,2,0
146,1,4,3,18,-999999,39,-999999,39,0,18,0,-999999,0,-999999,0,1,0,0,0,1,0,0,3,0
146,1,5,4,15,-999999,40,-999999,40,0,15,0,-999999,0,-999999,0,1,0,0,0,0,1,0,4,0
146,1,6,5,20,-999999,38,-999999,38,0,20,0,-999999,0,-999999,0,1,0,0,0,0,0,1,5,0
147,1,1,0,13,9,40,40,40,0,13,0,40,0,9,0,1,0,1,0,0,0,0,0,0
147,1,3,2,17,-999999,40,-999999,40,0,17,0,-999999,0,-999999,0,1,0,0,1,0,0,0,2,0
147,1,4,3,15,14,40,37,40,0,15,0,37,0,14,0,1,0,0,0,1,0,0,3,0
147,1,5,4,17,22,40,35,40,0,17,0,35,0,22,0,1,0,0,0,0,1,0,4,0
147,1,6,5,29,22,40,37,40,0,29,0,37,0,22,0,1,0,0,0,0,0,1,5,0
148,1,1,0,19,17,38,39,38,0,19,0,39,0,17,0,1,0,1,0,0,0,0,0,0
148,1,3,2,20,-999999,36,-999999,36,0,20,0,-999999,0,-999999,0,1,0,0,1,0,0,0,2,0
148,1,4,3,19,-999999,35,-999999,35,0,19,0,-999999,0,-999999,0,1,0,0,0,1,0,0,3,0
148,1,5,4,19,17,34,35,34,0,19,0,35,0,17,0,1,0,0,0,0,1,0,4,0
148,1,6,5,15,-999999,37,-999999,37,0,15,0,-999999,0,-999999,0,1,0,0,0,0,0,1,5,0
149,1,1,0,7,11,40,39,40,0,7,0,39,0,11,0,1,0,1,0,0,0,0,0,0
149,1,3,2,7,7,40,38,40,0,7,0,38,0,7,0,1,0,0,1,0,0,0,2,0
149,1,4,3,7,7,40,38,40,0,7,0,38,0,7,0,1,0,0,0,1,0,0,3,0
149,1,5,4,7,7,40,38,40,0,7,0,38,0,7,0,1,0,0,0,0,1,0,4,0
149,1,6,5,7,9,36,37,36,0,7,0,37,0,9,0,1,0,0,0,0,0,1,5,0
150,1,1,0,22,21,38,39,38,0,22,0,39,0,21,0,1,0,1,0,0,0,0,0,0
150,1,3,2,13,15,37,36,37,0,13,0,36,0,15,0,1,0,0,1,0,0,0,2,0
150,1,4,3,15,22,37,34,37,0,15,0,34,0,22,0,1,0,0,0,1,0,0,3,0
150,1,5,4,17,15,34,35,34,0,17,0,35,0,15,0,1,0,0,0,0,1,0,4,0
150,1,6,5,13,15,38,35,38,0,13,0,35,0,15,0,1,0,0,0,0,0,1,5,0
151,1,1,0,25,24,40,40,40,0,25,0,40,0,24,0,1,0,1,0,0,0,0,0,0
151,1,3,2,30,19,39,40,39,0,30,0,40,0,19,0,1,0,0,1,0,0,0,2,0
151,1,4,3,30,15,37,40,37,0,30,0,40,0,15,0,1,0,0,0,1,0,0,3,0
151,1,5,4,28,19,38,40,38,0,28,0,40,0,19,0,1,0,0,0,0,1,0,4,0
151,1,6,5,24,15,38,40,38,0,24,0,40,0,15,0,1,0,0,0,0,0,1,5,0
152,1,1,0,8,7,40,38,40,0,8,0,38,0,7,0,1,0,1,0,0,0,0,0,0
152,1,3,2,13,9,37,34,37,0,13,0,34,0,9,0,1,0,0,1,0,0,0,2,0
152,1,4,3,15,11,40,36,40,0,15,0,36,0,11,0,1,0,0,0,1,0,0,3,0
152,1,5,4,21,12,37,30,37,0,21,0,30,0,12,0,1,0,0,0,0,1,0,4,0
152,1,6,5,15,10,40,30,40,0,15,0,30,0,10,0,1,0,0,0,0,0,1,5,0
153,1,1,0,8,11,40,37,40,0,8,0,37,0,11,0,1,0,1,0,0,0,0,0,0
154,0,1,0,18,8,39,40,0,39,0,18,0,40,0,8,0,1,1,0,0,0,0,0,0
154,0,3,2,18,16,39,40,0,39,0,18,0,40,0,16,0,1,0,1,0,0,0,0,2
154,0,4,3,18,-999999,38,-999999,0,38,0,18,0,-999999,0,-999999,0,1,0,0,1,0,0,0,3
154,0,5,4,16,-999999,39,-999999,0,39,0,16,0,-999999,0,-999999,0,1,0,0,0,1,0,0,4
154,0,6,5,19,15,37,35,0,37,0,19,0,35,0,15,0,1,0,0,0,0,1,0,5
155,1,1,0,21,7,40,34,40,0,21,0,34,0,7,0,1,0,1,0,0,0,0,0,0
156,1,1,0,16,-999999,34,-999999,34,0,16,0,-999999,0,-999999,0,1,0,1,0,0,0,0,0,0
156,1,3,2,23,-999999,36,-999999,36,0,23,0,-999999,0,-999999,0,1,0,0,1,0,0,0,2,0
156,1,4,3,16,-999999,38,-999999,38,0,16,0,-999999,0,-999999,0,1,0,0,0,1,0,0,3,0
156,1,5,4,16,-999999,35,-999999,35,0,16,0,-999999,0,-999999,0,1,0,0,0,0,1,0,4,0
156,1,6,5,23,19,33,36,33,0,23,0,36,0,19,0,1,0,0,0,0,0,1,5,0
157,1,3,2,13,-999999,37,-999999,37,0,13,0,-999999,0,-999999,0,1,0,0,1,0,0,0,2,0
157,1,4,3,13,-999999,32,-999999,32,0,13,0,-999999,0,-999999,0,1,0,0,0,1,0,0,3,0
157,1,5,4,18,-999999,35,-999999,35,0,18,0,-999999,0,-999999,0,1,0,0,0,0,1,0,4,0
157,1,6,5,17,-999999,36,-999999,36,0,17,0,-999999,0,-999999,0,1,0,0,0,0,0,1,5,0
158,0,1,0,21,17,40,30,0,40,0,21,0,30,0,17,0,1,1,0,0,0,0,0,0
158,0,3,2,13,14,40,35,0,40,0,13,0,35,0,14,0,1,0,1,0,0,0,0,2
158,0,4,3,20,12,39,34,0,39,0,20,0,34,0,12,0,1,0,0,1,0,0,0,3
158,0,5,4,19,15,37,33,0,37,0,19,0,33,0,15,0,1,0,0,0,1,0,0,4
158,0,6,5,24,13,38,36,0,38,0,24,0,36,0,13,0,1,0,0,0,0,1,0,5
159,1,1,0,11,21,40,28,40,0,11,0,28,0,21,0,1,0,1,0,0,0,0,0,0
159,1,3,2,20,15,37,40,37,0,20,0,40,0,15,0,1,0,0,1,0,0,0,2,0
159,1,4,3,17,27,40,26,40,0,17,0,26,0,27,0,1,0,0,0,1,0,0,3,0
159,1,5,4,16,29,39,28,39,0,16,0,28,0,29,0,1,0,0,0,0,1,0,4,0
159,1,6,5,19,30,40,30,40,0,19,0,30,0,30,0,1,0,0,0,0,0,1,5,0
160,0,1,0,7,7,40,38,0,40,0,7,0,38,0,7,0,1,1,0,0,0,0,0,0
160,0,3,2,7,7,38,31,0,38,0,7,0,31,0,7,0,1,0,1,0,0,0,0,2
160,0,4,3,9,7,39,35,0,39,0,9,0,35,0,7,0,1,0,0,1,0,0,0,3
160,0,5,4,7,9,39,35,0,39,0,7,0,35,0,9,0,1,0,0,0,1,0,0,4
160,0,6,5,8,8,39,34,0,39,0,8,0,34,0,8,0,1,0,0,0,0,1,0,5
161,1,1,0,8,-999999,39,-999999,39,0,8,0,-999999,0,-999999,0,1,0,1,0,0,0,0,0,0
161,1,3,2,7,-999999,40,-999999,40,0,7,0,-999999,0,-999999,0,1,0,0,1,0,0,0,2,0
161,1,4,3,8,-999999,39,-999999,39,0,8,0,-999999,0,-999999,0,1,0,0,0,1,0,0,3,0
161,1,5,4,8,8,37,39,37,0,8,0,39,0,8,0,1,0,0,0,0,1,0,4,0
161,1,6,5,8,8,40,37,40,0,8,0,37,0,8,0,1,0,0,0,0,0,1,5,0
162,0,1,0,15,-999999,40,-999999,0,40,0,15,0,-999999,0,-999999,0,1,1,0,0,0,0,0,0
162,0,3,2,16,-999999,38,-999999,0,38,0,16,0,-999999,0,-999999,0,1,0,1,0,0,0,0,2
162,0,4,3,22,-999999,39,-999999,0,39,0,22,0,-999999,0,-999999,0,1,0,0,1,0,0,0,3
162,0,5,4,19,-999999,39,-999999,0,39,0,19,0,-999999,0,-999999,0,1,0,0,0,1,0,0,4
162,0,6,5,28,-999999,34,-999999,0,34,0,28,0,-999999,0,-999999,0,1,0,0,0,0,1,0,5
163,1,3,2,16,15,31,25,31,0,16,0,25,0,15,0,1,0,0,1,0,0,0,2,0
163,1,4,3,19,22,26,30,26,0,19,0,30,0,22,0,1,0,0,0,1,0,0,3,0
163,1,5,4,18,26,26,29,26,0,18,0,29,0,26,0,1,0,0,0,0,1,0,4,0
163,1,6,5,16.33333333,22,31,30,31,0,16.33333333,0,30,0,22,0,1,0,0,0,0,0,1,5,0
164,0,1,0,16,12,39,36,0,39,0,16,0,36,0,12,0,1,1,0,0,0,0,0,0
164,0,3,2,29,-999999,31,-999999,0,31,0,29,0,-999999,0,-999999,0,1,0,1,0,0,0,0,2
164,0,4,3,21,12,39,33,0,39,0,21,0,33,0,12,0,1,0,0,1,0,0,0,3
164,0,5,4,20,-999999,34,-999999,0,34,0,20,0,-999999,0,-999999,0,1,0,0,0,1,0,0,4
164,0,6,5,23,-999999,26,-999999,0,26,0,23,0,-999999,0,-999999,0,1,0,0,0,0,1,0,5
165,0,1,0,33,11,38,40,0,38,0,33,0,40,0,11,0,1,1,0,0,0,0,0,0
165,0,3,2,23,24,39,35,0,39,0,23,0,35,0,24,0,1,0,1,0,0,0,0,2
165,0,4,3,29,21,37,33,0,37,0,29,0,33,0,21,0,1,0,0,1,0,0,0,3
165,0,5,4,29,25,38,33,0,38,0,29,0,33,0,25,0,1,0,0,0,1,0,0,4
165,0,6,5,33,28,36,23,0,36,0,33,0,23,0,28,0,1,0,0,0,0,1,0,5
166,0,1,0,14,15,39,31,0,39,0,14,0,31,0,15,0,1,1,0,0,0,0,0,0
166,0,3,2,20,-999999,36,-999999,0,36,0,20,0,-999999,0,-999999,0,1,0,1,0,0,0,0,2
166,0,4,3,22,-999999,29,-999999,0,29,0,22,0,-999999,0,-999999,0,1,0,0,1,0,0,0,3
166,0,5,4,23,22,33,24,0,33,0,23,0,24,0,22,0,1,0,0,0,1,0,0,4
166,0,6,5,22,22,35,26,0,35,0,22,0,26,0,22,0,1,0,0,0,0,1,0,5
167,1,1,0,24,-999999,22,-999999,22,0,24,0,-999999,0,-999999,0,1,0,1,0,0,0,0,0,0
167,1,3,2,20,-999999,40,-999999,40,0,20,0,-999999,0,-999999,0,1,0,0,1,0,0,0,2,0
167,1,4,3,20,-999999,36,-999999,36,0,20,0,-999999,0,-999999,0,1,0,0,0,1,0,0,3,0
167,1,5,4,16,-999999,40,-999999,40,0,16,0,-999999,0,-999999,0,1,0,0,0,0,1,0,4,0
167,1,6,5,11,-999999,35,-999999,35,0,11,0,-999999,0,-999999,0,1,0,0,0,0,0,1,5,0
168,0,1,0,8,-999999,40,-999999,0,40,0,8,0,-999999,0,-999999,0,1,1,0,0,0,0,0,0
168,0,3,2,7,12,39,33,0,39,0,7,0,33,0,12,0,1,0,1,0,0,0,0,2
168,0,4,3,7,12,39,36,0,39,0,7,0,36,0,12,0,1,0,0,1,0,0,0,3
168,0,5,4,7,14,39,34,0,39,0,7,0,34,0,14,0,1,0,0,0,1,0,0,4
168,0,6,5,7,11,40,32,0,40,0,7,0,32,0,11,0,1,0,0,0,0,1,0,5
169,0,1,0,8,9,40,38,0,40,0,8,0,38,0,9,0,1,1,0,0,0,0,0,0
169,0,3,2,10,11,36,39,0,36,0,10,0,39,0,11,0,1,0,1,0,0,0,0,2
169,0,4,3,9,-999999,38,-999999,0,38,0,9,0,-999999,0,-999999,0,1,0,0,1,0,0,0,3
169,0,5,4,9,-999999,39,-999999,0,39,0,9,0,-999999,0,-999999,0,1,0,0,0,1,0,0,4
169,0,6,5,15,-999999,35,-999999,0,35,0,15,0,-999999,0,-999999,0,1,0,0,0,0,1,0,5
170,0,1,0,24,16,30,31,0,30,0,24,0,31,0,16,0,1,1,0,0,0,0,0,0
170,0,3,2,22,16,38,28,0,38,0,22,0,28,0,16,0,1,0,1,0,0,0,0,2
170,0,4,3,20,13,32,32,0,32,0,20,0,32,0,13,0,1,0,0,1,0,0,0,3
170,0,5,4,18,11,31,27,0,31,0,18,0,27,0,11,0,1,0,0,0,1,0,0,4
170,0,6,5,16,16,35,31,0,35,0,16,0,31,0,16,0,1,0,0,0,0,1,0,5
171,1,1,0,13,10,39,37,39,0,13,0,37,0,10,0,1,0,1,0,0,0,0,0,0
171,1,3,2,15,11,39,29,39,0,15,0,29,0,11,0,1,0,0,1,0,0,0,2,0
171,1,4,3,13,11,39,35,39,0,13,0,35,0,11,0,1,0,0,0,1,0,0,3,0
171,1,5,4,18,16,39,28,39,0,18,0,28,0,16,0,1,0,0,0,0,1,0,4,0
171,1,6,5,17,14,38,34,38,0,17,0,34,0,14,0,1,0,0,0,0,0,1,5,0
172,1,1,0,16,23,38,35,38,0,16,0,35,0,23,0,1,0,1,0,0,0,0,0,0
172,1,3,2,23,20,33,33,33,0,23,0,33,0,20,0,1,0,0,1,0,0,0,2,0
172,1,4,3,22,21,33,30,33,0,22,0,30,0,21,0,1,0,0,0,1,0,0,3,0
172,1,5,4,18,21,36,29,36,0,18,0,29,0,21,0,1,0,0,0,0,1,0,4,0
172,1,6,5,20,22,34,33,34,0,20,0,33,0,22,0,1,0,0,0,0,0,1,5,0
173,1,1,0,18,16,39,32,39,0,18,0,32,0,16,0,1,0,1,0,0,0,0,0,0
173,1,3,2,12,17,38,38,38,0,12,0,38,0,17,0,1,0,0,1,0,0,0,2,0
173,1,4,3,11,14,34,34,34,0,11,0,34,0,14,0,1,0,0,0,1,0,0,3,0
173,1,5,4,12,13,39,38,39,0,12,0,38,0,13,0,1,0,0,0,0,1,0,4,0
173,1,6,5,15,13,36,38,36,0,15,0,38,0,13,0,1,0,0,0,0,0,1,5,0
174,1,1,0,27,-999999,29,-999999,29,0,27,0,-999999,0,-999999,0,1,0,1,0,0,0,0,0,0
174,1,3,2,26,-999999,29,-999999,29,0,26,0,-999999,0,-999999,0,1,0,0,1,0,0,0,2,0
174,1,4,3,27,-999999,25,-999999,25,0,27,0,-999999,0,-999999,0,1,0,0,0,1,0,0,3,0
174,1,5,4,24,28,20,35,20,0,24,0,35,0,28,0,1,0,0,0,0,1,0,4,0
174,1,6,5,30,-999999,21,-999999,21,0,30,0,-999999,0,-999999,0,1,0,0,0,0,0,1,5,0
175,1,1,0,13,11,38,35,38,0,13,0,35,0,11,0,1,0,1,0,0,0,0,0,0
175,1,3,2,16,15,37,34,37,0,16,0,34,0,15,0,1,0,0,1,0,0,0,2,0
175,1,6,5,10,-999999,38,-999999,38,0,10,0,-999999,0,-999999,0,1,0,0,0,0,0,1,5,0
176,1,1,0,19,-999999,39,-999999,39,0,19,0,-999999,0,-999999,0,1,0,1,0,0,0,0,0,0
176,1,3,2,25,-999999,38,-999999,38,0,25,0,-999999,0,-999999,0,1,0,0,1,0,0,0,2,0
176,1,4,3,17,-999999,39,-999999,39,0,17,0,-999999,0,-999999,0,1,0,0,0,1,0,0,3,0
176,1,5,4,19,-999999,38,-999999,38,0,19,0,-999999,0,-999999,0,1,0,0,0,0,1,0,4,0
176,1,6,5,18,-999999,40,-999999,40,0,18,0,-999999,0,-999999,0,1,0,0,0,0,0,1,5,0
177,0,1,0,9,15,38,39,0,38,0,9,0,39,0,15,0,1,1,0,0,0,0,0,0
177,0,3,2,12,17,40,36,0,40,0,12,0,36,0,17,0,1,0,1,0,0,0,0,2
177,0,4,3,10,-999999,40,-999999,0,40,0,10,0,-999999,0,-999999,0,1,0,0,1,0,0,0,3
177,0,5,4,14,18,34,40,0,34,0,14,0,40,0,18,0,1,0,0,0,1,0,0,4
177,0,6,5,12,16,38,37,0,38,0,12,0,37,0,16,0,1,0,0,0,0,1,0,5
178,0,1,0,20,11,36,40,0,36,0,20,0,40,0,11,0,1,1,0,0,0,0,0,0
178,0,3,2,25,12,38,33,0,38,0,25,0,33,0,12,0,1,0,1,0,0,0,0,2
178,0,4,3,18,12,38,36,0,38,0,18,0,36,0,12,0,1,0,0,1,0,0,0,3
178,0,5,4,17,12,38,30,0,38,0,17,0,30,0,12,0,1,0,0,0,1,0,0,4
178,0,6,5,15,11,35,32,0,35,0,15,0,32,0,11,0,1,0,0,0,0,1,0,5
179,1,1,0,14,12,40,39,40,0,14,0,39,0,12,0,1,0,1,0,0,0,0,0,0
179,1,3,2,11,9,39,36,39,0,11,0,36,0,9,0,1,0,0,1,0,0,0,2,0
179,1,4,3,15,12,39,34,39,0,15,0,34,0,12,0,1,0,0,0,1,0,0,3,0
179,1,5,4,16,-999999,35,-999999,35,0,16,0,-999999,0,-999999,0,1,0,0,0,0,1,0,4,0
179,1,6,5,14,-999999,38,-999999,38,0,14,0,-999999,0,-999999,0,1,0,0,0,0,0,1,5,0
180,1,1,0,27,17,37,40,37,0,27,0,40,0,17,0,1,0,1,0,0,0,0,0,0
180,1,3,2,21,21,34,36,34,0,21,0,36,0,21,0,1,0,0,1,0,0,0,2,0
180,1,4,3,19,14,37,40,37,0,19,0,40,0,14,0,1,0,0,0,1,0,0,3,0
180,1,5,4,24,22,39,36,39,0,24,0,36,0,22,0,1,0,0,0,0,1,0,4,0
180,1,6,5,22,21,33,38,33,0,22,0,38,0,21,0,1,0,0,0,0,0,1,5,0
181,0,1,0,24,20,40,39,0,40,0,24,0,39,0,20,0,1,1,0,0,0,0,0,0
181,0,3,2,21,18,38,31,0,38,0,21,0,31,0,18,0,1,0,1,0,0,0,0,2
181,0,4,3,26,-999999,39,-999999,0,39,0,26,0,-999999,0,-999999,0,1,0,0,1,0,0,0,3
181,0,6,5,26,-999999,37,-999999,0,37,0,26,0,-999999,0,-999999,0,1,0,0,0,0,1,0,5
182,1,1,0,19,16,40,27,40,0,19,0,27,0,16,0,1,0,1,0,0,0,0,0,0
182,1,3,2,17,11,40,27,40,0,17,0,27,0,11,0,1,0,0,1,0,0,0,2,0
182,1,4,3,20,14,40,28,40,0,20,0,28,0,14,0,1,0,0,0,1,0,0,3,0
182,1,5,4,22,8,39,32,39,0,22,0,32,0,8,0,1,0,0,0,0,1,0,4,0
182,1,6,5,26,14,37,24,37,0,26,0,24,0,14,0,1,0,0,0,0,0,1,5,0
183,0,1,0,11,-999999,39,-999999,0,39,0,11,0,-999999,0,-999999,0,1,1,0,0,0,0,0,0
183,0,3,2,12,14,37,17,0,37,0,12,0,17,0,14,0,1,0,1,0,0,0,0,2
183,0,4,3,10,15,31,20,0,31,0,10,0,20,0,15,0,1,0,0,1,0,0,0,3
183,0,5,4,14,13,36,21,0,36,0,14,0,21,0,13,0,1,0,0,0,1,0,0,4
183,0,6,5,15,15,38,26,0,38,0,15,0,26,0,15,0,1,0,0,0,0,1,0,5
184,1,1,0,11,14,37,36,37,0,11,0,36,0,14,0,1,0,1,0,0,0,0,0,0
184,1,4,3,12,28,34,31,34,0,12,0,31,0,28,0,1,0,0,0,1,0,0,3,0
185,0,1,0,7,17,40,38,0,40,0,7,0,38,0,17,0,1,1,0,0,0,0,0,0
185,0,3,2,7,14,39,39,0,39,0,7,0,39,0,14,0,1,0,1,0,0,0,0,2
185,0,4,3,7,16,39,38,0,39,0,7,0,38,0,16,0,1,0,0,1,0,0,0,3
185,0,5,4,11,11,39,32,0,39,0,11,0,32,0,11,0,1,0,0,0,1,0,0,4
185,0,6,5,7,10,40,35,0,40,0,7,0,35,0,10,0,1,0,0,0,0,1,0,5
186,1,1,0,11,-999999,33,-999999,33,0,11,0,-999999,0,-999999,0,1,0,1,0,0,0,0,0,0
186,1,4,3,20,-999999,30,-999999,30,0,20,0,-999999,0,-999999,0,1,0,0,0,1,0,0,3,0
186,1,5,4,22,-999999,39,-999999,39,0,22,0,-999999,0,-999999,0,1,0,0,0,0,1,0,4,0
186,1,6,5,18,-999999,33,-999999,33,0,18,0,-999999,0,-999999,0,1,0,0,0,0,0,1,5,0
187,1,1,0,11,20,39,36,39,0,11,0,36,0,20,0,1,0,1,0,0,0,0,0,0
187,1,3,2,11,21,39,28,39,0,11,0,28,0,21,0,1,0,0,1,0,0,0,2,0
187,1,5,4,13,18,40,27,40,0,13,0,27,0,18,0,1,0,0,0,0,1,0,4,0
188,1,1,0,8,10,39,40,39,0,8,0,40,0,10,0,1,0,1,0,0,0,0,0,0
188,1,3,2,9,-999999,34,-999999,34,0,9,0,-999999,0,-999999,0,1,0,0,1,0,0,0,2,0
188,1,4,3,14,-999999,39,-999999,39,0,14,0,-999999,0,-999999,0,1,0,0,0,1,0,0,3,0
188,1,5,4,8,-999999,36,-999999,36,0,8,0,-999999,0,-999999,0,1,0,0,0,0,1,0,4,0
188,1,6,5,9,-999999,38,-999999,38,0,9,0,-999999,0,-999999,0,1,0,0,0,0,0,1,5,0
189,1,1,0,8,9,40,40,40,0,8,0,40,0,9,0,1,0,1,0,0,0,0,0,0
190,1,3,2,13,-999999,39,-999999,39,0,13,0,-999999,0,-999999,0,1,0,0,1,0,0,0,2,0
190,1,4,3,-999999,-999999,38.85714286,-999999,38.85714286,0,-999999,0,-999999,0,-999999,0,1,0,0,0,1,0,0,3,0
190,1,5,4,13,-999999,38,-999999,38,0,13,0,-999999,0,-999999,0,1,0,0,0,0,1,0,4,0
190,1,6,5,16,-999999,39,-999999,39,0,16,0,-999999,0,-999999,0,1,0,0,0,0,0,1,5,0
191,0,3,2,14,-999999,39,-999999,0,39,0,14,0,-999999,0,-999999,0,1,0,1,0,0,0,0,2
191,0,4,3,16,-999999,40,-999999,0,40,0,16,0,-999999,0,-999999,0,1,0,0,1,0,0,0,3
191,0,5,4,11,26,40,34,0,40,0,11,0,34,0,26,0,1,0,0,0,1,0,0,4
191,0,6,5,26,24,40,36,0,40,0,26,0,36,0,24,0,1,0,0,0,0,1,0,5
192,0,1,0,13,-999999,40,-999999,0,40,0,13,0,-999999,0,-999999,0,1,1,0,0,0,0,0,0
192,0,3,2,7,-999999,40,-999999,0,40,0,7,0,-999999,0,-999999,0,1,0,1,0,0,0,0,2
192,0,4,3,7,-999999,40,-999999,0,40,0,7,0,-999999,0,-999999,0,1,0,0,1,0,0,0,3
192,0,5,4,10,-999999,40,-999999,0,40,0,10,0,-999999,0,-999999,0,1,0,0,0,1,0,0,4
192,0,6,5,7,17,40,35,0,40,0,7,0,35,0,17,0,1,0,0,0,0,1,0,5
193,1,1,0,11,13,40,40,40,0,11,0,40,0,13,0,1,0,1,0,0,0,0,0,0
193,1,3,2,10,11,39,39,39,0,10,0,39,0,11,0,1,0,0,1,0,0,0,2,0
193,1,4,3,13,9,38,38,38,0,13,0,38,0,9,0,1,0,0,0,1,0,0,3,0
193,1,5,4,13,19,38,39,38,0,13,0,39,0,19,0,1,0,0,0,0,1,0,4,0
193,1,6,5,10,19,40,37,40,0,10,0,37,0,19,0,1,0,0,0,0,0,1,5,0
194,0,1,0,20,12,33,33,0,33,0,20,0,33,0,12,0,1,1,0,0,0,0,0,0
194,0,3,2,10,-999999,31,-999999,0,31,0,10,0,-999999,0,-999999,0,1,0,1,0,0,0,0,2
194,0,4,3,11,12,28,18,0,28,0,11,0,18,0,12,0,1,0,0,1,0,0,0,3
194,0,5,4,9,13,29,40,0,29,0,9,0,40,0,13,0,1,0,0,0,1,0,0,4
194,0,6,5,22.16666667,9,29,38,0,29,0,22.16666667,0,38,0,9,0,1,0,0,0,0,1,0,5
195,1,1,0,10,12,37,37,37,0,10,0,37,0,12,0,1,0,1,0,0,0,0,0,0
195,1,3,2,11,16,37,34,37,0,11,0,34,0,16,0,1,0,0,1,0,0,0,2,0
195,1,4,3,14,15,40,30,40,0,14,0,30,0,15,0,1,0,0,0,1,0,0,3,0
195,1,5,4,11,16,40,34,40,0,11,0,34,0,16,0,1,0,0,0,0,1,0,4,0
195,1,6,5,20,18,38,32,38,0,20,0,32,0,18,0,1,0,0,0,0,0,1,5,0
196,0,1,0,8,8,40,39,0,40,0,8,0,39,0,8,0,1,1,0,0,0,0,0,0
196,0,3,2,11,7,39,36,0,39,0,11,0,36,0,7,0,1,0,1,0,0,0,0,2
196,0,4,3,9,-999999,40,-999999,0,40,0,9,0,-999999,0,-999999,0,1,0,0,1,0,0,0,3
196,0,5,4,17,16,33,32,0,33,0,17,0,32,0,16,0,1,0,0,0,1,0,0,4
196,0,6,5,13,-999999,39,-999999,0,39,0,13,0,-999999,0,-999999,0,1,0,0,0,0,1,0,5
197,1,1,0,8,7,40,39,40,0,8,0,39,0,7,0,1,0,1,0,0,0,0,0,0
198,1,1,0,24,12,39,36,39,0,24,0,36,0,12,0,1,0,1,0,0,0,0,0,0
198,1,3,2,22,13,38,33,38,0,22,0,33,0,13,0,1,0,0,1,0,0,0,2,0
198,1,4,3,26,14,38,31,38,0,26,0,31,0,14,0,1,0,0,0,1,0,0,3,0
198,1,5,4,22,12,38,34,38,0,22,0,34,0,12,0,1,0,0,0,0,1,0,4,0
198,1,6,5,22,13,39,36,39,0,22,0,36,0,13,0,1,0,0,0,0,0,1,5,0
199,1,1,0,19,20,37,31,37,0,19,0,31,0,20,0,1,0,1,0,0,0,0,0,0
199,1,4,3,21,-999999,38,-999999,38,0,21,0,-999999,0,-999999,0,1,0,0,0,1,0,0,3,0
199,1,5,4,15,22,38,34,38,0,15,0,34,0,22,0,1,0,0,0,0,1,0,4,0
199,1,6,5,21,-999999,40,-999999,40,0,21,0,-999999,0,-999999,0,1,0,0,0,0,0,1,5,0
200,0,1,0,20,11,40,39,0,40,0,20,0,39,0,11,0,1,1,0,0,0,0,0,0
200,0,3,2,25,11,36,38,0,36,0,25,0,38,0,11,0,1,0,1,0,0,0,0,2
200,0,4,3,27,-999999,34,-999999,0,34,0,27,0,-999999,0,-999999,0,1,0,0,1,0,0,0,3
201,0,3,2,15,16,38,30,0,38,0,15,0,30,0,16,0,1,0,1,0,0,0,0,2
201,0,4,3,15,14,39,28,0,39,0,15,0,28,0,14,0,1,0,0,1,0,0,0,3
201,0,5,4,15,17,39,30,0,39,0,15,0,30,0,17,0,1,0,0,0,1,0,0,4
201,0,6,5,14,14,38,38,0,38,0,14,0,38,0,14,0,1,0,0,0,0,1,0,5
202,1,3,2,11,13,39,40,39,0,11,0,40,0,13,0,1,0,0,1,0,0,0,2,0
203,0,1,0,18,21,40,33,0,40,0,18,0,33,0,21,0,1,1,0,0,0,0,0,0
203,0,3,2,18,15,40,34,0,40,0,18,0,34,0,15,0,1,0,1,0,0,0,0,2
203,0,4,3,23,25,40,33,0,40,0,23,0,33,0,25,0,1,0,0,1,0,0,0,3
203,0,5,4,13,25,40,33,0,40,0,13,0,33,0,25,0,1,0,0,0,1,0,0,4
203,0,6,5,14,21,40,36,0,40,0,14,0,36,0,21,0,1,0,0,0,0,1,0,5
204,1,1,0,25,16,38,38,38,0,25,0,38,0,16,0,1,0,1,0,0,0,0,0,0
204,1,3,2,26,17,32,38,32,0,26,0,38,0,17,0,1,0,0,1,0,0,0,2,0
204,1,4,3,23,-999999,32,-999999,32,0,23,0,-999999,0,-999999,0,1,0,0,0,1,0,0,3,0
204,1,5,4,20,15,35,37,35,0,20,0,37,0,15,0,1,0,0,0,0,1,0,4,0
204,1,6,5,22,20,34,38,34,0,22,0,38,0,20,0,1,0,0,0,0,0,1,5,0
205,0,1,0,15,11,39,35,0,39,0,15,0,35,0,11,0,1,1,0,0,0,0,0,0
205,0,3,2,16,14,39,31,0,39,0,16,0,31,0,14,0,1,0,1,0,0,0,0,2
205,0,4,3,16,16,37,32,0,37,0,16,0,32,0,16,0,1,0,0,1,0,0,0,3
205,0,5,4,19,21,40,33,0,40,0,19,0,33,0,21,0,1,0,0,0,1,0,0,4
205,0,6,5,18,-999999,38,-999999,0,38,0,18,0,-999999,0,-999999,0,1,0,0,0,0,1,0,5
206,0,1,0,8,8,35,40,0,35,0,8,0,40,0,8,0,1,1,0,0,0,0,0,0
206,0,3,2,10,11,36,40,0,36,0,10,0,40,0,11,0,1,0,1,0,0,0,0,2
206,0,4,3,10,8,36,40,0,36,0,10,0,40,0,8,0,1,0,0,1,0,0,0,3
206,0,5,4,7,7,37,40,0,37,0,7,0,40,0,7,0,1,0,0,0,1,0,0,4
206,0,6,5,7,8,40,39,0,40,0,7,0,39,0,8,0,1,0,0,0,0,1,0,5
207,1,1,0,18,11,38,36,38,0,18,0,36,0,11,0,1,0,1,0,0,0,0,0,0
207,1,3,2,21,13,37,36,37,0,21,0,36,0,13,0,1,0,0,1,0,0,0,2,0
207,1,4,3,20,14,39,35,39,0,20,0,35,0,14,0,1,0,0,0,1,0,0,3,0
207,1,5,4,20,11,37,30,37,0,20,0,30,0,11,0,1,0,0,0,0,1,0,4,0
207,1,6,5,22,11,35,37,35,0,22,0,37,0,11,0,1,0,0,0,0,0,1,5,0
208,0,1,0,9,22,40,36,0,40,0,9,0,36,0,22,0,1,1,0,0,0,0,0,0
208,0,3,2,11,20,40,38,0,40,0,11,0,38,0,20,0,1,0,1,0,0,0,0,2
208,0,4,3,13,14,36,36,0,36,0,13,0,36,0,14,0,1,0,0,1,0,0,0,3
208,0,5,4,20,21,36,36,0,36,0,20,0,36,0,21,0,1,0,0,0,1,0,0,4
208,0,6,5,10,25,40,33,0,40,0,10,0,33,0,25,0,1,0,0,0,0,1,0,5
209,1,1,0,12,10,39,36,39,0,12,0,36,0,10,0,1,0,1,0,0,0,0,0,0
209,1,3,2,10,12,36,35,36,0,10,0,35,0,12,0,1,0,0,1,0,0,0,2,0
209,1,4,3,12,10,40,34,40,0,12,0,34,0,10,0,1,0,0,0,1,0,0,3,0
209,1,5,4,15,14,39,33,39,0,15,0,33,0,14,0,1,0,0,0,0,1,0,4,0
209,1,6,5,11,13,37,37,37,0,11,0,37,0,13,0,1,0,0,0,0,0,1,5,0
210,1,1,0,11,-999999,39,-999999,39,0,11,0,-999999,0,-999999,0,1,0,1,0,0,0,0,0,0
210,1,3,2,12,-999999,39,-999999,39,0,12,0,-999999,0,-999999,0,1,0,0,1,0,0,0,2,0
210,1,4,3,15,-999999,40,-999999,40,0,15,0,-999999,0,-999999,0,1,0,0,0,1,0,0,3,0
210,1,5,4,15,21,35,35,35,0,15,0,35,0,21,0,1,0,0,0,0,1,0,4,0
210,1,6,5,8,14,38,27,38,0,8,0,27,0,14,0,1,0,0,0,0,0,1,5,0
211,1,1,0,9,10,37,37,37,0,9,0,37,0,10,0,1,0,1,0,0,0,0,0,0
211,1,3,2,8,-999999,37,-999999,37,0,8,0,-999999,0,-999999,0,1,0,0,1,0,0,0,2,0
211,1,4,3,12,12,35,36,35,0,12,0,36,0,12,0,1,0,0,0,1,0,0,3,0
211,1,5,4,12,-999999,37,-999999,37,0,12,0,-999999,0,-999999,0,1,0,0,0,0,1,0,4,0
211,1,6,5,13,-999999,38,-999999,38,0,13,0,-999999,0,-999999,0,1,0,0,0,0,0,1,5,0
212,0,4,3,16,-999999,39,-999999,0,39,0,16,0,-999999,0,-999999,0,1,0,0,1,0,0,0,3
212,0,5,4,15,12,38,36,0,38,0,15,0,36,0,12,0,1,0,0,0,1,0,0,4
212,0,6,5,11,15,39,36,0,39,0,11,0,36,0,15,0,1,0,0,0,0,1,0,5
213,1,1,0,24,15,39,34,39,0,24,0,34,0,15,0,1,0,1,0,0,0,0,0,0
213,1,3,2,22,16,33,33,33,0,22,0,33,0,16,0,1,0,0,1,0,0,0,2,0
213,1,4,3,20,15,32,30,32,0,20,0,30,0,15,0,1,0,0,0,1,0,0,3,0
213,1,5,4,22,16,29,29,29,0,22,0,29,0,16,0,1,0,0,0,0,1,0,4,0
213,1,6,5,26,26,26,34,26,0,26,0,34,0,26,0,1,0,0,0,0,0,1,5,0
214,1,1,0,16,22,38,39,38,0,16,0,39,0,22,0,1,0,1,0,0,0,0,0,0
214,1,3,2,15,15,38,37,38,0,15,0,37,0,15,0,1,0,0,1,0,0,0,2,0
214,1,4,3,11,16,37,38,37,0,11,0,38,0,16,0,1,0,0,0,1,0,0,3,0
214,1,5,4,15,14,38,37,38,0,15,0,37,0,14,0,1,0,0,0,0,1,0,4,0
214,1,6,5,12,15,37,35,37,0,12,0,35,0,15,0,1,0,0,0,0,0,1,5,0
215,1,1,0,9,12,40,36,40,0,9,0,36,0,12,0,1,0,1,0,0,0,0,0,0
215,1,3,2,10,10,38,36,38,0,10,0,36,0,10,0,1,0,0,1,0,0,0,2,0
215,1,4,3,10,9,38,36,38,0,10,0,36,0,9,0,1,0,0,0,1,0,0,3,0
215,1,5,4,8,12,40,35,40,0,8,0,35,0,12,0,1,0,0,0,0,1,0,4,0
215,1,6,5,9,9,39,33,39,0,9,0,33,0,9,0,1,0,0,0,0,0,1,5,0
216,1,1,0,12,16,40,34,40,0,12,0,34,0,16,0,1,0,1,0,0,0,0,0,0
216,1,3,2,15,16,37,35,37,0,15,0,35,0,16,0,1,0,0,1,0,0,0,2,0
216,1,4,3,21,19,35,34,35,0,21,0,34,0,19,0,1,0,0,0,1,0,0,3,0
216,1,5,4,22,18,34,32,34,0,22,0,32,0,18,0,1,0,0,0,0,1,0,4,0
216,1,6,5,27,21,36,36,36,0,27,0,36,0,21,0,1,0,0,0,0,0,1,5,0
217,0,1,0,20,15,37,35,0,37,0,20,0,35,0,15,0,1,1,0,0,0,0,0,0
217,0,3,2,11,12,38,33,0,38,0,11,0,33,0,12,0,1,0,1,0,0,0,0,2
217,0,4,3,20,14,40,35,0,40,0,20,0,35,0,14,0,1,0,0,1,0,0,0,3
217,0,6,5,24,13,36,34,0,36,0,24,0,34,0,13,0,1,0,0,0,0,1,0,5
218,0,3,2,12,11,38,34,0,38,0,12,0,34,0,11,0,1,0,1,0,0,0,0,2
218,0,4,3,16,22,37,28.57142857,0,37,0,16,0,28.57142857,0,22,0,1,0,0,1,0,0,0,3
218,0,5,4,17,24,39,36,0,39,0,17,0,36,0,24,0,1,0,0,0,1,0,0,4
218,0,6,5,12,24,35,31,0,35,0,12,0,31,0,24,0,1,0,0,0,0,1,0,5
219,0,1,0,26,13,40,36,0,40,0,26,0,36,0,13,0,1,1,0,0,0,0,0,0
219,0,3,2,14,13,39,37,0,39,0,14,0,37,0,13,0,1,0,1,0,0,0,0,2
219,0,4,3,13,16,40,36,0,40,0,13,0,36,0,16,0,1,0,0,1,0,0,0,3
219,0,5,4,12,14,39,32,0,39,0,12,0,32,0,14,0,1,0,0,0,1,0,0,4
219,0,6,5,13,17,40,35,0,40,0,13,0,35,0,17,0,1,0,0,0,0,1,0,5
220,0,1,0,9,-999999,40,-999999,0,40,0,9,0,-999999,0,-999999,0,1,1,0,0,0,0,0,0
220,0,4,3,10,-999999,40,-999999,0,40,0,10,0,-999999,0,-999999,0,1,0,0,1,0,0,0,3
220,0,5,4,11,-999999,39,32,0,39,0,11,0,32,0,-999999,0,1,0,0,0,1,0,0,4
220,0,6,5,13,-999999,35,-999999,0,35,0,13,0,-999999,0,-999999,0,1,0,0,0,0,1,0,5
221,0,1,0,-999999,11,-999999,36,0,-999999,0,-999999,0,36,0,11,0,1,1,0,0,0,0,0,0
221,0,3,2,8,12,36,37,0,36,0,8,0,37,0,12,0,1,0,1,0,0,0,0,2
221,0,4,3,7,-999999,40,-999999,0,40,0,7,0,-999999,0,-999999,0,1,0,0,1,0,0,0,3
221,0,5,4,13,8,40,39,0,40,0,13,0,39,0,8,0,1,0,0,0,1,0,0,4
221,0,6,5,7,7,39,40,0,39,0,7,0,40,0,7,0,1,0,0,0,0,1,0,5
222,0,1,0,15,12,40,39,0,40,0,15,0,39,0,12,0,1,1,0,0,0,0,0,0
222,0,3,2,7,14,40,34,0,40,0,7,0,34,0,14,0,1,0,1,0,0,0,0,2
222,0,4,3,12,13,35,38,0,35,0,12,0,38,0,13,0,1,0,0,1,0,0,0,3
222,0,5,4,-999999,13,-999999,37,0,-999999,0,-999999,0,37,0,13,0,1,0,0,0,1,0,0,4
222,0,6,5,19,13,27,36,0,27,0,19,0,36,0,13,0,1,0,0,0,0,1,0,5
223,1,3,2,21,-999999,35,-999999,35,0,21,0,-999999,0,-999999,0,1,0,0,1,0,0,0,2,0
223,1,4,3,21,10,39,34,39,0,21,0,34,0,10,0,1,0,0,0,1,0,0,3,0
223,1,5,4,16,15,38,34,38,0,16,0,34,0,15,0,1,0,0,0,0,1,0,4,0
223,1,6,5,23,21,36,33,36,0,23,0,33,0,21,0,1,0,0,0,0,0,1,5,0
224,1,1,0,31,28,32,35,32,0,31,0,35,0,28,0,1,0,1,0,0,0,0,0,0
224,1,3,2,26,-999999,36,-999999,36,0,26,0,-999999,0,-999999,0,1,0,0,1,0,0,0,2,0
224,1,4,3,28,-999999,33,-999999,33,0,28,0,-999999,0,-999999,0,1,0,0,0,1,0,0,3,0
224,1,5,4,26,28,34,27,34,0,26,0,27,0,28,0,1,0,0,0,0,1,0,4,0
224,1,6,5,28,28,29,29,29,0,28,0,29,0,28,0,1,0,0,0,0,0,1,5,0
225,0,1,0,24,25,40,34,0,40,0,24,0,34,0,25,0,1,1,0,0,0,0,0,0
225,0,3,2,15,20,39,36,0,39,0,15,0,36,0,20,0,1,0,1,0,0,0,0,2
225,0,4,3,17,26,40,28,0,40,0,17,0,28,0,26,0,1,0,0,1,0,0,0,3
225,0,5,4,18,25,36,35,0,36,0,18,0,35,0,25,0,1,0,0,0,1,0,0,4
225,0,6,5,28,29,36,24,0,36,0,28,0,24,0,29,0,1,0,0,0,0,1,0,5
226,0,1,0,15,11,40,40,0,40,0,15,0,40,0,11,0,1,1,0,0,0,0,0,0
226,0,3,2,14,13,40,39,0,40,0,14,0,39,0,13,0,1,0,1,0,0,0,0,2
226,0,4,3,8,12,37,38,0,37,0,8,0,38,0,12,0,1,0,0,1,0,0,0,3
226,0,5,4,20,16,38,36,0,38,0,20,0,36,0,16,0,1,0,0,0,1,0,0,4
226,0,6,5,25,11,38,39,0,38,0,25,0,39,0,11,0,1,0,0,0,0,1,0,5
227,1,1,0,24,-999999,33,-999999,33,0,24,0,-999999,0,-999999,0,1,0,1,0,0,0,0,0,0
227,1,3,2,31,-999999,24,-999999,24,0,31,0,-999999,0,-999999,0,1,0,0,1,0,0,0,2,0
227,1,4,3,23,-999999,30,-999999,30,0,23,0,-999999,0,-999999,0,1,0,0,0,1,0,0,3,0
227,1,5,4,25,-999999,34,-999999,34,0,25,0,-999999,0,-999999,0,1,0,0,0,0,1,0,4,0
227,1,6,5,18,-999999,31,-999999,31,0,18,0,-999999,0,-999999,0,1,0,0,0,0,0,1,5,0
228,0,1,0,11,12,40,40,0,40,0,11,0,40,0,12,0,1,1,0,0,0,0,0,0
228,0,3,2,7,8,40,40,0,40,0,7,0,40,0,8,0,1,0,1,0,0,0,0,2
228,0,4,3,7,7,40,40,0,40,0,7,0,40,0,7,0,1,0,0,1,0,0,0,3
228,0,5,4,7,9,40,40,0,40,0,7,0,40,0,9,0,1,0,0,0,1,0,0,4
228,0,6,5,7,7,40,40,0,40,0,7,0,40,0,7,0,1,0,0,0,0,1,0,5
229,1,1,0,14,16,36,38,36,0,14,0,38,0,16,0,1,0,1,0,0,0,0,0,0
229,1,3,2,18,14,34,35,34,0,18,0,35,0,14,0,1,0,0,1,0,0,0,2,0
229,1,4,3,17,17,35,37,35,0,17,0,37,0,17,0,1,0,0,0,1,0,0,3,0
229,1,5,4,17,18,35,27,35,0,17,0,27,0,18,0,1,0,0,0,0,1,0,4,0
229,1,6,5,21,17,33,29,33,0,21,0,29,0,17,0,1,0,0,0,0,0,1,5,0
230,0,1,0,7,8,40,40,0,40,0,7,0,40,0,8,0,1,1,0,0,0,0,0,0
230,0,3,2,10,11,40,35,0,40,0,10,0,35,0,11,0,1,0,1,0,0,0,0,2
230,0,4,3,9,10,39,33,0,39,0,9,0,33,0,10,0,1,0,0,1,0,0,0,3
230,0,5,4,9,14,39,36,0,39,0,9,0,36,0,14,0,1,0,0,0,1,0,0,4
230,0,6,5,11,14,39,33,0,39,0,11,0,33,0,14,0,1,0,0,0,0,1,0,5
231,0,1,0,13,26,40,40,0,40,0,13,0,40,0,26,0,1,1,0,0,0,0,0,0
231,0,3,2,17,12,39,35,0,39,0,17,0,35,0,12,0,1,0,1,0,0,0,0,2
231,0,5,4,12,13,40,40,0,40,0,12,0,40,0,13,0,1,0,0,0,1,0,0,4
231,0,6,5,16,16,40,40,0,40,0,16,0,40,0,16,0,1,0,0,0,0,1,0,5
232,1,1,0,33,-999999,24,-999999,24,0,33,0,-999999,0,-999999,0,1,0,1,0,0,0,0,0,0
232,1,3,2,32,-999999,36,-999999,36,0,32,0,-999999,0,-999999,0,1,0,0,1,0,0,0,2,0
232,1,4,3,33,20,30,24,30,0,33,0,24,0,20,0,1,0,0,0,1,0,0,3,0
232,1,5,4,33,-999999,32,-999999,32,0,33,0,-999999,0,-999999,0,1,0,0,0,0,1,0,4,0
232,1,6,5,32,22,29,20,29,0,32,0,20,0,22,0,1,0,0,0,0,0,1,5,0
233,1,1,0,17,19,40,34,40,0,17,0,34,0,19,0,1,0,1,0,0,0,0,0,0
233,1,3,2,11,16,37,33,37,0,11,0,33,0,16,0,1,0,0,1,0,0,0,2,0
233,1,4,3,18,15,39,36,39,0,18,0,36,0,15,0,1,0,0,0,1,0,0,3,0
233,1,5,4,12,16,34,31,34,0,12,0,31,0,16,0,1,0,0,0,0,1,0,4,0
233,1,6,5,16,20,36,32,36,0,16,0,32,0,20,0,1,0,0,0,0,0,1,5,0
234,0,1,0,19,18,37,36,0,37,0,19,0,36,0,18,0,1,1,0,0,0,0,0,0
234,0,3,2,23,19,31,33,0,31,0,23,0,33,0,19,0,1,0,1,0,0,0,0,2
234,0,4,3,24,18,32,38,0,32,0,24,0,38,0,18,0,1,0,0,1,0,0,0,3
234,0,5,4,26,26,32,32,0,32,0,26,0,32,0,26,0,1,0,0,0,1,0,0,4
234,0,6,5,25,19,34,34,0,34,0,25,0,34,0,19,0,1,0,0,0,0,1,0,5
235,0,1,0,10,14,39,33,0,39,0,10,0,33,0,14,0,1,1,0,0,0,0,0,0
235,0,3,2,16,12,37,28,0,37,0,16,0,28,0,12,0,1,0,1,0,0,0,0,2
235,0,4,3,15,10,36,27,0,36,0,15,0,27,0,10,0,1,0,0,1,0,0,0,3
235,0,5,4,18,18,35,30,0,35,0,18,0,30,0,18,0,1,0,0,0,1,0,0,4
235,0,6,5,15,15,36,31,0,36,0,15,0,31,0,15,0,1,0,0,0,0,1,0,5
236,0,1,0,9,-999999,40,-999999,0,40,0,9,0,-999999,0,-999999,0,1,1,0,0,0,0,0,0
236,0,3,2,11,17,40,36,0,40,0,11,0,36,0,17,0,1,0,1,0,0,0,0,2
236,0,4,3,15,12,40,37,0,40,0,15,0,37,0,12,0,1,0,0,1,0,0,0,3
236,0,5,4,21,17,39,37,0,39,0,21,0,37,0,17,0,1,0,0,0,1,0,0,4
236,0,6,5,20,18,40,36,0,40,0,20,0,36,0,18,0,1,0,0,0,0,1,0,5
237,0,1,0,12,18,35,34,0,35,0,12,0,34,0,18,0,1,1,0,0,0,0,0,0
237,0,3,2,26,25,30,34,0,30,0,26,0,34,0,25,0,1,0,1,0,0,0,0,2
237,0,4,3,26,14,37,31,0,37,0,26,0,31,0,14,0,1,0,0,1,0,0,0,3
237,0,5,4,24,17,36,29,0,36,0,24,0,29,0,17,0,1,0,0,0,1,0,0,4
237,0,6,5,18,14,40,35,0,40,0,18,0,35,0,14,0,1,0,0,0,0,1,0,5
238,0,1,0,26,12,40,37,0,40,0,26,0,37,0,12,0,1,1,0,0,0,0,0,0
238,0,3,2,28,-999999,33,-999999,0,33,0,28,0,-999999,0,-999999,0,1,0,1,0,0,0,0,2
238,0,4,3,20,22,32,35,0,32,0,20,0,35,0,22,0,1,0,0,1,0,0,0,3
238,0,5,4,24,21,32,34,0,32,0,24,0,34,0,21,0,1,0,0,0,1,0,0,4
238,0,6,5,23,16,35,35,0,35,0,23,0,35,0,16,0,1,0,0,0,0,1,0,5
239,1,1,0,14,8,40,40,40,0,14,0,40,0,8,0,1,0,1,0,0,0,0,0,0
239,1,3,2,11,7,40,40,40,0,11,0,40,0,7,0,1,0,0,1,0,0,0,2,0
239,1,4,3,9,10,40,38,40,0,9,0,38,0,10,0,1,0,0,0,1,0,0,3,0
239,1,5,4,9,10,40,40,40,0,9,0,40,0,10,0,1,0,0,0,0,1,0,4,0
239,1,6,5,8,-999999,36,-999999,36,0,8,0,-999999,0,-999999,0,1,0,0,0,0,0,1,5,0
240,0,1,0,11,22,40,38,0,40,0,11,0,38,0,22,0,1,1,0,0,0,0,0,0
240,0,3,2,28,-999999,38,-999999,0,38,0,28,0,-999999,0,-999999,0,1,0,1,0,0,0,0,2
240,0,4,3,22,31,40,23,0,40,0,22,0,23,0,31,0,1,0,0,1,0,0,0,3
240,0,5,4,13,31,40,26,0,40,0,13,0,26,0,31,0,1,0,0,0,1,0,0,4
240,0,6,5,21,34,39,18,0,39,0,21,0,18,0,34,0,1,0,0,0,0,1,0,5
241,0,1,0,11,29,38,37,0,38,0,11,0,37,0,29,0,1,1,0,0,0,0,0,0
241,0,3,2,14,11,38,23,0,38,0,14,0,23,0,11,0,1,0,1,0,0,0,0,2
241,0,4,3,13,14,39,27,0,39,0,13,0,27,0,14,0,1,0,0,1,0,0,0,3
241,0,5,4,12,11,37,32,0,37,0,12,0,32,0,11,0,1,0,0,0,1,0,0,4
241,0,6,5,11,21,39,33,0,39,0,11,0,33,0,21,0,1,0,0,0,0,1,0,5
242,0,1,0,21,19,37,38,0,37,0,21,0,38,0,19,0,1,1,0,0,0,0,0,0
242,0,3,2,23,20,33,35,0,33,0,23,0,35,0,20,0,1,0,1,0,0,0,0,2
242,0,4,3,26,17,32,33,0,32,0,26,0,33,0,17,0,1,0,0,1,0,0,0,3
242,0,5,4,21,16,36,36,0,36,0,21,0,36,0,16,0,1,0,0,0,1,0,0,4
242,0,6,5,21,19,34,37,0,34,0,21,0,37,0,19,0,1,0,0,0,0,1,0,5
243,1,1,0,8,-999999,40,-999999,40,0,8,0,-999999,0,-999999,0,1,0,1,0,0,0,0,0,0
243,1,3,2,7,-999999,38,-999999,38,0,7,0,-999999,0,-999999,0,1,0,0,1,0,0,0,2,0
243,1,4,3,8,-999999,38,-999999,38,0,8,0,-999999,0,-999999,0,1,0,0,0,1,0,0,3,0
243,1,5,4,9,7,40,27,40,0,9,0,27,0,7,0,1,0,0,0,0,1,0,4,0
243,1,6,5,26,-999999,37,-999999,37,0,26,0,-999999,0,-999999,0,1,0,0,0,0,0,1,5,0
244,0,1,0,23,20,34,29,0,34,0,23,0,29,0,20,0,1,1,0,0,0,0,0,0
244,0,3,2,22,30,32,32,0,32,0,22,0,32,0,30,0,1,0,1,0,0,0,0,2
244,0,4,3,20,-999999,38,-999999,0,38,0,20,0,-999999,0,-999999,0,1,0,0,1,0,0,0,3
244,0,5,4,22,24,32,26,0,32,0,22,0,26,0,24,0,1,0,0,0,1,0,0,4
244,0,6,5,28,27,37,26,0,37,0,28,0,26,0,27,0,1,0,0,0,0,1,0,5
245,0,1,0,11,16,40,37,0,40,0,11,0,37,0,16,0,1,1,0,0,0,0,0,0
245,0,3,2,26,19,37,34,0,37,0,26,0,34,0,19,0,1,0,1,0,0,0,0,2
245,0,4,3,24,16,35,33,0,35,0,24,0,33,0,16,0,1,0,0,1,0,0,0,3
245,0,5,4,26,18,34,34,0,34,0,26,0,34,0,18,0,1,0,0,0,1,0,0,4
245,0,6,5,20,18,27,30,0,27,0,20,0,30,0,18,0,1,0,0,0,0,1,0,5
246,0,1,0,15,20,36,33,0,36,0,15,0,33,0,20,0,1,1,0,0,0,0,0,0
246,0,3,2,24,20,35,35,0,35,0,24,0,35,0,20,0,1,0,1,0,0,0,0,2
246,0,4,3,16,-999999,36,-999999,0,36,0,16,0,-999999,0,-999999,0,1,0,0,1,0,0,0,3
246,0,5,4,18,-999999,36,-999999,0,36,0,18,0,-999999,0,-999999,0,1,0,0,0,1,0,0,4
246,0,6,5,20,-999999,36,-999999,0,36,0,20,0,-999999,0,-999999,0,1,0,0,0,0,1,0,5
247,0,1,0,9,9,39,40,0,39,0,9,0,40,0,9,0,1,1,0,0,0,0,0,0
247,0,3,2,8,10,40,38,0,40,0,8,0,38,0,10,0,1,0,1,0,0,0,0,2
247,0,4,3,11,8,39,40,0,39,0,11,0,40,0,8,0,1,0,0,1,0,0,0,3
247,0,5,4,9,13,38,35,0,38,0,9,0,35,0,13,0,1,0,0,0,1,0,0,4
247,0,6,5,12,16,39,37,0,39,0,12,0,37,0,16,0,1,0,0,0,0,1,0,5
248,0,1,0,24,8,39,39,0,39,0,24,0,39,0,8,0,1,1,0,0,0,0,0,0
248,0,3,2,25,13,39,38,0,39,0,25,0,38,0,13,0,1,0,1,0,0,0,0,2
248,0,4,3,22,7,39,40,0,39,0,22,0,40,0,7,0,1,0,0,1,0,0,0,3
248,0,5,4,25,10,39,38,0,39,0,25,0,38,0,10,0,1,0,0,0,1,0,0,4
248,0,6,5,22,7,37,39,0,37,0,22,0,39,0,7,0,1,0,0,0,0,1,0,5
249,0,1,0,20,18,37,37,0,37,0,20,0,37,0,18,0,1,1,0,0,0,0,0,0
249,0,3,2,14,17,37,35,0,37,0,14,0,35,0,17,0,1,0,1,0,0,0,0,2
249,0,4,3,17,22,40,33,0,40,0,17,0,33,0,22,0,1,0,0,1,0,0,0,3
249,0,5,4,18,22,39,35,0,39,0,18,0,35,0,22,0,1,0,0,0,1,0,0,4
249,0,6,5,14,16,39,36,0,39,0,14,0,36,0,16,0,1,0,0,0,0,1,0,5
250,0,1,0,18,10,40,39,0,40,0,18,0,39,0,10,0,1,1,0,0,0,0,0,0
250,0,3,2,11,13,40,39,0,40,0,11,0,39,0,13,0,1,0,1,0,0,0,0,2
250,0,4,3,14,13,40,38,0,40,0,14,0,38,0,13,0,1,0,0,1,0,0,0,3
250,0,5,4,21,22,35,35,0,35,0,21,0,35,0,22,0,1,0,0,0,1,0,0,4
250,0,6,5,17,10,36,36,0,36,0,17,0,36,0,10,0,1,0,0,0,0,1,0,5
251,1,1,0,14,-999999,40,-999999,40,0,14,0,-999999,0,-999999,0,1,0,1,0,0,0,0,0,0
252,0,1,0,9,8,40,36,0,40,0,9,0,36,0,8,0,1,1,0,0,0,0,0,0
252,0,3,2,13,-999999,40,-999999,0,40,0,13,0,-999999,0,-999999,0,1,0,1,0,0,0,0,2
252,0,4,3,12,-999999,36,-999999,0,36,0,12,0,-999999,0,-999999,0,1,0,0,1,0,0,0,3
252,0,5,4,9,20,37,27,0,37,0,9,0,27,0,20,0,1,0,0,0,1,0,0,4
252,0,6,5,20,27,32,18,0,32,0,20,0,18,0,27,0,1,0,0,0,0,1,0,5
253,0,1,0,10,12,40,40,0,40,0,10,0,40,0,12,0,1,1,0,0,0,0,0,0
253,0,3,2,8,9,40,40,0,40,0,8,0,40,0,9,0,1,0,1,0,0,0,0,2
253,0,4,3,8,9,40,40,0,40,0,8,0,40,0,9,0,1,0,0,1,0,0,0,3
253,0,5,4,7,8,40,40,0,40,0,7,0,40,0,8,0,1,0,0,0,1,0,0,4
253,0,6,5,10,7,39,39,0,39,0,10,0,39,0,7,0,1,0,0,0,0,1,0,5
254,0,1,0,13,22,40,37,0,40,0,13,0,37,0,22,0,1,1,0,0,0,0,0,0
254,0,3,2,23,18,40,32,0,40,0,23,0,32,0,18,0,1,0,1,0,0,0,0,2
254,0,4,3,24,19,38,32,0,38,0,24,0,32,0,19,0,1,0,0,1,0,0,0,3
254,0,5,4,25,17,34,36,0,34,0,25,0,36,0,17,0,1,0,0,0,1,0,0,4
254,0,6,5,26,21,37,35,0,37,0,26,0,35,0,21,0,1,0,0,0,0,1,0,5
255,1,1,0,22,25,37,29,37,0,22,0,29,0,25,0,1,0,1,0,0,0,0,0,0
255,1,3,2,25,-999999,36,-999999,36,0,25,0,-999999,0,-999999,0,1,0,0,1,0,0,0,2,0
255,1,4,3,23,-999999,35,-999999,35,0,23,0,-999999,0,-999999,0,1,0,0,0,1,0,0,3,0
255,1,5,4,23,25,35,35,35,0,23,0,35,0,25,0,1,0,0,0,0,1,0,4,0
255,1,6,5,28,26,33,29,33,0,28,0,29,0,26,0,1,0,0,0,0,0,1,5,0
256,0,1,0,-999999,9,-999999,37,0,-999999,0,-999999,0,37,0,9,0,1,1,0,0,0,0,0,0
256,0,3,2,10,17,34,39,0,34,0,10,0,39,0,17,0,1,0,1,0,0,0,0,2
257,0,1,0,12,9,39,39,0,39,0,12,0,39,0,9,0,1,1,0,0,0,0,0,0
257,0,3,2,12,9,40,40,0,40,0,12,0,40,0,9,0,1,0,1,0,0,0,0,2
257,0,4,3,11,10,40,40,0,40,0,11,0,40,0,10,0,1,0,0,1,0,0,0,3
257,0,5,4,13,9,40,40,0,40,0,13,0,40,0,9,0,1,0,0,0,1,0,0,4
257,0,6,5,9,10,40,33,0,40,0,9,0,33,0,10,0,1,0,0,0,0,1,0,5
258,1,1,0,13,9,36,39,36,0,13,0,39,0,9,0,1,0,1,0,0,0,0,0,0
258,1,3,2,11,11,34,37,34,0,11,0,37,0,11,0,1,0,0,1,0,0,0,2,0
258,1,4,3,11,11,35,38,35,0,11,0,38,0,11,0,1,0,0,0,1,0,0,3,0
258,1,5,4,13,10,35,34,35,0,13,0,34,0,10,0,1,0,0,0,0,1,0,4,0
258,1,6,5,9,7,36,38,36,0,9,0,38,0,7,0,1,0,0,0,0,0,1,5,0
259,0,1,0,13,-999999,40,-999999,0,40,0,13,0,-999999,0,-999999,0,1,1,0,0,0,0,0,0
259,0,3,2,15,-999999,40,-999999,0,40,0,15,0,-999999,0,-999999,0,1,0,1,0,0,0,0,2
259,0,4,3,19,-999999,39,-999999,0,39,0,19,0,-999999,0,-999999,0,1,0,0,1,0,0,0,3
259,0,5,4,20,-999999,39,-999999,0,39,0,20,0,-999999,0,-999999,0,1,0,0,0,1,0,0,4
259,0,6,5,26,-999999,39,-999999,0,39,0,26,0,-999999,0,-999999,0,1,0,0,0,0,1,0,5
260,1,1,0,15,11,35,38,35,0,15,0,38,0,11,0,1,0,1,0,0,0,0,0,0
260,1,3,2,16,13,34,35,34,0,16,0,35,0,13,0,1,0,0,1,0,0,0,2,0
260,1,4,3,22,20,34,31,34,0,22,0,31,0,20,0,1,0,0,0,1,0,0,3,0
260,1,5,4,24,15,28,30,28,0,24,0,30,0,15,0,1,0,0,0,0,1,0,4,0
260,1,6,5,22,16,36,32,36,0,22,0,32,0,16,0,1,0,0,0,0,0,1,5,0
261,0,1,0,8,-999999,40,-999999,0,40,0,8,0,-999999,0,-999999,0,1,1,0,0,0,0,0,0
261,0,3,2,12,-999999,40,-999999,0,40,0,12,0,-999999,0,-999999,0,1,0,1,0,0,0,0,2
261,0,4,3,14,-999999,40,-999999,0,40,0,14,0,-999999,0,-999999,0,1,0,0,1,0,0,0,3
261,0,5,4,10,-999999,38,-999999,0,38,0,10,0,-999999,0,-999999,0,1,0,0,0,1,0,0,4
261,0,6,5,18,-999999,33,-999999,0,33,0,18,0,-999999,0,-999999,0,1,0,0,0,0,1,0,5
262,1,1,0,21,23,32,35,32,0,21,0,35,0,23,0,1,0,1,0,0,0,0,0,0
262,1,3,2,14,17,28,32,28,0,14,0,32,0,17,0,1,0,0,1,0,0,0,2,0
262,1,4,3,29,22,22,34,22,0,29,0,34,0,22,0,1,0,0,0,1,0,0,3,0
262,1,5,4,29,23,29,33,29,0,29,0,33,0,23,0,1,0,0,0,0,1,0,4,0
262,1,6,5,24,33,26,17,26,0,24,0,17,0,33,0,1,0,0,0,0,0,1,5,0
263,0,1,0,21,12,39,35,0,39,0,21,0,35,0,12,0,1,1,0,0,0,0,0,0
263,0,3,2,18,12,37,25,0,37,0,18,0,25,0,12,0,1,0,1,0,0,0,0,2
263,0,4,3,15,17,40,34,0,40,0,15,0,34,0,17,0,1,0,0,1,0,0,0,3
263,0,5,4,15,11,36,34,0,36,0,15,0,34,0,11,0,1,0,0,0,1,0,0,4
263,0,6,5,19,16,37,34,0,37,0,19,0,34,0,16,0,1,0,0,0,0,1,0,5
264,1,1,0,26,18,31,39,31,0,26,0,39,0,18,0,1,0,1,0,0,0,0,0,0
264,1,3,2,18,19,37,37,37,0,18,0,37,0,19,0,1,0,0,1,0,0,0,2,0
264,1,4,3,23,21,33,39,33,0,23,0,39,0,21,0,1,0,0,0,1,0,0,3,0
264,1,5,4,12,15,38,35,38,0,12,0,35,0,15,0,1,0,0,0,0,1,0,4,0
264,1,6,5,9,14,39,38,39,0,9,0,38,0,14,0,1,0,0,0,0,0,1,5,0
265,1,1,0,14,11,39,38,39,0,14,0,38,0,11,0,1,0,1,0,0,0,0,0,0
265,1,3,2,19,11,37,35,37,0,19,0,35,0,11,0,1,0,0,1,0,0,0,2,0
265,1,4,3,22,12,37,34,37,0,22,0,34,0,12,0,1,0,0,0,1,0,0,3,0
265,1,5,4,13,9,38,32,38,0,13,0,32,0,9,0,1,0,0,0,0,1,0,4,0
265,1,6,5,17,12,35,30,35,0,17,0,30,0,12,0,1,0,0,0,0,0,1,5,0
266,0,1,0,9,-999999,39,-999999,0,39,0,9,0,-999999,0,-999999,0,1,1,0,0,0,0,0,0
266,0,3,2,10,-999999,38,-999999,0,38,0,10,0,-999999,0,-999999,0,1,0,1,0,0,0,0,2
266,0,4,3,8,14,37,31,0,37,0,8,0,31,0,14,0,1,0,0,1,0,0,0,3
266,0,5,4,10,16,39,34,0,39,0,10,0,34,0,16,0,1,0,0,0,1,0,0,4
266,0,6,5,9,14,36,35,0,36,0,9,0,35,0,14,0,1,0,0,0,0,1,0,5
267,0,1,0,11,13,40,39,0,40,0,11,0,39,0,13,0,1,1,0,0,0,0,0,0
267,0,3,2,17,10,38,38,0,38,0,17,0,38,0,10,0,1,0,1,0,0,0,0,2
267,0,4,3,21,12,37,39,0,37,0,21,0,39,0,12,0,1,0,0,1,0,0,0,3
267,0,5,4,17,15,38,38,0,38,0,17,0,38,0,15,0,1,0,0,0,1,0,0,4
267,0,6,5,17,11,34,39,0,34,0,17,0,39,0,11,0,1,0,0,0,0,1,0,5
268,1,1,0,16,9,35,40,35,0,16,0,40,0,9,0,1,0,1,0,0,0,0,0,0
268,1,3,2,11,9,39,40,39,0,11,0,40,0,9,0,1,0,0,1,0,0,0,2,0
268,1,4,3,13,8,36,40,36,0,13,0,40,0,8,0,1,0,0,0,1,0,0,3,0
268,1,5,4,12,8,36,39,36,0,12,0,39,0,8,0,1,0,0,0,0,1,0,4,0
268,1,6,5,17,9,38,40,38,0,17,0,40,0,9,0,1,0,0,0,0,0,1,5,0
269,0,1,0,9,11,39,39,0,39,0,9,0,39,0,11,0,1,1,0,0,0,0,0,0
269,0,3,2,8,17,40,38,0,40,0,8,0,38,0,17,0,1,0,1,0,0,0,0,2
269,0,4,3,11,12,39,39,0,39,0,11,0,39,0,12,0,1,0,0,1,0,0,0,3
269,0,5,4,20,16,38,34,0,38,0,20,0,34,0,16,0,1,0,0,0,1,0,0,4
269,0,6,5,13,11,37,32,0,37,0,13,0,32,0,11,0,1,0,0,0,0,1,0,5
270,1,1,0,7,8,40,35,40,0,7,0,35,0,8,0,1,0,1,0,0,0,0,0,0
270,1,3,2,7,7,39,36,39,0,7,0,36,0,7,0,1,0,0,1,0,0,0,2,0
270,1,4,3,8,12,39,36,39,0,8,0,36,0,12,0,1,0,0,0,1,0,0,3,0
270,1,5,4,7,12,38,38,38,0,7,0,38,0,12,0,1,0,0,0,0,1,0,4,0
270,1,6,5,8,7,37,34,37,0,8,0,34,0,7,0,1,0,0,0,0,0,1,5,0
271,1,1,0,7,10,39,37,39,0,7,0,37,0,10,0,1,0,1,0,0,0,0,0,0
272,1,1,0,-999999,10,-999999,40,-999999,0,-999999,0,40,0,10,0,1,0,1,0,0,0,0,0,0
272,1,3,2,19,13,33,38,33,0,19,0,38,0,13,0,1,0,0,1,0,0,0,2,0
272,1,4,3,14,10,36,35,36,0,14,0,35,0,10,0,1,0,0,0,1,0,0,3,0
272,1,5,4,18,14,36,26,36,0,18,0,26,0,14,0,1,0,0,0,0,1,0,4,0
272,1,6,5,16,16,35,35,35,0,16,0,35,0,16,0,1,0,0,0,0,0,1,5,0
273,1,1,0,18,22,33,36,33,0,18,0,36,0,22,0,1,0,1,0,0,0,0,0,0
273,1,3,2,18,16,36,39,36,0,18,0,39,0,16,0,1,0,0,1,0,0,0,2,0
273,1,4,3,20,33,38,29,38,0,20,0,29,0,33,0,1,0,0,0,1,0,0,3,0
273,1,5,4,25,26,36,33,36,0,25,0,33,0,26,0,1,0,0,0,0,1,0,4,0
273,1,6,5,22,29,33,36,33,0,22,0,36,0,29,0,1,0,0,0,0,0,1,5,0
274,0,1,0,10,-999999,37,-999999,0,37,0,10,0,-999999,0,-999999,0,1,1,0,0,0,0,0,0
274,0,3,2,15,19,39,34,0,39,0,15,0,34,0,19,0,1,0,1,0,0,0,0,2
274,0,4,3,16,23,37,30,0,37,0,16,0,30,0,23,0,1,0,0,1,0,0,0,3
274,0,5,4,13,24,36,33,0,36,0,13,0,33,0,24,0,1,0,0,0,1,0,0,4
274,0,6,5,13,-999999,36,-999999,0,36,0,13,0,-999999,0,-999999,0,1,0,0,0,0,1,0,5
275,1,1,0,11,10,39,40,39,0,11,0,40,0,10,0,1,0,1,0,0,0,0,0,0
275,1,3,2,21,14,40,37,40,0,21,0,37,0,14,0,1,0,0,1,0,0,0,2,0
275,1,4,3,18,15,38,39,38,0,18,0,39,0,15,0,1,0,0,0,1,0,0,3,0
275,1,5,4,14,16,38,36,38,0,14,0,36,0,16,0,1,0,0,0,0,1,0,4,0
275,1,6,5,14,19,38,39,38,0,14,0,39,0,19,0,1,0,0,0,0,0,1,5,0
276,0,1,0,22,12,36,39,0,36,0,22,0,39,0,12,0,1,1,0,0,0,0,0,0
276,0,3,2,26,15,31,37,0,31,0,26,0,37,0,15,0,1,0,1,0,0,0,0,2
276,0,4,3,19,12,29,36,0,29,0,19,0,36,0,12,0,1,0,0,1,0,0,0,3
276,0,5,4,20,17,33,37,0,33,0,20,0,37,0,17,0,1,0,0,0,1,0,0,4
276,0,6,5,24,27,32,36,0,32,0,24,0,36,0,27,0,1,0,0,0,0,1,0,5
277,0,1,0,16,13,40,39,0,40,0,16,0,39,0,13,0,1,1,0,0,0,0,0,0
277,0,3,2,16,9,40,37,0,40,0,16,0,37,0,9,0,1,0,1,0,0,0,0,2
277,0,4,3,17,-999999,40,-999999,0,40,0,17,0,-999999,0,-999999,0,1,0,0,1,0,0,0,3
277,0,5,4,17,-999999,40,-999999,0,40,0,17,0,-999999,0,-999999,0,1,0,0,0,1,0,0,4
277,0,6,5,14,7,40,37,0,40,0,14,0,37,0,7,0,1,0,0,0,0,1,0,5
278,0,1,0,9,13,40,38,0,40,0,9,0,38,0,13,0,1,1,0,0,0,0,0,0
278,0,3,2,21,14,36,37,0,36,0,21,0,37,0,14,0,1,0,1,0,0,0,0,2
278,0,4,3,22,-999999,36,-999999,0,36,0,22,0,-999999,0,-999999,0,1,0,0,1,0,0,0,3
278,0,5,4,18,9,40,33,0,40,0,18,0,33,0,9,0,1,0,0,0,1,0,0,4
278,0,6,5,13,9,39,38,0,39,0,13,0,38,0,9,0,1,0,0,0,0,1,0,5
279,1,1,0,33,22,32,28,32,0,33,0,28,0,22,0,1,0,1,0,0,0,0,0,0
279,1,3,2,24,13,32,30,32,0,24,0,30,0,13,0,1,0,0,1,0,0,0,2,0
279,1,4,3,25,17,30,28,30,0,25,0,28,0,17,0,1,0,0,0,1,0,0,3,0
279,1,5,4,17,-999999,33,-999999,33,0,17,0,-999999,0,-999999,0,1,0,0,0,0,1,0,4,0
279,1,6,5,27,28,29,25,29,0,27,0,25,0,28,0,1,0,0,0,0,0,1,5,0
280,0,1,0,15,-999999,40,-999999,0,40,0,15,0,-999999,0,-999999,0,1,1,0,0,0,0,0,0
280,0,3,2,14,-999999,39,-999999,0,39,0,14,0,-999999,0,-999999,0,1,0,1,0,0,0,0,2
280,0,6,5,15,17,40,37,0,40,0,15,0,37,0,17,0,1,0,0,0,0,1,0,5
281,1,1,0,15,-999999,35,-999999,35,0,15,0,-999999,0,-999999,0,1,0,1,0,0,0,0,0,0
281,1,3,2,18,-999999,40,-999999,40,0,18,0,-999999,0,-999999,0,1,0,0,1,0,0,0,2,0
281,1,4,3,17,-999999,40,-999999,40,0,17,0,-999999,0,-999999,0,1,0,0,0,1,0,0,3,0
281,1,5,4,24,-999999,37,-999999,37,0,24,0,-999999,0,-999999,0,1,0,0,0,0,1,0,4,0
281,1,6,5,23,-999999,38,-999999,38,0,23,0,-999999,0,-999999,0,1,0,0,0,0,0,1,5,0
282,1,1,0,10,20,38,33,38,0,10,0,33,0,20,0,1,0,1,0,0,0,0,0,0
282,1,3,2,24,-999999,37,-999999,37,0,24,0,-999999,0,-999999,0,1,0,0,1,0,0,0,2,0
282,1,4,3,24,-999999,34,-999999,34,0,24,0,-999999,0,-999999,0,1,0,0,0,1,0,0,3,0
282,1,5,4,12,-999999,36,-999999,36,0,12,0,-999999,0,-999999,0,1,0,0,0,0,1,0,4,0
282,1,6,5,20,-999999,37,-999999,37,0,20,0,-999999,0,-999999,0,1,0,0,0,0,0,1,5,0
283,1,1,0,16,15,37,39,37,0,16,0,39,0,15,0,1,0,1,0,0,0,0,0,0
283,1,3,2,16,14,36,39,36,0,16,0,39,0,14,0,1,0,0,1,0,0,0,2,0
283,1,4,3,18,21,36,39,36,0,18,0,39,0,21,0,1,0,0,0,1,0,0,3,0
283,1,5,4,18,12,34,36,34,0,18,0,36,0,12,0,1,0,0,0,0,1,0,4,0
283,1,6,5,16,15,36,38,36,0,16,0,38,0,15,0,1,0,0,0,0,0,1,5,0
284,0,1,0,11,21,40,38,0,40,0,11,0,38,0,21,0,1,1,0,0,0,0,0,0
284,0,3,2,21,22,40,36,0,40,0,21,0,36,0,22,0,1,0,1,0,0,0,0,2
284,0,4,3,20,23,39,33,0,39,0,20,0,33,0,23,0,1,0,0,1,0,0,0,3
284,0,5,4,15,20,33,35,0,33,0,15,0,35,0,20,0,1,0,0,0,1,0,0,4
284,0,6,5,12,16,36,31,0,36,0,12,0,31,0,16,0,1,0,0,0,0,1,0,5
285,1,1,0,14,13,39,40,39,0,14,0,40,0,13,0,1,0,1,0,0,0,0,0,0
285,1,3,2,18,26,35,26,35,0,18,0,26,0,26,0,1,0,0,1,0,0,0,2,0
285,1,4,3,20,-999999,38,-999999,38,0,20,0,-999999,0,-999999,0,1,0,0,0,1,0,0,3,0
285,1,5,4,14,-999999,36,-999999,36,0,14,0,-999999,0,-999999,0,1,0,0,0,0,1,0,4,0
285,1,6,5,17,26,34,29,34,0,17,0,29,0,26,0,1,0,0,0,0,0,1,5,0
286,1,1,0,19,12,40,37,40,0,19,0,37,0,12,0,1,0,1,0,0,0,0,0,0
286,1,3,2,17,15,40,40,40,0,17,0,40,0,15,0,1,0,0,1,0,0,0,2,0
286,1,4,3,14,12,39,39,39,0,14,0,39,0,12,0,1,0,0,0,1,0,0,3,0
287,0,1,0,11,11,40,36,0,40,0,11,0,36,0,11,0,1,1,0,0,0,0,0,0
287,0,3,2,14,-999999,36,-999999,0,36,0,14,0,-999999,0,-999999,0,1,0,1,0,0,0,0,2
287,0,4,3,11,-999999,36,-999999,0,36,0,11,0,-999999,0,-999999,0,1,0,0,1,0,0,0,3
287,0,5,4,13,-999999,40,-999999,0,40,0,13,0,-999999,0,-999999,0,1,0,0,0,1,0,0,4
287,0,6,5,12,8,40,37,0,40,0,12,0,37,0,8,0,1,0,0,0,0,1,0,5
288,1,1,0,24,-999999,35,-999999,35,0,24,0,-999999,0,-999999,0,1,0,1,0,0,0,0,0,0
288,1,3,2,24,-999999,40,-999999,40,0,24,0,-999999,0,-999999,0,1,0,0,1,0,0,0,2,0
288,1,4,3,18,-999999,39,-999999,39,0,18,0,-999999,0,-999999,0,1,0,0,0,1,0,0,3,0
288,1,5,4,27,-999999,40,-999999,40,0,27,0,-999999,0,-999999,0,1,0,0,0,0,1,0,4,0
288,1,6,5,22,18,40,35,40,0,22,0,35,0,18,0,1,0,0,0,0,0,1,5,0
289,0,1,0,7,15,40,40,0,40,0,7,0,40,0,15,0,1,1,0,0,0,0,0,0
289,0,3,2,13,7,36,40,0,36,0,13,0,40,0,7,0,1,0,1,0,0,0,0,2
289,0,4,3,8,16,40,36,0,40,0,8,0,36,0,16,0,1,0,0,1,0,0,0,3
289,0,5,4,11,12,40,38,0,40,0,11,0,38,0,12,0,1,0,0,0,1,0,0,4
289,0,6,5,13,20,36,36,0,36,0,13,0,36,0,20,0,1,0,0,0,0,1,0,5
290,1,1,0,20,18,39,38,39,0,20,0,38,0,18,0,1,0,1,0,0,0,0,0,0
290,1,3,2,20,14,37,38,37,0,20,0,38,0,14,0,1,0,0,1,0,0,0,2,0
290,1,4,3,22,19,38,39,38,0,22,0,39,0,19,0,1,0,0,0,1,0,0,3,0
290,1,5,4,20,19,37,37,37,0,20,0,37,0,19,0,1,0,0,0,0,1,0,4,0
290,1,6,5,19,20,36,37,36,0,19,0,37,0,20,0,1,0,0,0,0,0,1,5,0
291,0,1,0,11,-999999,39,-999999,0,39,0,11,0,-999999,0,-999999,0,1,1,0,0,0,0,0,0
291,0,3,2,16,-999999,38,-999999,0,38,0,16,0,-999999,0,-999999,0,1,0,1,0,0,0,0,2
291,0,4,3,18,-999999,38,-999999,0,38,0,18,0,-999999,0,-999999,0,1,0,0,1,0,0,0,3
291,0,5,4,11,-999999,38,-999999,0,38,0,11,0,-999999,0,-999999,0,1,0,0,0,1,0,0,4
291,0,6,5,20,-999999,38,-999999,0,38,0,20,0,-999999,0,-999999,0,1,0,0,0,0,1,0,5
292,1,1,0,14,17,39,26,39,0,14,0,26,0,17,0,1,0,1,0,0,0,0,0,0
292,1,3,2,23,-999999,36,-999999,36,0,23,0,-999999,0,-999999,0,1,0,0,1,0,0,0,2,0
292,1,4,3,22,-999999,40,-999999,40,0,22,0,-999999,0,-999999,0,1,0,0,0,1,0,0,3,0
292,1,5,4,19,-999999,38,-999999,38,0,19,0,-999999,0,-999999,0,1,0,0,0,0,1,0,4,0
292,1,6,5,24,-999999,39,-999999,39,0,24,0,-999999,0,-999999,0,1,0,0,0,0,0,1,5,0
293,1,1,0,26,29,37,38,37,0,26,0,38,0,29,0,1,0,1,0,0,0,0,0,0
293,1,3,2,19,30,38,35,38,0,19,0,35,0,30,0,1,0,0,1,0,0,0,2,0
293,1,4,3,21,29,36,38,36,0,21,0,38,0,29,0,1,0,0,0,1,0,0,3,0
293,1,5,4,29,22,38,40,38,0,29,0,40,0,22,0,1,0,0,0,0,1,0,4,0
293,1,6,5,25,28,36,37,36,0,25,0,37,0,28,0,1,0,0,0,0,0,1,5,0
294,1,1,0,14,16,40,35,40,0,14,0,35,0,16,0,1,0,1,0,0,0,0,0,0
294,1,3,2,11,17,40,34,40,0,11,0,34,0,17,0,1,0,0,1,0,0,0,2,0
294,1,4,3,14,16,40,34,40,0,14,0,34,0,16,0,1,0,0,0,1,0,0,3,0
294,1,5,4,18,16,38,31,38,0,18,0,31,0,16,0,1,0,0,0,0,1,0,4,0
294,1,6,5,10,13,40,30,40,0,10,0,30,0,13,0,1,0,0,0,0,0,1,5,0
295,1,1,0,11,18,40,34,40,0,11,0,34,0,18,0,1,0,1,0,0,0,0,0,0
296,1,1,0,17,-999999,38,-999999,38,0,17,0,-999999,0,-999999,0,1,0,1,0,0,0,0,0,0
296,1,3,2,14,-999999,40,-999999,40,0,14,0,-999999,0,-999999,0,1,0,0,1,0,0,0,2,0
296,1,4,3,10,-999999,40,-999999,40,0,10,0,-999999,0,-999999,0,1,0,0,0,1,0,0,3,0
296,1,5,4,12,-999999,40,-999999,40,0,12,0,-999999,0,-999999,0,1,0,0,0,0,1,0,4,0
296,1,6,5,12,-999999,37,-999999,37,0,12,0,-999999,0,-999999,0,1,0,0,0,0,0,1,5,0
297,0,1,0,-999999,17,-999999,30,0,-999999,0,-999999,0,30,0,17,0,1,1,0,0,0,0,0,0
297,0,3,2,13,11,33,33,0,33,0,13,0,33,0,11,0,1,0,1,0,0,0,0,2
297,0,4,3,11,14,35,34,0,35,0,11,0,34,0,14,0,1,0,0,1,0,0,0,3
297,0,5,4,13,15,36,33,0,36,0,13,0,33,0,15,0,1,0,0,0,1,0,0,4
297,0,6,5,21,-999999,31,-999999,0,31,0,21,0,-999999,0,-999999,0,1,0,0,0,0,1,0,5
298,0,1,0,18,10,39,36,0,39,0,18,0,36,0,10,0,1,1,0,0,0,0,0,0
298,0,3,2,12,13,38,37,0,38,0,12,0,37,0,13,0,1,0,1,0,0,0,0,2
298,0,4,3,11,9,39,37,0,39,0,11,0,37,0,9,0,1,0,0,1,0,0,0,3
298,0,5,4,11,10,37,37,0,37,0,11,0,37,0,10,0,1,0,0,0,1,0,0,4
298,0,6,5,9,13,38,35,0,38,0,9,0,35,0,13,0,1,0,0,0,0,1,0,5
299,1,1,0,14,12,35,31,35,0,14,0,31,0,12,0,1,0,1,0,0,0,0,0,0
299,1,3,2,16,19,36,27,36,0,16,0,27,0,19,0,1,0,0,1,0,0,0,2,0
299,1,4,3,14,19,39,23,39,0,14,0,23,0,19,0,1,0,0,0,1,0,0,3,0
299,1,5,4,14,16,39,28,39,0,14,0,28,0,16,0,1,0,0,0,0,1,0,4,0
299,1,6,5,-999999,19,-999999,30,-999999,0,-999999,0,30,0,19,0,1,0,0,0,0,0,1,5,0
300,0,1,0,15,20,38,27,0,38,0,15,0,27,0,20,0,1,1,0,0,0,0,0,0
300,0,3,2,21,-999999,28,-999999,0,28,0,21,0,-999999,0,-999999,0,1,0,1,0,0,0,0,2
300,0,5,4,24,-999999,38,-999999,0,38,0,24,0,-999999,0,-999999,0,1,0,0,0,1,0,0,4
300,0,6,5,16,-999999,38,-999999,0,38,0,16,0,-999999,0,-999999,0,1,0,0,0,0,1,0,5
301,0,1,0,12,19,35,35,0,35,0,12,0,35,0,19,0,1,1,0,0,0,0,0,0
301,0,3,2,14,13,32,37,0,32,0,14,0,37,0,13,0,1,0,1,0,0,0,0,2
301,0,4,3,18,15,32,33,0,32,0,18,0,33,0,15,0,1,0,0,1,0,0,0,3
301,0,5,4,21,14,32,36,0,32,0,21,0,36,0,14,0,1,0,0,0,1,0,0,4
301,0,6,5,14,19,35,32,0,35,0,14,0,32,0,19,0,1,0,0,0,0,1,0,5
302,1,1,0,11,-999999,39,-999999,39,0,11,0,-999999,0,-999999,0,1,0,1,0,0,0,0,0,0
302,1,3,2,10,-999999,34,-999999,34,0,10,0,-999999,0,-999999,0,1,0,0,1,0,0,0,2,0
302,1,4,3,10,12,39,39,39,0,10,0,39,0,12,0,1,0,0,0,1,0,0,3,0
302,1,5,4,16,14,35,38,35,0,16,0,38,0,14,0,1,0,0,0,0,1,0,4,0
302,1,6,5,10,23,35,32,35,0,10,0,32,0,23,0,1,0,0,0,0,0,1,5,0
303,0,1,0,16,23,39,37,0,39,0,16,0,37,0,23,0,1,1,0,0,0,0,0,0
303,0,3,2,17,23,36,19,0,36,0,17,0,19,0,23,0,1,0,1,0,0,0,0,2
303,0,4,3,21,-999999,36,-999999,0,36,0,21,0,-999999,0,-999999,0,1,0,0,1,0,0,0,3
303,0,6,5,21,-999999,29,-999999,0,29,0,21,0,-999999,0,-999999,0,1,0,0,0,0,1,0,5
304,1,1,0,25,14,39,32,39,0,25,0,32,0,14,0,1,0,1,0,0,0,0,0,0
304,1,3,2,19,12,36,39,36,0,19,0,39,0,12,0,1,0,0,1,0,0,0,2,0
304,1,4,3,19,15,36,36,36,0,19,0,36,0,15,0,1,0,0,0,1,0,0,3,0
304,1,5,4,18,14,34,37,34,0,18,0,37,0,14,0,1,0,0,0,0,1,0,4,0
304,1,6,5,22,21,27,31,27,0,22,0,31,0,21,0,1,0,0,0,0,0,1,5,0
305,1,1,0,13,8,40,38,40,0,13,0,38,0,8,0,1,0,1,0,0,0,0,0,0
305,1,3,2,13,11,40,33,40,0,13,0,33,0,11,0,1,0,0,1,0,0,0,2,0
305,1,4,3,16,18,40,40,40,0,16,0,40,0,18,0,1,0,0,0,1,0,0,3,0
305,1,5,4,14,17,40,37,40,0,14,0,37,0,17,0,1,0,0,0,0,1,0,4,0
305,1,6,5,16,19,40,37,40,0,16,0,37,0,19,0,1,0,0,0,0,0,1,5,0
306,1,1,0,22,9,39,37,39,0,22,0,37,0,9,0,1,0,1,0,0,0,0,0,0
306,1,3,2,23,24,39,34,39,0,23,0,34,0,24,0,1,0,0,1,0,0,0,2,0
306,1,4,3,20,25,40,35,40,0,20,0,35,0,25,0,1,0,0,0,1,0,0,3,0
306,1,5,4,24,19,37,37,37,0,24,0,37,0,19,0,1,0,0,0,0,1,0,4,0
306,1,6,5,27,21,33,36,33,0,27,0,36,0,21,0,1,0,0,0,0,0,1,5,0
307,1,1,0,16,-999999,39,-999999,39,0,16,0,-999999,0,-999999,0,1,0,1,0,0,0,0,0,0
307,1,3,2,14,-999999,39,-999999,39,0,14,0,-999999,0,-999999,0,1,0,0,1,0,0,0,2,0
307,1,4,3,16,-999999,40,-999999,40,0,16,0,-999999,0,-999999,0,1,0,0,0,1,0,0,3,0
307,1,5,4,15,-999999,38,-999999,38,0,15,0,-999999,0,-999999,0,1,0,0,0,0,1,0,4,0
307,1,6,5,10,-999999,40,-999999,40,0,10,0,-999999,0,-999999,0,1,0,0,0,0,0,1,5,0
308,0,3,2,19,25,33,32,0,33,0,19,0,32,0,25,0,1,0,1,0,0,0,0,2
308,0,4,3,10,22,40,35,0,40,0,10,0,35,0,22,0,1,0,0,1,0,0,0,3
308,0,5,4,13,14,38,34,0,38,0,13,0,34,0,14,0,1,0,0,0,1,0,0,4
308,0,6,5,19,16,37,35,0,37,0,19,0,35,0,16,0,1,0,0,0,0,1,0,5
309,1,1,0,13,19,33,39,33,0,13,0,39,0,19,0,1,0,1,0,0,0,0,0,0
309,1,3,2,17,11,32,36,32,0,17,0,36,0,11,0,1,0,0,1,0,0,0,2,0
309,1,4,3,11,-999999,33,-999999,33,0,11,0,-999999,0,-999999,0,1,0,0,0,1,0,0,3,0
309,1,5,4,9,12,32,34,32,0,9,0,34,0,12,0,1,0,0,0,0,1,0,4,0
309,1,6,5,15,-999999,34,-999999,34,0,15,0,-999999,0,-999999,0,1,0,0,0,0,0,1,5,0
310,0,3,2,10,12,38,39,0,38,0,10,0,39,0,12,0,1,0,1,0,0,0,0,2
310,0,4,3,11,17,36,39,0,36,0,11,0,39,0,17,0,1,0,0,1,0,0,0,3
310,0,5,4,14,15,36,-999999,0,36,0,14,0,-999999,0,15,0,1,0,0,0,1,0,0,4
310,0,6,5,11,19,37,40,0,37,0,11,0,40,0,19,0,1,0,0,0,0,1,0,5
311,0,1,0,16,12,40,37,0,40,0,16,0,37,0,12,0,1,1,0,0,0,0,0,0
311,0,3,2,20,-999999,38,-999999,0,38,0,20,0,-999999,0,-999999,0,1,0,1,0,0,0,0,2
311,0,4,3,15,-999999,38,-999999,0,38,0,15,0,-999999,0,-999999,0,1,0,0,1,0,0,0,3
311,0,5,4,15,13,34,33,0,34,0,15,0,33,0,13,0,1,0,0,0,1,0,0,4
311,0,6,5,14,-999999,35,-999999,0,35,0,14,0,-999999,0,-999999,0,1,0,0,0,0,1,0,5
312,1,1,0,32,-999999,39,-999999,39,0,32,0,-999999,0,-999999,0,1,0,1,0,0,0,0,0,0
312,1,4,3,22,-999999,33,-999999,33,0,22,0,-999999,0,-999999,0,1,0,0,0,1,0,0,3,0
312,1,6,5,26,-999999,33,-999999,33,0,26,0,-999999,0,-999999,0,1,0,0,0,0,0,1,5,0
313,0,4,3,21,-999999,35,-999999,0,35,0,21,0,-999999,0,-999999,0,1,0,0,1,0,0,0,3
313,0,5,4,16,-999999,40,-999999,0,40,0,16,0,-999999,0,-999999,0,1,0,0,0,1,0,0,4
313,0,6,5,21,-999999,23,-999999,0,23,0,21,0,-999999,0,-999999,0,1,0,0,0,0,1,0,5
314,1,1,0,11,9,39,40,39,0,11,0,40,0,9,0,1,0,1,0,0,0,0,0,0
314,1,3,2,18,18,35,39,35,0,18,0,39,0,18,0,1,0,0,1,0,0,0,2,0
314,1,4,3,11,14,40,37,40,0,11,0,37,0,14,0,1,0,0,0,1,0,0,3,0
314,1,5,4,17,14,33,37,33,0,17,0,37,0,14,0,1,0,0,0,0,1,0,4,0
314,1,6,5,21,18,37,36,37,0,21,0,36,0,18,0,1,0,0,0,0,0,1,5,0
315,0,1,0,20,18,34,33,0,34,0,20,0,33,0,18,0,1,1,0,0,0,0,0,0
315,0,3,2,21,28,36,30,0,36,0,21,0,30,0,28,0,1,0,1,0,0,0,0,2
315,0,4,3,18,27,36,26,0,36,0,18,0,26,0,27,0,1,0,0,1,0,0,0,3
315,0,5,4,20,29,36,30,0,36,0,20,0,30,0,29,0,1,0,0,0,1,0,0,4
315,0,6,5,18,28,36,29,0,36,0,18,0,29,0,28,0,1,0,0,0,0,1,0,5
316,1,1,0,15,10,35,37,35,0,15,0,37,0,10,0,1,0,1,0,0,0,0,0,0
316,1,3,2,20,20,35,38,35,0,20,0,38,0,20,0,1,0,0,1,0,0,0,2,0
316,1,4,3,26,16,34,37,34,0,26,0,37,0,16,0,1,0,0,0,1,0,0,3,0
316,1,5,4,26,15,33,36,33,0,26,0,36,0,15,0,1,0,0,0,0,1,0,4,0
316,1,6,5,24,13,32,32,32,0,24,0,32,0,13,0,1,0,0,0,0,0,1,5,0
317,0,1,0,15,20,40,13,0,40,0,15,0,13,0,20,0,1,1,0,0,0,0,0,0
317,0,3,2,13,-999999,40,-999999,0,40,0,13,0,-999999,0,-999999,0,1,0,1,0,0,0,0,2
317,0,4,3,11,16,40,18,0,40,0,11,0,18,0,16,0,1,0,0,1,0,0,0,3
317,0,5,4,10,16,39,14,0,39,0,10,0,14,0,16,0,1,0,0,0,1,0,0,4
317,0,6,5,12,20,40,23,0,40,0,12,0,23,0,20,0,1,0,0,0,0,1,0,5
318,1,1,0,14,10,37,35,37,0,14,0,35,0,10,0,1,0,1,0,0,0,0,0,0
318,1,3,2,14,-999999,38,-999999,38,0,14,0,-999999,0,-999999,0,1,0,0,1,0,0,0,2,0
318,1,4,3,15,-999999,38,-999999,38,0,15,0,-999999,0,-999999,0,1,0,0,0,1,0,0,3,0
318,1,5,4,11,-999999,40,-999999,40,0,11,0,-999999,0,-999999,0,1,0,0,0,0,1,0,4,0
318,1,6,5,18,-999999,38,-999999,38,0,18,0,-999999,0,-999999,0,1,0,0,0,0,0,1,5,0
319,1,1,0,11,-999999,40,-999999,40,0,11,0,-999999,0,-999999,0,1,0,1,0,0,0,0,0,0
319,1,3,2,17,22,38,35,38,0,17,0,35,0,22,0,1,0,0,1,0,0,0,2,0
319,1,4,3,15,-999999,40,-999999,40,0,15,0,-999999,0,-999999,0,1,0,0,0,1,0,0,3,0
319,1,6,5,15,-999999,38,-999999,38,0,15,0,-999999,0,-999999,0,1,0,0,0,0,0,1,5,0
320,0,1,0,10,20,40,36,0,40,0,10,0,36,0,20,0,1,1,0,0,0,0,0,0
320,0,3,2,16,-999999,38,-999999,0,38,0,16,0,-999999,0,-999999,0,1,0,1,0,0,0,0,2
320,0,4,3,12,-999999,33,-999999,0,33,0,12,0,-999999,0,-999999,0,1,0,0,1,0,0,0,3
320,0,5,4,11,-999999,38,-999999,0,38,0,11,0,-999999,0,-999999,0,1,0,0,0,1,0,0,4
320,0,6,5,28,-999999,20,-999999,0,20,0,28,0,-999999,0,-999999,0,1,0,0,0,0,1,0,5
321,0,1,0,27,15,35,37,0,35,0,27,0,37,0,15,0,1,1,0,0,0,0,0,0
321,0,3,2,22,23,28,29,0,28,0,22,0,29,0,23,0,1,0,1,0,0,0,0,2
321,0,4,3,24,22,35,31,0,35,0,24,0,31,0,22,0,1,0,0,1,0,0,0,3
321,0,5,4,28,16,30,28,0,30,0,28,0,28,0,16,0,1,0,0,0,1,0,0,4
321,0,6,5,19,-999999,34,-999999,0,34,0,19,0,-999999,0,-999999,0,1,0,0,0,0,1,0,5
322,1,1,0,22,26,38,37,38,0,22,0,37,0,26,0,1,0,1,0,0,0,0,0,0
322,1,3,2,14,-999999,40,-999999,40,0,14,0,-999999,0,-999999,0,1,0,0,1,0,0,0,2,0
322,1,4,3,23,-999999,38,-999999,38,0,23,0,-999999,0,-999999,0,1,0,0,0,1,0,0,3,0
322,1,5,4,24,-999999,40,-999999,40,0,24,0,-999999,0,-999999,0,1,0,0,0,0,1,0,4,0
322,1,6,5,25,-999999,40,-999999,40,0,25,0,-999999,0,-999999,0,1,0,0,0,0,0,1,5,0
323,1,1,0,15,17,38,40,38,0,15,0,40,0,17,0,1,0,1,0,0,0,0,0,0
323,1,3,2,16,11,38,39,38,0,16,0,39,0,11,0,1,0,0,1,0,0,0,2,0
323,1,4,3,16,19,36,37,36,0,16,0,37,0,19,0,1,0,0,0,1,0,0,3,0
323,1,5,4,18,22,35,39,35,0,18,0,39,0,22,0,1,0,0,0,0,1,0,4,0
323,1,6,5,17,22,35,34,35,0,17,0,34,0,22,0,1,0,0,0,0,0,1,5,0
324,1,1,0,16,-999999,38,-999999,38,0,16,0,-999999,0,-999999,0,1,0,1,0,0,0,0,0,0
324,1,3,2,14,-999999,38,-999999,38,0,14,0,-999999,0,-999999,0,1,0,0,1,0,0,0,2,0
324,1,4,3,16,-999999,39,-999999,39,0,16,0,-999999,0,-999999,0,1,0,0,0,1,0,0,3,0
324,1,5,4,18,-999999,36,-999999,36,0,18,0,-999999,0,-999999,0,1,0,0,0,0,1,0,4,0
324,1,6,5,14,-999999,38,-999999,38,0,14,0,-999999,0,-999999,0,1,0,0,0,0,0,1,5,0
325,0,1,0,8,15,40,39,0,40,0,8,0,39,0,15,0,1,1,0,0,0,0,0,0
325,0,6,5,9,-999999,40,-999999,0,40,0,9,0,-999999,0,-999999,0,1,0,0,0,0,1,0,5
326,1,1,0,12,12,32,32,32,0,12,0,32,0,12,0,1,0,1,0,0,0,0,0,0
326,1,4,3,19,17,33,34,33,0,19,0,34,0,17,0,1,0,0,0,1,0,0,3,0
327,0,1,0,7,-999999,40,-999999,0,40,0,7,0,-999999,0,-999999,0,1,1,0,0,0,0,0,0
327,0,3,2,8,-999999,40,-999999,0,40,0,8,0,-999999,0,-999999,0,1,0,1,0,0,0,0,2
327,0,4,3,8,-999999,40,-999999,0,40,0,8,0,-999999,0,-999999,0,1,0,0,1,0,0,0,3
327,0,5,4,7,-999999,40,-999999,0,40,0,7,0,-999999,0,-999999,0,1,0,0,0,1,0,0,4
327,0,6,5,11,-999999,40,-999999,0,40,0,11,0,-999999,0,-999999,0,1,0,0,0,0,1,0,5
328,1,1,0,27,-999999,27,-999999,27,0,27,0,-999999,0,-999999,0,1,0,1,0,0,0,0,0,0
328,1,3,2,13,-999999,39,-999999,39,0,13,0,-999999,0,-999999,0,1,0,0,1,0,0,0,2,0
329,0,1,0,14,7,37,39,0,37,0,14,0,39,0,7,0,1,1,0,0,0,0,0,0
329,0,3,2,9,8,40,36,0,40,0,9,0,36,0,8,0,1,0,1,0,0,0,0,2
329,0,4,3,8,7,40,36,0,40,0,8,0,36,0,7,0,1,0,0,1,0,0,0,3
329,0,5,4,11,7,40,36,0,40,0,11,0,36,0,7,0,1,0,0,0,1,0,0,4
329,0,6,5,10,-999999,38,-999999,0,38,0,10,0,-999999,0,-999999,0,1,0,0,0,0,1,0,5
330,1,1,0,9,12,40,39,40,0,9,0,39,0,12,0,1,0,1,0,0,0,0,0,0
330,1,3,2,10,14,40,37,40,0,10,0,37,0,14,0,1,0,0,1,0,0,0,2,0
330,1,4,3,10,18,39,40,39,0,10,0,40,0,18,0,1,0,0,0,1,0,0,3,0
330,1,5,4,11,14,39,38,39,0,11,0,38,0,14,0,1,0,0,0,0,1,0,4,0
330,1,6,5,9,15,39,35,39,0,9,0,35,0,15,0,1,0,0,0,0,0,1,5,0
331,0,1,0,10,20,40,36,0,40,0,10,0,36,0,20,0,1,1,0,0,0,0,0,0
331,0,3,2,8,16,39,38,0,39,0,8,0,38,0,16,0,1,0,1,0,0,0,0,2
331,0,4,3,12,-999999,40,-999999,0,40,0,12,0,-999999,0,-999999,0,1,0,0,1,0,0,0,3
331,0,5,4,15,16,38,35,0,38,0,15,0,35,0,16,0,1,0,0,0,1,0,0,4
331,0,6,5,12,-999999,37,-999999,0,37,0,12,0,-999999,0,-999999,0,1,0,0,0,0,1,0,5
332,1,1,0,24,14,37,36,37,0,24,0,36,0,14,0,1,0,1,0,0,0,0,0,0
332,1,3,2,13,17,37,31,37,0,13,0,31,0,17,0,1,0,0,1,0,0,0,2,0
332,1,4,3,22,12,38,25,38,0,22,0,25,0,12,0,1,0,0,0,1,0,0,3,0
332,1,5,4,19,-999999,37,-999999,37,0,19,0,-999999,0,-999999,0,1,0,0,0,0,1,0,4,0
332,1,6,5,16,24,36,28,36,0,16,0,28,0,24,0,1,0,0,0,0,0,1,5,0
333,1,1,0,11,8,40,38,40,0,11,0,38,0,8,0,1,0,1,0,0,0,0,0,0
333,1,3,2,13,19,37,39,37,0,13,0,39,0,19,0,1,0,0,1,0,0,0,2,0
333,1,4,3,10,13,37,38,37,0,10,0,38,0,13,0,1,0,0,0,1,0,0,3,0
333,1,5,4,11,13,38,39,38,0,11,0,39,0,13,0,1,0,0,0,0,1,0,4,0
333,1,6,5,15,18,36,35,36,0,15,0,35,0,18,0,1,0,0,0,0,0,1,5,0
334,0,1,0,15,12,36,35,0,36,0,15,0,35,0,12,0,1,1,0,0,0,0,0,0
334,0,3,2,20,17,34,31,0,34,0,20,0,31,0,17,0,1,0,1,0,0,0,0,2
334,0,4,3,19,17,35,33,0,35,0,19,0,33,0,17,0,1,0,0,1,0,0,0,3
334,0,5,4,19,-999999,33,-999999,0,33,0,19,0,-999999,0,-999999,0,1,0,0,0,1,0,0,4
334,0,6,5,21,19,35,25,0,35,0,21,0,25,0,19,0,1,0,0,0,0,1,0,5
335,1,1,0,11,18,39,35,39,0,11,0,35,0,18,0,1,0,1,0,0,0,0,0,0
335,1,3,2,13,22,36,35,36,0,13,0,35,0,22,0,1,0,0,1,0,0,0,2,0
335,1,4,3,9,9,38,37,38,0,9,0,37,0,9,0,1,0,0,0,1,0,0,3,0
335,1,5,4,11,8,39,37,39,0,11,0,37,0,8,0,1,0,0,0,0,1,0,4,0
335,1,6,5,12,12,40,33,40,0,12,0,33,0,12,0,1,0,0,0,0,0,1,5,0
336,1,1,0,10,14,39,33,39,0,10,0,33,0,14,0,1,0,1,0,0,0,0,0,0
336,1,3,2,17,13,40,32,40,0,17,0,32,0,13,0,1,0,0,1,0,0,0,2,0
336,1,4,3,17,15,39,35,39,0,17,0,35,0,15,0,1,0,0,0,1,0,0,3,0
336,1,5,4,14,13,38,36,38,0,14,0,36,0,13,0,1,0,0,0,0,1,0,4,0
336,1,6,5,18,11,37,36,37,0,18,0,36,0,11,0,1,0,0,0,0,0,1,5,0
337,0,1,0,7,-999999,40,-999999,0,40,0,7,0,-999999,0,-999999,0,1,1,0,0,0,0,0,0
337,0,3,2,14,-999999,40,-999999,0,40,0,14,0,-999999,0,-999999,0,1,0,1,0,0,0,0,2
337,0,4,3,9,-999999,40,-999999,0,40,0,9,0,-999999,0,-999999,0,1,0,0,1,0,0,0,3
337,0,5,4,20,-999999,39,-999999,0,39,0,20,0,-999999,0,-999999,0,1,0,0,0,1,0,0,4
337,0,6,5,29,-999999,36,-999999,0,36,0,29,0,-999999,0,-999999,0,1,0,0,0,0,1,0,5
338,1,3,2,7,19,37,37,37,0,7,0,37,0,19,0,1,0,0,1,0,0,0,2,0
338,1,4,3,8,-999999,39,-999999,39,0,8,0,-999999,0,-999999,0,1,0,0,0,1,0,0,3,0
339,0,1,0,14,22,33,35,0,33,0,14,0,35,0,22,0,1,1,0,0,0,0,0,0
339,0,3,2,31,31,29,29,0,29,0,31,0,29,0,31,0,1,0,1,0,0,0,0,2
339,0,4,3,31,-999999,33,-999999,0,33,0,31,0,-999999,0,-999999,0,1,0,0,1,0,0,0,3
339,0,5,4,24,24,32,36,0,32,0,24,0,36,0,24,0,1,0,0,0,1,0,0,4
339,0,6,5,27,19,25,39,0,25,0,27,0,39,0,19,0,1,0,0,0,0,1,0,5
340,0,1,0,19,19,34,35,0,34,0,19,0,35,0,19,0,1,1,0,0,0,0,0,0
340,0,3,2,23,21,40,35,0,40,0,23,0,35,0,21,0,1,0,1,0,0,0,0,2
340,0,4,3,19,15,40,37,0,40,0,19,0,37,0,15,0,1,0,0,1,0,0,0,3
340,0,5,4,13,16,40,32,0,40,0,13,0,32,0,16,0,1,0,0,0,1,0,0,4
340,0,6,5,20,13,40,40,0,40,0,20,0,40,0,13,0,1,0,0,0,0,1,0,5
341,1,1,0,16,14,40,39,40,0,16,0,39,0,14,0,1,0,1,0,0,0,0,0,0
341,1,3,2,11,-999999,32,-999999,32,0,11,0,-999999,0,-999999,0,1,0,0,1,0,0,0,2,0
341,1,4,3,11,-999999,37,-999999,37,0,11,0,-999999,0,-999999,0,1,0,0,0,1,0,0,3,0
341,1,5,4,7,-999999,36,-999999,36,0,7,0,-999999,0,-999999,0,1,0,0,0,0,1,0,4,0
341,1,6,5,13,-999999,37,-999999,37,0,13,0,-999999,0,-999999,0,1,0,0,0,0,0,1,5,0
342,0,1,0,24,-999999,37,-999999,0,37,0,24,0,-999999,0,-999999,0,1,1,0,0,0,0,0,0
342,0,3,2,24,-999999,37,-999999,0,37,0,24,0,-999999,0,-999999,0,1,0,1,0,0,0,0,2
342,0,4,3,24,-999999,38,-999999,0,38,0,24,0,-999999,0,-999999,0,1,0,0,1,0,0,0,3
342,0,5,4,29,-999999,36,-999999,0,36,0,29,0,-999999,0,-999999,0,1,0,0,0,1,0,0,4
342,0,6,5,26,-999999,40,-999999,0,40,0,26,0,-999999,0,-999999,0,1,0,0,0,0,1,0,5
343,0,1,0,7,9,39,40,0,39,0,7,0,40,0,9,0,1,1,0,0,0,0,0,0
343,0,4,3,10,10,40,40,0,40,0,10,0,40,0,10,0,1,0,0,1,0,0,0,3
343,0,5,4,7,13,36,39,0,36,0,7,0,39,0,13,0,1,0,0,0,1,0,0,4
343,0,6,5,10,14,35,36,0,35,0,10,0,36,0,14,0,1,0,0,0,0,1,0,5
344,0,1,0,9,28,40,35,0,40,0,9,0,35,0,28,0,1,1,0,0,0,0,0,0
344,0,3,2,21,25,40,36,0,40,0,21,0,36,0,25,0,1,0,1,0,0,0,0,2
344,0,4,3,18,21,40,31,0,40,0,18,0,31,0,21,0,1,0,0,1,0,0,0,3
344,0,5,4,16,-999999,39,-999999,0,39,0,16,0,-999999,0,-999999,0,1,0,0,0,1,0,0,4
344,0,6,5,16,21,36,33,0,36,0,16,0,33,0,21,0,1,0,0,0,0,1,0,5
345,1,1,0,9,9,40,38,40,0,9,0,38,0,9,0,1,0,1,0,0,0,0,0,0
345,1,3,2,18,9,39,38,39,0,18,0,38,0,9,0,1,0,0,1,0,0,0,2,0
345,1,4,3,17,15,39,38,39,0,17,0,38,0,15,0,1,0,0,0,1,0,0,3,0
345,1,5,4,16,15,40,37,40,0,16,0,37,0,15,0,1,0,0,0,0,1,0,4,0
345,1,6,5,16,14,40,36,40,0,16,0,36,0,14,0,1,0,0,0,0,0,1,5,0
346,0,1,0,16,-999999,40,-999999,0,40,0,16,0,-999999,0,-999999,0,1,1,0,0,0,0,0,0
346,0,3,2,24,26,36,38,0,36,0,24,0,38,0,26,0,1,0,1,0,0,0,0,2
346,0,4,3,25,31,29,35,0,29,0,25,0,35,0,31,0,1,0,0,1,0,0,0,3
346,0,5,4,23,33,34,36,0,34,0,23,0,36,0,33,0,1,0,0,0,1,0,0,4
346,0,6,5,31,26,27,33,0,27,0,31,0,33,0,26,0,1,0,0,0,0,1,0,5
347,1,1,0,20,-999999,39,-999999,39,0,20,0,-999999,0,-999999,0,1,0,1,0,0,0,0,0,0
347,1,3,2,25,-999999,39,-999999,39,0,25,0,-999999,0,-999999,0,1,0,0,1,0,0,0,2,0
347,1,4,3,19,-999999,38,-999999,38,0,19,0,-999999,0,-999999,0,1,0,0,0,1,0,0,3,0
347,1,5,4,17,-999999,36,-999999,36,0,17,0,-999999,0,-999999,0,1,0,0,0,0,1,0,4,0
347,1,6,5,15,-999999,36,-999999,36,0,15,0,-999999,0,-999999,0,1,0,0,0,0,0,1,5,0
348,0,1,0,12,8,38,39,0,38,0,12,0,39,0,8,0,1,1,0,0,0,0,0,0
348,0,3,2,16,-999999,39,-999999,0,39,0,16,0,-999999,0,-999999,0,1,0,1,0,0,0,0,2
348,0,4,3,14,-999999,37,-999999,0,37,0,14,0,-999999,0,-999999,0,1,0,0,1,0,0,0,3
348,0,5,4,14,19,37,33,0,37,0,14,0,33,0,19,0,1,0,0,0,1,0,0,4
348,0,6,5,17,-999999,37,-999999,0,37,0,17,0,-999999,0,-999999,0,1,0,0,0,0,1,0,5
349,0,1,0,30,22,36,35,0,36,0,30,0,35,0,22,0,1,1,0,0,0,0,0,0
349,0,5,4,25,23,39,35,0,39,0,25,0,35,0,23,0,1,0,0,0,1,0,0,4
349,0,6,5,27,22,39,37,0,39,0,27,0,37,0,22,0,1,0,0,0,0,1,0,5
350,1,3,2,20,-999999,38,-999999,38,0,20,0,-999999,0,-999999,0,1,0,0,1,0,0,0,2,0
350,1,4,3,27,-999999,34,-999999,34,0,27,0,-999999,0,-999999,0,1,0,0,0,1,0,0,3,0
350,1,5,4,26,-999999,32,-999999,32,0,26,0,-999999,0,-999999,0,1,0,0,0,0,1,0,4,0
350,1,6,5,24,25,30,25,30,0,24,0,25,0,25,0,1,0,0,0,0,0,1,5,0
351,0,1,0,12,10,38,39,0,38,0,12,0,39,0,10,0,1,1,0,0,0,0,0,0
351,0,3,2,12,8,36,39,0,36,0,12,0,39,0,8,0,1,0,1,0,0,0,0,2
351,0,4,3,9,10,40,38,0,40,0,9,0,38,0,10,0,1,0,0,1,0,0,0,3
351,0,5,4,10,12,40,38,0,40,0,10,0,38,0,12,0,1,0,0,0,1,0,0,4
351,0,6,5,9,18,38,36,0,38,0,9,0,36,0,18,0,1,0,0,0,0,1,0,5
352,0,1,0,21,14,40,40,0,40,0,21,0,40,0,14,0,1,1,0,0,0,0,0,0
352,0,3,2,21,14,36,39,0,36,0,21,0,39,0,14,0,1,0,1,0,0,0,0,2
352,0,4,3,19,18,36,37,0,36,0,19,0,37,0,18,0,1,0,0,1,0,0,0,3
352,0,5,4,22,15,40,35,0,40,0,22,0,35,0,15,0,1,0,0,0,1,0,0,4
352,0,6,5,18,11,39,38,0,39,0,18,0,38,0,11,0,1,0,0,0,0,1,0,5
353,0,1,0,12,17,40,31,0,40,0,12,0,31,0,17,0,1,1,0,0,0,0,0,0
353,0,3,2,23,17,38,34,0,38,0,23,0,34,0,17,0,1,0,1,0,0,0,0,2
353,0,4,3,23,13,39,33,0,39,0,23,0,33,0,13,0,1,0,0,1,0,0,0,3
353,0,5,4,15,20,39,36,0,39,0,15,0,36,0,20,0,1,0,0,0,1,0,0,4
353,0,6,5,12,17,38,35,0,38,0,12,0,35,0,17,0,1,0,0,0,0,1,0,5
354,1,1,0,16,19,40,36,40,0,16,0,36,0,19,0,1,0,1,0,0,0,0,0,0
354,1,3,2,20,17,40,35,40,0,20,0,35,0,17,0,1,0,0,1,0,0,0,2,0
354,1,4,3,18,18,36,32,36,0,18,0,32,0,18,0,1,0,0,0,1,0,0,3,0
354,1,5,4,23,20,37,34,37,0,23,0,34,0,20,0,1,0,0,0,0,1,0,4,0
354,1,6,5,22,22,35,34,35,0,22,0,34,0,22,0,1,0,0,0,0,0,1,5,0
355,1,1,0,11,-999999,38,-999999,38,0,11,0,-999999,0,-999999,0,1,0,1,0,0,0,0,0,0
355,1,3,2,11,-999999,38,-999999,38,0,11,0,-999999,0,-999999,0,1,0,0,1,0,0,0,2,0
355,1,4,3,14,-999999,34,-999999,34,0,14,0,-999999,0,-999999,0,1,0,0,0,1,0,0,3,0
355,1,5,4,13,-999999,39,-999999,39,0,13,0,-999999,0,-999999,0,1,0,0,0,0,1,0,4,0
355,1,6,5,14,-999999,36,-999999,36,0,14,0,-999999,0,-999999,0,1,0,0,0,0,0,1,5,0
356,0,1,0,15,10,40,39,0,40,0,15,0,39,0,10,0,1,1,0,0,0,0,0,0
356,0,3,2,14,15,37,35,0,37,0,14,0,35,0,15,0,1,0,1,0,0,0,0,2
356,0,4,3,10,12,40,35,0,40,0,10,0,35,0,12,0,1,0,0,1,0,0,0,3
356,0,5,4,15,11,38,29,0,38,0,15,0,29,0,11,0,1,0,0,0,1,0,0,4
356,0,6,5,15,14,31,34,0,31,0,15,0,34,0,14,0,1,0,0,0,0,1,0,5
357,1,1,0,22,9,36,37,36,0,22,0,37,0,9,0,1,0,1,0,0,0,0,0,0
357,1,3,2,14,9,36,37,36,0,14,0,37,0,9,0,1,0,0,1,0,0,0,2,0
357,1,4,3,17,11,36,37,36,0,17,0,37,0,11,0,1,0,0,0,1,0,0,3,0
357,1,5,4,16,17,37,37,37,0,16,0,37,0,17,0,1,0,0,0,0,1,0,4,0
357,1,6,5,12,16,34,34,34,0,12,0,34,0,16,0,1,0,0,0,0,0,1,5,0
358,1,1,0,16,-999999,40,-999999,40,0,16,0,-999999,0,-999999,0,1,0,1,0,0,0,0,0,0
358,1,3,2,11,20,40,39,40,0,11,0,39,0,20,0,1,0,0,1,0,0,0,2,0
358,1,4,3,14,-999999,40,-999999,40,0,14,0,-999999,0,-999999,0,1,0,0,0,1,0,0,3,0
358,1,5,4,12,-999999,39,-999999,39,0,12,0,-999999,0,-999999,0,1,0,0,0,0,1,0,4,0
358,1,6,5,10,16,38,32,38,0,10,0,32,0,16,0,1,0,0,0,0,0,1,5,0
359,1,3,2,17,19,36,31,36,0,17,0,31,0,19,0,1,0,0,1,0,0,0,2,0
359,1,4,3,21,18,36,35,36,0,21,0,35,0,18,0,1,0,0,0,1,0,0,3,0
359,1,5,4,12,17,34,33,34,0,12,0,33,0,17,0,1,0,0,0,0,1,0,4,0
359,1,6,5,17,18,34,35,34,0,17,0,35,0,18,0,1,0,0,0,0,0,1,5,0
360,0,1,0,13,17,40,39,0,40,0,13,0,39,0,17,0,1,1,0,0,0,0,0,0
360,0,3,2,10,18,40,37,0,40,0,10,0,37,0,18,0,1,0,1,0,0,0,0,2
360,0,4,3,12,-999999,40,-999999,0,40,0,12,0,-999999,0,-999999,0,1,0,0,1,0,0,0,3
360,0,5,4,17,21,40,38,0,40,0,17,0,38,0,21,0,1,0,0,0,1,0,0,4
360,0,6,5,10,23,40,30,0,40,0,10,0,30,0,23,0,1,0,0,0,0,1,0,5
361,0,1,0,9,9,40,38,0,40,0,9,0,38,0,9,0,1,1,0,0,0,0,0,0
361,0,3,2,9,10,40,38,0,40,0,9,0,38,0,10,0,1,0,1,0,0,0,0,2
361,0,4,3,10,11,39,40,0,39,0,10,0,40,0,11,0,1,0,0,1,0,0,0,3
361,0,5,4,11,12,38,39,0,38,0,11,0,39,0,12,0,1,0,0,0,1,0,0,4
361,0,6,5,9,10,40,38,0,40,0,9,0,38,0,10,0,1,0,0,0,0,1,0,5
362,1,1,0,14,15,40,40,40,0,14,0,40,0,15,0,1,0,1,0,0,0,0,0,0
362,1,3,2,14,-999999,35,-999999,35,0,14,0,-999999,0,-999999,0,1,0,0,1,0,0,0,2,0
362,1,4,3,19,-999999,33,-999999,33,0,19,0,-999999,0,-999999,0,1,0,0,0,1,0,0,3,0
362,1,5,4,20,31,36,32,36,0,20,0,32,0,31,0,1,0,0,0,0,1,0,4,0
362,1,6,5,22,21,30,37,30,0,22,0,37,0,21,0,1,0,0,0,0,0,1,5,0
363,1,1,0,10,7,39,39,39,0,10,0,39,0,7,0,1,0,1,0,0,0,0,0,0
363,1,3,2,15,12,35,37,35,0,15,0,37,0,12,0,1,0,0,1,0,0,0,2,0
363,1,4,3,13,-999999,31,-999999,31,0,13,0,-999999,0,-999999,0,1,0,0,0,1,0,0,3,0
363,1,5,4,13,12,39,36,39,0,13,0,36,0,12,0,1,0,0,0,0,1,0,4,0
363,1,6,5,15,-999999,36,-999999,36,0,15,0,-999999,0,-999999,0,1,0,0,0,0,0,1,5,0
364,1,1,0,12,-999999,36,-999999,36,0,12,0,-999999,0,-999999,0,1,0,1,0,0,0,0,0,0
364,1,3,2,11,9,35,38,35,0,11,0,38,0,9,0,1,0,0,1,0,0,0,2,0
364,1,4,3,9,-999999,33,-999999,33,0,9,0,-999999,0,-999999,0,1,0,0,0,1,0,0,3,0
364,1,5,4,9,9,33,36,33,0,9,0,36,0,9,0,1,0,0,0,0,1,0,4,0
364,1,6,5,11,-999999,28,-999999,28,0,11,0,-999999,0,-999999,0,1,0,0,0,0,0,1,5,0
365,1,1,0,9,17,40,37,40,0,9,0,37,0,17,0,1,0,1,0,0,0,0,0,0
365,1,3,2,17,18,38,35,38,0,17,0,35,0,18,0,1,0,0,1,0,0,0,2,0
365,1,4,3,11,21,36,33,36,0,11,0,33,0,21,0,1,0,0,0,1,0,0,3,0
365,1,5,4,15,21,40,29,40,0,15,0,29,0,21,0,1,0,0,0,0,1,0,4,0
365,1,6,5,17.5,23,37,31,37,0,17.5,0,31,0,23,0,1,0,0,0,0,0,1,5,0
366,0,1,0,15,-999999,39,-999999,0,39,0,15,0,-999999,0,-999999,0,1,1,0,0,0,0,0,0
366,0,3,2,13,8,39,39,0,39,0,13,0,39,0,8,0,1,0,1,0,0,0,0,2
366,0,4,3,12,7,39,40,0,39,0,12,0,40,0,7,0,1,0,0,1,0,0,0,3
366,0,5,4,20,7,40,40,0,40,0,20,0,40,0,7,0,1,0,0,0,1,0,0,4
366,0,6,5,16,7,38,40,0,38,0,16,0,40,0,7,0,1,0,0,0,0,1,0,5
367,1,1,0,16,8,40,39,40,0,16,0,39,0,8,0,1,0,1,0,0,0,0,0,0
367,1,3,2,16,12,38,37,38,0,16,0,37,0,12,0,1,0,0,1,0,0,0,2,0
367,1,4,3,24,24,40,32,40,0,24,0,32,0,24,0,1,0,0,0,1,0,0,3,0
367,1,5,4,19,20,40,26,40,0,19,0,26,0,20,0,1,0,0,0,0,1,0,4,0
367,1,6,5,24,24,38,32,38,0,24,0,32,0,24,0,1,0,0,0,0,0,1,5,0
368,0,1,0,33,26,32,38,0,32,0,33,0,38,0,26,0,1,1,0,0,0,0,0,0
368,0,3,2,32,-999999,34,-999999,0,34,0,32,0,-999999,0,-999999,0,1,0,1,0,0,0,0,2
368,0,4,3,32,13,33,23,0,33,0,32,0,23,0,13,0,1,0,0,1,0,0,0,3
368,0,5,4,34,15,28,27,0,28,0,34,0,27,0,15,0,1,0,0,0,1,0,0,4
368,0,6,5,33,14,25,31,0,25,0,33,0,31,0,14,0,1,0,0,0,0,1,0,5
369,0,1,0,21,19,38,33,0,38,0,21,0,33,0,19,0,1,1,0,0,0,0,0,0
369,0,3,2,25,-999999,39,-999999,0,39,0,25,0,-999999,0,-999999,0,1,0,1,0,0,0,0,2
369,0,4,3,24,14,38,36,0,38,0,24,0,36,0,14,0,1,0,0,1,0,0,0,3
369,0,5,4,23,17,37,36,0,37,0,23,0,36,0,17,0,1,0,0,0,1,0,0,4
369,0,6,5,26,-999999,39,-999999,0,39,0,26,0,-999999,0,-999999,0,1,0,0,0,0,1,0,5
370,1,1,0,9,14,39,32,39,0,9,0,32,0,14,0,1,0,1,0,0,0,0,0,0
370,1,3,2,14,17,40,30,40,0,14,0,30,0,17,0,1,0,0,1,0,0,0,2,0
371,0,1,0,10,13,39,35,0,39,0,10,0,35,0,13,0,1,1,0,0,0,0,0,0
371,0,3,2,16,-999999,39,-999999,0,39,0,16,0,-999999,0,-999999,0,1,0,1,0,0,0,0,2
371,0,4,3,20,15,39,37,0,39,0,20,0,37,0,15,0,1,0,0,1,0,0,0,3
371,0,5,4,19,14,38,34,0,38,0,19,0,34,0,14,0,1,0,0,0,1,0,0,4
371,0,6,5,17,13,37,35,0,37,0,17,0,35,0,13,0,1,0,0,0,0,1,0,5
372,1,1,0,12,26,40,35,40,0,12,0,35,0,26,0,1,0,1,0,0,0,0,0,0
372,1,3,2,23,-999999,39,-999999,39,0,23,0,-999999,0,-999999,0,1,0,0,1,0,0,0,2,0
372,1,4,3,19,26,40,38,40,0,19,0,38,0,26,0,1,0,0,0,1,0,0,3,0
372,1,5,4,23,26,38,32,38,0,23,0,32,0,26,0,1,0,0,0,0,1,0,4,0
372,1,6,5,25,-999999,37,-999999,37,0,25,0,-999999,0,-999999,0,1,0,0,0,0,0,1,5,0
373,0,1,0,27,-999999,26,-999999,0,26,0,27,0,-999999,0,-999999,0,1,1,0,0,0,0,0,0
373,0,3,2,20,-999999,35,-999999,0,35,0,20,0,-999999,0,-999999,0,1,0,1,0,0,0,0,2
373,0,4,3,16,-999999,37,-999999,0,37,0,16,0,-999999,0,-999999,0,1,0,0,1,0,0,0,3
373,0,5,4,31,-999999,28,-999999,0,28,0,31,0,-999999,0,-999999,0,1,0,0,0,1,0,0,4
373,0,6,5,26,26,28,28,0,28,0,26,0,28,0,26,0,1,0,0,0,0,1,0,5
374,0,1,0,20,11,38,38,0,38,0,20,0,38,0,11,0,1,1,0,0,0,0,0,0
374,0,3,2,13,20,37,33,0,37,0,13,0,33,0,20,0,1,0,1,0,0,0,0,2
374,0,4,3,11,9,36,39,0,36,0,11,0,39,0,9,0,1,0,0,1,0,0,0,3
374,0,5,4,20,-999999,37,-999999,0,37,0,20,0,-999999,0,-999999,0,1,0,0,0,1,0,0,4
374,0,6,5,24,22,35,33,0,35,0,24,0,33,0,22,0,1,0,0,0,0,1,0,5
375,0,1,0,23,18,38,38,0,38,0,23,0,38,0,18,0,1,1,0,0,0,0,0,0
375,0,3,2,18,18,37,35,0,37,0,18,0,35,0,18,0,1,0,1,0,0,0,0,2
375,0,4,3,24,17,38,37,0,38,0,24,0,37,0,17,0,1,0,0,1,0,0,0,3
375,0,5,4,16,14,39,32,0,39,0,16,0,32,0,14,0,1,0,0,0,1,0,0,4
375,0,6,5,24,20,39,33,0,39,0,24,0,33,0,20,0,1,0,0,0,0,1,0,5
376,1,1,0,9,-999999,35,-999999,35,0,9,0,-999999,0,-999999,0,1,0,1,0,0,0,0,0,0
377,1,1,0,18,23,40,33,40,0,18,0,33,0,23,0,1,0,1,0,0,0,0,0,0
377,1,3,2,10,17,40,31,40,0,10,0,31,0,17,0,1,0,0,1,0,0,0,2,0
377,1,4,3,16,16,40,34,40,0,16,0,34,0,16,0,1,0,0,0,1,0,0,3,0
377,1,5,4,23,18,40,36,40,0,23,0,36,0,18,0,1,0,0,0,0,1,0,4,0
377,1,6,5,16,17,40,32,40,0,16,0,32,0,17,0,1,0,0,0,0,0,1,5,0
378,0,1,0,8,-999999,40,-999999,0,40,0,8,0,-999999,0,-999999,0,1,1,0,0,0,0,0,0
378,0,3,2,10,-999999,40,-999999,0,40,0,10,0,-999999,0,-999999,0,1,0,1,0,0,0,0,2
378,0,5,4,9,13,40,34,0,40,0,9,0,34,0,13,0,1,0,0,0,1,0,0,4
378,0,6,5,12,-999999,40,-999999,0,40,0,12,0,-999999,0,-999999,0,1,0,0,0,0,1,0,5
379,1,1,0,10,-999999,39,-999999,39,0,10,0,-999999,0,-999999,0,1,0,1,0,0,0,0,0,0
379,1,3,2,16,-999999,37,-999999,37,0,16,0,-999999,0,-999999,0,1,0,0,1,0,0,0,2,0
379,1,4,3,8,-999999,40,-999999,40,0,8,0,-999999,0,-999999,0,1,0,0,0,1,0,0,3,0
379,1,5,4,9,-999999,40,-999999,40,0,9,0,-999999,0,-999999,0,1,0,0,0,0,1,0,4,0
379,1,6,5,17,-999999,37,-999999,37,0,17,0,-999999,0,-999999,0,1,0,0,0,0,0,1,5,0
380,0,1,0,25,17,39,37,0,39,0,25,0,37,0,17,0,1,1,0,0,0,0,0,0
380,0,3,2,19,21,36,36,0,36,0,19,0,36,0,21,0,1,0,1,0,0,0,0,2
380,0,4,3,22,20,37,37,0,37,0,22,0,37,0,20,0,1,0,0,1,0,0,0,3
380,0,5,4,24,23,36,34,0,36,0,24,0,34,0,23,0,1,0,0,0,1,0,0,4
380,0,6,5,24,22,38,37,0,38,0,24,0,37,0,22,0,1,0,0,0,0,1,0,5
381,1,3,2,19,13,39,33,39,0,19,0,33,0,13,0,1,0,0,1,0,0,0,2,0
381,1,4,3,15,10,36,31,36,0,15,0,31,0,10,0,1,0,0,0,1,0,0,3,0
381,1,5,4,16,14,36,29,36,0,16,0,29,0,14,0,1,0,0,0,0,1,0,4,0
381,1,6,5,16,14,35,36,35,0,16,0,36,0,14,0,1,0,0,0,0,0,1,5,0
382,1,1,0,13,24,40,40,40,0,13,0,40,0,24,0,1,0,1,0,0,0,0,0,0
382,1,3,2,24,16,40,39,40,0,24,0,39,0,16,0,1,0,0,1,0,0,0,2,0
382,1,4,3,16,14,40,40,40,0,16,0,40,0,14,0,1,0,0,0,1,0,0,3,0
382,1,5,4,27,18,36,35,36,0,27,0,35,0,18,0,1,0,0,0,0,1,0,4,0
382,1,6,5,28,22,38,33,38,0,28,0,33,0,22,0,1,0,0,0,0,0,1,5,0
383,0,1,0,23,19,34,40,0,34,0,23,0,40,0,19,0,1,1,0,0,0,0,0,0
383,0,3,2,28,16,36,34,0,36,0,28,0,34,0,16,0,1,0,1,0,0,0,0,2
383,0,4,3,28,-999999,36,-999999,0,36,0,28,0,-999999,0,-999999,0,1,0,0,1,0,0,0,3
383,0,5,4,26,-999999,38,-999999,0,38,0,26,0,-999999,0,-999999,0,1,0,0,0,1,0,0,4
383,0,6,5,26,9,37,37,0,37,0,26,0,37,0,9,0,1,0,0,0,0,1,0,5
384,1,1,0,14,15,38,37,38,0,14,0,37,0,15,0,1,0,1,0,0,0,0,0,0
384,1,3,2,28,21,31,36,31,0,28,0,36,0,21,0,1,0,0,1,0,0,0,2,0
384,1,4,3,24,13,33,36,33,0,24,0,36,0,13,0,1,0,0,0,1,0,0,3,0
384,1,5,4,26,17,27,34,27,0,26,0,34,0,17,0,1,0,0,0,0,1,0,4,0
384,1,6,5,24,19,30,28,30,0,24,0,28,0,19,0,1,0,0,0,0,0,1,5,0
385,0,1,0,7,-999999,40,-999999,0,40,0,7,0,-999999,0,-999999,0,1,1,0,0,0,0,0,0
385,0,3,2,7,-999999,40,-999999,0,40,0,7,0,-999999,0,-999999,0,1,0,1,0,0,0,0,2
385,0,4,3,11,-999999,40,-999999,0,40,0,11,0,-999999,0,-999999,0,1,0,0,1,0,0,0,3
385,0,5,4,7,-999999,40,-999999,0,40,0,7,0,-999999,0,-999999,0,1,0,0,0,1,0,0,4
385,0,6,5,7,-999999,40,-999999,0,40,0,7,0,-999999,0,-999999,0,1,0,0,0,0,1,0,5
386,1,1,0,7,9,37,35,37,0,7,0,35,0,9,0,1,0,1,0,0,0,0,0,0
386,1,3,2,14,18,34,27,34,0,14,0,27,0,18,0,1,0,0,1,0,0,0,2,0
386,1,4,3,16,16,35,25,35,0,16,0,25,0,16,0,1,0,0,0,1,0,0,3,0
386,1,6,5,12,16,34,32,34,0,12,0,32,0,16,0,1,0,0,0,0,0,1,5,0
387,0,1,0,20,16,39,36,0,39,0,20,0,36,0,16,0,1,1,0,0,0,0,0,0
387,0,3,2,23,14,33,32,0,33,0,23,0,32,0,14,0,1,0,1,0,0,0,0,2
387,0,4,3,21,16,35,32,0,35,0,21,0,32,0,16,0,1,0,0,1,0,0,0,3
387,0,5,4,24,13,40,34,0,40,0,24,0,34,0,13,0,1,0,0,0,1,0,0,4
387,0,6,5,20,12,38,34,0,38,0,20,0,34,0,12,0,1,0,0,0,0,1,0,5
388,0,4,3,11,-999999,38,-999999,0,38,0,11,0,-999999,0,-999999,0,1,0,0,1,0,0,0,3
389,0,1,0,10,7,36,39,0,36,0,10,0,39,0,7,0,1,1,0,0,0,0,0,0
390,1,1,0,23,18,40,33,40,0,23,0,33,0,18,0,1,0,1,0,0,0,0,0,0
390,1,3,2,10,17,38,35,38,0,10,0,35,0,17,0,1,0,0,1,0,0,0,2,0
390,1,4,3,20,13,36,35,36,0,20,0,35,0,13,0,1,0,0,0,1,0,0,3,0
390,1,5,4,14,15,35,34,35,0,14,0,34,0,15,0,1,0,0,0,0,1,0,4,0
390,1,6,5,21,17,35,36,35,0,21,0,36,0,17,0,1,0,0,0,0,0,1,5,0
391,0,1,0,13,-999999,35,-999999,0,35,0,13,0,-999999,0,-999999,0,1,1,0,0,0,0,0,0
391,0,3,2,10,11,37,36,0,37,0,10,0,36,0,11,0,1,0,1,0,0,0,0,2
391,0,4,3,17,17,36,35,0,36,0,17,0,35,0,17,0,1,0,0,1,0,0,0,3
391,0,5,4,7,18,38,35,0,38,0,7,0,35,0,18,0,1,0,0,0,1,0,0,4
392,1,1,0,10,17,40,36,40,0,10,0,36,0,17,0,1,0,1,0,0,0,0,0,0
392,1,3,2,22,23,40,34,40,0,22,0,34,0,23,0,1,0,0,1,0,0,0,2,0
392,1,4,3,16,20,40,32,40,0,16,0,32,0,20,0,1,0,0,0,1,0,0,3,0
392,1,5,4,20,19,40,30,40,0,20,0,30,0,19,0,1,0,0,0,0,1,0,4,0
392,1,6,5,20,25,40,34,40,0,20,0,34,0,25,0,1,0,0,0,0,0,1,5,0
393,1,1,0,9,11,35,39,35,0,9,0,39,0,11,0,1,0,1,0,0,0,0,0,0
393,1,3,2,10,9,38,35,38,0,10,0,35,0,9,0,1,0,0,1,0,0,0,2,0
393,1,4,3,12,8,38,36,38,0,12,0,36,0,8,0,1,0,0,0,1,0,0,3,0
393,1,5,4,12,10,37,38,37,0,12,0,38,0,10,0,1,0,0,0,0,1,0,4,0
393,1,6,5,8,8,35,39,35,0,8,0,39,0,8,0,1,0,0,0,0,0,1,5,0
394,0,1,0,18,18,40,39,0,40,0,18,0,39,0,18,0,1,1,0,0,0,0,0,0
394,0,3,2,13,14,36,36,0,36,0,13,0,36,0,14,0,1,0,1,0,0,0,0,2
394,0,4,3,17,-999999,37,-999999,0,37,0,17,0,-999999,0,-999999,0,1,0,0,1,0,0,0,3
394,0,5,4,15,16,36,37,0,36,0,15,0,37,0,16,0,1,0,0,0,1,0,0,4
394,0,6,5,19,-999999,38,-999999,0,38,0,19,0,-999999,0,-999999,0,1,0,0,0,0,1,0,5
395,1,1,0,16,14,40,40,40,0,16,0,40,0,14,0,1,0,1,0,0,0,0,0,0
395,1,3,2,15,17,39,40,39,0,15,0,40,0,17,0,1,0,0,1,0,0,0,2,0
395,1,4,3,12,-999999,37,-999999,37,0,12,0,-999999,0,-999999,0,1,0,0,0,1,0,0,3,0
395,1,5,4,10,14,40,39,40,0,10,0,39,0,14,0,1,0,0,0,0,1,0,4,0
395,1,6,5,8,9,38,35,38,0,8,0,35,0,9,0,1,0,0,0,0,0,1,5,0
396,0,1,0,20,10,40,40,0,40,0,20,0,40,0,10,0,1,1,0,0,0,0,0,0
396,0,3,2,20,7,38,40,0,38,0,20,0,40,0,7,0,1,0,1,0,0,0,0,2
396,0,4,3,24,10,39,38,0,39,0,24,0,38,0,10,0,1,0,0,1,0,0,0,3
396,0,5,4,18,25,37,39,0,37,0,18,0,39,0,25,0,1,0,0,0,1,0,0,4
396,0,6,5,17,14,38,38,0,38,0,17,0,38,0,14,0,1,0,0,0,0,1,0,5
397,0,1,0,8,14,35,38,0,35,0,8,0,38,0,14,0,1,1,0,0,0,0,0,0
397,0,3,2,8,12,40,36,0,40,0,8,0,36,0,12,0,1,0,1,0,0,0,0,2
397,0,4,3,11,-999999,37,-999999,0,37,0,11,0,-999999,0,-999999,0,1,0,0,1,0,0,0,3
397,0,5,4,10,11,36,37,0,36,0,10,0,37,0,11,0,1,0,0,0,1,0,0,4
397,0,6,5,10,13,38,35,0,38,0,10,0,35,0,13,0,1,0,0,0,0,1,0,5
398,1,1,0,24,16,38,38,38,0,24,0,38,0,16,0,1,0,1,0,0,0,0,0,0
398,1,3,2,32,20,27,35,27,0,32,0,35,0,20,0,1,0,0,1,0,0,0,2,0
398,1,4,3,27,20,30,35,30,0,27,0,35,0,20,0,1,0,0,0,1,0,0,3,0
398,1,5,4,30,26,33,36,33,0,30,0,36,0,26,0,1,0,0,0,0,1,0,4,0
398,1,6,5,30,-999999,32,-999999,32,0,30,0,-999999,0,-999999,0,1,0,0,0,0,0,1,5,0
399,1,1,0,16,-999999,40,-999999,40,0,16,0,-999999,0,-999999,0,1,0,1,0,0,0,0,0,0
399,1,3,2,15,8,39,34,39,0,15,0,34,0,8,0,1,0,0,1,0,0,0,2,0
399,1,4,3,13,11,39,30,39,0,13,0,30,0,11,0,1,0,0,0,1,0,0,3,0
399,1,5,4,15,10,35,32,35,0,15,0,32,0,10,0,1,0,0,0,0,1,0,4,0
399,1,6,5,17,17,35,27,35,0,17,0,27,0,17,0,1,0,0,0,0,0,1,5,0
400,0,1,0,23,-999999,33,-999999,0,33,0,23,0,-999999,0,-999999,0,1,1,0,0,0,0,0,0
400,0,3,2,10,-999999,34,-999999,0,34,0,10,0,-999999,0,-999999,0,1,0,1,0,0,0,0,2
400,0,4,3,13,-999999,35,-999999,0,35,0,13,0,-999999,0,-999999,0,1,0,0,1,0,0,0,3
400,0,5,4,17,-999999,36,-999999,0,36,0,17,0,-999999,0,-999999,0,1,0,0,0,1,0,0,4
400,0,6,5,10,-999999,36,-999999,0,36,0,10,0,-999999,0,-999999,0,1,0,0,0,0,1,0,5
401,1,1,0,12,-999999,39,-999999,39,0,12,0,-999999,0,-999999,0,1,0,1,0,0,0,0,0,0
401,1,3,2,8,-999999,36,16,36,0,8,0,16,0,-999999,0,1,0,0,1,0,0,0,2,0
401,1,4,3,11,12,39,36,39,0,11,0,36,0,12,0,1,0,0,0,1,0,0,3,0
401,1,6,5,15,9,40,40,40,0,15,0,40,0,9,0,1,0,0,0,0,0,1,5,0
402,1,1,0,14,7,39,34,39,0,14,0,34,0,7,0,1,0,1,0,0,0,0,0,0
402,1,3,2,20,10,36,35,36,0,20,0,35,0,10,0,1,0,0,1,0,0,0,2,0
402,1,4,3,20,26,35,26,35,0,20,0,26,0,26,0,1,0,0,0,1,0,0,3,0
402,1,5,4,20,18,30,35,30,0,20,0,35,0,18,0,1,0,0,0,0,1,0,4,0
402,1,6,5,16,16,32,32,32,0,16,0,32,0,16,0,1,0,0,0,0,0,1,5,0
403,0,1,0,17,-999999,38,-999999,0,38,0,17,0,-999999,0,-999999,0,1,1,0,0,0,0,0,0
403,0,3,2,7,-999999,39,-999999,0,39,0,7,0,-999999,0,-999999,0,1,0,1,0,0,0,0,2
403,0,4,3,9,-999999,40,-999999,0,40,0,9,0,-999999,0,-999999,0,1,0,0,1,0,0,0,3
403,0,5,4,14,-999999,40,-999999,0,40,0,14,0,-999999,0,-999999,0,1,0,0,0,1,0,0,4
403,0,6,5,9,13,39,32,0,39,0,9,0,32,0,13,0,1,0,0,0,0,1,0,5
404,1,1,0,20,12,39,33,39,0,20,0,33,0,12,0,1,0,1,0,0,0,0,0,0
404,1,3,2,15,12,32,31,32,0,15,0,31,0,12,0,1,0,0,1,0,0,0,2,0
404,1,4,3,21,15,36,32,36,0,21,0,32,0,15,0,1,0,0,0,1,0,0,3,0
404,1,5,4,20,10,34,28,34,0,20,0,28,0,10,0,1,0,0,0,0,1,0,4,0
405,1,1,0,12,-999999,40,-999999,40,0,12,0,-999999,0,-999999,0,1,0,1,0,0,0,0,0,0
405,1,3,2,11,-999999,40,-999999,40,0,11,0,-999999,0,-999999,0,1,0,0,1,0,0,0,2,0
405,1,4,3,16,-999999,40,-999999,40,0,16,0,-999999,0,-999999,0,1,0,0,0,1,0,0,3,0
405,1,5,4,13,-999999,38,-999999,38,0,13,0,-999999,0,-999999,0,1,0,0,0,0,1,0,4,0
405,1,6,5,14,-999999,40,-999999,40,0,14,0,-999999,0,-999999,0,1,0,0,0,0,0,1,5,0
406,0,1,0,25,23,37,39,0,37,0,25,0,39,0,23,0,1,1,0,0,0,0,0,0
406,0,3,2,25,27,39,39,0,39,0,25,0,39,0,27,0,1,0,1,0,0,0,0,2
406,0,4,3,28,21,37,38,0,37,0,28,0,38,0,21,0,1,0,0,1,0,0,0,3
406,0,5,4,24,23,35,37,0,35,0,24,0,37,0,23,0,1,0,0,0,1,0,0,4
406,0,6,5,21,20,36,37,0,36,0,21,0,37,0,20,0,1,0,0,0,0,1,0,5
407,0,1,0,17,14,39,35,0,39,0,17,0,35,0,14,0,1,1,0,0,0,0,0,0
407,0,3,2,19,14,39,38,0,39,0,19,0,38,0,14,0,1,0,1,0,0,0,0,2
407,0,4,3,24,18,35,28,0,35,0,24,0,28,0,18,0,1,0,0,1,0,0,0,3
407,0,5,4,24,20,39,33,0,39,0,24,0,33,0,20,0,1,0,0,0,1,0,0,4
407,0,6,5,10,21,39,37,0,39,0,10,0,37,0,21,0,1,0,0,0,0,1,0,5
408,1,1,0,10,23,40,39,40,0,10,0,39,0,23,0,1,0,1,0,0,0,0,0,0
408,1,5,4,-999999,9,-999999,40,-999999,0,-999999,0,40,0,9,0,1,0,0,0,0,1,0,4,0
408,1,6,5,10,-999999,37,-999999,37,0,10,0,-999999,0,-999999,0,1,0,0,0,0,0,1,5,0
409,1,1,0,11,-999999,40,-999999,40,0,11,0,-999999,0,-999999,0,1,0,1,0,0,0,0,0,0
409,1,3,2,11,-999999,39,-999999,39,0,11,0,-999999,0,-999999,0,1,0,0,1,0,0,0,2,0
409,1,4,3,12,-999999,39,-999999,39,0,12,0,-999999,0,-999999,0,1,0,0,0,1,0,0,3,0
409,1,5,4,9,11,39,36,39,0,9,0,36,0,11,0,1,0,0,0,0,1,0,4,0
409,1,6,5,8,9,40,39,40,0,8,0,39,0,9,0,1,0,0,0,0,0,1,5,0
410,1,3,2,17,-999999,37,-999999,37,0,17,0,-999999,0,-999999,0,1,0,0,1,0,0,0,2,0
410,1,4,3,16,-999999,40,-999999,40,0,16,0,-999999,0,-999999,0,1,0,0,0,1,0,0,3,0
410,1,5,4,20,-999999,34,-999999,34,0,20,0,-999999,0,-999999,0,1,0,0,0,0,1,0,4,0
410,1,6,5,10,-999999,36,-999999,36,0,10,0,-999999,0,-999999,0,1,0,0,0,0,0,1,5,0
411,1,1,0,20,16,40,37,40,0,20,0,37,0,16,0,1,0,1,0,0,0,0,0,0
411,1,3,2,10,14,40,36,40,0,10,0,36,0,14,0,1,0,0,1,0,0,0,2,0
411,1,4,3,15,-999999,40,-999999,40,0,15,0,-999999,0,-999999,0,1,0,0,0,1,0,0,3,0
411,1,5,4,21,-999999,37,-999999,37,0,21,0,-999999,0,-999999,0,1,0,0,0,0,1,0,4,0
411,1,6,5,20,-999999,33,-999999,33,0,20,0,-999999,0,-999999,0,1,0,0,0,0,0,1,5,0
412,1,1,0,11,16,40,37,40,0,11,0,37,0,16,0,1,0,1,0,0,0,0,0,0
412,1,3,2,10,13,40,33,40,0,10,0,33,0,13,0,1,0,0,1,0,0,0,2,0
412,1,4,3,7,14,40,32,40,0,7,0,32,0,14,0,1,0,0,0,1,0,0,3,0
412,1,5,4,9,11,40,35,40,0,9,0,35,0,11,0,1,0,0,0,0,1,0,4,0
412,1,6,5,7,17,39,38,39,0,7,0,38,0,17,0,1,0,0,0,0,0,1,5,0
413,0,1,0,7,21,39,31,0,39,0,7,0,31,0,21,0,1,1,0,0,0,0,0,0
413,0,3,2,15,22,40,30,0,40,0,15,0,30,0,22,0,1,0,1,0,0,0,0,2
413,0,4,3,24,24,31,23,0,31,0,24,0,23,0,24,0,1,0,0,1,0,0,0,3
413,0,5,4,22,28,36,25,0,36,0,22,0,25,0,28,0,1,0,0,0,1,0,0,4
413,0,6,5,18,25,34,29,0,34,0,18,0,29,0,25,0,1,0,0,0,0,1,0,5
414,0,1,0,23,-999999,36,-999999,0,36,0,23,0,-999999,0,-999999,0,1,1,0,0,0,0,0,0
414,0,3,2,14,-999999,40,-999999,0,40,0,14,0,-999999,0,-999999,0,1,0,1,0,0,0,0,2
414,0,4,3,17,12,40,32,0,40,0,17,0,32,0,12,0,1,0,0,1,0,0,0,3
414,0,5,4,23,-999999,39,-999999,0,39,0,23,0,-999999,0,-999999,0,1,0,0,0,1,0,0,4
414,0,6,5,30,-999999,34,-999999,0,34,0,30,0,-999999,0,-999999,0,1,0,0,0,0,1,0,5
415,1,3,2,16,-999999,38,-999999,38,0,16,0,-999999,0,-999999,0,1,0,0,1,0,0,0,2,0
415,1,4,3,25,-999999,33,-999999,33,0,25,0,-999999,0,-999999,0,1,0,0,0,1,0,0,3,0
415,1,5,4,24,-999999,37,-999999,37,0,24,0,-999999,0,-999999,0,1,0,0,0,0,1,0,4,0
415,1,6,5,20,25,40,18,40,0,20,0,18,0,25,0,1,0,0,0,0,0,1,5,0
416,1,1,0,16,9,39,38,39,0,16,0,38,0,9,0,1,0,1,0,0,0,0,0,0
416,1,3,2,18,15,39,39,39,0,18,0,39,0,15,0,1,0,0,1,0,0,0,2,0
416,1,4,3,-999999,14,-999999,38,-999999,0,-999999,0,38,0,14,0,1,0,0,0,1,0,0,3,0
416,1,5,4,24,15,40,39,40,0,24,0,39,0,15,0,1,0,0,0,0,1,0,4,0
416,1,6,5,24,17,40,39,40,0,24,0,39,0,17,0,1,0,0,0,0,0,1,5,0
417,1,1,0,10,8,40,38,40,0,10,0,38,0,8,0,1,0,1,0,0,0,0,0,0
417,1,3,2,17,8,36,38,36,0,17,0,38,0,8,0,1,0,0,1,0,0,0,2,0
417,1,4,3,9,18,40,39,40,0,9,0,39,0,18,0,1,0,0,0,1,0,0,3,0
417,1,5,4,15,9,40,36,40,0,15,0,36,0,9,0,1,0,0,0,0,1,0,4,0
417,1,6,5,-999999,13,-999999,36,-999999,0,-999999,0,36,0,13,0,1,0,0,0,0,0,1,5,0
418,0,3,2,19,15,37,38,0,37,0,19,0,38,0,15,0,1,0,1,0,0,0,0,2
418,0,4,3,21,-999999,37,-999999,0,37,0,21,0,-999999,0,-999999,0,1,0,0,1,0,0,0,3
418,0,5,4,15,24,38,37,0,38,0,15,0,37,0,24,0,1,0,0,0,1,0,0,4
418,0,6,5,26,30,31,37,0,31,0,26,0,37,0,30,0,1,0,0,0,0,1,0,5
419,1,1,0,16,-999999,40,-999999,40,0,16,0,-999999,0,-999999,0,1,0,1,0,0,0,0,0,0
419,1,3,2,15,-999999,40,-999999,40,0,15,0,-999999,0,-999999,0,1,0,0,1,0,0,0,2,0
419,1,4,3,14,-999999,40,-999999,40,0,14,0,-999999,0,-999999,0,1,0,0,0,1,0,0,3,0
419,1,5,4,19,-999999,40,-999999,40,0,19,0,-999999,0,-999999,0,1,0,0,0,0,1,0,4,0
419,1,6,5,13,-999999,37,-999999,37,0,13,0,-999999,0,-999999,0,1,0,0,0,0,0,1,5,0
420,1,1,0,16,-999999,38,-999999,38,0,16,0,-999999,0,-999999,0,1,0,1,0,0,0,0,0,0
420,1,3,2,20,-999999,37,-999999,37,0,20,0,-999999,0,-999999,0,1,0,0,1,0,0,0,2,0
420,1,4,3,16,-999999,36,-999999,36,0,16,0,-999999,0,-999999,0,1,0,0,0,1,0,0,3,0
420,1,5,4,18,9,37,29,37,0,18,0,29,0,9,0,1,0,0,0,0,1,0,4,0
420,1,6,5,15,-999999,35,-999999,35,0,15,0,-999999,0,-999999,0,1,0,0,0,0,0,1,5,0
421,1,1,0,14,8,37,39,37,0,14,0,39,0,8,0,1,0,1,0,0,0,0,0,0
421,1,3,2,18,18,38,37,38,0,18,0,37,0,18,0,1,0,0,1,0,0,0,2,0
421,1,4,3,12,-999999,33,-999999,33,0,12,0,-999999,0,-999999,0,1,0,0,0,1,0,0,3,0
421,1,6,5,20,18,38,34,38,0,20,0,34,0,18,0,1,0,0,0,0,0,1,5,0
422,1,1,0,20,24,38,37,38,0,20,0,37,0,24,0,1,0,1,0,0,0,0,0,0
422,1,3,2,22,17,32,31,32,0,22,0,31,0,17,0,1,0,0,1,0,0,0,2,0
422,1,4,3,24,19,34,36,34,0,24,0,36,0,19,0,1,0,0,0,1,0,0,3,0
422,1,5,4,20,17,36,33,36,0,20,0,33,0,17,0,1,0,0,0,0,1,0,4,0
422,1,6,5,22,16,33,32,33,0,22,0,32,0,16,0,1,0,0,0,0,0,1,5,0
423,0,1,0,10,11,36,40,0,36,0,10,0,40,0,11,0,1,1,0,0,0,0,0,0
423,0,3,2,9,8,39,39,0,39,0,9,0,39,0,8,0,1,0,1,0,0,0,0,2
423,0,4,3,9,10,40,38,0,40,0,9,0,38,0,10,0,1,0,0,1,0,0,0,3
423,0,5,4,10,8,40,37,0,40,0,10,0,37,0,8,0,1,0,0,0,1,0,0,4
423,0,6,5,9,10,40,36,0,40,0,9,0,36,0,10,0,1,0,0,0,0,1,0,5
424,1,1,0,8,11,39,38,39,0,8,0,38,0,11,0,1,0,1,0,0,0,0,0,0
424,1,3,2,10,14,39,37,39,0,10,0,37,0,14,0,1,0,0,1,0,0,0,2,0
424,1,4,3,7,15,39,36,39,0,7,0,36,0,15,0,1,0,0,0,1,0,0,3,0
424,1,5,4,12,21,35,33,35,0,12,0,33,0,21,0,1,0,0,0,0,1,0,4,0
424,1,6,5,9,15,38,32,38,0,9,0,32,0,15,0,1,0,0,0,0,0,1,5,0
425,0,4,3,11,-999999,32,-999999,0,32,0,11,0,-999999,0,-999999,0,1,0,0,1,0,0,0,3
425,0,5,4,17,-999999,32,-999999,0,32,0,17,0,-999999,0,-999999,0,1,0,0,0,1,0,0,4
425,0,6,5,18,-999999,31,-999999,0,31,0,18,0,-999999,0,-999999,0,1,0,0,0,0,1,0,5
426,0,1,0,21,20,40,37,0,40,0,21,0,37,0,20,0,1,1,0,0,0,0,0,0
426,0,3,2,27,18,40,32,0,40,0,27,0,32,0,18,0,1,0,1,0,0,0,0,2
426,0,4,3,30,26,40,29,0,40,0,30,0,29,0,26,0,1,0,0,1,0,0,0,3
426,0,5,4,30,20,36,32,0,36,0,30,0,32,0,20,0,1,0,0,0,1,0,0,4
426,0,6,5,30,-999999,35,-999999,0,35,0,30,0,-999999,0,-999999,0,1,0,0,0,0,1,0,5
427,0,1,0,19,18,39,38,0,39,0,19,0,38,0,18,0,1,1,0,0,0,0,0,0
427,0,3,2,19,18,37,39,0,37,0,19,0,39,0,18,0,1,0,1,0,0,0,0,2
427,0,4,3,21,19,36,39,0,36,0,21,0,39,0,19,0,1,0,0,1,0,0,0,3
427,0,5,4,19,18,37,35,0,37,0,19,0,35,0,18,0,1,0,0,0,1,0,0,4
427,0,6,5,24,25,34,35,0,34,0,24,0,35,0,25,0,1,0,0,0,0,1,0,5
428,1,1,0,11,8,40,36,40,0,11,0,36,0,8,0,1,0,1,0,0,0,0,0,0
428,1,3,2,10,-999999,37,-999999,37,0,10,0,-999999,0,-999999,0,1,0,0,1,0,0,0,2,0
428,1,4,3,8,-999999,38,-999999,38,0,8,0,-999999,0,-999999,0,1,0,0,0,1,0,0,3,0
428,1,5,4,10,-999999,38,-999999,38,0,10,0,-999999,0,-999999,0,1,0,0,0,0,1,0,4,0
428,1,6,5,15,-999999,37,-999999,37,0,15,0,-999999,0,-999999,0,1,0,0,0,0,0,1,5,0
429,0,1,0,9,13,39,37,0,39,0,9,0,37,0,13,0,1,1,0,0,0,0,0,0
429,0,3,2,12,-999999,38,-999999,0,38,0,12,0,-999999,0,-999999,0,1,0,1,0,0,0,0,2
429,0,4,3,12,9,38,40,0,38,0,12,0,40,0,9,0,1,0,0,1,0,0,0,3
429,0,5,4,11,17,37,39,0,37,0,11,0,39,0,17,0,1,0,0,0,1,0,0,4
429,0,6,5,12,16,37,40,0,37,0,12,0,40,0,16,0,1,0,0,0,0,1,0,5
430,1,1,0,15,18,40,34,40,0,15,0,34,0,18,0,1,0,1,0,0,0,0,0,0
430,1,3,2,16,24,40,37,40,0,16,0,37,0,24,0,1,0,0,1,0,0,0,2,0
430,1,4,3,17,28,40,30,40,0,17,0,30,0,28,0,1,0,0,0,1,0,0,3,0
430,1,5,4,15,17,36,37,36,0,15,0,37,0,17,0,1,0,0,0,0,1,0,4,0
430,1,6,5,22,24,39,36,39,0,22,0,36,0,24,0,1,0,0,0,0,0,1,5,0
431,1,3,2,11,12,40,36,40,0,11,0,36,0,12,0,1,0,0,1,0,0,0,2,0
431,1,4,3,8,-999999,40,-999999,40,0,8,0,-999999,0,-999999,0,1,0,0,0,1,0,0,3,0
431,1,5,4,14,12,39,34,39,0,14,0,34,0,12,0,1,0,0,0,0,1,0,4,0
431,1,6,5,10,11,40,35,40,0,10,0,35,0,11,0,1,0,0,0,0,0,1,5,0
432,1,1,0,27,16,34,34,34,0,27,0,34,0,16,0,1,0,1,0,0,0,0,0,0
432,1,3,2,23,22,38,32,38,0,23,0,32,0,22,0,1,0,0,1,0,0,0,2,0
432,1,4,3,24,17,39,35,39,0,24,0,35,0,17,0,1,0,0,0,1,0,0,3,0
432,1,5,4,26,20,34,33,34,0,26,0,33,0,20,0,1,0,0,0,0,1,0,4,0
432,1,6,5,22,16,30,34,30,0,22,0,34,0,16,0,1,0,0,0,0,0,1,5,0
433,1,1,0,8,8,39,38,39,0,8,0,38,0,8,0,1,0,1,0,0,0,0,0,0
433,1,3,2,7,10,40,38,40,0,7,0,38,0,10,0,1,0,0,1,0,0,0,2,0
433,1,4,3,12,11,40,40,40,0,12,0,40,0,11,0,1,0,0,0,1,0,0,3,0
433,1,5,4,7,10,40,40,40,0,7,0,40,0,10,0,1,0,0,0,0,1,0,4,0
433,1,6,5,7,11,40,36,40,0,7,0,36,0,11,0,1,0,0,0,0,0,1,5,0
434,0,5,4,24,18,33.14285714,31,0,33.14285714,0,24,0,31,0,18,0,1,0,0,0,1,0,0,4
434,0,6,5,24,24,35,32,0,35,0,24,0,32,0,24,0,1,0,0,0,0,1,0,5
435,0,1,0,27,17,35,38,0,35,0,27,0,38,0,17,0,1,1,0,0,0,0,0,0
435,0,3,2,16,17,38,35,0,38,0,16,0,35,0,17,0,1,0,1,0,0,0,0,2
435,0,4,3,16,20,38,36,0,38,0,16,0,36,0,20,0,1,0,0,1,0,0,0,3
435,0,5,4,22,22,32,37,0,32,0,22,0,37,0,22,0,1,0,0,0,1,0,0,4
435,0,6,5,28,25,33,37,0,33,0,28,0,37,0,25,0,1,0,0,0,0,1,0,5
436,1,1,0,7,7,40,36,40,0,7,0,36,0,7,0,1,0,1,0,0,0,0,0,0
436,1,3,2,7,13,40,29,40,0,7,0,29,0,13,0,1,0,0,1,0,0,0,2,0
436,1,4,3,10,-999999,38,-999999,38,0,10,0,-999999,0,-999999,0,1,0,0,0,1,0,0,3,0
436,1,5,4,8,11,40,32,40,0,8,0,32,0,11,0,1,0,0,0,0,1,0,4,0
436,1,6,5,14,-999999,39,-999999,39,0,14,0,-999999,0,-999999,0,1,0,0,0,0,0,1,5,0
437,0,3,2,11,-999999,40,-999999,0,40,0,11,0,-999999,0,-999999,0,1,0,1,0,0,0,0,2
437,0,4,3,15,-999999,40,-999999,0,40,0,15,0,-999999,0,-999999,0,1,0,0,1,0,0,0,3
437,0,5,4,21,22,39,24,0,39,0,21,0,24,0,22,0,1,0,0,0,1,0,0,4
437,0,6,5,17,-999999,35,-999999,0,35,0,17,0,-999999,0,-999999,0,1,0,0,0,0,1,0,5
438,0,1,0,8,9,40,38,0,40,0,8,0,38,0,9,0,1,1,0,0,0,0,0,0
438,0,3,2,10,15,40,27,0,40,0,10,0,27,0,15,0,1,0,1,0,0,0,0,2
438,0,4,3,17,13,40,31,0,40,0,17,0,31,0,13,0,1,0,0,1,0,0,0,3
438,0,5,4,16,13,40,31,0,40,0,16,0,31,0,13,0,1,0,0,0,1,0,0,4
438,0,6,5,8,20,40,17,0,40,0,8,0,17,0,20,0,1,0,0,0,0,1,0,5
439,1,1,0,26,9,38,40,38,0,26,0,40,0,9,0,1,0,1,0,0,0,0,0,0
439,1,3,2,29,14,37,39,37,0,29,0,39,0,14,0,1,0,0,1,0,0,0,2,0
439,1,4,3,27,19,36,39,36,0,27,0,39,0,19,0,1,0,0,0,1,0,0,3,0
439,1,5,4,29,15,33,38,33,0,29,0,38,0,15,0,1,0,0,0,0,1,0,4,0
439,1,6,5,30,19,29,34,29,0,30,0,34,0,19,0,1,0,0,0,0,0,1,5,0
440,1,1,0,21,17,38,35,38,0,21,0,35,0,17,0,1,0,1,0,0,0,0,0,0
440,1,3,2,19,15,36,32,36,0,19,0,32,0,15,0,1,0,0,1,0,0,0,2,0
440,1,4,3,19,14,37,36,37,0,19,0,36,0,14,0,1,0,0,0,1,0,0,3,0
440,1,5,4,17,18,31,31,31,0,17,0,31,0,18,0,1,0,0,0,0,1,0,4,0
440,1,6,5,18,15,35,35,35,0,18,0,35,0,15,0,1,0,0,0,0,0,1,5,0
441,1,1,0,19,-999999,38,-999999,38,0,19,0,-999999,0,-999999,0,1,0,1,0,0,0,0,0,0
441,1,3,2,30,-999999,37,-999999,37,0,30,0,-999999,0,-999999,0,1,0,0,1,0,0,0,2,0
441,1,4,3,26,-999999,37,-999999,37,0,26,0,-999999,0,-999999,0,1,0,0,0,1,0,0,3,0
441,1,5,4,28,-999999,36,-999999,36,0,28,0,-999999,0,-999999,0,1,0,0,0,0,1,0,4,0
441,1,6,5,27,-999999,40,-999999,40,0,27,0,-999999,0,-999999,0,1,0,0,0,0,0,1,5,0
442,0,1,0,12,9,40,36,0,40,0,12,0,36,0,9,0,1,1,0,0,0,0,0,0
442,0,3,2,14,-999999,39,-999999,0,39,0,14,0,-999999,0,-999999,0,1,0,1,0,0,0,0,2
442,0,4,3,14,10,39,30,0,39,0,14,0,30,0,10,0,1,0,0,1,0,0,0,3
442,0,5,4,17,11,38,35,0,38,0,17,0,35,0,11,0,1,0,0,0,1,0,0,4
442,0,6,5,9,17,40,34,0,40,0,9,0,34,0,17,0,1,0,0,0,0,1,0,5
443,0,1,0,14,11,40,39,0,40,0,14,0,39,0,11,0,1,1,0,0,0,0,0,0
443,0,3,2,17,-999999,38,-999999,0,38,0,17,0,-999999,0,-999999,0,1,0,1,0,0,0,0,2
443,0,4,3,20,28,39,32,0,39,0,20,0,32,0,28,0,1,0,0,1,0,0,0,3
443,0,5,4,17,22,39,33,0,39,0,17,0,33,0,22,0,1,0,0,0,1,0,0,4
443,0,6,5,19,30,34,28,0,34,0,19,0,28,0,30,0,1,0,0,0,0,1,0,5
444,0,1,0,17,16,38,39,0,38,0,17,0,39,0,16,0,1,1,0,0,0,0,0,0
444,0,3,2,19,17,38,40,0,38,0,19,0,40,0,17,0,1,0,1,0,0,0,0,2
444,0,4,3,17,16,29,37,0,29,0,17,0,37,0,16,0,1,0,0,1,0,0,0,3
444,0,5,4,17,16,33,37,0,33,0,17,0,37,0,16,0,1,0,0,0,1,0,0,4
444,0,6,5,19,17,37,36,0,37,0,19,0,36,0,17,0,1,0,0,0,0,1,0,5
445,0,1,0,13,15,40,37,0,40,0,13,0,37,0,15,0,1,1,0,0,0,0,0,0
445,0,3,2,16,10,40,36,0,40,0,16,0,36,0,10,0,1,0,1,0,0,0,0,2
445,0,4,3,18,11,39,31,0,39,0,18,0,31,0,11,0,1,0,0,1,0,0,0,3
445,0,5,4,24,-999999,38,-999999,0,38,0,24,0,-999999,0,-999999,0,1,0,0,0,1,0,0,4
445,0,6,5,22,-999999,39,-999999,0,39,0,22,0,-999999,0,-999999,0,1,0,0,0,0,1,0,5
446,0,1,0,9,9,40,38,0,40,0,9,0,38,0,9,0,1,1,0,0,0,0,0,0
446,0,3,2,17,9,38,36,0,38,0,17,0,36,0,9,0,1,0,1,0,0,0,0,2
446,0,4,3,12,8,40,38,0,40,0,12,0,38,0,8,0,1,0,0,1,0,0,0,3
446,0,5,4,15,15,40,34,0,40,0,15,0,34,0,15,0,1,0,0,0,1,0,0,4
446,0,6,5,11,9,36,36,0,36,0,11,0,36,0,9,0,1,0,0,0,0,1,0,5
447,1,1,0,10,10,38,34,38,0,10,0,34,0,10,0,1,0,1,0,0,0,0,0,0
447,1,3,2,16,-999999,34,-999999,34,0,16,0,-999999,0,-999999,0,1,0,0,1,0,0,0,2,0
447,1,4,3,17,-999999,36,-999999,36,0,17,0,-999999,0,-999999,0,1,0,0,0,1,0,0,3,0
447,1,5,4,15,-999999,32,-999999,32,0,15,0,-999999,0,-999999,0,1,0,0,0,0,1,0,4,0
447,1,6,5,15,-999999,32,-999999,32,0,15,0,-999999,0,-999999,0,1,0,0,0,0,0,1,5,0
448,0,1,0,10,8,40,32,0,40,0,10,0,32,0,8,0,1,1,0,0,0,0,0,0
448,0,3,2,10,-999999,19,-999999,0,19,0,10,0,-999999,0,-999999,0,1,0,1,0,0,0,0,2
448,0,4,3,7,-999999,12,-999999,0,12,0,7,0,-999999,0,-999999,0,1,0,0,1,0,0,0,3
448,0,5,4,18,-999999,30,-999999,0,30,0,18,0,-999999,0,-999999,0,1,0,0,0,1,0,0,4
448,0,6,5,16,-999999,30,-999999,0,30,0,16,0,-999999,0,-999999,0,1,0,0,0,0,1,0,5
449,1,1,0,-999999,16,-999999,33,-999999,0,-999999,0,33,0,16,0,1,0,1,0,0,0,0,0,0
449,1,3,2,23,-999999,37,-999999,37,0,23,0,-999999,0,-999999,0,1,0,0,1,0,0,0,2,0
449,1,4,3,7,-999999,40,-999999,40,0,7,0,-999999,0,-999999,0,1,0,0,0,1,0,0,3,0
449,1,5,4,9,-999999,40,-999999,40,0,9,0,-999999,0,-999999,0,1,0,0,0,0,1,0,4,0
449,1,6,5,7,-999999,40,-999999,40,0,7,0,-999999,0,-999999,0,1,0,0,0,0,0,1,5,0
450,0,1,0,28,-999999,39,-999999,0,39,0,28,0,-999999,0,-999999,0,1,1,0,0,0,0,0,0
450,0,3,2,27,18,37,30,0,37,0,27,0,30,0,18,0,1,0,1,0,0,0,0,2
450,0,4,3,24,23,36,27,0,36,0,24,0,27,0,23,0,1,0,0,1,0,0,0,3
450,0,5,4,24,27,37,29,0,37,0,24,0,29,0,27,0,1,0,0,0,1,0,0,4
450,0,6,5,28,25,39,32,0,39,0,28,0,32,0,25,0,1,0,0,0,0,1,0,5
451,1,1,0,8,11,39,36,39,0,8,0,36,0,11,0,1,0,1,0,0,0,0,0,0
451,1,3,2,9,-999999,36,-999999,36,0,9,0,-999999,0,-999999,0,1,0,0,1,0,0,0,2,0
451,1,4,3,12,16,38,35,38,0,12,0,35,0,16,0,1,0,0,0,1,0,0,3,0
451,1,5,4,12,21,33,35,33,0,12,0,35,0,21,0,1,0,0,0,0,1,0,4,0
451,1,6,5,11,21,34,36,34,0,11,0,36,0,21,0,1,0,0,0,0,0,1,5,0
452,1,1,0,25,18,33,37,33,0,25,0,37,0,18,0,1,0,1,0,0,0,0,0,0
452,1,3,2,27,19,37,32,37,0,27,0,32,0,19,0,1,0,0,1,0,0,0,2,0
452,1,4,3,20,19,32,33,32,0,20,0,33,0,19,0,1,0,0,0,1,0,0,3,0
452,1,5,4,21,-999999,38,-999999,38,0,21,0,-999999,0,-999999,0,1,0,0,0,0,1,0,4,0
452,1,6,5,15,27,38,26,38,0,15,0,26,0,27,0,1,0,0,0,0,0,1,5,0
453,1,1,0,15,13,39,40,39,0,15,0,40,0,13,0,1,0,1,0,0,0,0,0,0
453,1,3,2,12,13,39,40,39,0,12,0,40,0,13,0,1,0,0,1,0,0,0,2,0
453,1,4,3,12,10,39,39,39,0,12,0,39,0,10,0,1,0,0,0,1,0,0,3,0
453,1,5,4,15,12,37.71428571,36,37.71428571,0,15,0,36,0,12,0,1,0,0,0,0,1,0,4,0
453,1,6,5,13,10,36,38,36,0,13,0,38,0,10,0,1,0,0,0,0,0,1,5,0
454,0,1,0,15,14,40,36,0,40,0,15,0,36,0,14,0,1,1,0,0,0,0,0,0
454,0,3,2,18,20,38,35,0,38,0,18,0,35,0,20,0,1,0,1,0,0,0,0,2
454,0,4,3,22,17,39,37,0,39,0,22,0,37,0,17,0,1,0,0,1,0,0,0,3
454,0,5,4,20,15,33,34,0,33,0,20,0,34,0,15,0,1,0,0,0,1,0,0,4
454,0,6,5,26,16,34,29,0,34,0,26,0,29,0,16,0,1,0,0,0,0,1,0,5
455,0,1,0,15,10,33,38,0,33,0,15,0,38,0,10,0,1,1,0,0,0,0,0,0
455,0,3,2,13,11,37,38,0,37,0,13,0,38,0,11,0,1,0,1,0,0,0,0,2
455,0,4,3,17,10,36,38,0,36,0,17,0,38,0,10,0,1,0,0,1,0,0,0,3
455,0,5,4,20,12,38,38,0,38,0,20,0,38,0,12,0,1,0,0,0,1,0,0,4
455,0,6,5,18,10,39,34,0,39,0,18,0,34,0,10,0,1,0,0,0,0,1,0,5
456,0,1,0,15,19,40,34,0,40,0,15,0,34,0,19,0,1,1,0,0,0,0,0,0
456,0,3,2,16,16,40,39,0,40,0,16,0,39,0,16,0,1,0,1,0,0,0,0,2
456,0,4,3,15,22,40,34,0,40,0,15,0,34,0,22,0,1,0,0,1,0,0,0,3
456,0,5,4,21,27,40,19,0,40,0,21,0,19,0,27,0,1,0,0,0,1,0,0,4
456,0,6,5,18,22,39,22,0,39,0,18,0,22,0,22,0,1,0,0,0,0,1,0,5
457,0,1,0,13,15,40,39,0,40,0,13,0,39,0,15,0,1,1,0,0,0,0,0,0
457,0,3,2,14,12,40,38,0,40,0,14,0,38,0,12,0,1,0,1,0,0,0,0,2
457,0,4,3,11,10,40,38,0,40,0,11,0,38,0,10,0,1,0,0,1,0,0,0,3
457,0,5,4,13,14,37,35,0,37,0,13,0,35,0,14,0,1,0,0,0,1,0,0,4
457,0,6,5,15,10,40,36,0,40,0,15,0,36,0,10,0,1,0,0,0,0,1,0,5
458,0,1,0,8,15,38,40,0,38,0,8,0,40,0,15,0,1,1,0,0,0,0,0,0
458,0,3,2,11,17,39,38,0,39,0,11,0,38,0,17,0,1,0,1,0,0,0,0,2
458,0,4,3,11,14,40,35,0,40,0,11,0,35,0,14,0,1,0,0,1,0,0,0,3
458,0,5,4,9,24,35,36,0,35,0,9,0,36,0,24,0,1,0,0,0,1,0,0,4
458,0,6,5,10,-999999,39,-999999,0,39,0,10,0,-999999,0,-999999,0,1,0,0,0,0,1,0,5
459,0,3,2,17,21,40,36,0,40,0,17,0,36,0,21,0,1,0,1,0,0,0,0,2
459,0,4,3,23,22,40,38,0,40,0,23,0,38,0,22,0,1,0,0,1,0,0,0,3
459,0,5,4,14,21,38,37,0,38,0,14,0,37,0,21,0,1,0,0,0,1,0,0,4
459,0,6,5,16,22,39,37,0,39,0,16,0,37,0,22,0,1,0,0,0,0,1,0,5
460,0,1,0,26,-999999,40,-999999,0,40,0,26,0,-999999,0,-999999,0,1,1,0,0,0,0,0,0
460,0,3,2,24,21,39,31,0,39,0,24,0,31,0,21,0,1,0,1,0,0,0,0,2
460,0,4,3,20,17,40,33,0,40,0,20,0,33,0,17,0,1,0,0,1,0,0,0,3
460,0,5,4,20,21,40,32,0,40,0,20,0,32,0,21,0,1,0,0,0,1,0,0,4
460,0,6,5,20,20,40,34,0,40,0,20,0,34,0,20,0,1,0,0,0,0,1,0,5
461,0,1,0,11,7,39,34,0,39,0,11,0,34,0,7,0,1,1,0,0,0,0,0,0
461,0,3,2,28,14,38,37,0,38,0,28,0,37,0,14,0,1,0,1,0,0,0,0,2
461,0,4,3,24,14,40,39,0,40,0,24,0,39,0,14,0,1,0,0,1,0,0,0,3
461,0,5,4,22,13,40,35,0,40,0,22,0,35,0,13,0,1,0,0,0,1,0,0,4
461,0,6,5,26,15,39,36,0,39,0,26,0,36,0,15,0,1,0,0,0,0,1,0,5
462,0,1,0,29,22,39,38,0,39,0,29,0,38,0,22,0,1,1,0,0,0,0,0,0
463,1,1,0,7,15,40,37,40,0,7,0,37,0,15,0,1,0,1,0,0,0,0,0,0
463,1,3,2,7,-999999,40,-999999,40,0,7,0,-999999,0,-999999,0,1,0,0,1,0,0,0,2,0
463,1,4,3,8,-999999,40,-999999,40,0,8,0,-999999,0,-999999,0,1,0,0,0,1,0,0,3,0
463,1,5,4,7,-999999,40,-999999,40,0,7,0,-999999,0,-999999,0,1,0,0,0,0,1,0,4,0
463,1,6,5,7,-999999,37,-999999,37,0,7,0,-999999,0,-999999,0,1,0,0,0,0,0,1,5,0
464,0,4,3,13,12,39,39,0,39,0,13,0,39,0,12,0,1,0,0,1,0,0,0,3
464,0,5,4,8,-999999,40,-999999,0,40,0,8,0,-999999,0,-999999,0,1,0,0,0,1,0,0,4
464,0,6,5,16,11,40,36,0,40,0,16,0,36,0,11,0,1,0,0,0,0,1,0,5
465,0,1,0,9,14,40,35,0,40,0,9,0,35,0,14,0,1,1,0,0,0,0,0,0
465,0,3,2,20,17,39,34,0,39,0,20,0,34,0,17,0,1,0,1,0,0,0,0,2
465,0,4,3,14,19,40,32,0,40,0,14,0,32,0,19,0,1,0,0,1,0,0,0,3
465,0,5,4,14,18,39,32,0,39,0,14,0,32,0,18,0,1,0,0,0,1,0,0,4
466,1,1,0,11,19,39,37,39,0,11,0,37,0,19,0,1,0,1,0,0,0,0,0,0
466,1,3,2,15,20,39,35,39,0,15,0,35,0,20,0,1,0,0,1,0,0,0,2,0
466,1,4,3,13,17,40,39,40,0,13,0,39,0,17,0,1,0,0,0,1,0,0,3,0
466,1,5,4,10,16,38,36,38,0,10,0,36,0,16,0,1,0,0,0,0,1,0,4,0
466,1,6,5,14,13,40,39,40,0,14,0,39,0,13,0,1,0,0,0,0,0,1,5,0
467,0,1,0,23,9,39,40,0,39,0,23,0,40,0,9,0,1,1,0,0,0,0,0,0
467,0,4,3,15,17,38,39,0,38,0,15,0,39,0,17,0,1,0,0,1,0,0,0,3
467,0,5,4,22,15,37,37,0,37,0,22,0,37,0,15,0,1,0,0,0,1,0,0,4
467,0,6,5,21,15,37,38,0,37,0,21,0,38,0,15,0,1,0,0,0,0,1,0,5
468,0,1,0,7,16,40,39,0,40,0,7,0,39,0,16,0,1,1,0,0,0,0,0,0
468,0,3,2,7,11,40,38,0,40,0,7,0,38,0,11,0,1,0,1,0,0,0,0,2
468,0,4,3,7,11,40,38,0,40,0,7,0,38,0,11,0,1,0,0,1,0,0,0,3
468,0,5,4,7,12,40,37,0,40,0,7,0,37,0,12,0,1,0,0,0,1,0,0,4
468,0,6,5,7,9,40,37,0,40,0,7,0,37,0,9,0,1,0,0,0,0,1,0,5
469,1,4,3,15,-999999,38,-999999,38,0,15,0,-999999,0,-999999,0,1,0,0,0,1,0,0,3,0
469,1,5,4,12,-999999,38,-999999,38,0,12,0,-999999,0,-999999,0,1,0,0,0,0,1,0,4,0
469,1,6,5,9,13,40,40,40,0,9,0,40,0,13,0,1,0,0,0,0,0,1,5,0
470,0,1,0,24,15,36,36,0,36,0,24,0,36,0,15,0,1,1,0,0,0,0,0,0
470,0,3,2,31,22,32,35,0,32,0,31,0,35,0,22,0,1,0,1,0,0,0,0,2
470,0,4,3,32,25,35,32,0,35,0,32,0,32,0,25,0,1,0,0,1,0,0,0,3
470,0,5,4,32,29,34,35,0,34,0,32,0,35,0,29,0,1,0,0,0,1,0,0,4
470,0,6,5,26,21,35,35,0,35,0,26,0,35,0,21,0,1,0,0,0,0,1,0,5
471,0,1,0,18,11,40,31,0,40,0,18,0,31,0,11,0,1,1,0,0,0,0,0,0
471,0,3,2,22,-999999,39,-999999,0,39,0,22,0,-999999,0,-999999,0,1,0,1,0,0,0,0,2
471,0,4,3,20,-999999,39,-999999,0,39,0,20,0,-999999,0,-999999,0,1,0,0,1,0,0,0,3
471,0,5,4,19,-999999,38,-999999,0,38,0,19,0,-999999,0,-999999,0,1,0,0,0,1,0,0,4
471,0,6,5,19,-999999,35,-999999,0,35,0,19,0,-999999,0,-999999,0,1,0,0,0,0,1,0,5
472,0,1,0,15,-999999,37,-999999,0,37,0,15,0,-999999,0,-999999,0,1,1,0,0,0,0,0,0
472,0,3,2,14,15,36,31,0,36,0,14,0,31,0,15,0,1,0,1,0,0,0,0,2
472,0,4,3,13,16,34,34,0,34,0,13,0,34,0,16,0,1,0,0,1,0,0,0,3
472,0,5,4,12,-999999,38,-999999,0,38,0,12,0,-999999,0,-999999,0,1,0,0,0,1,0,0,4
472,0,6,5,14,24,36,31,0,36,0,14,0,31,0,24,0,1,0,0,0,0,1,0,5
473,0,1,0,10,15,40,40,0,40,0,10,0,40,0,15,0,1,1,0,0,0,0,0,0
473,0,3,2,12,8,40,40,0,40,0,12,0,40,0,8,0,1,0,1,0,0,0,0,2
473,0,4,3,19,8,40,38,0,40,0,19,0,38,0,8,0,1,0,0,1,0,0,0,3
473,0,5,4,11,14,39,39,0,39,0,11,0,39,0,14,0,1,0,0,0,1,0,0,4
473,0,6,5,12,7,40,39,0,40,0,12,0,39,0,7,0,1,0,0,0,0,1,0,5
474,0,3,2,8,15,38,37,0,38,0,8,0,37,0,15,0,1,0,1,0,0,0,0,2
474,0,4,3,8,14,39,37,0,39,0,8,0,37,0,14,0,1,0,0,1,0,0,0,3
474,0,5,4,13,13,38,36,0,38,0,13,0,36,0,13,0,1,0,0,0,1,0,0,4
475,1,1,0,9,14,39,36,39,0,9,0,36,0,14,0,1,0,1,0,0,0,0,0,0
475,1,3,2,7,13,37,40,37,0,7,0,40,0,13,0,1,0,0,1,0,0,0,2,0
475,1,4,3,9,11,38,40,38,0,9,0,40,0,11,0,1,0,0,0,1,0,0,3,0
475,1,5,4,8,13,34,39,34,0,8,0,39,0,13,0,1,0,0,0,0,1,0,4,0
475,1,6,5,12,9,37,39,37,0,12,0,39,0,9,0,1,0,0,0,0,0,1,5,0
476,0,1,0,17,-999999,34,-999999,0,34,0,17,0,-999999,0,-999999,0,1,1,0,0,0,0,0,0
476,0,3,2,21,-999999,40,-999999,0,40,0,21,0,-999999,0,-999999,0,1,0,1,0,0,0,0,2
476,0,4,3,14,-999999,35,-999999,0,35,0,14,0,-999999,0,-999999,0,1,0,0,1,0,0,0,3
476,0,5,4,18,-999999,35,-999999,0,35,0,18,0,-999999,0,-999999,0,1,0,0,0,1,0,0,4
476,0,6,5,20,-999999,39,-999999,0,39,0,20,0,-999999,0,-999999,0,1,0,0,0,0,1,0,5
477,1,1,0,21,22,38,37,38,0,21,0,37,0,22,0,1,0,1,0,0,0,0,0,0
477,1,3,2,17,22,38,36,38,0,17,0,36,0,22,0,1,0,0,1,0,0,0,2,0
477,1,4,3,17,16,39,37,39,0,17,0,37,0,16,0,1,0,0,0,1,0,0,3,0
477,1,5,4,16,20,39,34,39,0,16,0,34,0,20,0,1,0,0,0,0,1,0,4,0
477,1,6,5,14,16,39,37,39,0,14,0,37,0,16,0,1,0,0,0,0,0,1,5,0
478,1,1,0,17,23,37,36,37,0,17,0,36,0,23,0,1,0,1,0,0,0,0,0,0
478,1,3,2,29,26,34,33,34,0,29,0,33,0,26,0,1,0,0,1,0,0,0,2,0
478,1,4,3,18,12,39,40,39,0,18,0,40,0,12,0,1,0,0,0,1,0,0,3,0
478,1,5,4,20,14,35,38,35,0,20,0,38,0,14,0,1,0,0,0,0,1,0,4,0
478,1,6,5,27,17,34,34,34,0,27,0,34,0,17,0,1,0,0,0,0,0,1,5,0
479,0,1,0,12,-999999,40,-999999,0,40,0,12,0,-999999,0,-999999,0,1,1,0,0,0,0,0,0
479,0,3,2,15,7,39,38,0,39,0,15,0,38,0,7,0,1,0,1,0,0,0,0,2
479,0,4,3,17,7,39,39,0,39,0,17,0,39,0,7,0,1,0,0,1,0,0,0,3
479,0,5,4,13,8,40,40,0,40,0,13,0,40,0,8,0,1,0,0,0,1,0,0,4
479,0,6,5,18,9,39,40,0,39,0,18,0,40,0,9,0,1,0,0,0,0,1,0,5
480,0,1,0,10,19,40,33,0,40,0,10,0,33,0,19,0,1,1,0,0,0,0,0,0
481,0,1,0,26,13,37,39,0,37,0,26,0,39,0,13,0,1,1,0,0,0,0,0,0
481,0,3,2,26,-999999,37,-999999,0,37,0,26,0,-999999,0,-999999,0,1,0,1,0,0,0,0,2
481,0,4,3,26,-999999,38,-999999,0,38,0,26,0,-999999,0,-999999,0,1,0,0,1,0,0,0,3
481,0,5,4,23,-999999,37,-999999,0,37,0,23,0,-999999,0,-999999,0,1,0,0,0,1,0,0,4
481,0,6,5,26,-999999,38,-999999,0,38,0,26,0,-999999,0,-999999,0,1,0,0,0,0,1,0,5
482,0,1,0,7,8,40,39,0,40,0,7,0,39,0,8,0,1,1,0,0,0,0,0,0
482,0,3,2,8,14,39,36,0,39,0,8,0,36,0,14,0,1,0,1,0,0,0,0,2
482,0,4,3,7,12,39,39,0,39,0,7,0,39,0,12,0,1,0,0,1,0,0,0,3
482,0,5,4,9,9,40,36,0,40,0,9,0,36,0,9,0,1,0,0,0,1,0,0,4
482,0,6,5,8,10,39,35,0,39,0,8,0,35,0,10,0,1,0,0,0,0,1,0,5
483,0,4,3,25,23,36,33,0,36,0,25,0,33,0,23,0,1,0,0,1,0,0,0,3
483,0,5,4,19,14,33,27,0,33,0,19,0,27,0,14,0,1,0,0,0,1,0,0,4
484,0,1,0,18,11,40,38,0,40,0,18,0,38,0,11,0,1,1,0,0,0,0,0,0
484,0,3,2,12,14,39,40,0,39,0,12,0,40,0,14,0,1,0,1,0,0,0,0,2
484,0,4,3,16,14,40,32,0,40,0,16,0,32,0,14,0,1,0,0,1,0,0,0,3
484,0,5,4,20,11,37,34,0,37,0,20,0,34,0,11,0,1,0,0,0,1,0,0,4
484,0,6,5,10,12,38,34,0,38,0,10,0,34,0,12,0,1,0,0,0,0,1,0,5
485,0,1,0,20,-999999,34,-999999,0,34,0,20,0,-999999,0,-999999,0,1,1,0,0,0,0,0,0
485,0,3,2,17,-999999,28,-999999,0,28,0,17,0,-999999,0,-999999,0,1,0,1,0,0,0,0,2
485,0,4,3,18,-999999,32,-999999,0,32,0,18,0,-999999,0,-999999,0,1,0,0,1,0,0,0,3
485,0,5,4,19,-999999,30,-999999,0,30,0,19,0,-999999,0,-999999,0,1,0,0,0,1,0,0,4
485,0,6,5,17,-999999,29,-999999,0,29,0,17,0,-999999,0,-999999,0,1,0,0,0,0,1,0,5
486,1,3,2,18,-999999,40,-999999,40,0,18,0,-999999,0,-999999,0,1,0,0,1,0,0,0,2,0
486,1,4,3,17,-999999,38,-999999,38,0,17,0,-999999,0,-999999,0,1,0,0,0,1,0,0,3,0
486,1,6,5,26,26,36,29,36,0,26,0,29,0,26,0,1,0,0,0,0,0,1,5,0
487,0,1,0,8,20,40,38,0,40,0,8,0,38,0,20,0,1,1,0,0,0,0,0,0
487,0,3,2,18,-999999,37,-999999,0,37,0,18,0,-999999,0,-999999,0,1,0,1,0,0,0,0,2
487,0,4,3,13,18,39,22,0,39,0,13,0,22,0,18,0,1,0,0,1,0,0,0,3
487,0,6,5,24,14,36,38,0,36,0,24,0,38,0,14,0,1,0,0,0,0,1,0,5
488,0,1,0,8,-999999,40,-999999,0,40,0,8,0,-999999,0,-999999,0,1,1,0,0,0,0,0,0
488,0,3,2,15,-999999,39,-999999,0,39,0,15,0,-999999,0,-999999,0,1,0,1,0,0,0,0,2
488,0,5,4,25,-999999,35,-999999,0,35,0,25,0,-999999,0,-999999,0,1,0,0,0,1,0,0,4
488,0,6,5,16,22,37,38,0,37,0,16,0,38,0,22,0,1,0,0,0,0,1,0,5
489,0,1,0,22,15,38,38,0,38,0,22,0,38,0,15,0,1,1,0,0,0,0,0,0
489,0,3,2,20,20,38,36,0,38,0,20,0,36,0,20,0,1,0,1,0,0,0,0,2
489,0,4,3,14,18,37,38,0,37,0,14,0,38,0,18,0,1,0,0,1,0,0,0,3
489,0,6,5,17,-999999,39,-999999,0,39,0,17,0,-999999,0,-999999,0,1,0,0,0,0,1,0,5
490,1,1,0,16,17,40,38,40,0,16,0,38,0,17,0,1,0,1,0,0,0,0,0,0
490,1,3,2,13,21,38,31,38,0,13,0,31,0,21,0,1,0,0,1,0,0,0,2,0
490,1,4,3,15,21,37,31,37,0,15,0,31,0,21,0,1,0,0,0,1,0,0,3,0
490,1,5,4,14,24,39,29,39,0,14,0,29,0,24,0,1,0,0,0,0,1,0,4,0
490,1,6,5,14,-999999,36,-999999,36,0,14,0,-999999,0,-999999,0,1,0,0,0,0,0,1,5,0
491,1,3,2,15,-999999,39,-999999,39,0,15,0,-999999,0,-999999,0,1,0,0,1,0,0,0,2,0
491,1,4,3,17,-999999,40,-999999,40,0,17,0,-999999,0,-999999,0,1,0,0,0,1,0,0,3,0
491,1,5,4,14,-999999,36,-999999,36,0,14,0,-999999,0,-999999,0,1,0,0,0,0,1,0,4,0
491,1,6,5,17,-999999,38,-999999,38,0,17,0,-999999,0,-999999,0,1,0,0,0,0,0,1,5,0
492,0,1,0,13,15,40,39,0,40,0,13,0,39,0,15,0,1,1,0,0,0,0,0,0
492,0,3,2,23,-999999,37,-999999,0,37,0,23,0,-999999,0,-999999,0,1,0,1,0,0,0,0,2
492,0,4,3,24,-999999,38,-999999,0,38,0,24,0,-999999,0,-999999,0,1,0,0,1,0,0,0,3
492,0,5,4,24,15,38,35,0,38,0,24,0,35,0,15,0,1,0,0,0,1,0,0,4
492,0,6,5,16,-999999,39,-999999,0,39,0,16,0,-999999,0,-999999,0,1,0,0,0,0,1,0,5
493,0,1,0,19,11,30,38,0,30,0,19,0,38,0,11,0,1,1,0,0,0,0,0,0
493,0,3,2,25,18,31,36,0,31,0,25,0,36,0,18,0,1,0,1,0,0,0,0,2
493,0,4,3,18,14,34,38,0,34,0,18,0,38,0,14,0,1,0,0,1,0,0,0,3
493,0,5,4,24,15,35,35,0,35,0,24,0,35,0,15,0,1,0,0,0,1,0,0,4
493,0,6,5,17,20,37,37,0,37,0,17,0,37,0,20,0,1,0,0,0,0,1,0,5
494,1,1,0,24,20,36,37,36,0,24,0,37,0,20,0,1,0,1,0,0,0,0,0,0
495,0,1,0,14,15,39,29,0,39,0,14,0,29,0,15,0,1,1,0,0,0,0,0,0
495,0,3,2,26,24,40,21,0,40,0,26,0,21,0,24,0,1,0,1,0,0,0,0,2
495,0,4,3,25,25,39,22,0,39,0,25,0,22,0,25,0,1,0,0,1,0,0,0,3
495,0,5,4,24,26,39,16,0,39,0,24,0,16,0,26,0,1,0,0,0,1,0,0,4
495,0,6,5,28,-999999,37,-999999,0,37,0,28,0,-999999,0,-999999,0,1,0,0,0,0,1,0,5
496,0,1,0,21,14,38,40,0,38,0,21,0,40,0,14,0,1,1,0,0,0,0,0,0
496,0,3,2,20,19,39,39,0,39,0,20,0,39,0,19,0,1,0,1,0,0,0,0,2
496,0,4,3,16,14,40,40,0,40,0,16,0,40,0,14,0,1,0,0,1,0,0,0,3
496,0,5,4,17,15,35,38,0,35,0,17,0,38,0,15,0,1,0,0,0,1,0,0,4
496,0,6,5,22,18,36,39,0,36,0,22,0,39,0,18,0,1,0,0,0,0,1,0,5
497,0,1,0,14,8,40,26,0,40,0,14,0,26,0,8,0,1,1,0,0,0,0,0,0
497,0,3,2,15,7,35,29,0,35,0,15,0,29,0,7,0,1,0,1,0,0,0,0,2
497,0,4,3,16,8,34,31,0,34,0,16,0,31,0,8,0,1,0,0,1,0,0,0,3
497,0,5,4,14,-999999,36,-999999,0,36,0,14,0,-999999,0,-999999,0,1,0,0,0,1,0,0,4
497,0,6,5,12,-999999,36,-999999,0,36,0,12,0,-999999,0,-999999,0,1,0,0,0,0,1,0,5
498,0,1,0,21,-999999,40,-999999,0,40,0,21,0,-999999,0,-999999,0,1,1,0,0,0,0,0,0
498,0,3,2,19,-999999,39,-999999,0,39,0,19,0,-999999,0,-999999,0,1,0,1,0,0,0,0,2
498,0,4,3,14,-999999,40,-999999,0,40,0,14,0,-999999,0,-999999,0,1,0,0,1,0,0,0,3
498,0,5,4,13,15,40,40,0,40,0,13,0,40,0,15,0,1,0,0,0,1,0,0,4
498,0,6,5,9,-999999,39,-999999,0,39,0,9,0,-999999,0,-999999,0,1,0,0,0,0,1,0,5
499,1,1,0,10,24,40,33,40,0,10,0,33,0,24,0,1,0,1,0,0,0,0,0,0
499,1,3,2,21,22,39,37,39,0,21,0,37,0,22,0,1,0,0,1,0,0,0,2,0
499,1,4,3,19,18,38,35,38,0,19,0,35,0,18,0,1,0,0,0,1,0,0,3,0
499,1,5,4,17,16,38,36,38,0,17,0,36,0,16,0,1,0,0,0,0,1,0,4,0
499,1,6,5,13,16,38,34,38,0,13,0,34,0,16,0,1,0,0,0,0,0,1,5,0
500,0,1,0,14,17,38,38,0,38,0,14,0,38,0,17,0,1,1,0,0,0,0,0,0
500,0,3,2,14,13,40,36,0,40,0,14,0,36,0,13,0,1,0,1,0,0,0,0,2
500,0,4,3,12,12,39,38,0,39,0,12,0,38,0,12,0,1,0,0,1,0,0,0,3
500,0,5,4,15,16,38,34,0,38,0,15,0,34,0,16,0,1,0,0,0,1,0,0,4
500,0,6,5,16,16,39,35,0,39,0,16,0,35,0,16,0,1,0,0,0,0,1,0,5
501,1,3,2,24,15,36,36,36,0,24,0,36,0,15,0,1,0,0,1,0,0,0,2,0
501,1,4,3,30,-999999,29,-999999,29,0,30,0,-999999,0,-999999,0,1,0,0,0,1,0,0,3,0
501,1,5,4,18,21,34,25,34,0,18,0,25,0,21,0,1,0,0,0,0,1,0,4,0
501,1,6,5,17,19,33,30,33,0,17,0,30,0,19,0,1,0,0,0,0,0,1,5,0
502,1,1,0,9,13,36,36,36,0,9,0,36,0,13,0,1,0,1,0,0,0,0,0,0
502,1,3,2,11,13,37,39,37,0,11,0,39,0,13,0,1,0,0,1,0,0,0,2,0
502,1,4,3,7,7,37,37,37,0,7,0,37,0,7,0,1,0,0,0,1,0,0,3,0
502,1,5,4,7,9,37,38,37,0,7,0,38,0,9,0,1,0,0,0,0,1,0,4,0
502,1,6,5,8,-999999,37,-999999,37,0,8,0,-999999,0,-999999,0,1,0,0,0,0,0,1,5,0
503,0,1,0,10,8,38,40,0,38,0,10,0,40,0,8,0,1,1,0,0,0,0,0,0
503,0,3,2,19,-999999,33,-999999,0,33,0,19,0,-999999,0,-999999,0,1,0,1,0,0,0,0,2
503,0,4,3,8,8,40,40,0,40,0,8,0,40,0,8,0,1,0,0,1,0,0,0,3
503,0,5,4,15,-999999,36,-999999,0,36,0,15,0,-999999,0,-999999,0,1,0,0,0,1,0,0,4
503,0,6,5,14,10,37,39,0,37,0,14,0,39,0,10,0,1,0,0,0,0,1,0,5
504,1,1,0,20,-999999,37,-999999,37,0,20,0,-999999,0,-999999,0,1,0,1,0,0,0,0,0,0
504,1,3,2,19,-999999,37,-999999,37,0,19,0,-999999,0,-999999,0,1,0,0,1,0,0,0,2,0
504,1,4,3,18,-999999,37,-999999,37,0,18,0,-999999,0,-999999,0,1,0,0,0,1,0,0,3,0
504,1,5,4,14,-999999,39,-999999,39,0,14,0,-999999,0,-999999,0,1,0,0,0,0,1,0,4,0
504,1,6,5,11,-999999,36,-999999,36,0,11,0,-999999,0,-999999,0,1,0,0,0,0,0,1,5,0
505,1,1,0,16,8,40,40,40,0,16,0,40,0,8,0,1,0,1,0,0,0,0,0,0
505,1,3,2,20,-999999,36,-999999,36,0,20,0,-999999,0,-999999,0,1,0,0,1,0,0,0,2,0
505,1,4,3,20,9,37,36,37,0,20,0,36,0,9,0,1,0,0,0,1,0,0,3,0
505,1,5,4,17,9,39,40,39,0,17,0,40,0,9,0,1,0,0,0,0,1,0,4,0
505,1,6,5,23,10,34,38,34,0,23,0,38,0,10,0,1,0,0,0,0,0,1,5,0
506,1,3,2,13,-999999,37,-999999,37,0,13,0,-999999,0,-999999,0,1,0,0,1,0,0,0,2,0
507,1,1,0,11,16,40,40,40,0,11,0,40,0,16,0,1,0,1,0,0,0,0,0,0
507,1,3,2,11,12,38,38,38,0,11,0,38,0,12,0,1,0,0,1,0,0,0,2,0
507,1,4,3,9,9,39,35,39,0,9,0,35,0,9,0,1,0,0,0,1,0,0,3,0
507,1,5,4,11,13,39,33,39,0,11,0,33,0,13,0,1,0,0,0,0,1,0,4,0
507,1,6,5,10,14,39,36,39,0,10,0,36,0,14,0,1,0,0,0,0,0,1,5,0
508,1,1,0,10,-999999,39,-999999,39,0,10,0,-999999,0,-999999,0,1,0,1,0,0,0,0,0,0
508,1,3,2,12,11,40,37,40,0,12,0,37,0,11,0,1,0,0,1,0,0,0,2,0
508,1,4,3,13,13,37,37,37,0,13,0,37,0,13,0,1,0,0,0,1,0,0,3,0
508,1,5,4,22,18,38,35,38,0,22,0,35,0,18,0,1,0,0,0,0,1,0,4,0
508,1,6,5,20,16,37,37,37,0,20,0,37,0,16,0,1,0,0,0,0,0,1,5,0
509,1,1,0,15,7,32,35,32,0,15,0,35,0,7,0,1,0,1,0,0,0,0,0,0
509,1,3,2,13,7,36,34,36,0,13,0,34,0,7,0,1,0,0,1,0,0,0,2,0
509,1,4,3,18,8,31,37,31,0,18,0,37,0,8,0,1,0,0,0,1,0,0,3,0
509,1,5,4,15,7,29,32,29,0,15,0,32,0,7,0,1,0,0,0,0,1,0,4,0
509,1,6,5,13,9,34,30,34,0,13,0,30,0,9,0,1,0,0,0,0,0,1,5,0
510,1,1,0,29,14,32,38,32,0,29,0,38,0,14,0,1,0,1,0,0,0,0,0,0
511,1,1,0,15,11,38,36,38,0,15,0,36,0,11,0,1,0,1,0,0,0,0,0,0
511,1,3,2,17,15,35,36,35,0,17,0,36,0,15,0,1,0,0,1,0,0,0,2,0
511,1,4,3,21,-999999,38,-999999,38,0,21,0,-999999,0,-999999,0,1,0,0,0,1,0,0,3,0
511,1,5,4,24,-999999,33,-999999,33,0,24,0,-999999,0,-999999,0,1,0,0,0,0,1,0,4,0
511,1,6,5,23,-999999,34,-999999,34,0,23,0,-999999,0,-999999,0,1,0,0,0,0,0,1,5,0
512,1,1,0,8,10,40,36,40,0,8,0,36,0,10,0,1,0,1,0,0,0,0,0,0
512,1,3,2,22,-999999,40,-999999,40,0,22,0,-999999,0,-999999,0,1,0,0,1,0,0,0,2,0
512,1,4,3,18,-999999,40,-999999,40,0,18,0,-999999,0,-999999,0,1,0,0,0,1,0,0,3,0
512,1,5,4,20,10,38,34,38,0,20,0,34,0,10,0,1,0,0,0,0,1,0,4,0
512,1,6,5,16,-999999,40,-999999,40,0,16,0,-999999,0,-999999,0,1,0,0,0,0,0,1,5,0
513,0,1,0,11,15,40,37,0,40,0,11,0,37,0,15,0,1,1,0,0,0,0,0,0
513,0,3,2,11,14,39,36,0,39,0,11,0,36,0,14,0,1,0,1,0,0,0,0,2
513,0,4,3,19,13,37,35,0,37,0,19,0,35,0,13,0,1,0,0,1,0,0,0,3
513,0,5,4,21,18,37,34,0,37,0,21,0,34,0,18,0,1,0,0,0,1,0,0,4
513,0,6,5,25,17,40,36,0,40,0,25,0,36,0,17,0,1,0,0,0,0,1,0,5
514,0,1,0,16,22,37,29,0,37,0,16,0,29,0,22,0,1,1,0,0,0,0,0,0
514,0,3,2,24,27,30,22,0,30,0,24,0,22,0,27,0,1,0,1,0,0,0,0,2
514,0,4,3,16,29,36,29,0,36,0,16,0,29,0,29,0,1,0,0,1,0,0,0,3
514,0,5,4,20,30,29,25,0,29,0,20,0,25,0,30,0,1,0,0,0,1,0,0,4
514,0,6,5,24,29,36,16,0,36,0,24,0,16,0,29,0,1,0,0,0,0,1,0,5
515,1,1,0,-999999,20,-999999,37,-999999,0,-999999,0,37,0,20,0,1,0,1,0,0,0,0,0,0
515,1,3,2,12,18,37,26,37,0,12,0,26,0,18,0,1,0,0,1,0,0,0,2,0
515,1,4,3,10,21,37,29,37,0,10,0,29,0,21,0,1,0,0,0,1,0,0,3,0
515,1,5,4,10,29,37,27,37,0,10,0,27,0,29,0,1,0,0,0,0,1,0,4,0
515,1,6,5,10,-999999,36,-999999,36,0,10,0,-999999,0,-999999,0,1,0,0,0,0,0,1,5,0
516,1,1,0,17,-999999,40,-999999,40,0,17,0,-999999,0,-999999,0,1,0,1,0,0,0,0,0,0
517,1,1,0,8,8,39,38,39,0,8,0,38,0,8,0,1,0,1,0,0,0,0,0,0
517,1,3,2,7,9,40,40,40,0,7,0,40,0,9,0,1,0,0,1,0,0,0,2,0
517,1,4,3,9,11,40,38,40,0,9,0,38,0,11,0,1,0,0,0,1,0,0,3,0
517,1,5,4,11,8,40,38,40,0,11,0,38,0,8,0,1,0,0,0,0,1,0,4,0
517,1,6,5,7,9,36,34,36,0,7,0,34,0,9,0,1,0,0,0,0,0,1,5,0
518,0,1,0,7,15,38,37,0,38,0,7,0,37,0,15,0,1,1,0,0,0,0,0,0
518,0,3,2,10,22,38,34,0,38,0,10,0,34,0,22,0,1,0,1,0,0,0,0,2
518,0,4,3,16,18,36,33,0,36,0,16,0,33,0,18,0,1,0,0,1,0,0,0,3
518,0,5,4,16,-999999,36,-999999,0,36,0,16,0,-999999,0,-999999,0,1,0,0,0,1,0,0,4
518,0,6,5,15,-999999,37,-999999,0,37,0,15,0,-999999,0,-999999,0,1,0,0,0,0,1,0,5
519,1,1,0,24,15,40,39,40,0,24,0,39,0,15,0,1,0,1,0,0,0,0,0,0
519,1,3,2,21,14,40,35,40,0,21,0,35,0,14,0,1,0,0,1,0,0,0,2,0
519,1,5,4,15,24,38,32,38,0,15,0,32,0,24,0,1,0,0,0,0,1,0,4,0
519,1,6,5,14,24,36,33,36,0,14,0,33,0,24,0,1,0,0,0,0,0,1,5,0
520,1,1,0,20,16,37,34,37,0,20,0,34,0,16,0,1,0,1,0,0,0,0,0,0
520,1,3,2,19,19,40,32,40,0,19,0,32,0,19,0,1,0,0,1,0,0,0,2,0
520,1,4,3,23,20,40,33,40,0,23,0,33,0,20,0,1,0,0,0,1,0,0,3,0
520,1,5,4,20,22,37,31,37,0,20,0,31,0,22,0,1,0,0,0,0,1,0,4,0
520,1,6,5,18,14,40,34,40,0,18,0,34,0,14,0,1,0,0,0,0,0,1,5,0
521,0,1,0,20,20,39,33,0,39,0,20,0,33,0,20,0,1,1,0,0,0,0,0,0
521,0,3,2,25,20,39,35,0,39,0,25,0,35,0,20,0,1,0,1,0,0,0,0,2
521,0,4,3,25,23,40,39,0,40,0,25,0,39,0,23,0,1,0,0,1,0,0,0,3
521,0,5,4,25,23,40,27,0,40,0,25,0,27,0,23,0,1,0,0,0,1,0,0,4
521,0,6,5,22,-999999,35,-999999,0,35,0,22,0,-999999,0,-999999,0,1,0,0,0,0,1,0,5
522,1,1,0,18,-999999,37,-999999,37,0,18,0,-999999,0,-999999,0,1,0,1,0,0,0,0,0,0
522,1,3,2,17,16,36,40,36,0,17,0,40,0,16,0,1,0,0,1,0,0,0,2,0
522,1,4,3,17,17,36,36,36,0,17,0,36,0,17,0,1,0,0,0,1,0,0,3,0
522,1,5,4,22,16,39,37,39,0,22,0,37,0,16,0,1,0,0,0,0,1,0,4,0
522,1,6,5,17,17,31,38,31,0,17,0,38,0,17,0,1,0,0,0,0,0,1,5,0
523,1,1,0,11,12,36,37,36,0,11,0,37,0,12,0,1,0,1,0,0,0,0,0,0
523,1,3,2,16,11,31,36,31,0,16,0,36,0,11,0,1,0,0,1,0,0,0,2,0
523,1,4,3,12,12,33,36,33,0,12,0,36,0,12,0,1,0,0,0,1,0,0,3,0
523,1,5,4,15,10,35,33,35,0,15,0,33,0,10,0,1,0,0,0,0,1,0,4,0
523,1,6,5,12,14,34,35,34,0,12,0,35,0,14,0,1,0,0,0,0,0,1,5,0
524,0,4,3,35,-999999,31,-999999,0,31,0,35,0,-999999,0,-999999,0,1,0,0,1,0,0,0,3
524,0,5,4,35,-999999,27,-999999,0,27,0,35,0,-999999,0,-999999,0,1,0,0,0,1,0,0,4
524,0,6,5,18,27,39,39,0,39,0,18,0,39,0,27,0,1,0,0,0,0,1,0,5
525,1,1,0,9,-999999,39,-999999,39,0,9,0,-999999,0,-999999,0,1,0,1,0,0,0,0,0,0
525,1,3,2,10,-999999,34,-999999,34,0,10,0,-999999,0,-999999,0,1,0,0,1,0,0,0,2,0
525,1,4,3,13,-999999,33,-999999,33,0,13,0,-999999,0,-999999,0,1,0,0,0,1,0,0,3,0
525,1,5,4,13,15,35,32,35,0,13,0,32,0,15,0,1,0,0,0,0,1,0,4,0
525,1,6,5,12,-999999,34,-999999,34,0,12,0,-999999,0,-999999,0,1,0,0,0,0,0,1,5,0
526,0,1,0,9,20,40,39,0,40,0,9,0,39,0,20,0,1,1,0,0,0,0,0,0
526,0,3,2,16,15,40,37,0,40,0,16,0,37,0,15,0,1,0,1,0,0,0,0,2
526,0,4,3,10,16,40,37,0,40,0,10,0,37,0,16,0,1,0,0,1,0,0,0,3
526,0,5,4,18,16,36,36,0,36,0,18,0,36,0,16,0,1,0,0,0,1,0,0,4
526,0,6,5,18,17,38,35,0,38,0,18,0,35,0,17,0,1,0,0,0,0,1,0,5
527,0,1,0,24,14,36,34,0,36,0,24,0,34,0,14,0,1,1,0,0,0,0,0,0
527,0,3,2,19,13,34,38,0,34,0,19,0,38,0,13,0,1,0,1,0,0,0,0,2
527,0,4,3,27,25,34,31,0,34,0,27,0,31,0,25,0,1,0,0,1,0,0,0,3
527,0,5,4,27,17,35,36,0,35,0,27,0,36,0,17,0,1,0,0,0,1,0,0,4
527,0,6,5,24,16,36,31,0,36,0,24,0,31,0,16,0,1,0,0,0,0,1,0,5
528,1,1,0,12,-999999,36,-999999,36,0,12,0,-999999,0,-999999,0,1,0,1,0,0,0,0,0,0
529,0,1,0,14,-999999,35,-999999,0,35,0,14,0,-999999,0,-999999,0,1,1,0,0,0,0,0,0
529,0,3,2,18,10,35,35,0,35,0,18,0,35,0,10,0,1,0,1,0,0,0,0,2
529,0,4,3,19,-999999,35,-999999,0,35,0,19,0,-999999,0,-999999,0,1,0,0,1,0,0,0,3
529,0,5,4,14,10,34,32,0,34,0,14,0,32,0,10,0,1,0,0,0,1,0,0,4
529,0,6,5,14,12,35,25,0,35,0,14,0,25,0,12,0,1,0,0,0,0,1,0,5
530,1,1,0,-999999,23,-999999,38,-999999,0,-999999,0,38,0,23,0,1,0,1,0,0,0,0,0,0
530,1,3,2,11,22,37,38,37,0,11,0,38,0,22,0,1,0,0,1,0,0,0,2,0
530,1,4,3,15,18,35,40,35,0,15,0,40,0,18,0,1,0,0,0,1,0,0,3,0
530,1,5,4,12,11,36,36,36,0,12,0,36,0,11,0,1,0,0,0,0,1,0,4,0
530,1,6,5,23,15,39,39,39,0,23,0,39,0,15,0,1,0,0,0,0,0,1,5,0
531,1,1,0,16,9,40,38,40,0,16,0,38,0,9,0,1,0,1,0,0,0,0,0,0
531,1,3,2,11,12,38,36,38,0,11,0,36,0,12,0,1,0,0,1,0,0,0,2,0
531,1,4,3,12,12,37,38,37,0,12,0,38,0,12,0,1,0,0,0,1,0,0,3,0
531,1,5,4,11,16,33,37,33,0,11,0,37,0,16,0,1,0,0,0,0,1,0,4,0
531,1,6,5,13,13,31,38,31,0,13,0,38,0,13,0,1,0,0,0,0,0,1,5,0
532,1,1,0,15,19,40,37,40,0,15,0,37,0,19,0,1,0,1,0,0,0,0,0,0
532,1,3,2,22,17,39,36,39,0,22,0,36,0,17,0,1,0,0,1,0,0,0,2,0
532,1,4,3,12,-999999,39,-999999,39,0,12,0,-999999,0,-999999,0,1,0,0,0,1,0,0,3,0
532,1,5,4,19,24,38,33,38,0,19,0,33,0,24,0,1,0,0,0,0,1,0,4,0
532,1,6,5,22,27,40,24,40,0,22,0,24,0,27,0,1,0,0,0,0,0,1,5,0
533,1,1,0,16,21,39,35,39,0,16,0,35,0,21,0,1,0,1,0,0,0,0,0,0
533,1,3,2,15,13,38,35,38,0,15,0,35,0,13,0,1,0,0,1,0,0,0,2,0
533,1,4,3,19,17,37,37,37,0,19,0,37,0,17,0,1,0,0,0,1,0,0,3,0
533,1,5,4,17,20,37,30,37,0,17,0,30,0,20,0,1,0,0,0,0,1,0,4,0
533,1,6,5,20,17,37,30,37,0,20,0,30,0,17,0,1,0,0,0,0,0,1,5,0
534,0,1,0,19,-999999,38,-999999,0,38,0,19,0,-999999,0,-999999,0,1,1,0,0,0,0,0,0
534,0,3,2,29,-999999,37,-999999,0,37,0,29,0,-999999,0,-999999,0,1,0,1,0,0,0,0,2
534,0,4,3,26,-999999,37,-999999,0,37,0,26,0,-999999,0,-999999,0,1,0,0,1,0,0,0,3
534,0,5,4,32,-999999,28,-999999,0,28,0,32,0,-999999,0,-999999,0,1,0,0,0,1,0,0,4
534,0,6,5,27,-999999,30,-999999,0,30,0,27,0,-999999,0,-999999,0,1,0,0,0,0,1,0,5
535,1,1,0,18,10,39,25,39,0,18,0,25,0,10,0,1,0,1,0,0,0,0,0,0
535,1,3,2,13,7,40,40,40,0,13,0,40,0,7,0,1,0,0,1,0,0,0,2,0
535,1,4,3,16,7,40,28,40,0,16,0,28,0,7,0,1,0,0,0,1,0,0,3,0
535,1,5,4,13,13,40,36,40,0,13,0,36,0,13,0,1,0,0,0,0,1,0,4,0
535,1,6,5,22,9,39,39,39,0,22,0,39,0,9,0,1,0,0,0,0,0,1,5,0
536,1,1,0,11,14,34,31,34,0,11,0,31,0,14,0,1,0,1,0,0,0,0,0,0
536,1,3,2,7,15,39,31,39,0,7,0,31,0,15,0,1,0,0,1,0,0,0,2,0
536,1,4,3,8,-999999,36,-999999,36,0,8,0,-999999,0,-999999,0,1,0,0,0,1,0,0,3,0
536,1,5,4,7,-999999,35,-999999,35,0,7,0,-999999,0,-999999,0,1,0,0,0,0,1,0,4,0
536,1,6,5,7,-999999,36,-999999,36,0,7,0,-999999,0,-999999,0,1,0,0,0,0,0,1,5,0
537,1,1,0,25,-999999,38,-999999,38,0,25,0,-999999,0,-999999,0,1,0,1,0,0,0,0,0,0
537,1,3,2,21,-999999,38,-999999,38,0,21,0,-999999,0,-999999,0,1,0,0,1,0,0,0,2,0
537,1,4,3,26,-999999,37,-999999,37,0,26,0,-999999,0,-999999,0,1,0,0,0,1,0,0,3,0
537,1,5,4,27,-999999,36,-999999,36,0,27,0,-999999,0,-999999,0,1,0,0,0,0,1,0,4,0
537,1,6,5,26,-999999,35,-999999,35,0,26,0,-999999,0,-999999,0,1,0,0,0,0,0,1,5,0
538,0,1,0,8,9,36,38,0,36,0,8,0,38,0,9,0,1,1,0,0,0,0,0,0
538,0,3,2,10,8,37,39,0,37,0,10,0,39,0,8,0,1,0,1,0,0,0,0,2
538,0,4,3,9,8,37,36,0,37,0,9,0,36,0,8,0,1,0,0,1,0,0,0,3
538,0,5,4,13,12,35,36,0,35,0,13,0,36,0,12,0,1,0,0,0,1,0,0,4
538,0,6,5,15,11,35,35,0,35,0,15,0,35,0,11,0,1,0,0,0,0,1,0,5
539,1,1,0,9,12,39,37,39,0,9,0,37,0,12,0,1,0,1,0,0,0,0,0,0
539,1,5,4,12,15,40,34,40,0,12,0,34,0,15,0,1,0,0,0,0,1,0,4,0
539,1,6,5,9,16,37,34,37,0,9,0,34,0,16,0,1,0,0,0,0,0,1,5,0
540,0,1,0,17,-999999,40,-999999,0,40,0,17,0,-999999,0,-999999,0,1,1,0,0,0,0,0,0
540,0,3,2,14,13,39,38,0,39,0,14,0,38,0,13,0,1,0,1,0,0,0,0,2
540,0,4,3,14,11,40,38,0,40,0,14,0,38,0,11,0,1,0,0,1,0,0,0,3
540,0,5,4,18,14,40,31,0,40,0,18,0,31,0,14,0,1,0,0,0,1,0,0,4
540,0,6,5,17,8,40,40,0,40,0,17,0,40,0,8,0,1,0,0,0,0,1,0,5
541,1,1,0,20,17,37,32,37,0,20,0,32,0,17,0,1,0,1,0,0,0,0,0,0
541,1,3,2,20,15,30,32,30,0,20,0,32,0,15,0,1,0,0,1,0,0,0,2,0
542,0,1,0,18,10,39,34,0,39,0,18,0,34,0,10,0,1,1,0,0,0,0,0,0
542,0,3,2,20,-999999,36,-999999,0,36,0,20,0,-999999,0,-999999,0,1,0,1,0,0,0,0,2
542,0,4,3,13,14,40,39,0,40,0,13,0,39,0,14,0,1,0,0,1,0,0,0,3
542,0,5,4,18,-999999,38,-999999,0,38,0,18,0,-999999,0,-999999,0,1,0,0,0,1,0,0,4
542,0,6,5,18,-999999,39,-999999,0,39,0,18,0,-999999,0,-999999,0,1,0,0,0,0,1,0,5
543,0,1,0,27,-999999,37,-999999,0,37,0,27,0,-999999,0,-999999,0,1,1,0,0,0,0,0,0
543,0,3,2,27,-999999,38,-999999,0,38,0,27,0,-999999,0,-999999,0,1,0,1,0,0,0,0,2
543,0,4,3,22,27,32,37,0,32,0,22,0,37,0,27,0,1,0,0,1,0,0,0,3
543,0,5,4,27,-999999,31,-999999,0,31,0,27,0,-999999,0,-999999,0,1,0,0,0,1,0,0,4
543,0,6,5,25,26,38,38,0,38,0,25,0,38,0,26,0,1,0,0,0,0,1,0,5
544,0,1,0,20,9,40,37,0,40,0,20,0,37,0,9,0,1,1,0,0,0,0,0,0
544,0,3,2,17,13,40,37,0,40,0,17,0,37,0,13,0,1,0,1,0,0,0,0,2
544,0,4,3,13,12,40,38,0,40,0,13,0,38,0,12,0,1,0,0,1,0,0,0,3
544,0,5,4,11,9,40,36,0,40,0,11,0,36,0,9,0,1,0,0,0,1,0,0,4
544,0,6,5,20,8,39,38,0,39,0,20,0,38,0,8,0,1,0,0,0,0,1,0,5
545,1,1,0,13,10,36,32,36,0,13,0,32,0,10,0,1,0,1,0,0,0,0,0,0
545,1,3,2,13,18,37,27,37,0,13,0,27,0,18,0,1,0,0,1,0,0,0,2,0
545,1,4,3,9,11,36,24,36,0,9,0,24,0,11,0,1,0,0,0,1,0,0,3,0
545,1,5,4,11,12,29,25,29,0,11,0,25,0,12,0,1,0,0,0,0,1,0,4,0
545,1,6,5,15,14,27,27,27,0,15,0,27,0,14,0,1,0,0,0,0,0,1,5,0
546,1,1,0,18,-999999,39,-999999,39,0,18,0,-999999,0,-999999,0,1,0,1,0,0,0,0,0,0
546,1,3,2,22,-999999,38,-999999,38,0,22,0,-999999,0,-999999,0,1,0,0,1,0,0,0,2,0
546,1,4,3,23,-999999,36,-999999,36,0,23,0,-999999,0,-999999,0,1,0,0,0,1,0,0,3,0
546,1,5,4,17,-999999,39,-999999,39,0,17,0,-999999,0,-999999,0,1,0,0,0,0,1,0,4,0
546,1,6,5,16,-999999,39,-999999,39,0,16,0,-999999,0,-999999,0,1,0,0,0,0,0,1,5,0
547,0,1,0,9,18,40,40,0,40,0,9,0,40,0,18,0,1,1,0,0,0,0,0,0
547,0,3,2,18,14,40,37,0,40,0,18,0,37,0,14,0,1,0,1,0,0,0,0,2
547,0,6,5,18,14,33,36,0,33,0,18,0,36,0,14,0,1,0,0,0,0,1,0,5
548,0,1,0,11,9,37,40,0,37,0,11,0,40,0,9,0,1,1,0,0,0,0,0,0
548,0,3,2,12,13,34,39,0,34,0,12,0,39,0,13,0,1,0,1,0,0,0,0,2
548,0,4,3,11,11,33,36,0,33,0,11,0,36,0,11,0,1,0,0,1,0,0,0,3
548,0,5,4,15,14,30,34,0,30,0,15,0,34,0,14,0,1,0,0,0,1,0,0,4
548,0,6,5,12,10,30,38,0,30,0,12,0,38,0,10,0,1,0,0,0,0,1,0,5
549,1,1,0,18,14,39,34,39,0,18,0,34,0,14,0,1,0,1,0,0,0,0,0,0
549,1,4,3,20,-999999,32,-999999,32,0,20,0,-999999,0,-999999,0,1,0,0,0,1,0,0,3,0
549,1,5,4,14,-999999,37,-999999,37,0,14,0,-999999,0,-999999,0,1,0,0,0,0,1,0,4,0
549,1,6,5,14,15,35,37,35,0,14,0,37,0,15,0,1,0,0,0,0,0,1,5,0
550,0,1,0,14,15,39,39,0,39,0,14,0,39,0,15,0,1,1,0,0,0,0,0,0
550,0,3,2,14,-999999,37,-999999,0,37,0,14,0,-999999,0,-999999,0,1,0,1,0,0,0,0,2
550,0,4,3,16,-999999,39,-999999,0,39,0,16,0,-999999,0,-999999,0,1,0,0,1,0,0,0,3
550,0,5,4,20,-999999,32,-999999,0,32,0,20,0,-999999,0,-999999,0,1,0,0,0,1,0,0,4
551,0,1,0,22,14,39,38,0,39,0,22,0,38,0,14,0,1,1,0,0,0,0,0,0
551,0,3,2,18,12,35,34,0,35,0,18,0,34,0,12,0,1,0,1,0,0,0,0,2
551,0,4,3,17,-999999,38,-999999,0,38,0,17,0,-999999,0,-999999,0,1,0,0,1,0,0,0,3
551,0,5,4,22,17,38,39,0,38,0,22,0,39,0,17,0,1,0,0,0,1,0,0,4
551,0,6,5,22,-999999,32,-999999,0,32,0,22,0,-999999,0,-999999,0,1,0,0,0,0,1,0,5
552,0,1,0,24,14,38,38,0,38,0,24,0,38,0,14,0,1,1,0,0,0,0,0,0
552,0,3,2,22,7,39,36,0,39,0,22,0,36,0,7,0,1,0,1,0,0,0,0,2
552,0,4,3,24,10,39,32,0,39,0,24,0,32,0,10,0,1,0,0,1,0,0,0,3
552,0,5,4,22,14,36,33,0,36,0,22,0,33,0,14,0,1,0,0,0,1,0,0,4
552,0,6,5,24,8,37,32,0,37,0,24,0,32,0,8,0,1,0,0,0,0,1,0,5
553,0,1,0,12,-999999,37,-999999,0,37,0,12,0,-999999,0,-999999,0,1,1,0,0,0,0,0,0
553,0,3,2,12,-999999,36,-999999,0,36,0,12,0,-999999,0,-999999,0,1,0,1,0,0,0,0,2
553,0,4,3,12,-999999,36,-999999,0,36,0,12,0,-999999,0,-999999,0,1,0,0,1,0,0,0,3
553,0,5,4,13,-999999,36,-999999,0,36,0,13,0,-999999,0,-999999,0,1,0,0,0,1,0,0,4
553,0,6,5,11,-999999,35,-999999,0,35,0,11,0,-999999,0,-999999,0,1,0,0,0,0,1,0,5
554,1,1,0,9,12,40,38,40,0,9,0,38,0,12,0,1,0,1,0,0,0,0,0,0
554,1,3,2,9,11,37,36,37,0,9,0,36,0,11,0,1,0,0,1,0,0,0,2,0
554,1,4,3,10,11,39,36,39,0,10,0,36,0,11,0,1,0,0,0,1,0,0,3,0
554,1,5,4,9,14,35,37,35,0,9,0,37,0,14,0,1,0,0,0,0,1,0,4,0
554,1,6,5,13,14,36,35,36,0,13,0,35,0,14,0,1,0,0,0,0,0,1,5,0
555,0,3,2,12,-999999,40,-999999,0,40,0,12,0,-999999,0,-999999,0,1,0,1,0,0,0,0,2
555,0,4,3,14,-999999,36,-999999,0,36,0,14,0,-999999,0,-999999,0,1,0,0,1,0,0,0,3
555,0,5,4,8,-999999,40,-999999,0,40,0,8,0,-999999,0,-999999,0,1,0,0,0,1,0,0,4
555,0,6,5,13,-999999,40,-999999,0,40,0,13,0,-999999,0,-999999,0,1,0,0,0,0,1,0,5
556,0,1,0,26,7,38,36,0,38,0,26,0,36,0,7,0,1,1,0,0,0,0,0,0
556,0,3,2,21,7,39,40,0,39,0,21,0,40,0,7,0,1,0,1,0,0,0,0,2
556,0,4,3,18,7,40,32,0,40,0,18,0,32,0,7,0,1,0,0,1,0,0,0,3
556,0,5,4,17,7,40,37,0,40,0,17,0,37,0,7,0,1,0,0,0,1,0,0,4
556,0,6,5,16,7,40,39,0,40,0,16,0,39,0,7,0,1,0,0,0,0,1,0,5
557,0,1,0,11,14,39,38,0,39,0,11,0,38,0,14,0,1,1,0,0,0,0,0,0
557,0,3,2,11,9,39,33,0,39,0,11,0,33,0,9,0,1,0,1,0,0,0,0,2
557,0,4,3,7,16,36,33,0,36,0,7,0,33,0,16,0,1,0,0,1,0,0,0,3
557,0,5,4,11,11,36,35,0,36,0,11,0,35,0,11,0,1,0,0,0,1,0,0,4
558,0,1,0,22,8,35,37,0,35,0,22,0,37,0,8,0,1,1,0,0,0,0,0,0
558,0,3,2,22,14,37,34,0,37,0,22,0,34,0,14,0,1,0,1,0,0,0,0,2
558,0,4,3,18,-999999,37,-999999,0,37,0,18,0,-999999,0,-999999,0,1,0,0,1,0,0,0,3
558,0,5,4,22,21,38,33,0,38,0,22,0,33,0,21,0,1,0,0,0,1,0,0,4
558,0,6,5,22,21,38,34,0,38,0,22,0,34,0,21,0,1,0,0,0,0,1,0,5
559,1,1,0,7,17,40,33,40,0,7,0,33,0,17,0,1,0,1,0,0,0,0,0,0
559,1,3,2,9,-999999,30,-999999,30,0,9,0,-999999,0,-999999,0,1,0,0,1,0,0,0,2,0
559,1,4,3,7,19,38,23,38,0,7,0,23,0,19,0,1,0,0,0,1,0,0,3,0
559,1,6,5,9,26,35,19,35,0,9,0,19,0,26,0,1,0,0,0,0,0,1,5,0
560,0,1,0,9,-999999,40,-999999,0,40,0,9,0,-999999,0,-999999,0,1,1,0,0,0,0,0,0
560,0,3,2,11,-999999,40,-999999,0,40,0,11,0,-999999,0,-999999,0,1,0,1,0,0,0,0,2
560,0,4,3,14,21,40,32,0,40,0,14,0,32,0,21,0,1,0,0,1,0,0,0,3
560,0,5,4,12,16,40,31,0,40,0,12,0,31,0,16,0,1,0,0,0,1,0,0,4
560,0,6,5,9,19,40,34,0,40,0,9,0,34,0,19,0,1,0,0,0,0,1,0,5
561,1,1,0,10,12,36,38,36,0,10,0,38,0,12,0,1,0,1,0,0,0,0,0,0
561,1,3,2,20,15,34,35,34,0,20,0,35,0,15,0,1,0,0,1,0,0,0,2,0
561,1,4,3,23,23,38,33,38,0,23,0,33,0,23,0,1,0,0,0,1,0,0,3,0
561,1,5,4,18,12,39,29,39,0,18,0,29,0,12,0,1,0,0,0,0,1,0,4,0
561,1,6,5,16,16,39,36,39,0,16,0,36,0,16,0,1,0,0,0,0,0,1,5,0
562,1,1,0,7,16,40,27,40,0,7,0,27,0,16,0,1,0,1,0,0,0,0,0,0
562,1,3,2,9,14,39,23,39,0,9,0,23,0,14,0,1,0,0,1,0,0,0,2,0
562,1,4,3,12,18,36,26,36,0,12,0,26,0,18,0,1,0,0,0,1,0,0,3,0
562,1,5,4,18,15,33,22,33,0,18,0,22,0,15,0,1,0,0,0,0,1,0,4,0
562,1,6,5,8,13,39,29,39,0,8,0,29,0,13,0,1,0,0,0,0,0,1,5,0
563,1,1,0,15,19,40,31,40,0,15,0,31,0,19,0,1,0,1,0,0,0,0,0,0
563,1,3,2,24,24,39,31,39,0,24,0,31,0,24,0,1,0,0,1,0,0,0,2,0
563,1,4,3,13,14,40,33,40,0,13,0,33,0,14,0,1,0,0,0,1,0,0,3,0
563,1,5,4,16,16,40,32,40,0,16,0,32,0,16,0,1,0,0,0,0,1,0,4,0
563,1,6,5,11,18,35,29,35,0,11,0,29,0,18,0,1,0,0,0,0,0,1,5,0
564,0,1,0,17,19,37,30,0,37,0,17,0,30,0,19,0,1,1,0,0,0,0,0,0
564,0,5,4,15,-999999,39,-999999,0,39,0,15,0,-999999,0,-999999,0,1,0,0,0,1,0,0,4
564,0,6,5,22,-999999,34,-999999,0,34,0,22,0,-999999,0,-999999,0,1,0,0,0,0,1,0,5
565,1,1,0,12,8,36,40,36,0,12,0,40,0,8,0,1,0,1,0,0,0,0,0,0
565,1,3,2,11,7,35,40,35,0,11,0,40,0,7,0,1,0,0,1,0,0,0,2,0
565,1,4,3,9,10,31,40,31,0,9,0,40,0,10,0,1,0,0,0,1,0,0,3,0
565,1,5,4,14,10,31,39,31,0,14,0,39,0,10,0,1,0,0,0,0,1,0,4,0
565,1,6,5,11,7,34,40,34,0,11,0,40,0,7,0,1,0,0,0,0,0,1,5,0
566,0,1,0,12,20,35,37,0,35,0,12,0,37,0,20,0,1,1,0,0,0,0,0,0
566,0,3,2,16,18,37,40,0,37,0,16,0,40,0,18,0,1,0,1,0,0,0,0,2
567,0,1,0,18,13,34,31,0,34,0,18,0,31,0,13,0,1,1,0,0,0,0,0,0
567,0,3,2,26,15,38,27,0,38,0,26,0,27,0,15,0,1,0,1,0,0,0,0,2
567,0,4,3,20,17,37,21,0,37,0,20,0,21,0,17,0,1,0,0,1,0,0,0,3
567,0,5,4,25,23,38,30,0,38,0,25,0,30,0,23,0,1,0,0,0,1,0,0,4
567,0,6,5,27,24,34,30.85714286,0,34,0,27,0,30.85714286,0,24,0,1,0,0,0,0,1,0,5
568,1,1,0,17,-999999,22,-999999,22,0,17,0,-999999,0,-999999,0,1,0,1,0,0,0,0,0,0
568,1,4,3,15,-999999,34,-999999,34,0,15,0,-999999,0,-999999,0,1,0,0,0,1,0,0,3,0
568,1,5,4,12,-999999,34,-999999,34,0,12,0,-999999,0,-999999,0,1,0,0,0,0,1,0,4,0
568,1,6,5,22,-999999,28,-999999,28,0,22,0,-999999,0,-999999,0,1,0,0,0,0,0,1,5,0
569,1,1,0,15,10,36,36,36,0,15,0,36,0,10,0,1,0,1,0,0,0,0,0,0
569,1,3,2,10,7,38,37,38,0,10,0,37,0,7,0,1,0,0,1,0,0,0,2,0
569,1,4,3,10,-999999,35,-999999,35,0,10,0,-999999,0,-999999,0,1,0,0,0,1,0,0,3,0
569,1,5,4,7,9,32,36,32,0,7,0,36,0,9,0,1,0,0,0,0,1,0,4,0
569,1,6,5,7,-999999,37,-999999,37,0,7,0,-999999,0,-999999,0,1,0,0,0,0,0,1,5,0
570,0,1,0,13,14,40,39,0,40,0,13,0,39,0,14,0,1,1,0,0,0,0,0,0
570,0,3,2,11,15,39,34,0,39,0,11,0,34,0,15,0,1,0,1,0,0,0,0,2
570,0,4,3,13,16,40,35,0,40,0,13,0,35,0,16,0,1,0,0,1,0,0,0,3
570,0,5,4,9,20,40,36,0,40,0,9,0,36,0,20,0,1,0,0,0,1,0,0,4
570,0,6,5,23,26,36,35,0,36,0,23,0,35,0,26,0,1,0,0,0,0,1,0,5
571,0,1,0,23,9,39,28,0,39,0,23,0,28,0,9,0,1,1,0,0,0,0,0,0
571,0,3,2,32,20,40,37,0,40,0,32,0,37,0,20,0,1,0,1,0,0,0,0,2
571,0,4,3,26,13,40,34,0,40,0,26,0,34,0,13,0,1,0,0,1,0,0,0,3
571,0,5,4,26,9,39,40,0,39,0,26,0,40,0,9,0,1,0,0,0,1,0,0,4
571,0,6,5,32,11,36,40,0,36,0,32,0,40,0,11,0,1,0,0,0,0,1,0,5
572,1,1,0,9,15,40,36,40,0,9,0,36,0,15,0,1,0,1,0,0,0,0,0,0
572,1,3,2,9,7,40,37,40,0,9,0,37,0,7,0,1,0,0,1,0,0,0,2,0
572,1,4,3,8,12,40,35,40,0,8,0,35,0,12,0,1,0,0,0,1,0,0,3,0
572,1,5,4,8,-999999,40,-999999,40,0,8,0,-999999,0,-999999,0,1,0,0,0,0,1,0,4,0
572,1,6,5,7,9,40,39,40,0,7,0,39,0,9,0,1,0,0,0,0,0,1,5,0
573,0,1,0,15,16,39,38,0,39,0,15,0,38,0,16,0,1,1,0,0,0,0,0,0
573,0,3,2,15,9,37,34,0,37,0,15,0,34,0,9,0,1,0,1,0,0,0,0,2
573,0,4,3,18,10,39,35,0,39,0,18,0,35,0,10,0,1,0,0,1,0,0,0,3
573,0,5,4,16,-999999,38,-999999,0,38,0,16,0,-999999,0,-999999,0,1,0,0,0,1,0,0,4
573,0,6,5,15,-999999,38,-999999,0,38,0,15,0,-999999,0,-999999,0,1,0,0,0,0,1,0,5
574,1,1,0,22,15,36,35,36,0,22,0,35,0,15,0,1,0,1,0,0,0,0,0,0
574,1,3,2,21,20,35,33,35,0,21,0,33,0,20,0,1,0,0,1,0,0,0,2,0
574,1,4,3,23,11,36,28,36,0,23,0,28,0,11,0,1,0,0,0,1,0,0,3,0
574,1,5,4,29,18,35,32,35,0,29,0,32,0,18,0,1,0,0,0,0,1,0,4,0
574,1,6,5,26,18,37,28,37,0,26,0,28,0,18,0,1,0,0,0,0,0,1,5,0
575,0,1,0,13,14,40,40,0,40,0,13,0,40,0,14,0,1,1,0,0,0,0,0,0
575,0,3,2,12,23,39,35,0,39,0,12,0,35,0,23,0,1,0,1,0,0,0,0,2
575,0,4,3,7,19,39,38,0,39,0,7,0,38,0,19,0,1,0,0,1,0,0,0,3
575,0,5,4,7,23,38,31,0,38,0,7,0,31,0,23,0,1,0,0,0,1,0,0,4
575,0,6,5,12,16,37,33,0,37,0,12,0,33,0,16,0,1,0,0,0,0,1,0,5
576,1,1,0,9,15,40,34,40,0,9,0,34,0,15,0,1,0,1,0,0,0,0,0,0
576,1,3,2,7,9,36,35,36,0,7,0,35,0,9,0,1,0,0,1,0,0,0,2,0
576,1,4,3,14,-999999,36,-999999,36,0,14,0,-999999,0,-999999,0,1,0,0,0,1,0,0,3,0
576,1,5,4,13,-999999,35,-999999,35,0,13,0,-999999,0,-999999,0,1,0,0,0,0,1,0,4,0
576,1,6,5,28,11,36,37,36,0,28,0,37,0,11,0,1,0,0,0,0,0,1,5,0
577,0,1,0,7,11,40,38,0,40,0,7,0,38,0,11,0,1,1,0,0,0,0,0,0
577,0,3,2,9,14,37,35,0,37,0,9,0,35,0,14,0,1,0,1,0,0,0,0,2
577,0,4,3,9,-999999,38,-999999,0,38,0,9,0,-999999,0,-999999,0,1,0,0,1,0,0,0,3
577,0,5,4,14,12,28,36,0,28,0,14,0,36,0,12,0,1,0,0,0,1,0,0,4
577,0,6,5,14,8,36,35,0,36,0,14,0,35,0,8,0,1,0,0,0,0,1,0,5
578,1,1,0,11,9,38,37,38,0,11,0,37,0,9,0,1,0,1,0,0,0,0,0,0
578,1,3,2,19,15,39,34,39,0,19,0,34,0,15,0,1,0,0,1,0,0,0,2,0
578,1,4,3,12,14,38,35,38,0,12,0,35,0,14,0,1,0,0,0,1,0,0,3,0
578,1,5,4,7,14,40,33,40,0,7,0,33,0,14,0,1,0,0,0,0,1,0,4,0
578,1,6,5,10,18,38,36,38,0,10,0,36,0,18,0,1,0,0,0,0,0,1,5,0
579,0,1,0,9,12,37,37,0,37,0,9,0,37,0,12,0,1,1,0,0,0,0,0,0
579,0,3,2,9,14,36,36,0,36,0,9,0,36,0,14,0,1,0,1,0,0,0,0,2
579,0,4,3,9,-999999,36,-999999,0,36,0,9,0,-999999,0,-999999,0,1,0,0,1,0,0,0,3
579,0,5,4,8,-999999,36,-999999,0,36,0,8,0,-999999,0,-999999,0,1,0,0,0,1,0,0,4
579,0,6,5,10,-999999,34,-999999,0,34,0,10,0,-999999,0,-999999,0,1,0,0,0,0,1,0,5
580,0,1,0,11,8,39,38,0,39,0,11,0,38,0,8,0,1,1,0,0,0,0,0,0
580,0,3,2,11,9,40,34,0,40,0,11,0,34,0,9,0,1,0,1,0,0,0,0,2
580,0,4,3,15,8,39,36,0,39,0,15,0,36,0,8,0,1,0,0,1,0,0,0,3
580,0,5,4,18,10,36,36,0,36,0,18,0,36,0,10,0,1,0,0,0,1,0,0,4
580,0,6,5,11,-999999,39,-999999,0,39,0,11,0,-999999,0,-999999,0,1,0,0,0,0,1,0,5
581,0,1,0,11,10,39,39,0,39,0,11,0,39,0,10,0,1,1,0,0,0,0,0,0
581,0,3,2,11,9,38,38,0,38,0,11,0,38,0,9,0,1,0,1,0,0,0,0,2
581,0,4,3,13,11,38,39,0,38,0,13,0,39,0,11,0,1,0,0,1,0,0,0,3
581,0,5,4,12,8,38,37,0,38,0,12,0,37,0,8,0,1,0,0,0,1,0,0,4
581,0,6,5,10,10,37,37,0,37,0,10,0,37,0,10,0,1,0,0,0,0,1,0,5
582,0,1,0,10,12,39,33,0,39,0,10,0,33,0,12,0,1,1,0,0,0,0,0,0
582,0,3,2,9,12,37,34,0,37,0,9,0,34,0,12,0,1,0,1,0,0,0,0,2
582,0,4,3,12,17,37,30,0,37,0,12,0,30,0,17,0,1,0,0,1,0,0,0,3
582,0,5,4,12,14,37,35,0,37,0,12,0,35,0,14,0,1,0,0,0,1,0,0,4
582,0,6,5,11,19,37,28,0,37,0,11,0,28,0,19,0,1,0,0,0,0,1,0,5
583,1,1,0,8,20,40,32,40,0,8,0,32,0,20,0,1,0,1,0,0,0,0,0,0
583,1,3,2,8,13,39,36,39,0,8,0,36,0,13,0,1,0,0,1,0,0,0,2,0
583,1,4,3,7,13,39,36,39,0,7,0,36,0,13,0,1,0,0,0,1,0,0,3,0
583,1,5,4,8,14,40,35,40,0,8,0,35,0,14,0,1,0,0,0,0,1,0,4,0
583,1,6,5,10,11,34,37,34,0,10,0,37,0,11,0,1,0,0,0,0,0,1,5,0
584,1,1,0,22,-999999,36,-999999,36,0,22,0,-999999,0,-999999,0,1,0,1,0,0,0,0,0,0
585,0,1,0,19,15,39,39,0,39,0,19,0,39,0,15,0,1,1,0,0,0,0,0,0
585,0,3,2,17,11,35,38,0,35,0,17,0,38,0,11,0,1,0,1,0,0,0,0,2
585,0,4,3,16,12,35,38,0,35,0,16,0,38,0,12,0,1,0,0,1,0,0,0,3
585,0,5,4,-999999,12,31,37,0,31,0,-999999,0,37,0,12,0,1,0,0,0,1,0,0,4
585,0,6,5,22,11,33,37,0,33,0,22,0,37,0,11,0,1,0,0,0,0,1,0,5
586,1,1,0,10,7,40,40,40,0,10,0,40,0,7,0,1,0,1,0,0,0,0,0,0
586,1,3,2,9,7,40,37,40,0,9,0,37,0,7,0,1,0,0,1,0,0,0,2,0
586,1,4,3,11,-999999,38,-999999,38,0,11,0,-999999,0,-999999,0,1,0,0,0,1,0,0,3,0
586,1,5,4,10,-999999,37,-999999,37,0,10,0,-999999,0,-999999,0,1,0,0,0,0,1,0,4,0
586,1,6,5,14,9,37,36,37,0,14,0,36,0,9,0,1,0,0,0,0,0,1,5,0
587,1,1,0,26,18,36,33,36,0,26,0,33,0,18,0,1,0,1,0,0,0,0,0,0
587,1,3,2,14,19,39,30,39,0,14,0,30,0,19,0,1,0,0,1,0,0,0,2,0
587,1,4,3,15,19,37,34,37,0,15,0,34,0,19,0,1,0,0,0,1,0,0,3,0
587,1,5,4,12,14,38,32,38,0,12,0,32,0,14,0,1,0,0,0,0,1,0,4,0
587,1,6,5,21,15,39,31,39,0,21,0,31,0,15,0,1,0,0,0,0,0,1,5,0
588,1,1,0,10,11,40,40,40,0,10,0,40,0,11,0,1,0,1,0,0,0,0,0,0
588,1,3,2,8,9,37,40,37,0,8,0,40,0,9,0,1,0,0,1,0,0,0,2,0
588,1,4,3,9,8,34,40,34,0,9,0,40,0,8,0,1,0,0,0,1,0,0,3,0
588,1,5,4,7,12,40,39,40,0,7,0,39,0,12,0,1,0,0,0,0,1,0,4,0
588,1,6,5,7,11,40,39,40,0,7,0,39,0,11,0,1,0,0,0,0,0,1,5,0
589,1,3,2,12,12,32,30,32,0,12,0,30,0,12,0,1,0,0,1,0,0,0,2,0
589,1,4,3,10,22,35,31,35,0,10,0,31,0,22,0,1,0,0,0,1,0,0,3,0
589,1,5,4,-999999,13,-999999,27,-999999,0,-999999,0,27,0,13,0,1,0,0,0,0,1,0,4,0
589,1,6,5,20,20,38,35,38,0,20,0,35,0,20,0,1,0,0,0,0,0,1,5,0
590,0,1,0,17,8,40,40,0,40,0,17,0,40,0,8,0,1,1,0,0,0,0,0,0
590,0,3,2,23,10,39,40,0,39,0,23,0,40,0,10,0,1,0,1,0,0,0,0,2
590,0,4,3,25,10,38,40,0,38,0,25,0,40,0,10,0,1,0,0,1,0,0,0,3
590,0,5,4,22,13,39,40,0,39,0,22,0,40,0,13,0,1,0,0,0,1,0,0,4
590,0,6,5,25,14,38,40,0,38,0,25,0,40,0,14,0,1,0,0,0,0,1,0,5
591,1,1,0,13,-999999,38,-999999,38,0,13,0,-999999,0,-999999,0,1,0,1,0,0,0,0,0,0
591,1,3,2,10,-999999,37,-999999,37,0,10,0,-999999,0,-999999,0,1,0,0,1,0,0,0,2,0
591,1,4,3,8,-999999,36,-999999,36,0,8,0,-999999,0,-999999,0,1,0,0,0,1,0,0,3,0
591,1,5,4,10,-999999,36,-999999,36,0,10,0,-999999,0,-999999,0,1,0,0,0,0,1,0,4,0
591,1,6,5,9,-999999,30,-999999,30,0,9,0,-999999,0,-999999,0,1,0,0,0,0,0,1,5,0
592,1,1,0,19,27,39,32,39,0,19,0,32,0,27,0,1,0,1,0,0,0,0,0,0
592,1,3,2,16,26,40,29,40,0,16,0,29,0,26,0,1,0,0,1,0,0,0,2,0
592,1,4,3,14,-999999,39,-999999,39,0,14,0,-999999,0,-999999,0,1,0,0,0,1,0,0,3,0
592,1,5,4,28,21,32,28,32,0,28,0,28,0,21,0,1,0,0,0,0,1,0,4,0
592,1,6,5,22,23,25,26,25,0,22,0,26,0,23,0,1,0,0,0,0,0,1,5,0
593,0,1,0,28,14,36,38,0,36,0,28,0,38,0,14,0,1,1,0,0,0,0,0,0
593,0,3,2,27,16,31,34,0,31,0,27,0,34,0,16,0,1,0,1,0,0,0,0,2
593,0,4,3,23,19,33,37,0,33,0,23,0,37,0,19,0,1,0,0,1,0,0,0,3
593,0,5,4,21,13,36,40,0,36,0,21,0,40,0,13,0,1,0,0,0,1,0,0,4
593,0,6,5,22,14,36,38,0,36,0,22,0,38,0,14,0,1,0,0,0,0,1,0,5
594,0,1,0,23,-999999,37,-999999,0,37,0,23,0,-999999,0,-999999,0,1,1,0,0,0,0,0,0
594,0,4,3,18,-999999,35,-999999,0,35,0,18,0,-999999,0,-999999,0,1,0,0,1,0,0,0,3
594,0,5,4,-999999,19,37.71428571,33,0,37.71428571,0,-999999,0,33,0,19,0,1,0,0,0,1,0,0,4
594,0,6,5,21,-999999,37,-999999,0,37,0,21,0,-999999,0,-999999,0,1,0,0,0,0,1,0,5
595,0,1,0,18,16,38,37,0,38,0,18,0,37,0,16,0,1,1,0,0,0,0,0,0
595,0,3,2,20,17,39,39,0,39,0,20,0,39,0,17,0,1,0,1,0,0,0,0,2
595,0,4,3,17,11,38,38,0,38,0,17,0,38,0,11,0,1,0,0,1,0,0,0,3
595,0,5,4,17,16,34,38,0,34,0,17,0,38,0,16,0,1,0,0,0,1,0,0,4
595,0,6,5,20,18,33,39,0,33,0,20,0,39,0,18,0,1,0,0,0,0,1,0,5
596,0,1,0,18,8,40,40,0,40,0,18,0,40,0,8,0,1,1,0,0,0,0,0,0
596,0,3,2,16,-999999,35,-999999,0,35,0,16,0,-999999,0,-999999,0,1,0,1,0,0,0,0,2
596,0,4,3,20,-999999,38,-999999,0,38,0,20,0,-999999,0,-999999,0,1,0,0,1,0,0,0,3
596,0,5,4,17,16,38,37,0,38,0,17,0,37,0,16,0,1,0,0,0,1,0,0,4
596,0,6,5,17,19,36,39,0,36,0,17,0,39,0,19,0,1,0,0,0,0,1,0,5
597,1,1,0,8,12,38,37,38,0,8,0,37,0,12,0,1,0,1,0,0,0,0,0,0
597,1,3,2,16,21,40,33,40,0,16,0,33,0,21,0,1,0,0,1,0,0,0,2,0
597,1,4,3,15,19,37,29,37,0,15,0,29,0,19,0,1,0,0,0,1,0,0,3,0
597,1,5,4,14,-999999,37,-999999,37,0,14,0,-999999,0,-999999,0,1,0,0,0,0,1,0,4,0
597,1,6,5,15,-999999,36,-999999,36,0,15,0,-999999,0,-999999,0,1,0,0,0,0,0,1,5,0
598,0,1,0,22,-999999,36,-999999,0,36,0,22,0,-999999,0,-999999,0,1,1,0,0,0,0,0,0
598,0,3,2,20,-999999,37,-999999,0,37,0,20,0,-999999,0,-999999,0,1,0,1,0,0,0,0,2
598,0,4,3,18,22,36,25,0,36,0,18,0,25,0,22,0,1,0,0,1,0,0,0,3
598,0,5,4,22,-999999,34,-999999,0,34,0,22,0,-999999,0,-999999,0,1,0,0,0,1,0,0,4
599,1,1,0,17,22,40,34,40,0,17,0,34,0,22,0,1,0,1,0,0,0,0,0,0
599,1,3,2,22,22,36,28,36,0,22,0,28,0,22,0,1,0,0,1,0,0,0,2,0
599,1,4,3,21,18,33,34,33,0,21,0,34,0,18,0,1,0,0,0,1,0,0,3,0
599,1,5,4,27,22,30,28,30,0,27,0,28,0,22,0,1,0,0,0,0,1,0,4,0
599,1,6,5,22,16,31,30,31,0,22,0,30,0,16,0,1,0,0,0,0,0,1,5,0
600,0,1,0,14,-999999,36,-999999,0,36,0,14,0,-999999,0,-999999,0,1,1,0,0,0,0,0,0
600,0,3,2,16,-999999,36,-999999,0,36,0,16,0,-999999,0,-999999,0,1,0,1,0,0,0,0,2
600,0,4,3,15,-999999,38,-999999,0,38,0,15,0,-999999,0,-999999,0,1,0,0,1,0,0,0,3
600,0,5,4,15,-999999,36,-999999,0,36,0,15,0,-999999,0,-999999,0,1,0,0,0,1,0,0,4
600,0,6,5,15,-999999,33,-999999,0,33,0,15,0,-999999,0,-999999,0,1,0,0,0,0,1,0,5
601,0,1,0,15,20,40,31,0,40,0,15,0,31,0,20,0,1,1,0,0,0,0,0,0
601,0,3,2,13,12,40,34,0,40,0,13,0,34,0,12,0,1,0,1,0,0,0,0,2
601,0,4,3,18,9,36,38,0,36,0,18,0,38,0,9,0,1,0,0,1,0,0,0,3
601,0,5,4,15,11,40,38,0,40,0,15,0,38,0,11,0,1,0,0,0,1,0,0,4
601,0,6,5,18,16,39,39,0,39,0,18,0,39,0,16,0,1,0,0,0,0,1,0,5
602,0,1,0,10,14,35,40,0,35,0,10,0,40,0,14,0,1,1,0,0,0,0,0,0
602,0,3,2,16,-999999,40,-999999,0,40,0,16,0,-999999,0,-999999,0,1,0,1,0,0,0,0,2
602,0,4,3,15,14,39,33,0,39,0,15,0,33,0,14,0,1,0,0,1,0,0,0,3
602,0,5,4,16,15,40,33,0,40,0,16,0,33,0,15,0,1,0,0,0,1,0,0,4
602,0,6,5,20,14,40,34,0,40,0,20,0,34,0,14,0,1,0,0,0,0,1,0,5
603,0,3,2,23,19,31,38,0,31,0,23,0,38,0,19,0,1,0,1,0,0,0,0,2
603,0,4,3,15,22,34,34,0,34,0,15,0,34,0,22,0,1,0,0,1,0,0,0,3
603,0,5,4,17,16,30,36,0,30,0,17,0,36,0,16,0,1,0,0,0,1,0,0,4
603,0,6,5,12,18,39,36,0,39,0,12,0,36,0,18,0,1,0,0,0,0,1,0,5
604,1,1,0,9,17,40,37,40,0,9,0,37,0,17,0,1,0,1,0,0,0,0,0,0
604,1,3,2,9,21,36,35,36,0,9,0,35,0,21,0,1,0,0,1,0,0,0,2,0
604,1,4,3,12,14,38,37,38,0,12,0,37,0,14,0,1,0,0,0,1,0,0,3,0
604,1,5,4,7,17,39,34,39,0,7,0,34,0,17,0,1,0,0,0,0,1,0,4,0
604,1,6,5,8,17,40,35,40,0,8,0,35,0,17,0,1,0,0,0,0,0,1,5,0
605,0,1,0,14,-999999,35,-999999,0,35,0,14,0,-999999,0,-999999,0,1,1,0,0,0,0,0,0
605,0,3,2,13,-999999,31,-999999,0,31,0,13,0,-999999,0,-999999,0,1,0,1,0,0,0,0,2
605,0,4,3,13,-999999,37,-999999,0,37,0,13,0,-999999,0,-999999,0,1,0,0,1,0,0,0,3
605,0,5,4,13,-999999,36,-999999,0,36,0,13,0,-999999,0,-999999,0,1,0,0,0,1,0,0,4
605,0,6,5,30,-999999,32,-999999,0,32,0,30,0,-999999,0,-999999,0,1,0,0,0,0,1,0,5
606,0,1,0,15,-999999,39,-999999,0,39,0,15,0,-999999,0,-999999,0,1,1,0,0,0,0,0,0
606,0,3,2,9,-999999,37,-999999,0,37,0,9,0,-999999,0,-999999,0,1,0,1,0,0,0,0,2
606,0,4,3,8,-999999,40,-999999,0,40,0,8,0,-999999,0,-999999,0,1,0,0,1,0,0,0,3
606,0,5,4,9,-999999,39,-999999,0,39,0,9,0,-999999,0,-999999,0,1,0,0,0,1,0,0,4
606,0,6,5,7,-999999,40,-999999,0,40,0,7,0,-999999,0,-999999,0,1,0,0,0,0,1,0,5
607,1,1,0,22,10,39,40,39,0,22,0,40,0,10,0,1,0,1,0,0,0,0,0,0
607,1,3,2,23,-999999,39,-999999,39,0,23,0,-999999,0,-999999,0,1,0,0,1,0,0,0,2,0
607,1,4,3,17,19,37,34,37,0,17,0,34,0,19,0,1,0,0,0,1,0,0,3,0
607,1,5,4,17,9,38,40,38,0,17,0,40,0,9,0,1,0,0,0,0,1,0,4,0
607,1,6,5,26,21,36,28,36,0,26,0,28,0,21,0,1,0,0,0,0,0,1,5,0
608,0,1,0,19,-999999,33,-999999,0,33,0,19,0,-999999,0,-999999,0,1,1,0,0,0,0,0,0
608,0,3,2,23,-999999,29,-999999,0,29,0,23,0,-999999,0,-999999,0,1,0,1,0,0,0,0,2
608,0,4,3,15,-999999,27,-999999,0,27,0,15,0,-999999,0,-999999,0,1,0,0,1,0,0,0,3
608,0,5,4,19,-999999,27,-999999,0,27,0,19,0,-999999,0,-999999,0,1,0,0,0,1,0,0,4
609,1,4,3,16,-999999,40,-999999,40,0,16,0,-999999,0,-999999,0,1,0,0,0,1,0,0,3,0
609,1,5,4,21,-999999,37,-999999,37,0,21,0,-999999,0,-999999,0,1,0,0,0,0,1,0,4,0
609,1,6,5,21,-999999,38,-999999,38,0,21,0,-999999,0,-999999,0,1,0,0,0,0,0,1,5,0
610,1,1,0,14,13,38,39,38,0,14,0,39,0,13,0,1,0,1,0,0,0,0,0,0
610,1,3,2,18,16,38,36,38,0,18,0,36,0,16,0,1,0,0,1,0,0,0,2,0
610,1,4,3,14,11,39,40,39,0,14,0,40,0,11,0,1,0,0,0,1,0,0,3,0
610,1,5,4,11,13,40,39,40,0,11,0,39,0,13,0,1,0,0,0,0,1,0,4,0
610,1,6,5,18,16,33,39,33,0,18,0,39,0,16,0,1,0,0,0,0,0,1,5,0
611,1,1,0,22,-999999,39,-999999,39,0,22,0,-999999,0,-999999,0,1,0,1,0,0,0,0,0,0
611,1,3,2,24,-999999,37,-999999,37,0,24,0,-999999,0,-999999,0,1,0,0,1,0,0,0,2,0
611,1,4,3,24,25,39,35,39,0,24,0,35,0,25,0,1,0,0,0,1,0,0,3,0
611,1,5,4,24,25,37,35,37,0,24,0,35,0,25,0,1,0,0,0,0,1,0,4,0
611,1,6,5,14,18,40,35,40,0,14,0,35,0,18,0,1,0,0,0,0,0,1,5,0
612,0,3,2,11,8,39,40,0,39,0,11,0,40,0,8,0,1,0,1,0,0,0,0,2
612,0,4,3,10,-999999,40,-999999,0,40,0,10,0,-999999,0,-999999,0,1,0,0,1,0,0,0,3
612,0,5,4,14,8,40,39,0,40,0,14,0,39,0,8,0,1,0,0,0,1,0,0,4
612,0,6,5,18,8,40,40,0,40,0,18,0,40,0,8,0,1,0,0,0,0,1,0,5
613,1,1,0,8,-999999,39,-999999,39,0,8,0,-999999,0,-999999,0,1,0,1,0,0,0,0,0,0
613,1,3,2,21,18,40,32,40,0,21,0,32,0,18,0,1,0,0,1,0,0,0,2,0
613,1,4,3,22,18,40,33,40,0,22,0,33,0,18,0,1,0,0,0,1,0,0,3,0
613,1,5,4,16,15,40,33,40,0,16,0,33,0,15,0,1,0,0,0,0,1,0,4,0
613,1,6,5,23,-999999,39,-999999,39,0,23,0,-999999,0,-999999,0,1,0,0,0,0,0,1,5,0
614,0,1,0,16,13,40,40,0,40,0,16,0,40,0,13,0,1,1,0,0,0,0,0,0
614,0,3,2,17,15,35,39,0,35,0,17,0,39,0,15,0,1,0,1,0,0,0,0,2
614,0,4,3,17,14,35,40,0,35,0,17,0,40,0,14,0,1,0,0,1,0,0,0,3
614,0,5,4,27,18,31,35,0,31,0,27,0,35,0,18,0,1,0,0,0,1,0,0,4
614,0,6,5,28,21,31,36,0,31,0,28,0,36,0,21,0,1,0,0,0,0,1,0,5
615,0,1,0,15,12,40,36,0,40,0,15,0,36,0,12,0,1,1,0,0,0,0,0,0
615,0,3,2,13,14,39,38,0,39,0,13,0,38,0,14,0,1,0,1,0,0,0,0,2
615,0,4,3,12,9,38,35,0,38,0,12,0,35,0,9,0,1,0,0,1,0,0,0,3
615,0,5,4,18,11,36,37,0,36,0,18,0,37,0,11,0,1,0,0,0,1,0,0,4
615,0,6,5,16,16,35,29,0,35,0,16,0,29,0,16,0,1,0,0,0,0,1,0,5
616,1,1,0,11,12,38,31,38,0,11,0,31,0,12,0,1,0,1,0,0,0,0,0,0
616,1,3,2,7,14,33,30,33,0,7,0,30,0,14,0,1,0,0,1,0,0,0,2,0
616,1,4,3,10,11,34,33,34,0,10,0,33,0,11,0,1,0,0,0,1,0,0,3,0
616,1,5,4,11,17,35,36,35,0,11,0,36,0,17,0,1,0,0,0,0,1,0,4,0
616,1,6,5,9,13,36,36,36,0,9,0,36,0,13,0,1,0,0,0,0,0,1,5,0
617,1,1,0,21,9,37,38,37,0,21,0,38,0,9,0,1,0,1,0,0,0,0,0,0
617,1,3,2,21,9,40,35,40,0,21,0,35,0,9,0,1,0,0,1,0,0,0,2,0
617,1,4,3,17,10,39,38,39,0,17,0,38,0,10,0,1,0,0,0,1,0,0,3,0
617,1,5,4,21,11,37,38,37,0,21,0,38,0,11,0,1,0,0,0,0,1,0,4,0
617,1,6,5,16,10,36,35,36,0,16,0,35,0,10,0,1,0,0,0,0,0,1,5,0
618,1,3,2,15,8,38,33,38,0,15,0,33,0,8,0,1,0,0,1,0,0,0,2,0
618,1,4,3,11,8,37,29,37,0,11,0,29,0,8,0,1,0,0,0,1,0,0,3,0
618,1,5,4,11,8,36,33,36,0,11,0,33,0,8,0,1,0,0,0,0,1,0,4,0
618,1,6,5,12,9,40,32,40,0,12,0,32,0,9,0,1,0,0,0,0,0,1,5,0
619,1,1,0,17,7,38,39,38,0,17,0,39,0,7,0,1,0,1,0,0,0,0,0,0
619,1,3,2,13,22,36,36,36,0,13,0,36,0,22,0,1,0,0,1,0,0,0,2,0
619,1,4,3,12,12,36,37,36,0,12,0,37,0,12,0,1,0,0,0,1,0,0,3,0
619,1,5,4,16,13,36,34,36,0,16,0,34,0,13,0,1,0,0,0,0,1,0,4,0
620,0,1,0,17,-999999,40,-999999,0,40,0,17,0,-999999,0,-999999,0,1,1,0,0,0,0,0,0
620,0,4,3,13,9,38,22,0,38,0,13,0,22,0,9,0,1,0,0,1,0,0,0,3
620,0,5,4,17,14,38,25,0,38,0,17,0,25,0,14,0,1,0,0,0,1,0,0,4
620,0,6,5,18,16,38,18,0,38,0,18,0,18,0,16,0,1,0,0,0,0,1,0,5
621,0,1,0,18,14,39,36,0,39,0,18,0,36,0,14,0,1,1,0,0,0,0,0,0
621,0,3,2,24,19,35,29,0,35,0,24,0,29,0,19,0,1,0,1,0,0,0,0,2
621,0,4,3,12,22,39,30,0,39,0,12,0,30,0,22,0,1,0,0,1,0,0,0,3
621,0,5,4,14,-999999,39,-999999,0,39,0,14,0,-999999,0,-999999,0,1,0,0,0,1,0,0,4
621,0,6,5,28,22,36,32,0,36,0,28,0,32,0,22,0,1,0,0,0,0,1,0,5
622,0,3,2,22,-999999,29,-999999,0,29,0,22,0,-999999,0,-999999,0,1,0,1,0,0,0,0,2
622,0,4,3,22,-999999,27,-999999,0,27,0,22,0,-999999,0,-999999,0,1,0,0,1,0,0,0,3
622,0,5,4,26,-999999,30,-999999,0,30,0,26,0,-999999,0,-999999,0,1,0,0,0,1,0,0,4
622,0,6,5,18,-999999,27,-999999,0,27,0,18,0,-999999,0,-999999,0,1,0,0,0,0,1,0,5
623,0,1,0,21,-999999,40,-999999,0,40,0,21,0,-999999,0,-999999,0,1,1,0,0,0,0,0,0
623,0,3,2,18,-999999,39,-999999,0,39,0,18,0,-999999,0,-999999,0,1,0,1,0,0,0,0,2
623,0,4,3,15,-999999,39,-999999,0,39,0,15,0,-999999,0,-999999,0,1,0,0,1,0,0,0,3
623,0,5,4,21,-999999,40,-999999,0,40,0,21,0,-999999,0,-999999,0,1,0,0,0,1,0,0,4
623,0,6,5,24,26,36,27,0,36,0,24,0,27,0,26,0,1,0,0,0,0,1,0,5
624,0,1,0,10,-999999,37,-999999,0,37,0,10,0,-999999,0,-999999,0,1,1,0,0,0,0,0,0
624,0,3,2,18,12,38,38,0,38,0,18,0,38,0,12,0,1,0,1,0,0,0,0,2
624,0,6,5,18,11,38,36,0,38,0,18,0,36,0,11,0,1,0,0,0,0,1,0,5
625,1,1,0,10,-999999,37,-999999,37,0,10,0,-999999,0,-999999,0,1,0,1,0,0,0,0,0,0
625,1,3,2,8,24,36,39,36,0,8,0,39,0,24,0,1,0,0,1,0,0,0,2,0
625,1,4,3,10,20,32,38,32,0,10,0,38,0,20,0,1,0,0,0,1,0,0,3,0
625,1,5,4,13,27,30,32,30,0,13,0,32,0,27,0,1,0,0,0,0,1,0,4,0
625,1,6,5,19,25,30,36,30,0,19,0,36,0,25,0,1,0,0,0,0,0,1,5,0
626,1,1,0,16,10,40,38,40,0,16,0,38,0,10,0,1,0,1,0,0,0,0,0,0
626,1,4,3,18,13,37,33,37,0,18,0,33,0,13,0,1,0,0,0,1,0,0,3,0
626,1,5,4,16,-999999,37,-999999,37,0,16,0,-999999,0,-999999,0,1,0,0,0,0,1,0,4,0
626,1,6,5,12,13,38,32,38,0,12,0,32,0,13,0,1,0,0,0,0,0,1,5,0
627,0,1,0,14,12,36,40,0,36,0,14,0,40,0,12,0,1,1,0,0,0,0,0,0
627,0,3,2,14,9,37,39,0,37,0,14,0,39,0,9,0,1,0,1,0,0,0,0,2
627,0,4,3,16,8,40,39,0,40,0,16,0,39,0,8,0,1,0,0,1,0,0,0,3
627,0,5,4,13,9,36,40,0,36,0,13,0,40,0,9,0,1,0,0,0,1,0,0,4
627,0,6,5,17,7,36,40,0,36,0,17,0,40,0,7,0,1,0,0,0,0,1,0,5
628,0,1,0,22,15,37,35,0,37,0,22,0,35,0,15,0,1,1,0,0,0,0,0,0
628,0,3,2,16,20,36,35,0,36,0,16,0,35,0,20,0,1,0,1,0,0,0,0,2
628,0,4,3,23,28,38,33,0,38,0,23,0,33,0,28,0,1,0,0,1,0,0,0,3
628,0,5,4,21,22,37,32,0,37,0,21,0,32,0,22,0,1,0,0,0,1,0,0,4
628,0,6,5,23,26,32,34,0,32,0,23,0,34,0,26,0,1,0,0,0,0,1,0,5
629,1,1,0,12,16,34,40,34,0,12,0,40,0,16,0,1,0,1,0,0,0,0,0,0
629,1,3,2,23,18,32,40,32,0,23,0,40,0,18,0,1,0,0,1,0,0,0,2,0
629,1,4,3,20,19,31,37,31,0,20,0,37,0,19,0,1,0,0,0,1,0,0,3,0
629,1,5,4,24,19,36,38,36,0,24,0,38,0,19,0,1,0,0,0,0,1,0,4,0
629,1,6,5,13,25,36,37,36,0,13,0,37,0,25,0,1,0,0,0,0,0,1,5,0
630,0,1,0,24,19,37,38,0,37,0,24,0,38,0,19,0,1,1,0,0,0,0,0,0
630,0,3,2,24,22,38,38,0,38,0,24,0,38,0,22,0,1,0,1,0,0,0,0,2
630,0,4,3,21,18,36,40,0,36,0,21,0,40,0,18,0,1,0,0,1,0,0,0,3
630,0,5,4,23,18,38,39,0,38,0,23,0,39,0,18,0,1,0,0,0,1,0,0,4
630,0,6,5,17,22,35,38,0,35,0,17,0,38,0,22,0,1,0,0,0,0,1,0,5
631,0,1,0,9,7,40,40,0,40,0,9,0,40,0,7,0,1,1,0,0,0,0,0,0
631,0,3,2,10,8,40,38,0,40,0,10,0,38,0,8,0,1,0,1,0,0,0,0,2
631,0,4,3,9,8,40,39,0,40,0,9,0,39,0,8,0,1,0,0,1,0,0,0,3
631,0,5,4,12,12,40,40,0,40,0,12,0,40,0,12,0,1,0,0,0,1,0,0,4
631,0,6,5,12,7,40,38,0,40,0,12,0,38,0,7,0,1,0,0,0,0,1,0,5
632,1,1,0,14,10,37,39,37,0,14,0,39,0,10,0,1,0,1,0,0,0,0,0,0
632,1,3,2,12,8,37,34,37,0,12,0,34,0,8,0,1,0,0,1,0,0,0,2,0
632,1,4,3,12,11,38,39,38,0,12,0,39,0,11,0,1,0,0,0,1,0,0,3,0
632,1,5,4,11,11,32,37,32,0,11,0,37,0,11,0,1,0,0,0,0,1,0,4,0
632,1,6,5,16,15,34,35,34,0,16,0,35,0,15,0,1,0,0,0,0,0,1,5,0
633,1,3,2,10,-999999,38,-999999,38,0,10,0,-999999,0,-999999,0,1,0,0,1,0,0,0,2,0
633,1,4,3,10,-999999,37,-999999,37,0,10,0,-999999,0,-999999,0,1,0,0,0,1,0,0,3,0
633,1,5,4,9,-999999,37,-999999,37,0,9,0,-999999,0,-999999,0,1,0,0,0,0,1,0,4,0
633,1,6,5,8,-999999,39,-999999,39,0,8,0,-999999,0,-999999,0,1,0,0,0,0,0,1,5,0
634,0,1,0,10,7,40,40,0,40,0,10,0,40,0,7,0,1,1,0,0,0,0,0,0
634,0,3,2,10,7,40,40,0,40,0,10,0,40,0,7,0,1,0,1,0,0,0,0,2
634,0,4,3,13,9,40,40,0,40,0,13,0,40,0,9,0,1,0,0,1,0,0,0,3
634,0,5,4,12,13,40,38,0,40,0,12,0,38,0,13,0,1,0,0,0,1,0,0,4
634,0,6,5,13,8,40,38,0,40,0,13,0,38,0,8,0,1,0,0,0,0,1,0,5
635,1,1,0,8,18,36,38,36,0,8,0,38,0,18,0,1,0,1,0,0,0,0,0,0
635,1,3,2,9,13,37,35,37,0,9,0,35,0,13,0,1,0,0,1,0,0,0,2,0
635,1,4,3,8,16,36,35,36,0,8,0,35,0,16,0,1,0,0,0,1,0,0,3,0
635,1,5,4,9,18,36,35,36,0,9,0,35,0,18,0,1,0,0,0,0,1,0,4,0
635,1,6,5,9,15,36,36,36,0,9,0,36,0,15,0,1,0,0,0,0,0,1,5,0
636,1,1,0,14,11,35,33,35,0,14,0,33,0,11,0,1,0,1,0,0,0,0,0,0
636,1,3,2,13,13,39,32,39,0,13,0,32,0,13,0,1,0,0,1,0,0,0,2,0
636,1,4,3,12,12,33,33,33,0,12,0,33,0,12,0,1,0,0,0,1,0,0,3,0
636,1,5,4,23,21,36,31,36,0,23,0,31,0,21,0,1,0,0,0,0,1,0,4,0
636,1,6,5,19,19,36,35,36,0,19,0,35,0,19,0,1,0,0,0,0,0,1,5,0
637,0,1,0,21,14,37,34,0,37,0,21,0,34,0,14,0,1,1,0,0,0,0,0,0
637,0,3,2,14,10,40,36,0,40,0,14,0,36,0,10,0,1,0,1,0,0,0,0,2
637,0,4,3,15,11,40,36,0,40,0,15,0,36,0,11,0,1,0,0,1,0,0,0,3
637,0,5,4,15,14,40,32,0,40,0,15,0,32,0,14,0,1,0,0,0,1,0,0,4
637,0,6,5,20,11,38,37,0,38,0,20,0,37,0,11,0,1,0,0,0,0,1,0,5
638,0,1,0,9,-999999,38,-999999,0,38,0,9,0,-999999,0,-999999,0,1,1,0,0,0,0,0,0
638,0,3,2,14,-999999,36,-999999,0,36,0,14,0,-999999,0,-999999,0,1,0,1,0,0,0,0,2
638,0,4,3,14,16,40,35,0,40,0,14,0,35,0,16,0,1,0,0,1,0,0,0,3
638,0,5,4,13,-999999,39,-999999,0,39,0,13,0,-999999,0,-999999,0,1,0,0,0,1,0,0,4
638,0,6,5,9,17,35,32,0,35,0,9,0,32,0,17,0,1,0,0,0,0,1,0,5
639,1,4,3,11,14,40,30,40,0,11,0,30,0,14,0,1,0,0,0,1,0,0,3,0
639,1,5,4,18,-999999,40,-999999,40,0,18,0,-999999,0,-999999,0,1,0,0,0,0,1,0,4,0
639,1,6,5,21,-999999,40,-999999,40,0,21,0,-999999,0,-999999,0,1,0,0,0,0,0,1,5,0
640,1,1,0,8,8,40,38,40,0,8,0,38,0,8,0,1,0,1,0,0,0,0,0,0
640,1,3,2,10,12,40,37,40,0,10,0,37,0,12,0,1,0,0,1,0,0,0,2,0
640,1,4,3,7,17,40,32,40,0,7,0,32,0,17,0,1,0,0,0,1,0,0,3,0
640,1,5,4,8,14,40,36,40,0,8,0,36,0,14,0,1,0,0,0,0,1,0,4,0
640,1,6,5,7,16,40,32,40,0,7,0,32,0,16,0,1,0,0,0,0,0,1,5,0
641,0,1,0,15,21,39,36,0,39,0,15,0,36,0,21,0,1,1,0,0,0,0,0,0
641,0,3,2,24,21,38,36,0,38,0,24,0,36,0,21,0,1,0,1,0,0,0,0,2
641,0,4,3,20,21,37,34,0,37,0,20,0,34,0,21,0,1,0,0,1,0,0,0,3
641,0,5,4,17,22,31,33,0,31,0,17,0,33,0,22,0,1,0,0,0,1,0,0,4
641,0,6,5,18,23,27,26,0,27,0,18,0,26,0,23,0,1,0,0,0,0,1,0,5
642,1,1,0,7,13,40,36,40,0,7,0,36,0,13,0,1,0,1,0,0,0,0,0,0
642,1,3,2,10,15,38,39,38,0,10,0,39,0,15,0,1,0,0,1,0,0,0,2,0
642,1,4,3,13,17,39,37,39,0,13,0,37,0,17,0,1,0,0,0,1,0,0,3,0
642,1,5,4,18,19,39,31,39,0,18,0,31,0,19,0,1,0,0,0,0,1,0,4,0
642,1,6,5,8,18,40,37,40,0,8,0,37,0,18,0,1,0,0,0,0,0,1,5,0
643,0,1,0,9,11,40,40,0,40,0,9,0,40,0,11,0,1,1,0,0,0,0,0,0
643,0,3,2,9,9,39,40,0,39,0,9,0,40,0,9,0,1,0,1,0,0,0,0,2
643,0,4,3,9,7,37,40,0,37,0,9,0,40,0,7,0,1,0,0,1,0,0,0,3
643,0,5,4,12,12,40,36,0,40,0,12,0,36,0,12,0,1,0,0,0,1,0,0,4
643,0,6,5,16,18,35,37,0,35,0,16,0,37,0,18,0,1,0,0,0,0,1,0,5
644,0,1,0,14,7,40,39,0,40,0,14,0,39,0,7,0,1,1,0,0,0,0,0,0
644,0,3,2,-999999,21,-999999,39,0,-999999,0,-999999,0,39,0,21,0,1,0,1,0,0,0,0,2
644,0,4,3,20,7,38,39,0,38,0,20,0,39,0,7,0,1,0,0,1,0,0,0,3
644,0,5,4,12,8,36,40,0,36,0,12,0,40,0,8,0,1,0,0,0,1,0,0,4
644,0,6,5,19,10,35,40,0,35,0,19,0,40,0,10,0,1,0,0,0,0,1,0,5
645,0,1,0,25,-999999,40,-999999,0,40,0,25,0,-999999,0,-999999,0,1,1,0,0,0,0,0,0
645,0,3,2,20,-999999,39,-999999,0,39,0,20,0,-999999,0,-999999,0,1,0,1,0,0,0,0,2
645,0,4,3,23,-999999,39,-999999,0,39,0,23,0,-999999,0,-999999,0,1,0,0,1,0,0,0,3
645,0,5,4,25,-999999,38,-999999,0,38,0,25,0,-999999,0,-999999,0,1,0,0,0,1,0,0,4
645,0,6,5,25,-999999,35,-999999,0,35,0,25,0,-999999,0,-999999,0,1,0,0,0,0,1,0,5
646,0,1,0,14,-999999,40,-999999,0,40,0,14,0,-999999,0,-999999,0,1,1,0,0,0,0,0,0
646,0,3,2,22,-999999,39,-999999,0,39,0,22,0,-999999,0,-999999,0,1,0,1,0,0,0,0,2
646,0,4,3,12,-999999,39,-999999,0,39,0,12,0,-999999,0,-999999,0,1,0,0,1,0,0,0,3
646,0,5,4,27,-999999,39,-999999,0,39,0,27,0,-999999,0,-999999,0,1,0,0,0,1,0,0,4
646,0,6,5,15,-999999,39,-999999,0,39,0,15,0,-999999,0,-999999,0,1,0,0,0,0,1,0,5
647,0,1,0,8,10,40,39,0,40,0,8,0,39,0,10,0,1,1,0,0,0,0,0,0
647,0,3,2,9,14,39,38,0,39,0,9,0,38,0,14,0,1,0,1,0,0,0,0,2
647,0,4,3,12,15,38,39,0,38,0,12,0,39,0,15,0,1,0,0,1,0,0,0,3
647,0,5,4,8,12,36,33,0,36,0,8,0,33,0,12,0,1,0,0,0,1,0,0,4
647,0,6,5,9,-999999,38,-999999,0,38,0,9,0,-999999,0,-999999,0,1,0,0,0,0,1,0,5
648,1,1,0,8,10,39,40,39,0,8,0,40,0,10,0,1,0,1,0,0,0,0,0,0
648,1,3,2,10,13,40,39,40,0,10,0,39,0,13,0,1,0,0,1,0,0,0,2,0
648,1,4,3,7,-999999,39,-999999,39,0,7,0,-999999,0,-999999,0,1,0,0,0,1,0,0,3,0
648,1,5,4,8,18,40,37,40,0,8,0,37,0,18,0,1,0,0,0,0,1,0,4,0
648,1,6,5,8,14,40,38,40,0,8,0,38,0,14,0,1,0,0,0,0,0,1,5,0
649,1,1,0,8,18,40,37,40,0,8,0,37,0,18,0,1,0,1,0,0,0,0,0,0
649,1,3,2,12,17,37,34,37,0,12,0,34,0,17,0,1,0,0,1,0,0,0,2,0
649,1,4,3,17,18,37,32,37,0,17,0,32,0,18,0,1,0,0,0,1,0,0,3,0
649,1,5,4,15,19,37,35,37,0,15,0,35,0,19,0,1,0,0,0,0,1,0,4,0
649,1,6,5,17,23,36,34,36,0,17,0,34,0,23,0,1,0,0,0,0,0,1,5,0
650,1,1,0,21,23,38,36,38,0,21,0,36,0,23,0,1,0,1,0,0,0,0,0,0
651,1,1,0,21,10,34,37,34,0,21,0,37,0,10,0,1,0,1,0,0,0,0,0,0
651,1,3,2,22,16,35,26.28571429,35,0,22,0,26.28571429,0,16,0,1,0,0,1,0,0,0,2,0
651,1,4,3,21,16,36,38,36,0,21,0,38,0,16,0,1,0,0,0,1,0,0,3,0
651,1,5,4,17,15,39,36,39,0,17,0,36,0,15,0,1,0,0,0,0,1,0,4,0
651,1,6,5,20,14,36,39,36,0,20,0,39,0,14,0,1,0,0,0,0,0,1,5,0
652,1,1,0,11,-999999,40,-999999,40,0,11,0,-999999,0,-999999,0,1,0,1,0,0,0,0,0,0
652,1,3,2,16,-999999,38,-999999,38,0,16,0,-999999,0,-999999,0,1,0,0,1,0,0,0,2,0
652,1,4,3,11,-999999,40,-999999,40,0,11,0,-999999,0,-999999,0,1,0,0,0,1,0,0,3,0
652,1,5,4,16,-999999,40,-999999,40,0,16,0,-999999,0,-999999,0,1,0,0,0,0,1,0,4,0
652,1,6,5,15,-999999,39,-999999,39,0,15,0,-999999,0,-999999,0,1,0,0,0,0,0,1,5,0
653,1,3,2,7,9,37,39,37,0,7,0,39,0,9,0,1,0,0,1,0,0,0,2,0
653,1,4,3,7,10,40,40,40,0,7,0,40,0,10,0,1,0,0,0,1,0,0,3,0
653,1,5,4,7,11,39,39,39,0,7,0,39,0,11,0,1,0,0,0,0,1,0,4,0
653,1,6,5,12,7,35,38,35,0,12,0,38,0,7,0,1,0,0,0,0,0,1,5,0
654,0,1,0,19,13,38,35,0,38,0,19,0,35,0,13,0,1,1,0,0,0,0,0,0
654,0,3,2,15,14,39,30,0,39,0,15,0,30,0,14,0,1,0,1,0,0,0,0,2
654,0,4,3,21,14,36,33,0,36,0,21,0,33,0,14,0,1,0,0,1,0,0,0,3
654,0,5,4,15,15,33,26,0,33,0,15,0,26,0,15,0,1,0,0,0,1,0,0,4
654,0,6,5,11,-999999,34,-999999,0,34,0,11,0,-999999,0,-999999,0,1,0,0,0,0,1,0,5
655,1,1,0,20,10,33,37,33,0,20,0,37,0,10,0,1,0,1,0,0,0,0,0,0
655,1,3,2,22,13,36,40,36,0,22,0,40,0,13,0,1,0,0,1,0,0,0,2,0
655,1,4,3,21,17,32,37,32,0,21,0,37,0,17,0,1,0,0,0,1,0,0,3,0
655,1,5,4,19,14,32,40,32,0,19,0,40,0,14,0,1,0,0,0,0,1,0,4,0
655,1,6,5,20,14,31,34,31,0,20,0,34,0,14,0,1,0,0,0,0,0,1,5,0
656,1,1,0,25,22,37,37,37,0,25,0,37,0,22,0,1,0,1,0,0,0,0,0,0
656,1,3,2,24,19,34,34,34,0,24,0,34,0,19,0,1,0,0,1,0,0,0,2,0
656,1,4,3,20,21,31,36,31,0,20,0,36,0,21,0,1,0,0,0,1,0,0,3,0
656,1,5,4,18,22,32,31,32,0,18,0,31,0,22,0,1,0,0,0,0,1,0,4,0
656,1,6,5,19,25,29,32,29,0,19,0,32,0,25,0,1,0,0,0,0,0,1,5,0
657,1,1,0,9,14,34,36,34,0,9,0,36,0,14,0,1,0,1,0,0,0,0,0,0
657,1,3,2,11,15,37,34,37,0,11,0,34,0,15,0,1,0,0,1,0,0,0,2,0
657,1,4,3,16,13,38,34,38,0,16,0,34,0,13,0,1,0,0,0,1,0,0,3,0
657,1,5,4,14,19,36,32,36,0,14,0,32,0,19,0,1,0,0,0,0,1,0,4,0
657,1,6,5,13,16,35,29,35,0,13,0,29,0,16,0,1,0,0,0,0,0,1,5,0
658,1,1,0,21,19,35,38,35,0,21,0,38,0,19,0,1,0,1,0,0,0,0,0,0
658,1,3,2,12,16,38,33,38,0,12,0,33,0,16,0,1,0,0,1,0,0,0,2,0
658,1,4,3,16,19,36,39,36,0,16,0,39,0,19,0,1,0,0,0,1,0,0,3,0
658,1,5,4,17,20,38,34,38,0,17,0,34,0,20,0,1,0,0,0,0,1,0,4,0
658,1,6,5,20,20,36,34,36,0,20,0,34,0,20,0,1,0,0,0,0,0,1,5,0
659,0,1,0,21,-999999,40,-999999,0,40,0,21,0,-999999,0,-999999,0,1,1,0,0,0,0,0,0
659,0,3,2,31,-999999,33,-999999,0,33,0,31,0,-999999,0,-999999,0,1,0,1,0,0,0,0,2
659,0,4,3,21,-999999,37,-999999,0,37,0,21,0,-999999,0,-999999,0,1,0,0,1,0,0,0,3
659,0,5,4,26,-999999,37,-999999,0,37,0,26,0,-999999,0,-999999,0,1,0,0,0,1,0,0,4
659,0,6,5,20,-999999,28,-999999,0,28,0,20,0,-999999,0,-999999,0,1,0,0,0,0,1,0,5
660,0,1,0,16,7,39,38,0,39,0,16,0,38,0,7,0,1,1,0,0,0,0,0,0
660,0,3,2,15,-999999,36,-999999,0,36,0,15,0,-999999,0,-999999,0,1,0,1,0,0,0,0,2
660,0,4,3,26,-999999,36,-999999,0,36,0,26,0,-999999,0,-999999,0,1,0,0,1,0,0,0,3
660,0,5,4,21,-999999,34,-999999,0,34,0,21,0,-999999,0,-999999,0,1,0,0,0,1,0,0,4
660,0,6,5,25,-999999,33,-999999,0,33,0,25,0,-999999,0,-999999,0,1,0,0,0,0,1,0,5
661,0,1,0,16,-999999,40,-999999,0,40,0,16,0,-999999,0,-999999,0,1,1,0,0,0,0,0,0
662,1,1,0,7,7,40,40,40,0,7,0,40,0,7,0,1,0,1,0,0,0,0,0,0
662,1,3,2,8,8,38,40,38,0,8,0,40,0,8,0,1,0,0,1,0,0,0,2,0
662,1,4,3,10,8,38,39,38,0,10,0,39,0,8,0,1,0,0,0,1,0,0,3,0
662,1,5,4,10,11,39,39,39,0,10,0,39,0,11,0,1,0,0,0,0,1,0,4,0
662,1,6,5,13,11,37,35,37,0,13,0,35,0,11,0,1,0,0,0,0,0,1,5,0
663,1,1,0,17,10,38,35,38,0,17,0,35,0,10,0,1,0,1,0,0,0,0,0,0
663,1,3,2,17,10,33,33,33,0,17,0,33,0,10,0,1,0,0,1,0,0,0,2,0
663,1,4,3,16,8,35,33,35,0,16,0,33,0,8,0,1,0,0,0,1,0,0,3,0
663,1,5,4,15,10,32,32,32,0,15,0,32,0,10,0,1,0,0,0,0,1,0,4,0
663,1,6,5,18,-999999,32,-999999,32,0,18,0,-999999,0,-999999,0,1,0,0,0,0,0,1,5,0
664,0,1,0,21,14,38,40,0,38,0,21,0,40,0,14,0,1,1,0,0,0,0,0,0
664,0,3,2,25,15,39,36,0,39,0,25,0,36,0,15,0,1,0,1,0,0,0,0,2
664,0,4,3,16,18,35,34,0,35,0,16,0,34,0,18,0,1,0,0,1,0,0,0,3
664,0,5,4,15,16,37,36,0,37,0,15,0,36,0,16,0,1,0,0,0,1,0,0,4
664,0,6,5,18,12,30,35,0,30,0,18,0,35,0,12,0,1,0,0,0,0,1,0,5
665,1,1,0,18,13,38,39,38,0,18,0,39,0,13,0,1,0,1,0,0,0,0,0,0
665,1,3,2,12,14,37,36,37,0,12,0,36,0,14,0,1,0,0,1,0,0,0,2,0
665,1,4,3,17,-999999,35,-999999,35,0,17,0,-999999,0,-999999,0,1,0,0,0,1,0,0,3,0
665,1,5,4,10,-999999,39,-999999,39,0,10,0,-999999,0,-999999,0,1,0,0,0,0,1,0,4,0
665,1,6,5,15,-999999,36,-999999,36,0,15,0,-999999,0,-999999,0,1,0,0,0,0,0,1,5,0
666,0,1,0,10,11,40,39,0,40,0,10,0,39,0,11,0,1,1,0,0,0,0,0,0
666,0,3,2,10,12,40,37,0,40,0,10,0,37,0,12,0,1,0,1,0,0,0,0,2
666,0,4,3,17,14,40,40,0,40,0,17,0,40,0,14,0,1,0,0,1,0,0,0,3
666,0,5,4,13,15,39,34,0,39,0,13,0,34,0,15,0,1,0,0,0,1,0,0,4
666,0,6,5,11,17,37,38,0,37,0,11,0,38,0,17,0,1,0,0,0,0,1,0,5
667,0,1,0,17,17,37,36,0,37,0,17,0,36,0,17,0,1,1,0,0,0,0,0,0
667,0,3,2,18,22,38,37,0,38,0,18,0,37,0,22,0,1,0,1,0,0,0,0,2
667,0,4,3,18,19,34,31,0,34,0,18,0,31,0,19,0,1,0,0,1,0,0,0,3
667,0,5,4,17,15,32,37,0,32,0,17,0,37,0,15,0,1,0,0,0,1,0,0,4
667,0,6,5,21,23,36,34,0,36,0,21,0,34,0,23,0,1,0,0,0,0,1,0,5
668,1,1,0,23,13,36,35,36,0,23,0,35,0,13,0,1,0,1,0,0,0,0,0,0
668,1,3,2,23,-999999,39,-999999,39,0,23,0,-999999,0,-999999,0,1,0,0,1,0,0,0,2,0
668,1,4,3,21,21,39,40,39,0,21,0,40,0,21,0,1,0,0,0,1,0,0,3,0
668,1,5,4,21,-999999,38,-999999,38,0,21,0,-999999,0,-999999,0,1,0,0,0,0,1,0,4,0
668,1,6,5,24,19,38,36,38,0,24,0,36,0,19,0,1,0,0,0,0,0,1,5,0
669,0,1,0,21,13,38,32,0,38,0,21,0,32,0,13,0,1,1,0,0,0,0,0,0
669,0,5,4,22,-999999,32,-999999,0,32,0,22,0,-999999,0,-999999,0,1,0,0,0,1,0,0,4
669,0,6,5,15,-999999,35,-999999,0,35,0,15,0,-999999,0,-999999,0,1,0,0,0,0,1,0,5
670,0,1,0,7,-999999,40,-999999,0,40,0,7,0,-999999,0,-999999,0,1,1,0,0,0,0,0,0
670,0,3,2,8,-999999,40,-999999,0,40,0,8,0,-999999,0,-999999,0,1,0,1,0,0,0,0,2
670,0,4,3,7,7,40,39,0,40,0,7,0,39,0,7,0,1,0,0,1,0,0,0,3
670,0,5,4,7,-999999,40,-999999,0,40,0,7,0,-999999,0,-999999,0,1,0,0,0,1,0,0,4
670,0,6,5,11,-999999,37,-999999,0,37,0,11,0,-999999,0,-999999,0,1,0,0,0,0,1,0,5
671,1,1,0,9,15,35,38,35,0,9,0,38,0,15,0,1,0,1,0,0,0,0,0,0
671,1,3,2,17,15,37,40,37,0,17,0,40,0,15,0,1,0,0,1,0,0,0,2,0
671,1,4,3,14,13,36,39,36,0,14,0,39,0,13,0,1,0,0,0,1,0,0,3,0
671,1,5,4,11,13,28,39,28,0,11,0,39,0,13,0,1,0,0,0,0,1,0,4,0
671,1,6,5,10,9,36,38,36,0,10,0,38,0,9,0,1,0,0,0,0,0,1,5,0
672,1,1,0,8,15,40,39,40,0,8,0,39,0,15,0,1,0,1,0,0,0,0,0,0
672,1,3,2,13,14,40,39,40,0,13,0,39,0,14,0,1,0,0,1,0,0,0,2,0
672,1,4,3,10,15,40,38,40,0,10,0,38,0,15,0,1,0,0,0,1,0,0,3,0
672,1,5,4,7,-999999,40,-999999,40,0,7,0,-999999,0,-999999,0,1,0,0,0,0,1,0,4,0
672,1,6,5,8,-999999,40,-999999,40,0,8,0,-999999,0,-999999,0,1,0,0,0,0,0,1,5,0
673,0,6,5,10,-999999,40,-999999,0,40,0,10,0,-999999,0,-999999,0,1,0,0,0,0,1,0,5
674,1,1,0,11,16,37,35,37,0,11,0,35,0,16,0,1,0,1,0,0,0,0,0,0
674,1,3,2,11,16,37,37,37,0,11,0,37,0,16,0,1,0,0,1,0,0,0,2,0
674,1,4,3,10,25,37,33,37,0,10,0,33,0,25,0,1,0,0,0,1,0,0,3,0
674,1,5,4,12,22,37,36,37,0,12,0,36,0,22,0,1,0,0,0,0,1,0,4,0
674,1,6,5,8,27,35,32,35,0,8,0,32,0,27,0,1,0,0,0,0,0,1,5,0
675,0,1,0,8,9,40,38,0,40,0,8,0,38,0,9,0,1,1,0,0,0,0,0,0
675,0,3,2,10,11,40,39,0,40,0,10,0,39,0,11,0,1,0,1,0,0,0,0,2
675,0,4,3,8,10,40,40,0,40,0,8,0,40,0,10,0,1,0,0,1,0,0,0,3
675,0,5,4,10,12,40,37,0,40,0,10,0,37,0,12,0,1,0,0,0,1,0,0,4
675,0,6,5,7,8,40,39,0,40,0,7,0,39,0,8,0,1,0,0,0,0,1,0,5
676,1,1,0,11,-999999,35,-999999,35,0,11,0,-999999,0,-999999,0,1,0,1,0,0,0,0,0,0
676,1,3,2,18,15,39,35,39,0,18,0,35,0,15,0,1,0,0,1,0,0,0,2,0
676,1,4,3,13,14,40,39,40,0,13,0,39,0,14,0,1,0,0,0,1,0,0,3,0
676,1,5,4,13,13,39,34,39,0,13,0,34,0,13,0,1,0,0,0,0,1,0,4,0
676,1,6,5,12,11,38,36,38,0,12,0,36,0,11,0,1,0,0,0,0,0,1,5,0
677,1,3,2,23,-999999,39,-999999,39,0,23,0,-999999,0,-999999,0,1,0,0,1,0,0,0,2,0
677,1,4,3,20,-999999,40,-999999,40,0,20,0,-999999,0,-999999,0,1,0,0,0,1,0,0,3,0
677,1,5,4,24,-999999,40,-999999,40,0,24,0,-999999,0,-999999,0,1,0,0,0,0,1,0,4,0
677,1,6,5,-999999,-999999,40,-999999,40,0,-999999,0,-999999,0,-999999,0,1,0,0,0,0,0,1,5,0
678,0,1,0,9,13,40,40,0,40,0,9,0,40,0,13,0,1,1,0,0,0,0,0,0
678,0,3,2,21,17,35,36,0,35,0,21,0,36,0,17,0,1,0,1,0,0,0,0,2
678,0,4,3,25,17,39,39,0,39,0,25,0,39,0,17,0,1,0,0,1,0,0,0,3
678,0,5,4,24,14,39,40,0,39,0,24,0,40,0,14,0,1,0,0,0,1,0,0,4
678,0,6,5,30,23,36,36,0,36,0,30,0,36,0,23,0,1,0,0,0,0,1,0,5
679,1,1,0,9,-999999,32,-999999,32,0,9,0,-999999,0,-999999,0,1,0,1,0,0,0,0,0,0
679,1,3,2,12,-999999,37,-999999,37,0,12,0,-999999,0,-999999,0,1,0,0,1,0,0,0,2,0
679,1,4,3,8,-999999,39,-999999,39,0,8,0,-999999,0,-999999,0,1,0,0,0,1,0,0,3,0
679,1,5,4,18,-999999,31,-999999,31,0,18,0,-999999,0,-999999,0,1,0,0,0,0,1,0,4,0
679,1,6,5,16,-999999,36,-999999,36,0,16,0,-999999,0,-999999,0,1,0,0,0,0,0,1,5,0
680,1,1,0,17,-999999,33,-999999,33,0,17,0,-999999,0,-999999,0,1,0,1,0,0,0,0,0,0
680,1,3,2,17,10,33,34,33,0,17,0,34,0,10,0,1,0,0,1,0,0,0,2,0
680,1,4,3,19,-999999,31,-999999,31,0,19,0,-999999,0,-999999,0,1,0,0,0,1,0,0,3,0
680,1,5,4,13,-999999,35,-999999,35,0,13,0,-999999,0,-999999,0,1,0,0,0,0,1,0,4,0
680,1,6,5,16,-999999,30,-999999,30,0,16,0,-999999,0,-999999,0,1,0,0,0,0,0,1,5,0
681,0,1,0,11,19,40,35,0,40,0,11,0,35,0,19,0,1,1,0,0,0,0,0,0
681,0,3,2,15,16,39,34,0,39,0,15,0,34,0,16,0,1,0,1,0,0,0,0,2
681,0,4,3,16,22,38,30,0,38,0,16,0,30,0,22,0,1,0,0,1,0,0,0,3
681,0,5,4,12,-999999,38,-999999,0,38,0,12,0,-999999,0,-999999,0,1,0,0,0,1,0,0,4
681,0,6,5,17,25,40,31,0,40,0,17,0,31,0,25,0,1,0,0,0,0,1,0,5
682,0,1,0,23,-999999,40,-999999,0,40,0,23,0,-999999,0,-999999,0,1,1,0,0,0,0,0,0
683,1,3,2,31,27,27,32,27,0,31,0,32,0,27,0,1,0,0,1,0,0,0,2,0
684,1,1,0,8,10,40,39,40,0,8,0,39,0,10,0,1,0,1,0,0,0,0,0,0
684,1,3,2,7,10,40,34,40,0,7,0,34,0,10,0,1,0,0,1,0,0,0,2,0
684,1,4,3,7,9,40,36,40,0,7,0,36,0,9,0,1,0,0,0,1,0,0,3,0
684,1,5,4,7,12,39,34,39,0,7,0,34,0,12,0,1,0,0,0,0,1,0,4,0
684,1,6,5,8,11,36,27,36,0,8,0,27,0,11,0,1,0,0,0,0,0,1,5,0
685,1,1,0,18,13,40,40,40,0,18,0,40,0,13,0,1,0,1,0,0,0,0,0,0
685,1,3,2,16,16,40,24,40,0,16,0,24,0,16,0,1,0,0,1,0,0,0,2,0
685,1,4,3,17,14,38,40,38,0,17,0,40,0,14,0,1,0,0,0,1,0,0,3,0
685,1,5,4,25,16,37,39,37,0,25,0,39,0,16,0,1,0,0,0,0,1,0,4,0
685,1,6,5,22,16,39,40,39,0,22,0,40,0,16,0,1,0,0,0,0,0,1,5,0
686,0,1,0,11,9,39,40,0,39,0,11,0,40,0,9,0,1,1,0,0,0,0,0,0
686,0,3,2,13,-999999,38,-999999,0,38,0,13,0,-999999,0,-999999,0,1,0,1,0,0,0,0,2
686,0,4,3,13,-999999,35,-999999,0,35,0,13,0,-999999,0,-999999,0,1,0,0,1,0,0,0,3
686,0,5,4,13,-999999,35,-999999,0,35,0,13,0,-999999,0,-999999,0,1,0,0,0,1,0,0,4
686,0,6,5,17,-999999,36,-999999,0,36,0,17,0,-999999,0,-999999,0,1,0,0,0,0,1,0,5
687,1,1,0,27,11,38,40,38,0,27,0,40,0,11,0,1,0,1,0,0,0,0,0,0
687,1,3,2,21,16,37,37,37,0,21,0,37,0,16,0,1,0,0,1,0,0,0,2,0
688,1,1,0,11,13,38,36,38,0,11,0,36,0,13,0,1,0,1,0,0,0,0,0,0
688,1,3,2,12,11,36,37,36,0,12,0,37,0,11,0,1,0,0,1,0,0,0,2,0
688,1,4,3,8,11,39,39,39,0,8,0,39,0,11,0,1,0,0,0,1,0,0,3,0
688,1,5,4,12,16,33,37,33,0,12,0,37,0,16,0,1,0,0,0,0,1,0,4,0
688,1,6,5,10,14,36,39,36,0,10,0,39,0,14,0,1,0,0,0,0,0,1,5,0
689,1,3,2,15,-999999,38,-999999,38,0,15,0,-999999,0,-999999,0,1,0,0,1,0,0,0,2,0
689,1,4,3,17,-999999,38,-999999,38,0,17,0,-999999,0,-999999,0,1,0,0,0,1,0,0,3,0
689,1,5,4,23,-999999,37,-999999,37,0,23,0,-999999,0,-999999,0,1,0,0,0,0,1,0,4,0
689,1,6,5,16,-999999,36,-999999,36,0,16,0,-999999,0,-999999,0,1,0,0,0,0,0,1,5,0
690,1,3,2,10,-999999,39,-999999,39,0,10,0,-999999,0,-999999,0,1,0,0,1,0,0,0,2,0
690,1,4,3,13,-999999,38,-999999,38,0,13,0,-999999,0,-999999,0,1,0,0,0,1,0,0,3,0
690,1,5,4,14,-999999,36,-999999,36,0,14,0,-999999,0,-999999,0,1,0,0,0,0,1,0,4,0
690,1,6,5,12,-999999,35,-999999,35,0,12,0,-999999,0,-999999,0,1,0,0,0,0,0,1,5,0
691,1,1,0,17,22,40,36,40,0,17,0,36,0,22,0,1,0,1,0,0,0,0,0,0
691,1,3,2,18,16,40,37,40,0,18,0,37,0,16,0,1,0,0,1,0,0,0,2,0
691,1,4,3,14,25,40,38,40,0,14,0,38,0,25,0,1,0,0,0,1,0,0,3,0
691,1,5,4,19,18,36,35,36,0,19,0,35,0,18,0,1,0,0,0,0,1,0,4,0
691,1,6,5,12,13,40,37,40,0,12,0,37,0,13,0,1,0,0,0,0,0,1,5,0
692,0,1,0,8,10,40,39,0,40,0,8,0,39,0,10,0,1,1,0,0,0,0,0,0
692,0,3,2,8,8,40,37,0,40,0,8,0,37,0,8,0,1,0,1,0,0,0,0,2
692,0,4,3,8,7,36,39,0,36,0,8,0,39,0,7,0,1,0,0,1,0,0,0,3
692,0,5,4,9,-999999,38,-999999,0,38,0,9,0,-999999,0,-999999,0,1,0,0,0,1,0,0,4
692,0,6,5,14,-999999,38,-999999,0,38,0,14,0,-999999,0,-999999,0,1,0,0,0,0,1,0,5
693,0,1,0,8,9,40,40,0,40,0,8,0,40,0,9,0,1,1,0,0,0,0,0,0
693,0,3,2,8,8,40,38,0,40,0,8,0,38,0,8,0,1,0,1,0,0,0,0,2
693,0,4,3,7,10,40,31,0,40,0,7,0,31,0,10,0,1,0,0,1,0,0,0,3
693,0,5,4,9,8,38,38,0,38,0,9,0,38,0,8,0,1,0,0,0,1,0,0,4
693,0,6,5,10,13,40,38,0,40,0,10,0,38,0,13,0,1,0,0,0,0,1,0,5
694,0,1,0,19,-999999,40,-999999,0,40,0,19,0,-999999,0,-999999,0,1,1,0,0,0,0,0,0
695,0,1,0,18,19,35,36,0,35,0,18,0,36,0,19,0,1,1,0,0,0,0,0,0
695,0,3,2,15,21,36,40,0,36,0,15,0,40,0,21,0,1,0,1,0,0,0,0,2
695,0,4,3,13,12,32,36,0,32,0,13,0,36,0,12,0,1,0,0,1,0,0,0,3
695,0,5,4,13,18,36,37,0,36,0,13,0,37,0,18,0,1,0,0,0,1,0,0,4
695,0,6,5,8,12,37,39,0,37,0,8,0,39,0,12,0,1,0,0,0,0,1,0,5
696,0,1,0,10,15,37,39,0,37,0,10,0,39,0,15,0,1,1,0,0,0,0,0,0
697,0,1,0,26,13,34,37,0,34,0,26,0,37,0,13,0,1,1,0,0,0,0,0,0
697,0,3,2,22,12,30,35,0,30,0,22,0,35,0,12,0,1,0,1,0,0,0,0,2
697,0,4,3,18,13,33,39,0,33,0,18,0,39,0,13,0,1,0,0,1,0,0,0,3
697,0,5,4,18,18,31,35,0,31,0,18,0,35,0,18,0,1,0,0,0,1,0,0,4
697,0,6,5,15,14,36,36,0,36,0,15,0,36,0,14,0,1,0,0,0,0,1,0,5
698,0,3,2,20,17,40,35,0,40,0,20,0,35,0,17,0,1,0,1,0,0,0,0,2
698,0,4,3,13,15,39,40,0,39,0,13,0,40,0,15,0,1,0,0,1,0,0,0,3
698,0,5,4,22,12,40,39,0,40,0,22,0,39,0,12,0,1,0,0,0,1,0,0,4
698,0,6,5,22,15,40,40,0,40,0,22,0,40,0,15,0,1,0,0,0,0,1,0,5
699,0,1,0,7,11,39,36,0,39,0,7,0,36,0,11,0,1,1,0,0,0,0,0,0
699,0,3,2,10,14,37,37,0,37,0,10,0,37,0,14,0,1,0,1,0,0,0,0,2
699,0,4,3,9,10,38,38,0,38,0,9,0,38,0,10,0,1,0,0,1,0,0,0,3
699,0,5,4,14,11,37,37,0,37,0,14,0,37,0,11,0,1,0,0,0,1,0,0,4
699,0,6,5,9,14,40,35,0,40,0,9,0,35,0,14,0,1,0,0,0,0,1,0,5
700,1,1,0,20,20,38,37,38,0,20,0,37,0,20,0,1,0,1,0,0,0,0,0,0
700,1,3,2,14,24,38,35,38,0,14,0,35,0,24,0,1,0,0,1,0,0,0,2,0
700,1,4,3,13,21,39,37,39,0,13,0,37,0,21,0,1,0,0,0,1,0,0,3,0
700,1,5,4,13,18,36,31,36,0,13,0,31,0,18,0,1,0,0,0,0,1,0,4,0
700,1,6,5,14,27,38,36,38,0,14,0,36,0,27,0,1,0,0,0,0,0,1,5,0
701,0,1,0,14,-999999,37,-999999,0,37,0,14,0,-999999,0,-999999,0,1,1,0,0,0,0,0,0
701,0,3,2,14,-999999,37,-999999,0,37,0,14,0,-999999,0,-999999,0,1,0,1,0,0,0,0,2
701,0,4,3,11,-999999,38,-999999,0,38,0,11,0,-999999,0,-999999,0,1,0,0,1,0,0,0,3
701,0,5,4,17,-999999,38,-999999,0,38,0,17,0,-999999,0,-999999,0,1,0,0,0,1,0,0,4
701,0,6,5,15,-999999,37,-999999,0,37,0,15,0,-999999,0,-999999,0,1,0,0,0,0,1,0,5
702,1,1,0,9,-999999,34,-999999,34,0,9,0,-999999,0,-999999,0,1,0,1,0,0,0,0,0,0
702,1,3,2,31,-999999,34,-999999,34,0,31,0,-999999,0,-999999,0,1,0,0,1,0,0,0,2,0
702,1,5,4,8,-999999,36,-999999,36,0,8,0,-999999,0,-999999,0,1,0,0,0,0,1,0,4,0
702,1,6,5,13,-999999,39,-999999,39,0,13,0,-999999,0,-999999,0,1,0,0,0,0,0,1,5,0
703,1,4,3,11,8,39,35,39,0,11,0,35,0,8,0,1,0,0,0,1,0,0,3,0
703,1,5,4,7,17,40,32,40,0,7,0,32,0,17,0,1,0,0,0,0,1,0,4,0
703,1,6,5,20,-999999,33,-999999,33,0,20,0,-999999,0,-999999,0,1,0,0,0,0,0,1,5,0
704,0,1,0,12,9,35,40,0,35,0,12,0,40,0,9,0,1,1,0,0,0,0,0,0
704,0,3,2,11,9,36,39,0,36,0,11,0,39,0,9,0,1,0,1,0,0,0,0,2
704,0,4,3,10,8,40,37,0,40,0,10,0,37,0,8,0,1,0,0,1,0,0,0,3
704,0,5,4,11,10,39,38,0,39,0,11,0,38,0,10,0,1,0,0,0,1,0,0,4
704,0,6,5,13,8,38,39,0,38,0,13,0,39,0,8,0,1,0,0,0,0,1,0,5
705,1,1,0,8,14,36,36,36,0,8,0,36,0,14,0,1,0,1,0,0,0,0,0,0
705,1,3,2,16,16,39,35,39,0,16,0,35,0,16,0,1,0,0,1,0,0,0,2,0
705,1,4,3,8,16,40,32,40,0,8,0,32,0,16,0,1,0,0,0,1,0,0,3,0
705,1,5,4,7,15,38,34,38,0,7,0,34,0,15,0,1,0,0,0,0,1,0,4,0
705,1,6,5,12,14,37,34,37,0,12,0,34,0,14,0,1,0,0,0,0,0,1,5,0
706,1,3,2,16,16,36,36,36,0,16,0,36,0,16,0,1,0,0,1,0,0,0,2,0
706,1,4,3,16,15,37,37,37,0,16,0,37,0,15,0,1,0,0,0,1,0,0,3,0
706,1,5,4,24,-999999,37,-999999,37,0,24,0,-999999,0,-999999,0,1,0,0,0,0,1,0,4,0
706,1,6,5,11,11,37,37,37,0,11,0,37,0,11,0,1,0,0,0,0,0,1,5,0
707,0,1,0,7,12,34,37,0,34,0,7,0,37,0,12,0,1,1,0,0,0,0,0,0
707,0,3,2,10,8,34,39,0,34,0,10,0,39,0,8,0,1,0,1,0,0,0,0,2
708,0,1,0,16,20,40,36,0,40,0,16,0,36,0,20,0,1,1,0,0,0,0,0,0
708,0,3,2,17,21,39,37,0,39,0,17,0,37,0,21,0,1,0,1,0,0,0,0,2
708,0,4,3,19,-999999,39,-999999,0,39,0,19,0,-999999,0,-999999,0,1,0,0,1,0,0,0,3
708,0,5,4,16,18,40,33,0,40,0,16,0,33,0,18,0,1,0,0,0,1,0,0,4
708,0,6,5,20,21,40,38,0,40,0,20,0,38,0,21,0,1,0,0,0,0,1,0,5
709,0,1,0,10,13,40,34,0,40,0,10,0,34,0,13,0,1,1,0,0,0,0,0,0
709,0,3,2,10,14,40,36,0,40,0,10,0,36,0,14,0,1,0,1,0,0,0,0,2
710,0,1,0,9,10,40,34,0,40,0,9,0,34,0,10,0,1,1,0,0,0,0,0,0
710,0,3,2,19,8,39,36,0,39,0,19,0,36,0,8,0,1,0,1,0,0,0,0,2
710,0,4,3,8,13,40,39,0,40,0,8,0,39,0,13,0,1,0,0,1,0,0,0,3
710,0,5,4,9,9,40,34,0,40,0,9,0,34,0,9,0,1,0,0,0,1,0,0,4
711,0,1,0,12,19,37,30,0,37,0,12,0,30,0,19,0,1,1,0,0,0,0,0,0
711,0,3,2,14,20,38,36,0,38,0,14,0,36,0,20,0,1,0,1,0,0,0,0,2
711,0,4,3,20,18,38,35,0,38,0,20,0,35,0,18,0,1,0,0,1,0,0,0,3
711,0,5,4,13,14,38,33,0,38,0,13,0,33,0,14,0,1,0,0,0,1,0,0,4
711,0,6,5,20,15,40,33,0,40,0,20,0,33,0,15,0,1,0,0,0,0,1,0,5
712,0,1,0,26,-999999,38,-999999,0,38,0,26,0,-999999,0,-999999,0,1,1,0,0,0,0,0,0
712,0,3,2,19,-999999,37,-999999,0,37,0,19,0,-999999,0,-999999,0,1,0,1,0,0,0,0,2
712,0,4,3,22,23,36,20,0,36,0,22,0,20,0,23,0,1,0,0,1,0,0,0,3
712,0,6,5,28,-999999,33,-999999,0,33,0,28,0,-999999,0,-999999,0,1,0,0,0,0,1,0,5
713,0,1,0,19,-999999,35,-999999,0,35,0,19,0,-999999,0,-999999,0,1,1,0,0,0,0,0,0
713,0,3,2,15,20,37,40,0,37,0,15,0,40,0,20,0,1,0,1,0,0,0,0,2
713,0,6,5,21,23,39,40,0,39,0,21,0,40,0,23,0,1,0,0,0,0,1,0,5
714,0,1,0,8,10,40,36,0,40,0,8,0,36,0,10,0,1,1,0,0,0,0,0,0
714,0,3,2,15,10,40,38,0,40,0,15,0,38,0,10,0,1,0,1,0,0,0,0,2
714,0,4,3,11,9,40,40,0,40,0,11,0,40,0,9,0,1,0,0,1,0,0,0,3
714,0,5,4,10,12,39,38,0,39,0,10,0,38,0,12,0,1,0,0,0,1,0,0,4
714,0,6,5,8,12,40,36,0,40,0,8,0,36,0,12,0,1,0,0,0,0,1,0,5
715,1,1,0,16,11,37,39,37,0,16,0,39,0,11,0,1,0,1,0,0,0,0,0,0
715,1,3,2,20,14,38,37,38,0,20,0,37,0,14,0,1,0,0,1,0,0,0,2,0
715,1,4,3,22,12,36,37,36,0,22,0,37,0,12,0,1,0,0,0,1,0,0,3,0
715,1,5,4,22,15,35,33,35,0,22,0,33,0,15,0,1,0,0,0,0,1,0,4,0
715,1,6,5,24,18,27,33,27,0,24,0,33,0,18,0,1,0,0,0,0,0,1,5,0
716,1,3,2,11,9,40,39,40,0,11,0,39,0,9,0,1,0,0,1,0,0,0,2,0
716,1,4,3,8,11,39,36,39,0,8,0,36,0,11,0,1,0,0,0,1,0,0,3,0
716,1,5,4,10,15,40,36,40,0,10,0,36,0,15,0,1,0,0,0,0,1,0,4,0
716,1,6,5,11,14,39,35,39,0,11,0,35,0,14,0,1,0,0,0,0,0,1,5,0
717,0,1,0,8,19,40,32,0,40,0,8,0,32,0,19,0,1,1,0,0,0,0,0,0
717,0,3,2,7,-999999,40,-999999,0,40,0,7,0,-999999,0,-999999,0,1,0,1,0,0,0,0,2
717,0,4,3,7,-999999,40,-999999,0,40,0,7,0,-999999,0,-999999,0,1,0,0,1,0,0,0,3
717,0,5,4,7,-999999,40,-999999,0,40,0,7,0,-999999,0,-999999,0,1,0,0,0,1,0,0,4
717,0,6,5,8,24,39,31,0,39,0,8,0,31,0,24,0,1,0,0,0,0,1,0,5
718,0,1,0,19,-999999,38,-999999,0,38,0,19,0,-999999,0,-999999,0,1,1,0,0,0,0,0,0
718,0,3,2,26,14,38,38,0,38,0,26,0,38,0,14,0,1,0,1,0,0,0,0,2
718,0,4,3,23,-999999,37,-999999,0,37,0,23,0,-999999,0,-999999,0,1,0,0,1,0,0,0,3
718,0,5,4,18,14,39,37,0,39,0,18,0,37,0,14,0,1,0,0,0,1,0,0,4
718,0,6,5,22,16,39,38,0,39,0,22,0,38,0,16,0,1,0,0,0,0,1,0,5
719,1,1,0,-999999,10,-999999,36,-999999,0,-999999,0,36,0,10,0,1,0,1,0,0,0,0,0,0
719,1,4,3,11,-999999,40,-999999,40,0,11,0,-999999,0,-999999,0,1,0,0,0,1,0,0,3,0
719,1,6,5,8,12,39,33,39,0,8,0,33,0,12,0,1,0,0,0,0,0,1,5,0
720,0,1,0,8,16,40,33,0,40,0,8,0,33,0,16,0,1,1,0,0,0,0,0,0
720,0,3,2,9,10,37,29,0,37,0,9,0,29,0,10,0,1,0,1,0,0,0,0,2
720,0,4,3,8,17,40,34,0,40,0,8,0,34,0,17,0,1,0,0,1,0,0,0,3
720,0,5,4,30,10,29,29,0,29,0,30,0,29,0,10,0,1,0,0,0,1,0,0,4
720,0,6,5,14,7,36,34,0,36,0,14,0,34,0,7,0,1,0,0,0,0,1,0,5
721,0,1,0,8,-999999,40,-999999,0,40,0,8,0,-999999,0,-999999,0,1,1,0,0,0,0,0,0
721,0,3,2,9,-999999,40,-999999,0,40,0,9,0,-999999,0,-999999,0,1,0,1,0,0,0,0,2
721,0,4,3,7,-999999,40,-999999,0,40,0,7,0,-999999,0,-999999,0,1,0,0,1,0,0,0,3
721,0,5,4,7,-999999,40,-999999,0,40,0,7,0,-999999,0,-999999,0,1,0,0,0,1,0,0,4
721,0,6,5,12,-999999,40,-999999,0,40,0,12,0,-999999,0,-999999,0,1,0,0,0,0,1,0,5
722,0,1,0,18,-999999,38,-999999,0,38,0,18,0,-999999,0,-999999,0,1,1,0,0,0,0,0,0
722,0,3,2,18,-999999,38,-999999,0,38,0,18,0,-999999,0,-999999,0,1,0,1,0,0,0,0,2
722,0,4,3,15,-999999,40,-999999,0,40,0,15,0,-999999,0,-999999,0,1,0,0,1,0,0,0,3
722,0,5,4,10,-999999,38,-999999,0,38,0,10,0,-999999,0,-999999,0,1,0,0,0,1,0,0,4
722,0,6,5,16,-999999,37,-999999,0,37,0,16,0,-999999,0,-999999,0,1,0,0,0,0,1,0,5
723,1,5,4,11,-999999,38,-999999,38,0,11,0,-999999,0,-999999,0,1,0,0,0,0,1,0,4,0
723,1,6,5,13,-999999,36,-999999,36,0,13,0,-999999,0,-999999,0,1,0,0,0,0,0,1,5,0
724,0,1,0,-999999,12,-999999,39,0,-999999,0,-999999,0,39,0,12,0,1,1,0,0,0,0,0,0
725,1,1,0,22,13,40,37,40,0,22,0,37,0,13,0,1,0,1,0,0,0,0,0,0
725,1,3,2,21,9,40,38,40,0,21,0,38,0,9,0,1,0,0,1,0,0,0,2,0
725,1,4,3,21,15,39,37,39,0,21,0,37,0,15,0,1,0,0,0,1,0,0,3,0
726,0,1,0,15,-999999,36,-999999,0,36,0,15,0,-999999,0,-999999,0,1,1,0,0,0,0,0,0
726,0,3,2,20,19,36,31,0,36,0,20,0,31,0,19,0,1,0,1,0,0,0,0,2
726,0,4,3,20,14,37,37,0,37,0,20,0,37,0,14,0,1,0,0,1,0,0,0,3
726,0,5,4,21,23,30,26,0,30,0,21,0,26,0,23,0,1,0,0,0,1,0,0,4
726,0,6,5,20,-999999,31,-999999,0,31,0,20,0,-999999,0,-999999,0,1,0,0,0,0,1,0,5
727,1,1,0,12,18,38,36,38,0,12,0,36,0,18,0,1,0,1,0,0,0,0,0,0
727,1,3,2,10,12,38,36,38,0,10,0,36,0,12,0,1,0,0,1,0,0,0,2,0
727,1,4,3,15,23,34,30,34,0,15,0,30,0,23,0,1,0,0,0,1,0,0,3,0
727,1,5,4,24,26,28,22,28,0,24,0,22,0,26,0,1,0,0,0,0,1,0,4,0
727,1,6,5,22,25,32,25,32,0,22,0,25,0,25,0,1,0,0,0,0,0,1,5,0
728,0,1,0,21,-999999,38,-999999,0,38,0,21,0,-999999,0,-999999,0,1,1,0,0,0,0,0,0
728,0,3,2,12,-999999,38,-999999,0,38,0,12,0,-999999,0,-999999,0,1,0,1,0,0,0,0,2
729,1,1,0,23,18,40,38,40,0,23,0,38,0,18,0,1,0,1,0,0,0,0,0,0
729,1,3,2,27,20,39,37,39,0,27,0,37,0,20,0,1,0,0,1,0,0,0,2,0
729,1,4,3,28,16,39,38,39,0,28,0,38,0,16,0,1,0,0,0,1,0,0,3,0
729,1,5,4,19,-999999,38,-999999,38,0,19,0,-999999,0,-999999,0,1,0,0,0,0,1,0,4,0
729,1,6,5,26,21,36,36,36,0,26,0,36,0,21,0,1,0,0,0,0,0,1,5,0
730,1,1,0,17,22,40,38,40,0,17,0,38,0,22,0,1,0,1,0,0,0,0,0,0
730,1,3,2,23,16,37,38,37,0,23,0,38,0,16,0,1,0,0,1,0,0,0,2,0
730,1,4,3,15,18,39,38,39,0,15,0,38,0,18,0,1,0,0,0,1,0,0,3,0
730,1,5,4,13,13,37,37,37,0,13,0,37,0,13,0,1,0,0,0,0,1,0,4,0
730,1,6,5,20,18,35,39,35,0,20,0,39,0,18,0,1,0,0,0,0,0,1,5,0
731,0,1,0,7,-999999,39,-999999,0,39,0,7,0,-999999,0,-999999,0,1,1,0,0,0,0,0,0
731,0,3,2,7,8,40,39,0,40,0,7,0,39,0,8,0,1,0,1,0,0,0,0,2
731,0,4,3,7,9,38,34,0,38,0,7,0,34,0,9,0,1,0,0,1,0,0,0,3
731,0,5,4,10,11,36,35,0,36,0,10,0,35,0,11,0,1,0,0,0,1,0,0,4
731,0,6,5,9,9,35,33,0,35,0,9,0,33,0,9,0,1,0,0,0,0,1,0,5
732,0,1,0,8,13,40,35,0,40,0,8,0,35,0,13,0,1,1,0,0,0,0,0,0
732,0,3,2,8,12,40,36,0,40,0,8,0,36,0,12,0,1,0,1,0,0,0,0,2
732,0,4,3,7,15,40,35,0,40,0,7,0,35,0,15,0,1,0,0,1,0,0,0,3
732,0,5,4,8,12,40,36,0,40,0,8,0,36,0,12,0,1,0,0,0,1,0,0,4
732,0,6,5,8,11,40,36,0,40,0,8,0,36,0,11,0,1,0,0,0,0,1,0,5
733,0,1,0,22,20,37,37,0,37,0,22,0,37,0,20,0,1,1,0,0,0,0,0,0
733,0,3,2,20,18,37,30,0,37,0,20,0,30,0,18,0,1,0,1,0,0,0,0,2
733,0,4,3,20,20,36,25,0,36,0,20,0,25,0,20,0,1,0,0,1,0,0,0,3
733,0,5,4,20,20,38,27,0,38,0,20,0,27,0,20,0,1,0,0,0,1,0,0,4
733,0,6,5,18,19,35,24,0,35,0,18,0,24,0,19,0,1,0,0,0,0,1,0,5
734,1,1,0,7,-999999,40,-999999,40,0,7,0,-999999,0,-999999,0,1,0,1,0,0,0,0,0,0
734,1,3,2,12,14,39,27,39,0,12,0,27,0,14,0,1,0,0,1,0,0,0,2,0
734,1,4,3,7,12,40,33,40,0,7,0,33,0,12,0,1,0,0,0,1,0,0,3,0
734,1,5,4,11,13,40,32,40,0,11,0,32,0,13,0,1,0,0,0,0,1,0,4,0
734,1,6,5,8,13,40,31,40,0,8,0,31,0,13,0,1,0,0,0,0,0,1,5,0
735,0,1,0,16,25,39,33,0,39,0,16,0,33,0,25,0,1,1,0,0,0,0,0,0
735,0,3,2,26,25,36,31,0,36,0,26,0,31,0,25,0,1,0,1,0,0,0,0,2
735,0,4,3,19,-999999,38,-999999,0,38,0,19,0,-999999,0,-999999,0,1,0,0,1,0,0,0,3
735,0,5,4,10,23,40,35,0,40,0,10,0,35,0,23,0,1,0,0,0,1,0,0,4
735,0,6,5,10,26,40,36,0,40,0,10,0,36,0,26,0,1,0,0,0,0,1,0,5
736,1,1,0,20,14,34,39,34,0,20,0,39,0,14,0,1,0,1,0,0,0,0,0,0
736,1,3,2,27,13,22,35,22,0,27,0,35,0,13,0,1,0,0,1,0,0,0,2,0
736,1,4,3,27,11,22,38,22,0,27,0,38,0,11,0,1,0,0,0,1,0,0,3,0
736,1,5,4,27,11,25,36,25,0,27,0,36,0,11,0,1,0,0,0,0,1,0,4,0
736,1,6,5,24,11,12,37,12,0,24,0,37,0,11,0,1,0,0,0,0,0,1,5,0
737,0,1,0,22,14,37,39,0,37,0,22,0,39,0,14,0,1,1,0,0,0,0,0,0
737,0,3,2,28,14,30,33,0,30,0,28,0,33,0,14,0,1,0,1,0,0,0,0,2
737,0,4,3,28,23,31,30,0,31,0,28,0,30,0,23,0,1,0,0,1,0,0,0,3
737,0,5,4,28,12,28,36,0,28,0,28,0,36,0,12,0,1,0,0,0,1,0,0,4
737,0,6,5,26,22,30,29,0,30,0,26,0,29,0,22,0,1,0,0,0,0,1,0,5
738,1,1,0,12,10,39,38,39,0,12,0,38,0,10,0,1,0,1,0,0,0,0,0,0
738,1,3,2,12,10,40,39,40,0,12,0,39,0,10,0,1,0,0,1,0,0,0,2,0
738,1,4,3,14,16,40,33,40,0,14,0,33,0,16,0,1,0,0,0,1,0,0,3,0
738,1,5,4,10,16,38,36,38,0,10,0,36,0,16,0,1,0,0,0,0,1,0,4,0
738,1,6,5,10,-999999,37,-999999,37,0,10,0,-999999,0,-999999,0,1,0,0,0,0,0,1,5,0
739,0,1,0,24,19,39,33,0,39,0,24,0,33,0,19,0,1,1,0,0,0,0,0,0
739,0,3,2,23,12,40,33,0,40,0,23,0,33,0,12,0,1,0,1,0,0,0,0,2
739,0,5,4,24,-999999,38,-999999,0,38,0,24,0,-999999,0,-999999,0,1,0,0,0,1,0,0,4
739,0,6,5,-999999,18,-999999,32,0,-999999,0,-999999,0,32,0,18,0,1,0,0,0,0,1,0,5
740,1,1,0,24,-999999,36,-999999,36,0,24,0,-999999,0,-999999,0,1,0,1,0,0,0,0,0,0
740,1,3,2,18,13,36,38,36,0,18,0,38,0,13,0,1,0,0,1,0,0,0,2,0
740,1,4,3,19,-999999,34,-999999,34,0,19,0,-999999,0,-999999,0,1,0,0,0,1,0,0,3,0
740,1,5,4,20,13,34,35,34,0,20,0,35,0,13,0,1,0,0,0,0,1,0,4,0
740,1,6,5,26,16,37,35,37,0,26,0,35,0,16,0,1,0,0,0,0,0,1,5,0
741,0,1,0,17,7,36,40,0,36,0,17,0,40,0,7,0,1,1,0,0,0,0,0,0
741,0,3,2,17,7,36,40,0,36,0,17,0,40,0,7,0,1,0,1,0,0,0,0,2
741,0,4,3,17,11,35,39,0,35,0,17,0,39,0,11,0,1,0,0,1,0,0,0,3
741,0,5,4,11,8,35,38,0,35,0,11,0,38,0,8,0,1,0,0,0,1,0,0,4
741,0,6,5,12,7,37,39,0,37,0,12,0,39,0,7,0,1,0,0,0,0,1,0,5
742,1,1,0,16,18,39,39,39,0,16,0,39,0,18,0,1,0,1,0,0,0,0,0,0
742,1,3,2,17,14,36,37,36,0,17,0,37,0,14,0,1,0,0,1,0,0,0,2,0
742,1,4,3,19,20,38,36,38,0,19,0,36,0,20,0,1,0,0,0,1,0,0,3,0
742,1,5,4,16,17,36,37,36,0,16,0,37,0,17,0,1,0,0,0,0,1,0,4,0
742,1,6,5,16,16,37,36,37,0,16,0,36,0,16,0,1,0,0,0,0,0,1,5,0
743,1,1,0,19,-999999,39,-999999,39,0,19,0,-999999,0,-999999,0,1,0,1,0,0,0,0,0,0
743,1,3,2,20,18,38,33,38,0,20,0,33,0,18,0,1,0,0,1,0,0,0,2,0
743,1,4,3,18,16,40,34,40,0,18,0,34,0,16,0,1,0,0,0,1,0,0,3,0
743,1,5,4,18,18,40,31,40,0,18,0,31,0,18,0,1,0,0,0,0,1,0,4,0
743,1,6,5,16,22,40,35,40,0,16,0,35,0,22,0,1,0,0,0,0,0,1,5,0
744,0,1,0,18,-999999,40,-999999,0,40,0,18,0,-999999,0,-999999,0,1,1,0,0,0,0,0,0
744,0,3,2,15,-999999,38,-999999,0,38,0,15,0,-999999,0,-999999,0,1,0,1,0,0,0,0,2
744,0,4,3,10,-999999,40,-999999,0,40,0,10,0,-999999,0,-999999,0,1,0,0,1,0,0,0,3
744,0,5,4,20,-999999,37,-999999,0,37,0,20,0,-999999,0,-999999,0,1,0,0,0,1,0,0,4
744,0,6,5,13,-999999,35,-999999,0,35,0,13,0,-999999,0,-999999,0,1,0,0,0,0,1,0,5
745,0,1,0,-999999,22,-999999,29,0,-999999,0,-999999,0,29,0,22,0,1,1,0,0,0,0,0,0
746,1,1,0,17,12,37,39,37,0,17,0,39,0,12,0,1,0,1,0,0,0,0,0,0
746,1,3,2,26,22,36,33,36,0,26,0,33,0,22,0,1,0,0,1,0,0,0,2,0
746,1,4,3,23,16,32,40,32,0,23,0,40,0,16,0,1,0,0,0,1,0,0,3,0
746,1,6,5,24,14,35,39,35,0,24,0,39,0,14,0,1,0,0,0,0,0,1,5,0
747,1,1,0,17,15,39,34,39,0,17,0,34,0,15,0,1,0,1,0,0,0,0,0,0
747,1,3,2,21,8,36,34,36,0,21,0,34,0,8,0,1,0,0,1,0,0,0,2,0
747,1,4,3,20,16,37,33,37,0,20,0,33,0,16,0,1,0,0,0,1,0,0,3,0
747,1,5,4,21,12,39,30,39,0,21,0,30,0,12,0,1,0,0,0,0,1,0,4,0
747,1,6,5,24,19,33,36,33,0,24,0,36,0,19,0,1,0,0,0,0,0,1,5,0
748,0,1,0,22,12,29,31,0,29,0,22,0,31,0,12,0,1,1,0,0,0,0,0,0
748,0,3,2,26,18,28,29,0,28,0,26,0,29,0,18,0,1,0,1,0,0,0,0,2
748,0,4,3,20,14,29,26,0,29,0,20,0,26,0,14,0,1,0,0,1,0,0,0,3
748,0,5,4,20,14,33,28,0,33,0,20,0,28,0,14,0,1,0,0,0,1,0,0,4
748,0,6,5,22,-999999,27,-999999,0,27,0,22,0,-999999,0,-999999,0,1,0,0,0,0,1,0,5
749,0,1,0,18,15,35,33,0,35,0,18,0,33,0,15,0,1,1,0,0,0,0,0,0
749,0,3,2,13,20,39,25,0,39,0,13,0,25,0,20,0,1,0,1,0,0,0,0,2
749,0,4,3,20,23,39,25,0,39,0,20,0,25,0,23,0,1,0,0,1,0,0,0,3
749,0,5,4,19,28,34,18,0,34,0,19,0,18,0,28,0,1,0,0,0,1,0,0,4
749,0,6,5,21,23,36,19,0,36,0,21,0,19,0,23,0,1,0,0,0,0,1,0,5
750,1,1,0,11,-999999,39,-999999,39,0,11,0,-999999,0,-999999,0,1,0,1,0,0,0,0,0,0
750,1,3,2,17,11,31,33,31,0,17,0,33,0,11,0,1,0,0,1,0,0,0,2,0
751,0,1,0,13,9,40,36,0,40,0,13,0,36,0,9,0,1,1,0,0,0,0,0,0
751,0,3,2,16,15,40,40,0,40,0,16,0,40,0,15,0,1,0,1,0,0,0,0,2
751,0,4,3,12,12,40,36,0,40,0,12,0,36,0,12,0,1,0,0,1,0,0,0,3
751,0,5,4,18,20,40,39,0,40,0,18,0,39,0,20,0,1,0,0,0,1,0,0,4
751,0,6,5,18,10,40,39,0,40,0,18,0,39,0,10,0,1,0,0,0,0,1,0,5
752,0,1,0,8,14,40,36,0,40,0,8,0,36,0,14,0,1,1,0,0,0,0,0,0
752,0,3,2,12,17,32,40,0,32,0,12,0,40,0,17,0,1,0,1,0,0,0,0,2
752,0,4,3,10,11,37,40,0,37,0,10,0,40,0,11,0,1,0,0,1,0,0,0,3
752,0,5,4,11,17,34,38,0,34,0,11,0,38,0,17,0,1,0,0,0,1,0,0,4
752,0,6,5,7,11,39,36,0,39,0,7,0,36,0,11,0,1,0,0,0,0,1,0,5
753,0,1,0,29,13,35,36,0,35,0,29,0,36,0,13,0,1,1,0,0,0,0,0,0
753,0,3,2,22,20,37,34,0,37,0,22,0,34,0,20,0,1,0,1,0,0,0,0,2
753,0,4,3,18,24,38,26,0,38,0,18,0,26,0,24,0,1,0,0,1,0,0,0,3
753,0,5,4,22,12,38,35,0,38,0,22,0,35,0,12,0,1,0,0,0,1,0,0,4
753,0,6,5,24,27,34,15,0,34,0,24,0,15,0,27,0,1,0,0,0,0,1,0,5
754,1,1,0,9,-999999,39,-999999,39,0,9,0,-999999,0,-999999,0,1,0,1,0,0,0,0,0,0
754,1,3,2,12,-999999,40,-999999,40,0,12,0,-999999,0,-999999,0,1,0,0,1,0,0,0,2,0
754,1,4,3,10,-999999,40,-999999,40,0,10,0,-999999,0,-999999,0,1,0,0,0,1,0,0,3,0
754,1,5,4,7,9,38,36,38,0,7,0,36,0,9,0,1,0,0,0,0,1,0,4,0
754,1,6,5,8,10,39,31,39,0,8,0,31,0,10,0,1,0,0,0,0,0,1,5,0
755,0,1,0,13,19,40,36,0,40,0,13,0,36,0,19,0,1,1,0,0,0,0,0,0
755,0,3,2,14,18,38,36,0,38,0,14,0,36,0,18,0,1,0,1,0,0,0,0,2
755,0,4,3,15,21,35,36,0,35,0,15,0,36,0,21,0,1,0,0,1,0,0,0,3
755,0,5,4,12,15,36,34,0,36,0,12,0,34,0,15,0,1,0,0,0,1,0,0,4
755,0,6,5,14,14,38,39,0,38,0,14,0,39,0,14,0,1,0,0,0,0,1,0,5
756,0,1,0,12,17,40,31,0,40,0,12,0,31,0,17,0,1,1,0,0,0,0,0,0
756,0,3,2,10,15,40,34,0,40,0,10,0,34,0,15,0,1,0,1,0,0,0,0,2
756,0,4,3,13,13,40,27,0,40,0,13,0,27,0,13,0,1,0,0,1,0,0,0,3
756,0,5,4,9,15,40,28,0,40,0,9,0,28,0,15,0,1,0,0,0,1,0,0,4
756,0,6,5,11,14,40,32,0,40,0,11,0,32,0,14,0,1,0,0,0,0,1,0,5
757,0,1,0,9,-999999,40,-999999,0,40,0,9,0,-999999,0,-999999,0,1,1,0,0,0,0,0,0
757,0,3,2,12,9,36,37,0,36,0,12,0,37,0,9,0,1,0,1,0,0,0,0,2
757,0,4,3,8,9,40,37,0,40,0,8,0,37,0,9,0,1,0,0,1,0,0,0,3
757,0,5,4,13,12,40,39,0,40,0,13,0,39,0,12,0,1,0,0,0,1,0,0,4
757,0,6,5,12,14,40,39,0,40,0,12,0,39,0,14,0,1,0,0,0,0,1,0,5
758,1,1,0,15,-999999,38,-999999,38,0,15,0,-999999,0,-999999,0,1,0,1,0,0,0,0,0,0
758,1,3,2,11,17,39,37,39,0,11,0,37,0,17,0,1,0,0,1,0,0,0,2,0
758,1,4,3,7,11,40,37,40,0,7,0,37,0,11,0,1,0,0,0,1,0,0,3,0
758,1,5,4,9,13,38,37,38,0,9,0,37,0,13,0,1,0,0,0,0,1,0,4,0
758,1,6,5,8,17,37,32,37,0,8,0,32,0,17,0,1,0,0,0,0,0,1,5,0
759,0,1,0,27,-999999,33,-999999,0,33,0,27,0,-999999,0,-999999,0,1,1,0,0,0,0,0,0
759,0,3,2,26,19,37,36,0,37,0,26,0,36,0,19,0,1,0,1,0,0,0,0,2
759,0,4,3,24,-999999,39,-999999,0,39,0,24,0,-999999,0,-999999,0,1,0,0,1,0,0,0,3
759,0,5,4,22,18,40,37,0,40,0,22,0,37,0,18,0,1,0,0,0,1,0,0,4
759,0,6,5,24,16,37,39,0,37,0,24,0,39,0,16,0,1,0,0,0,0,1,0,5
760,0,1,0,18,-999999,40,-999999,0,40,0,18,0,-999999,0,-999999,0,1,1,0,0,0,0,0,0
760,0,3,2,18,-999999,40,-999999,0,40,0,18,0,-999999,0,-999999,0,1,0,1,0,0,0,0,2
760,0,4,3,14,-999999,40,-999999,0,40,0,14,0,-999999,0,-999999,0,1,0,0,1,0,0,0,3
760,0,5,4,18,-999999,40,-999999,0,40,0,18,0,-999999,0,-999999,0,1,0,0,0,1,0,0,4
760,0,6,5,11,-999999,40,-999999,0,40,0,11,0,-999999,0,-999999,0,1,0,0,0,0,1,0,5
761,0,1,0,16,8,40,40,0,40,0,16,0,40,0,8,0,1,1,0,0,0,0,0,0
761,0,3,2,23,16,40,40,0,40,0,23,0,40,0,16,0,1,0,1,0,0,0,0,2
761,0,4,3,15,21,40,35,0,40,0,15,0,35,0,21,0,1,0,0,1,0,0,0,3
761,0,5,4,18,23,40,39,0,40,0,18,0,39,0,23,0,1,0,0,0,1,0,0,4
762,0,3,2,17,13,36,36,0,36,0,17,0,36,0,13,0,1,0,1,0,0,0,0,2
762,0,4,3,21,11,36,37,0,36,0,21,0,37,0,11,0,1,0,0,1,0,0,0,3
762,0,5,4,15,13,35,35,0,35,0,15,0,35,0,13,0,1,0,0,0,1,0,0,4
762,0,6,5,26,12,32,38,0,32,0,26,0,38,0,12,0,1,0,0,0,0,1,0,5
763,1,1,0,22,11,40,40,40,0,22,0,40,0,11,0,1,0,1,0,0,0,0,0,0
763,1,3,2,18,17,38,40,38,0,18,0,40,0,17,0,1,0,0,1,0,0,0,2,0
763,1,4,3,24,16,37,39,37,0,24,0,39,0,16,0,1,0,0,0,1,0,0,3,0
763,1,5,4,24,12,38,38,38,0,24,0,38,0,12,0,1,0,0,0,0,1,0,4,0
763,1,6,5,23,14,38,36,38,0,23,0,36,0,14,0,1,0,0,0,0,0,1,5,0
764,0,1,0,17,-999999,35,-999999,0,35,0,17,0,-999999,0,-999999,0,1,1,0,0,0,0,0,0
765,1,1,0,14,15,35,29,35,0,14,0,29,0,15,0,1,0,1,0,0,0,0,0,0
765,1,3,2,22,13,36,33,36,0,22,0,33,0,13,0,1,0,0,1,0,0,0,2,0
765,1,4,3,12,15,39,34,39,0,12,0,34,0,15,0,1,0,0,0,1,0,0,3,0
765,1,5,4,12,16,33,36,33,0,12,0,36,0,16,0,1,0,0,0,0,1,0,4,0
765,1,6,5,17,19,33,29,33,0,17,0,29,0,19,0,1,0,0,0,0,0,1,5,0
766,1,1,0,18,9,38,38,38,0,18,0,38,0,9,0,1,0,1,0,0,0,0,0,0
766,1,3,2,20,18,39,38,39,0,20,0,38,0,18,0,1,0,0,1,0,0,0,2,0
766,1,4,3,16,14,39,40,39,0,16,0,40,0,14,0,1,0,0,0,1,0,0,3,0
766,1,5,4,18,16,35,34,35,0,18,0,34,0,16,0,1,0,0,0,0,1,0,4,0
766,1,6,5,18,18,37,32,37,0,18,0,32,0,18,0,1,0,0,0,0,0,1,5,0
767,0,1,0,7,-999999,36,-999999,0,36,0,7,0,-999999,0,-999999,0,1,1,0,0,0,0,0,0
767,0,3,2,9,-999999,40,-999999,0,40,0,9,0,-999999,0,-999999,0,1,0,1,0,0,0,0,2
767,0,4,3,7,-999999,40,-999999,0,40,0,7,0,-999999,0,-999999,0,1,0,0,1,0,0,0,3
767,0,5,4,7,-999999,40,-999999,0,40,0,7,0,-999999,0,-999999,0,1,0,0,0,1,0,0,4
767,0,6,5,7,-999999,40,-999999,0,40,0,7,0,-999999,0,-999999,0,1,0,0,0,0,1,0,5
768,0,1,0,8,-999999,38,-999999,0,38,0,8,0,-999999,0,-999999,0,1,1,0,0,0,0,0,0
768,0,3,2,13,-999999,37,-999999,0,37,0,13,0,-999999,0,-999999,0,1,0,1,0,0,0,0,2
768,0,4,3,12,-999999,38,-999999,0,38,0,12,0,-999999,0,-999999,0,1,0,0,1,0,0,0,3
768,0,5,4,9,12,38,30,0,38,0,9,0,30,0,12,0,1,0,0,0,1,0,0,4
768,0,6,5,11,-999999,39,-999999,0,39,0,11,0,-999999,0,-999999,0,1,0,0,0,0,1,0,5
769,1,3,2,9,26,35,31,35,0,9,0,31,0,26,0,1,0,0,1,0,0,0,2,0
769,1,4,3,12,32,29,35,29,0,12,0,35,0,32,0,1,0,0,0,1,0,0,3,0
769,1,6,5,14,31,34,22,34,0,14,0,22,0,31,0,1,0,0,0,0,0,1,5,0
770,1,1,0,14,-999999,35,-999999,35,0,14,0,-999999,0,-999999,0,1,0,1,0,0,0,0,0,0
770,1,4,3,16,12,35,34,35,0,16,0,34,0,12,0,1,0,0,0,1,0,0,3,0
770,1,5,4,17,-999999,30,-999999,30,0,17,0,-999999,0,-999999,0,1,0,0,0,0,1,0,4,0
770,1,6,5,15,-999999,35,-999999,35,0,15,0,-999999,0,-999999,0,1,0,0,0,0,0,1,5,0
771,1,1,0,7,-999999,40,-999999,40,0,7,0,-999999,0,-999999,0,1,0,1,0,0,0,0,0,0
771,1,3,2,10,7,32,32,32,0,10,0,32,0,7,0,1,0,0,1,0,0,0,2,0
771,1,4,3,10,10,36,40,36,0,10,0,40,0,10,0,1,0,0,0,1,0,0,3,0
771,1,5,4,11,8,39,35,39,0,11,0,35,0,8,0,1,0,0,0,0,1,0,4,0
771,1,6,5,11,8,37,33,37,0,11,0,33,0,8,0,1,0,0,0,0,0,1,5,0
772,1,1,0,25,15,35,39,35,0,25,0,39,0,15,0,1,0,1,0,0,0,0,0,0
772,1,4,3,25,18,30,38,30,0,25,0,38,0,18,0,1,0,0,0,1,0,0,3,0
772,1,5,4,29,19,36,40,36,0,29,0,40,0,19,0,1,0,0,0,0,1,0,4,0
772,1,6,5,27,17,35,38,35,0,27,0,38,0,17,0,1,0,0,0,0,0,1,5,0
773,1,1,0,7,9,36,36,36,0,7,0,36,0,9,0,1,0,1,0,0,0,0,0,0
773,1,3,2,8,-999999,40,-999999,40,0,8,0,-999999,0,-999999,0,1,0,0,1,0,0,0,2,0
773,1,4,3,8,13,40,37,40,0,8,0,37,0,13,0,1,0,0,0,1,0,0,3,0
773,1,5,4,11,11,40,31,40,0,11,0,31,0,11,0,1,0,0,0,0,1,0,4,0
773,1,6,5,12,15,40,35,40,0,12,0,35,0,15,0,1,0,0,0,0,0,1,5,0
774,0,1,0,13,14,38,38,0,38,0,13,0,38,0,14,0,1,1,0,0,0,0,0,0
774,0,3,2,14,-999999,39,-999999,0,39,0,14,0,-999999,0,-999999,0,1,0,1,0,0,0,0,2
774,0,5,4,20,-999999,36,-999999,0,36,0,20,0,-999999,0,-999999,0,1,0,0,0,1,0,0,4
774,0,6,5,17,-999999,38,-999999,0,38,0,17,0,-999999,0,-999999,0,1,0,0,0,0,1,0,5
775,0,1,0,11,-999999,34,-999999,0,34,0,11,0,-999999,0,-999999,0,1,1,0,0,0,0,0,0
775,0,3,2,13,-999999,39,-999999,0,39,0,13,0,-999999,0,-999999,0,1,0,1,0,0,0,0,2
775,0,4,3,11,-999999,39,-999999,0,39,0,11,0,-999999,0,-999999,0,1,0,0,1,0,0,0,3
775,0,5,4,17,-999999,38,-999999,0,38,0,17,0,-999999,0,-999999,0,1,0,0,0,1,0,0,4
775,0,6,5,17,-999999,35,-999999,0,35,0,17,0,-999999,0,-999999,0,1,0,0,0,0,1,0,5
776,0,1,0,17,7,39,35,0,39,0,17,0,35,0,7,0,1,1,0,0,0,0,0,0
776,0,3,2,19,7,39,39,0,39,0,19,0,39,0,7,0,1,0,1,0,0,0,0,2
776,0,4,3,25,17,39,37,0,39,0,25,0,37,0,17,0,1,0,0,1,0,0,0,3
776,0,5,4,29,11,38,33,0,38,0,29,0,33,0,11,0,1,0,0,0,1,0,0,4
776,0,6,5,27,-999999,39,-999999,0,39,0,27,0,-999999,0,-999999,0,1,0,0,0,0,1,0,5
777,1,1,0,7,9,40,40,40,0,7,0,40,0,9,0,1,0,1,0,0,0,0,0,0
777,1,4,3,8,13,40,35,40,0,8,0,35,0,13,0,1,0,0,0,1,0,0,3,0
777,1,5,4,12,12,40,38,40,0,12,0,38,0,12,0,1,0,0,0,0,1,0,4,0
777,1,6,5,14,8,38,30,38,0,14,0,30,0,8,0,1,0,0,0,0,0,1,5,0
778,0,1,0,12,14,39,40,0,39,0,12,0,40,0,14,0,1,1,0,0,0,0,0,0
778,0,3,2,14,20,39,37,0,39,0,14,0,37,0,20,0,1,0,1,0,0,0,0,2
778,0,4,3,9,15,34,32,0,34,0,9,0,32,0,15,0,1,0,0,1,0,0,0,3
778,0,5,4,13,17,39,34,0,39,0,13,0,34,0,17,0,1,0,0,0,1,0,0,4
778,0,6,5,12,19,36,33,0,36,0,12,0,33,0,19,0,1,0,0,0,0,1,0,5
779,0,1,0,22,-999999,36,-999999,0,36,0,22,0,-999999,0,-999999,0,1,1,0,0,0,0,0,0
779,0,3,2,29,-999999,38,-999999,0,38,0,29,0,-999999,0,-999999,0,1,0,1,0,0,0,0,2
779,0,4,3,20,21,39,38,0,39,0,20,0,38,0,21,0,1,0,0,1,0,0,0,3
779,0,5,4,16,21,39,38,0,39,0,16,0,38,0,21,0,1,0,0,0,1,0,0,4
779,0,6,5,19,-999999,36,-999999,0,36,0,19,0,-999999,0,-999999,0,1,0,0,0,0,1,0,5
780,0,1,0,12,14,40,38,0,40,0,12,0,38,0,14,0,1,1,0,0,0,0,0,0
780,0,3,2,13,17,40,38,0,40,0,13,0,38,0,17,0,1,0,1,0,0,0,0,2
780,0,4,3,-999999,12,-999999,37,0,-999999,0,-999999,0,37,0,12,0,1,0,0,1,0,0,0,3
780,0,5,4,22,23,37,35,0,37,0,22,0,35,0,23,0,1,0,0,0,1,0,0,4
780,0,6,5,22,-999999,38,-999999,0,38,0,22,0,-999999,0,-999999,0,1,0,0,0,0,1,0,5
781,1,1,0,7,-999999,35,-999999,35,0,7,0,-999999,0,-999999,0,1,0,1,0,0,0,0,0,0
781,1,3,2,7,9,39,34,39,0,7,0,34,0,9,0,1,0,0,1,0,0,0,2,0
781,1,4,3,7,8,40,36,40,0,7,0,36,0,8,0,1,0,0,0,1,0,0,3,0
781,1,5,4,9,8,40,32,40,0,9,0,32,0,8,0,1,0,0,0,0,1,0,4,0
781,1,6,5,7,-999999,39,-999999,39,0,7,0,-999999,0,-999999,0,1,0,0,0,0,0,1,5,0
782,0,1,0,20,23,36,26,0,36,0,20,0,26,0,23,0,1,1,0,0,0,0,0,0
782,0,3,2,22,-999999,37,-999999,0,37,0,22,0,-999999,0,-999999,0,1,0,1,0,0,0,0,2
782,0,4,3,23,-999999,36,-999999,0,36,0,23,0,-999999,0,-999999,0,1,0,0,1,0,0,0,3
782,0,5,4,21,-999999,36,-999999,0,36,0,21,0,-999999,0,-999999,0,1,0,0,0,1,0,0,4
782,0,6,5,15,-999999,36,-999999,0,36,0,15,0,-999999,0,-999999,0,1,0,0,0,0,1,0,5
783,1,1,0,18,21,37,33,37,0,18,0,33,0,21,0,1,0,1,0,0,0,0,0,0
783,1,3,2,17,24,38,33,38,0,17,0,33,0,24,0,1,0,0,1,0,0,0,2,0
783,1,4,3,21,18,36,34,36,0,21,0,34,0,18,0,1,0,0,0,1,0,0,3,0
783,1,5,4,17,18,37,33,37,0,17,0,33,0,18,0,1,0,0,0,0,1,0,4,0
783,1,6,5,16,20,33,32,33,0,16,0,32,0,20,0,1,0,0,0,0,0,1,5,0
784,1,1,0,7,-999999,39,-999999,39,0,7,0,-999999,0,-999999,0,1,0,1,0,0,0,0,0,0
784,1,3,2,13,10,37,35,37,0,13,0,35,0,10,0,1,0,0,1,0,0,0,2,0
784,1,4,3,11,11,36,33,36,0,11,0,33,0,11,0,1,0,0,0,1,0,0,3,0
784,1,5,4,12,8,37,35,37,0,12,0,35,0,8,0,1,0,0,0,0,1,0,4,0
784,1,6,5,14,9,36,33,36,0,14,0,33,0,9,0,1,0,0,0,0,0,1,5,0
785,1,1,0,7,-999999,40,-999999,40,0,7,0,-999999,0,-999999,0,1,0,1,0,0,0,0,0,0
785,1,3,2,8,12,40,39,40,0,8,0,39,0,12,0,1,0,0,1,0,0,0,2,0
785,1,4,3,7,7,40,40,40,0,7,0,40,0,7,0,1,0,0,0,1,0,0,3,0
785,1,5,4,18,20,33.14285714,35,33.14285714,0,18,0,35,0,20,0,1,0,0,0,0,1,0,4,0
785,1,6,5,10,20,40,35,40,0,10,0,35,0,20,0,1,0,0,0,0,0,1,5,0
786,0,1,0,26,-999999,38,-999999,0,38,0,26,0,-999999,0,-999999,0,1,1,0,0,0,0,0,0
786,0,3,2,27,-999999,35,-999999,0,35,0,27,0,-999999,0,-999999,0,1,0,1,0,0,0,0,2
786,0,4,3,24,-999999,38,-999999,0,38,0,24,0,-999999,0,-999999,0,1,0,0,1,0,0,0,3
786,0,5,4,23,15,35,38,0,35,0,23,0,38,0,15,0,1,0,0,0,1,0,0,4
786,0,6,5,23,23,37,36,0,37,0,23,0,36,0,23,0,1,0,0,0,0,1,0,5
787,0,1,0,22,15,40,38,0,40,0,22,0,38,0,15,0,1,1,0,0,0,0,0,0
787,0,3,2,24,13,36,38,0,36,0,24,0,38,0,13,0,1,0,1,0,0,0,0,2
787,0,4,3,20,12,34,36,0,34,0,20,0,36,0,12,0,1,0,0,1,0,0,0,3
787,0,5,4,27,11,33,34,0,33,0,27,0,34,0,11,0,1,0,0,0,1,0,0,4
787,0,6,5,26,14,32,34,0,32,0,26,0,34,0,14,0,1,0,0,0,0,1,0,5
788,1,1,0,21,7,40,40,40,0,21,0,40,0,7,0,1,0,1,0,0,0,0,0,0
788,1,3,2,15,9,40,40,40,0,15,0,40,0,9,0,1,0,0,1,0,0,0,2,0
788,1,5,4,23,13,38,39,38,0,23,0,39,0,13,0,1,0,0,0,0,1,0,4,0
788,1,6,5,24,13,40,38,40,0,24,0,38,0,13,0,1,0,0,0,0,0,1,5,0
789,0,1,0,12,9,39,37,0,39,0,12,0,37,0,9,0,1,1,0,0,0,0,0,0
789,0,3,2,11,8,38,38,0,38,0,11,0,38,0,8,0,1,0,1,0,0,0,0,2
789,0,4,3,9,11,39,36,0,39,0,9,0,36,0,11,0,1,0,0,1,0,0,0,3
789,0,5,4,20,16,34,36,0,34,0,20,0,36,0,16,0,1,0,0,0,1,0,0,4
789,0,6,5,10,-999999,40,-999999,0,40,0,10,0,-999999,0,-999999,0,1,0,0,0,0,1,0,5
790,1,1,0,13,-999999,39,-999999,39,0,13,0,-999999,0,-999999,0,1,0,1,0,0,0,0,0,0
790,1,3,2,7,-999999,39,-999999,39,0,7,0,-999999,0,-999999,0,1,0,0,1,0,0,0,2,0
790,1,4,3,7,11,39,31,39,0,7,0,31,0,11,0,1,0,0,0,1,0,0,3,0
790,1,5,4,7,-999999,40,-999999,40,0,7,0,-999999,0,-999999,0,1,0,0,0,0,1,0,4,0
790,1,6,5,11,8,36,35,36,0,11,0,35,0,8,0,1,0,0,0,0,0,1,5,0
791,1,1,0,16,-999999,40,-999999,40,0,16,0,-999999,0,-999999,0,1,0,1,0,0,0,0,0,0
791,1,3,2,14,-999999,40,-999999,40,0,14,0,-999999,0,-999999,0,1,0,0,1,0,0,0,2,0
791,1,4,3,7,-999999,40,-999999,40,0,7,0,-999999,0,-999999,0,1,0,0,0,1,0,0,3,0
791,1,5,4,11,-999999,35,-999999,35,0,11,0,-999999,0,-999999,0,1,0,0,0,0,1,0,4,0
791,1,6,5,14,-999999,38,-999999,38,0,14,0,-999999,0,-999999,0,1,0,0,0,0,0,1,5,0
792,1,1,0,12,-999999,40,-999999,40,0,12,0,-999999,0,-999999,0,1,0,1,0,0,0,0,0,0
792,1,3,2,13,-999999,38,-999999,38,0,13,0,-999999,0,-999999,0,1,0,0,1,0,0,0,2,0
792,1,4,3,15,-999999,36,-999999,36,0,15,0,-999999,0,-999999,0,1,0,0,0,1,0,0,3,0
792,1,6,5,11,-999999,39,-999999,39,0,11,0,-999999,0,-999999,0,1,0,0,0,0,0,1,5,0
793,1,3,2,12,13,35,40,35,0,12,0,40,0,13,0,1,0,0,1,0,0,0,2,0
793,1,4,3,9,8,40,37,40,0,9,0,37,0,8,0,1,0,0,0,1,0,0,3,0
793,1,5,4,10,13,38,37,38,0,10,0,37,0,13,0,1,0,0,0,0,1,0,4,0
793,1,6,5,11,9,38,35,38,0,11,0,35,0,9,0,1,0,0,0,0,0,1,5,0
794,1,1,0,13,16,40,37,40,0,13,0,37,0,16,0,1,0,1,0,0,0,0,0,0
794,1,3,2,8,18,40,35,40,0,8,0,35,0,18,0,1,0,0,1,0,0,0,2,0
794,1,4,3,9,11,40,36,40,0,9,0,36,0,11,0,1,0,0,0,1,0,0,3,0
794,1,5,4,17,13,40,37,40,0,17,0,37,0,13,0,1,0,0,0,0,1,0,4,0
794,1,6,5,13,12,40,38,40,0,13,0,38,0,12,0,1,0,0,0,0,0,1,5,0
795,1,1,0,14,-999999,36,-999999,36,0,14,0,-999999,0,-999999,0,1,0,1,0,0,0,0,0,0
795,1,3,2,13,-999999,36,-999999,36,0,13,0,-999999,0,-999999,0,1,0,0,1,0,0,0,2,0
795,1,4,3,11,11,37,37,37,0,11,0,37,0,11,0,1,0,0,0,1,0,0,3,0
795,1,5,4,21,-999999,39,-999999,39,0,21,0,-999999,0,-999999,0,1,0,0,0,0,1,0,4,0
795,1,6,5,23,-999999,34,-999999,34,0,23,0,-999999,0,-999999,0,1,0,0,0,0,0,1,5,0
796,1,1,0,-999999,13,-999999,34,-999999,0,-999999,0,34,0,13,0,1,0,1,0,0,0,0,0,0
797,1,1,0,7,-999999,39,-999999,39,0,7,0,-999999,0,-999999,0,1,0,1,0,0,0,0,0,0
798,1,1,0,14,20,40,37,40,0,14,0,37,0,20,0,1,0,1,0,0,0,0,0,0
798,1,3,2,29,27,34,35,34,0,29,0,35,0,27,0,1,0,0,1,0,0,0,2,0
798,1,4,3,35,-999999,30,-999999,30,0,35,0,-999999,0,-999999,0,1,0,0,0,1,0,0,3,0
798,1,5,4,22,26,33,34,33,0,22,0,34,0,26,0,1,0,0,0,0,1,0,4,0
798,1,6,5,28,24,39,31,39,0,28,0,31,0,24,0,1,0,0,0,0,0,1,5,0
799,0,3,2,16,10,38,39,0,38,0,16,0,39,0,10,0,1,0,1,0,0,0,0,2
799,0,4,3,9,11,38,31,0,38,0,9,0,31,0,11,0,1,0,0,1,0,0,0,3
799,0,6,5,15,13,37,33,0,37,0,15,0,33,0,13,0,1,0,0,0,0,1,0,5
800,0,1,0,11,9,39,40,0,39,0,11,0,40,0,9,0,1,1,0,0,0,0,0,0
800,0,3,2,15,7,37,40,0,37,0,15,0,40,0,7,0,1,0,1,0,0,0,0,2
800,0,4,3,14,7,36,39,0,36,0,14,0,39,0,7,0,1,0,0,1,0,0,0,3
800,0,5,4,17,11,34,39,0,34,0,17,0,39,0,11,0,1,0,0,0,1,0,0,4
800,0,6,5,21,8,34,38,0,34,0,21,0,38,0,8,0,1,0,0,0,0,1,0,5
801,1,1,0,15,12,36,39,36,0,15,0,39,0,12,0,1,0,1,0,0,0,0,0,0
801,1,3,2,9,10,38,36,38,0,9,0,36,0,10,0,1,0,0,1,0,0,0,2,0
801,1,4,3,16,-999999,38,-999999,38,0,16,0,-999999,0,-999999,0,1,0,0,0,1,0,0,3,0
801,1,5,4,15,-999999,38,-999999,38,0,15,0,-999999,0,-999999,0,1,0,0,0,0,1,0,4,0
801,1,6,5,16,-999999,39,-999999,39,0,16,0,-999999,0,-999999,0,1,0,0,0,0,0,1,5,0
802,0,1,0,8,9,38,36,0,38,0,8,0,36,0,9,0,1,1,0,0,0,0,0,0
802,0,3,2,11,14,34,32,0,34,0,11,0,32,0,14,0,1,0,1,0,0,0,0,2
802,0,4,3,10,-999999,36,-999999,0,36,0,10,0,-999999,0,-999999,0,1,0,0,1,0,0,0,3
802,0,5,4,10,12,34,31,0,34,0,10,0,31,0,12,0,1,0,0,0,1,0,0,4
802,0,6,5,8,14,38,35,0,38,0,8,0,35,0,14,0,1,0,0,0,0,1,0,5
803,0,1,0,14,-999999,36,-999999,0,36,0,14,0,-999999,0,-999999,0,1,1,0,0,0,0,0,0
803,0,3,2,18,-999999,32,-999999,0,32,0,18,0,-999999,0,-999999,0,1,0,1,0,0,0,0,2
803,0,4,3,20,-999999,30,-999999,0,30,0,20,0,-999999,0,-999999,0,1,0,0,1,0,0,0,3
803,0,5,4,22,-999999,29,-999999,0,29,0,22,0,-999999,0,-999999,0,1,0,0,0,1,0,0,4
803,0,6,5,22,-999999,25,-999999,0,25,0,22,0,-999999,0,-999999,0,1,0,0,0,0,1,0,5
804,1,1,0,11,12,40,39,40,0,11,0,39,0,12,0,1,0,1,0,0,0,0,0,0
804,1,3,2,15,14,40,40,40,0,15,0,40,0,14,0,1,0,0,1,0,0,0,2,0
804,1,4,3,12,12,40,40,40,0,12,0,40,0,12,0,1,0,0,0,1,0,0,3,0
804,1,5,4,12,11,36,36,36,0,12,0,36,0,11,0,1,0,0,0,0,1,0,4,0
804,1,6,5,11,16,40,37,40,0,11,0,37,0,16,0,1,0,0,0,0,0,1,5,0
805,0,1,0,-999999,8,-999999,40,0,-999999,0,-999999,0,40,0,8,0,1,1,0,0,0,0,0,0
805,0,3,2,13,-999999,38,-999999,0,38,0,13,0,-999999,0,-999999,0,1,0,1,0,0,0,0,2
805,0,4,3,11,11,40,40,0,40,0,11,0,40,0,11,0,1,0,0,1,0,0,0,3
805,0,5,4,15,13,37,38,0,37,0,15,0,38,0,13,0,1,0,0,0,1,0,0,4
805,0,6,5,13,12,40,39,0,40,0,13,0,39,0,12,0,1,0,0,0,0,1,0,5
806,0,1,0,22,13,34,37,0,34,0,22,0,37,0,13,0,1,1,0,0,0,0,0,0
806,0,3,2,24,-999999,37,-999999,0,37,0,24,0,-999999,0,-999999,0,1,0,1,0,0,0,0,2
806,0,4,3,21,16,35,35,0,35,0,21,0,35,0,16,0,1,0,0,1,0,0,0,3
806,0,5,4,22,20,34,34,0,34,0,22,0,34,0,20,0,1,0,0,0,1,0,0,4
806,0,6,5,23,18,33,32,0,33,0,23,0,32,0,18,0,1,0,0,0,0,1,0,5
807,1,1,0,23,14,33,36,33,0,23,0,36,0,14,0,1,0,1,0,0,0,0,0,0
807,1,3,2,20,-999999,30,-999999,30,0,20,0,-999999,0,-999999,0,1,0,0,1,0,0,0,2,0
808,0,1,0,7,8,35,39,0,35,0,7,0,39,0,8,0,1,1,0,0,0,0,0,0
808,0,3,2,7,7,33,39,0,33,0,7,0,39,0,7,0,1,0,1,0,0,0,0,2
808,0,4,3,7,9,40,39,0,40,0,7,0,39,0,9,0,1,0,0,1,0,0,0,3
808,0,5,4,7,10,40,36,0,40,0,7,0,36,0,10,0,1,0,0,0,1,0,0,4
808,0,6,5,7,9,39,37,0,39,0,7,0,37,0,9,0,1,0,0,0,0,1,0,5
809,0,1,0,17,19,39,36,0,39,0,17,0,36,0,19,0,1,1,0,0,0,0,0,0
809,0,3,2,15,12,36,36,0,36,0,15,0,36,0,12,0,1,0,1,0,0,0,0,2
809,0,4,3,8,14,39,37,0,39,0,8,0,37,0,14,0,1,0,0,1,0,0,0,3
809,0,5,4,13,14,39,35,0,39,0,13,0,35,0,14,0,1,0,0,0,1,0,0,4
809,0,6,5,16,14,35,37,0,35,0,16,0,37,0,14,0,1,0,0,0,0,1,0,5
810,0,1,0,18,13,38,36,0,38,0,18,0,36,0,13,0,1,1,0,0,0,0,0,0
810,0,3,2,15,15,35,35,0,35,0,15,0,35,0,15,0,1,0,1,0,0,0,0,2
810,0,4,3,-999999,14,-999999,38,0,-999999,0,-999999,0,38,0,14,0,1,0,0,1,0,0,0,3
810,0,5,4,15,11,35,34,0,35,0,15,0,34,0,11,0,1,0,0,0,1,0,0,4
810,0,6,5,11,16,37,34,0,37,0,11,0,34,0,16,0,1,0,0,0,0,1,0,5
811,0,1,0,12,14,36,37,0,36,0,12,0,37,0,14,0,1,1,0,0,0,0,0,0
811,0,3,2,9,16,37,38,0,37,0,9,0,38,0,16,0,1,0,1,0,0,0,0,2
811,0,4,3,16,10,39,36,0,39,0,16,0,36,0,10,0,1,0,0,1,0,0,0,3
811,0,5,4,15,15,35,32,0,35,0,15,0,32,0,15,0,1,0,0,0,1,0,0,4
811,0,6,5,12,13,35,36,0,35,0,12,0,36,0,13,0,1,0,0,0,0,1,0,5
812,1,1,0,15,10,34,40,34,0,15,0,40,0,10,0,1,0,1,0,0,0,0,0,0
812,1,3,2,8,12,36,38,36,0,8,0,38,0,12,0,1,0,0,1,0,0,0,2,0
812,1,4,3,15,-999999,31,-999999,31,0,15,0,-999999,0,-999999,0,1,0,0,0,1,0,0,3,0
812,1,5,4,14,-999999,28,-999999,28,0,14,0,-999999,0,-999999,0,1,0,0,0,0,1,0,4,0
812,1,6,5,18,-999999,27,-999999,27,0,18,0,-999999,0,-999999,0,1,0,0,0,0,0,1,5,0
813,1,1,0,8,8,38,38,38,0,8,0,38,0,8,0,1,0,1,0,0,0,0,0,0
813,1,3,2,9,16,36,35,36,0,9,0,35,0,16,0,1,0,0,1,0,0,0,2,0
813,1,4,3,12,14,31,35,31,0,12,0,35,0,14,0,1,0,0,0,1,0,0,3,0
813,1,5,4,16,9,36,34,36,0,16,0,34,0,9,0,1,0,0,0,0,1,0,4,0
813,1,6,5,15,11,34,33,34,0,15,0,33,0,11,0,1,0,0,0,0,0,1,5,0
814,1,1,0,11,25,36,35,36,0,11,0,35,0,25,0,1,0,1,0,0,0,0,0,0
814,1,3,2,-999999,16,-999999,32,-999999,0,-999999,0,32,0,16,0,1,0,0,1,0,0,0,2,0
815,0,1,0,26,20,37,22,0,37,0,26,0,22,0,20,0,1,1,0,0,0,0,0,0
815,0,3,2,25,18,36,28,0,36,0,25,0,28,0,18,0,1,0,1,0,0,0,0,2
815,0,4,3,25,-999999,35,-999999,0,35,0,25,0,-999999,0,-999999,0,1,0,0,1,0,0,0,3
815,0,5,4,26,12,37,29,0,37,0,26,0,29,0,12,0,1,0,0,0,1,0,0,4
815,0,6,5,19,-999999,36,-999999,0,36,0,19,0,-999999,0,-999999,0,1,0,0,0,0,1,0,5
816,1,1,0,16,24,39,32,39,0,16,0,32,0,24,0,1,0,1,0,0,0,0,0,0
816,1,3,2,16,23,39,29,39,0,16,0,29,0,23,0,1,0,0,1,0,0,0,2,0
816,1,4,3,19,23,39,27.42857143,39,0,19,0,27.42857143,0,23,0,1,0,0,0,1,0,0,3,0
816,1,5,4,17,25,39,28,39,0,17,0,28,0,25,0,1,0,0,0,0,1,0,4,0
816,1,6,5,13,-999999,39,-999999,39,0,13,0,-999999,0,-999999,0,1,0,0,0,0,0,1,5,0
817,1,1,0,19,-999999,38,-999999,38,0,19,0,-999999,0,-999999,0,1,0,1,0,0,0,0,0,0
817,1,3,2,11,-999999,36,-999999,36,0,11,0,-999999,0,-999999,0,1,0,0,1,0,0,0,2,0
817,1,4,3,17,-999999,37,-999999,37,0,17,0,-999999,0,-999999,0,1,0,0,0,1,0,0,3,0
817,1,5,4,17,-999999,36,-999999,36,0,17,0,-999999,0,-999999,0,1,0,0,0,0,1,0,4,0
817,1,6,5,12,-999999,36,-999999,36,0,12,0,-999999,0,-999999,0,1,0,0,0,0,0,1,5,0
818,1,1,0,17,-999999,36,-999999,36,0,17,0,-999999,0,-999999,0,1,0,1,0,0,0,0,0,0
818,1,3,2,11,-999999,38,-999999,38,0,11,0,-999999,0,-999999,0,1,0,0,1,0,0,0,2,0
818,1,4,3,14,-999999,37,-999999,37,0,14,0,-999999,0,-999999,0,1,0,0,0,1,0,0,3,0
818,1,5,4,12,-999999,32,-999999,32,0,12,0,-999999,0,-999999,0,1,0,0,0,0,1,0,4,0
818,1,6,5,15,-999999,31,-999999,31,0,15,0,-999999,0,-999999,0,1,0,0,0,0,0,1,5,0
819,1,1,0,27,-999999,34,-999999,34,0,27,0,-999999,0,-999999,0,1,0,1,0,0,0,0,0,0
819,1,3,2,18,-999999,38,-999999,38,0,18,0,-999999,0,-999999,0,1,0,0,1,0,0,0,2,0
819,1,4,3,10,-999999,37,-999999,37,0,10,0,-999999,0,-999999,0,1,0,0,0,1,0,0,3,0
819,1,5,4,22,9,32,28,32,0,22,0,28,0,9,0,1,0,0,0,0,1,0,4,0
819,1,6,5,25,-999999,36,-999999,36,0,25,0,-999999,0,-999999,0,1,0,0,0,0,0,1,5,0
820,0,1,0,11,20,40,33,0,40,0,11,0,33,0,20,0,1,1,0,0,0,0,0,0
820,0,3,2,18,16,37,29,0,37,0,18,0,29,0,16,0,1,0,1,0,0,0,0,2
820,0,4,3,16,15,37,25,0,37,0,16,0,25,0,15,0,1,0,0,1,0,0,0,3
820,0,5,4,20,14,34,30,0,34,0,20,0,30,0,14,0,1,0,0,0,1,0,0,4
820,0,6,5,16,13,37,29,0,37,0,16,0,29,0,13,0,1,0,0,0,0,1,0,5
821,0,1,0,14,8,38,40,0,38,0,14,0,40,0,8,0,1,1,0,0,0,0,0,0
821,0,3,2,8,12,40,40,0,40,0,8,0,40,0,12,0,1,0,1,0,0,0,0,2
821,0,4,3,21,9,40,39,0,40,0,21,0,39,0,9,0,1,0,0,1,0,0,0,3
821,0,5,4,13,9,39,38,0,39,0,13,0,38,0,9,0,1,0,0,0,1,0,0,4
821,0,6,5,11,14,39,40,0,39,0,11,0,40,0,14,0,1,0,0,0,0,1,0,5
822,1,1,0,15,9,38,38,38,0,15,0,38,0,9,0,1,0,1,0,0,0,0,0,0
822,1,3,2,17,-999999,36,-999999,36,0,17,0,-999999,0,-999999,0,1,0,0,1,0,0,0,2,0
822,1,4,3,15,13,37,37,37,0,15,0,37,0,13,0,1,0,0,0,1,0,0,3,0
822,1,5,4,17,11,32,36,32,0,17,0,36,0,11,0,1,0,0,0,0,1,0,4,0
822,1,6,5,15,12,33,37,33,0,15,0,37,0,12,0,1,0,0,0,0,0,1,5,0
823,0,1,0,14,14,38,38,0,38,0,14,0,38,0,14,0,1,1,0,0,0,0,0,0
823,0,3,2,17,16,37,36,0,37,0,17,0,36,0,16,0,1,0,1,0,0,0,0,2
823,0,4,3,18,13,35,40,0,35,0,18,0,40,0,13,0,1,0,0,1,0,0,0,3
823,0,5,4,16,16,37,35,0,37,0,16,0,35,0,16,0,1,0,0,0,1,0,0,4
823,0,6,5,18,21,36,37,0,36,0,18,0,37,0,21,0,1,0,0,0,0,1,0,5
824,0,1,0,7,7,39,31,0,39,0,7,0,31,0,7,0,1,1,0,0,0,0,0,0
824,0,3,2,7,-999999,40,-999999,0,40,0,7,0,-999999,0,-999999,0,1,0,1,0,0,0,0,2
824,0,4,3,7,-999999,39,-999999,0,39,0,7,0,-999999,0,-999999,0,1,0,0,1,0,0,0,3
824,0,5,4,7,17,40,39,0,40,0,7,0,39,0,17,0,1,0,0,0,1,0,0,4
824,0,6,5,7,-999999,40,-999999,0,40,0,7,0,-999999,0,-999999,0,1,0,0,0,0,1,0,5
825,1,3,2,23,-999999,29,-999999,29,0,23,0,-999999,0,-999999,0,1,0,0,1,0,0,0,2,0
825,1,4,3,17,-999999,19,-999999,19,0,17,0,-999999,0,-999999,0,1,0,0,0,1,0,0,3,0
825,1,5,4,20,19,20,28,20,0,20,0,28,0,19,0,1,0,0,0,0,1,0,4,0
825,1,6,5,21,12,38,38,38,0,21,0,38,0,12,0,1,0,0,0,0,0,1,5,0
826,1,1,0,16,20,40,36,40,0,16,0,36,0,20,0,1,0,1,0,0,0,0,0,0
826,1,3,2,16,16,38,35,38,0,16,0,35,0,16,0,1,0,0,1,0,0,0,2,0
826,1,4,3,14,19,39,35,39,0,14,0,35,0,19,0,1,0,0,0,1,0,0,3,0
826,1,5,4,23,17,37,28,37,0,23,0,28,0,17,0,1,0,0,0,0,1,0,4,0
826,1,6,5,21,18,36,32,36,0,21,0,32,0,18,0,1,0,0,0,0,0,1,5,0
827,1,1,0,14,-999999,39,-999999,39,0,14,0,-999999,0,-999999,0,1,0,1,0,0,0,0,0,0
827,1,3,2,13,14,34,32,34,0,13,0,32,0,14,0,1,0,0,1,0,0,0,2,0
827,1,5,4,17,-999999,38,-999999,38,0,17,0,-999999,0,-999999,0,1,0,0,0,0,1,0,4,0
828,1,1,0,20,-999999,28,-999999,28,0,20,0,-999999,0,-999999,0,1,0,1,0,0,0,0,0,0
828,1,3,2,13,15,35,29,35,0,13,0,29,0,15,0,1,0,0,1,0,0,0,2,0
828,1,4,3,16,16,29,35,29,0,16,0,35,0,16,0,1,0,0,0,1,0,0,3,0
828,1,5,4,20,21,32,22,32,0,20,0,22,0,21,0,1,0,0,0,0,1,0,4,0
828,1,6,5,22,16.33333333,28,33,28,0,22,0,33,0,16.33333333,0,1,0,0,0,0,0,1,5,0
829,1,1,0,17,15,38,39,38,0,17,0,39,0,15,0,1,0,1,0,0,0,0,0,0
829,1,3,2,15,13,37,37,37,0,15,0,37,0,13,0,1,0,0,1,0,0,0,2,0
829,1,4,3,23,-999999,38,-999999,38,0,23,0,-999999,0,-999999,0,1,0,0,0,1,0,0,3,0
830,1,1,0,14,-999999,36,-999999,36,0,14,0,-999999,0,-999999,0,1,0,1,0,0,0,0,0,0
830,1,3,2,12,10,32,32,32,0,12,0,32,0,10,0,1,0,0,1,0,0,0,2,0
830,1,4,3,14,-999999,36,-999999,36,0,14,0,-999999,0,-999999,0,1,0,0,0,1,0,0,3,0
830,1,5,4,11,12,35,33,35,0,11,0,33,0,12,0,1,0,0,0,0,1,0,4,0
830,1,6,5,16,11,28,31,28,0,16,0,31,0,11,0,1,0,0,0,0,0,1,5,0
831,1,1,0,12,17,37,37,37,0,12,0,37,0,17,0,1,0,1,0,0,0,0,0,0
831,1,3,2,8,10,38,39,38,0,8,0,39,0,10,0,1,0,0,1,0,0,0,2,0
831,1,4,3,14,-999999,39,-999999,39,0,14,0,-999999,0,-999999,0,1,0,0,0,1,0,0,3,0
831,1,5,4,8,11,40,33,40,0,8,0,33,0,11,0,1,0,0,0,0,1,0,4,0
831,1,6,5,10,17,40,33,40,0,10,0,33,0,17,0,1,0,0,0,0,0,1,5,0
832,1,1,0,26,-999999,32,-999999,32,0,26,0,-999999,0,-999999,0,1,0,1,0,0,0,0,0,0
832,1,3,2,32,-999999,27,-999999,27,0,32,0,-999999,0,-999999,0,1,0,0,1,0,0,0,2,0
832,1,4,3,34,-999999,18,-999999,18,0,34,0,-999999,0,-999999,0,1,0,0,0,1,0,0,3,0
832,1,5,4,27,14,30,37,30,0,27,0,37,0,14,0,1,0,0,0,0,1,0,4,0
832,1,6,5,32,-999999,20,-999999,20,0,32,0,-999999,0,-999999,0,1,0,0,0,0,0,1,5,0
833,0,1,0,10,10,40,39,0,40,0,10,0,39,0,10,0,1,1,0,0,0,0,0,0
833,0,3,2,8,11,40,35,0,40,0,8,0,35,0,11,0,1,0,1,0,0,0,0,2
833,0,4,3,11,10,39,36,0,39,0,11,0,36,0,10,0,1,0,0,1,0,0,0,3
833,0,5,4,9,-999999,39,-999999,0,39,0,9,0,-999999,0,-999999,0,1,0,0,0,1,0,0,4
833,0,6,5,17,12,35,36,0,35,0,17,0,36,0,12,0,1,0,0,0,0,1,0,5
834,0,1,0,13,13,40,38,0,40,0,13,0,38,0,13,0,1,1,0,0,0,0,0,0
834,0,3,2,9,11,36,34,0,36,0,9,0,34,0,11,0,1,0,1,0,0,0,0,2
834,0,4,3,14,15,38,34,0,38,0,14,0,34,0,15,0,1,0,0,1,0,0,0,3
834,0,5,4,10,13,36,35,0,36,0,10,0,35,0,13,0,1,0,0,0,1,0,0,4
834,0,6,5,14,17,36,31,0,36,0,14,0,31,0,17,0,1,0,0,0,0,1,0,5
835,0,1,0,13,14,39,38,0,39,0,13,0,38,0,14,0,1,1,0,0,0,0,0,0
835,0,3,2,21,20,39,35,0,39,0,21,0,35,0,20,0,1,0,1,0,0,0,0,2
835,0,4,3,21,15,38,37,0,38,0,21,0,37,0,15,0,1,0,0,1,0,0,0,3
835,0,5,4,22,-999999,39,-999999,0,39,0,22,0,-999999,0,-999999,0,1,0,0,0,1,0,0,4
835,0,6,5,22,-999999,40,-999999,0,40,0,22,0,-999999,0,-999999,0,1,0,0,0,0,1,0,5
836,0,1,0,7,13,40,37,0,40,0,7,0,37,0,13,0,1,1,0,0,0,0,0,0
836,0,3,2,7,14,36,36,0,36,0,7,0,36,0,14,0,1,0,1,0,0,0,0,2
836,0,4,3,10,15,40,36,0,40,0,10,0,36,0,15,0,1,0,0,1,0,0,0,3
836,0,5,4,12,12,40,36,0,40,0,12,0,36,0,12,0,1,0,0,0,1,0,0,4
836,0,6,5,20,24,39,32,0,39,0,20,0,32,0,24,0,1,0,0,0,0,1,0,5
837,0,1,0,7,-999999,40,-999999,0,40,0,7,0,-999999,0,-999999,0,1,1,0,0,0,0,0,0
837,0,3,2,7,-999999,40,-999999,0,40,0,7,0,-999999,0,-999999,0,1,0,1,0,0,0,0,2
837,0,4,3,8,-999999,38,-999999,0,38,0,8,0,-999999,0,-999999,0,1,0,0,1,0,0,0,3
837,0,5,4,8,-999999,37,-999999,0,37,0,8,0,-999999,0,-999999,0,1,0,0,0,1,0,0,4
837,0,6,5,7,-999999,40,-999999,0,40,0,7,0,-999999,0,-999999,0,1,0,0,0,0,1,0,5
838,1,1,0,27,20,38,36,38,0,27,0,36,0,20,0,1,0,1,0,0,0,0,0,0
838,1,3,2,30,26,35,32,35,0,30,0,32,0,26,0,1,0,0,1,0,0,0,2,0
838,1,4,3,28,21,37,31,37,0,28,0,31,0,21,0,1,0,0,0,1,0,0,3,0
838,1,5,4,29,28,36,29,36,0,29,0,29,0,28,0,1,0,0,0,0,1,0,4,0
838,1,6,5,29,-999999,32,-999999,32,0,29,0,-999999,0,-999999,0,1,0,0,0,0,0,1,5,0
839,1,1,0,15,15,37,36,37,0,15,0,36,0,15,0,1,0,1,0,0,0,0,0,0
839,1,3,2,22,17,36,29,36,0,22,0,29,0,17,0,1,0,0,1,0,0,0,2,0
839,1,4,3,22,18,36,36,36,0,22,0,36,0,18,0,1,0,0,0,1,0,0,3,0
839,1,5,4,22,26,35,35,35,0,22,0,35,0,26,0,1,0,0,0,0,1,0,4,0
839,1,6,5,20,19,37,36,37,0,20,0,36,0,19,0,1,0,0,0,0,0,1,5,0
840,1,1,0,11,10,36,40,36,0,11,0,40,0,10,0,1,0,1,0,0,0,0,0,0
840,1,3,2,19,10,39,37,39,0,19,0,37,0,10,0,1,0,0,1,0,0,0,2,0
840,1,4,3,13,19,40,36,40,0,13,0,36,0,19,0,1,0,0,0,1,0,0,3,0
840,1,5,4,11,16,40,34,40,0,11,0,34,0,16,0,1,0,0,0,0,1,0,4,0
840,1,6,5,16,13,40,37,40,0,16,0,37,0,13,0,1,0,0,0,0,0,1,5,0
841,1,4,3,20,20,38,38,38,0,20,0,38,0,20,0,1,0,0,0,1,0,0,3,0
841,1,5,4,23,-999999,39,-999999,39,0,23,0,-999999,0,-999999,0,1,0,0,0,0,1,0,4,0
842,1,1,0,18,12,37,38,37,0,18,0,38,0,12,0,1,0,1,0,0,0,0,0,0
842,1,3,2,18,15,34,38,34,0,18,0,38,0,15,0,1,0,0,1,0,0,0,2,0
842,1,4,3,16,13,36,38,36,0,16,0,38,0,13,0,1,0,0,0,1,0,0,3,0
842,1,5,4,17,14,34,36,34,0,17,0,36,0,14,0,1,0,0,0,0,1,0,4,0
842,1,6,5,14,9,39,36,39,0,14,0,36,0,9,0,1,0,0,0,0,0,1,5,0
843,0,1,0,16,12,37,39,0,37,0,16,0,39,0,12,0,1,1,0,0,0,0,0,0
843,0,3,2,18,16,36,39,0,36,0,18,0,39,0,16,0,1,0,1,0,0,0,0,2
843,0,4,3,20,11,36,39,0,36,0,20,0,39,0,11,0,1,0,0,1,0,0,0,3
843,0,5,4,19,13,36,37,0,36,0,19,0,37,0,13,0,1,0,0,0,1,0,0,4
843,0,6,5,16,18,35,40,0,35,0,16,0,40,0,18,0,1,0,0,0,0,1,0,5
844,0,1,0,15,11,36,40,0,36,0,15,0,40,0,11,0,1,1,0,0,0,0,0,0
844,0,4,3,14,15,38,37,0,38,0,14,0,37,0,15,0,1,0,0,1,0,0,0,3
845,0,4,3,21,15,38,35,0,38,0,21,0,35,0,15,0,1,0,0,1,0,0,0,3
845,0,5,4,16,14,40,35,0,40,0,16,0,35,0,14,0,1,0,0,0,1,0,0,4
845,0,6,5,9,18,40,35,0,40,0,9,0,35,0,18,0,1,0,0,0,0,1,0,5
846,0,1,0,11,-999999,38,-999999,0,38,0,11,0,-999999,0,-999999,0,1,1,0,0,0,0,0,0
846,0,3,2,14,11,37,28,0,37,0,14,0,28,0,11,0,1,0,1,0,0,0,0,2
846,0,4,3,11,13,35,29,0,35,0,11,0,29,0,13,0,1,0,0,1,0,0,0,3
846,0,5,4,11,19,37,28,0,37,0,11,0,28,0,19,0,1,0,0,0,1,0,0,4
846,0,6,5,14,16,33,27,0,33,0,14,0,27,0,16,0,1,0,0,0,0,1,0,5
847,0,1,0,16,15,38,38,0,38,0,16,0,38,0,15,0,1,1,0,0,0,0,0,0
847,0,3,2,14,12,39,35,0,39,0,14,0,35,0,12,0,1,0,1,0,0,0,0,2
847,0,4,3,19,9,36,38,0,36,0,19,0,38,0,9,0,1,0,0,1,0,0,0,3
847,0,5,4,15,15,34,36,0,34,0,15,0,36,0,15,0,1,0,0,0,1,0,0,4
847,0,6,5,17,13,40,38,0,40,0,17,0,38,0,13,0,1,0,0,0,0,1,0,5
848,0,1,0,14,24,33,35,0,33,0,14,0,35,0,24,0,1,1,0,0,0,0,0,0
848,0,3,2,28,25,37,36,0,37,0,28,0,36,0,25,0,1,0,1,0,0,0,0,2
848,0,4,3,28,21,34,36,0,34,0,28,0,36,0,21,0,1,0,0,1,0,0,0,3
848,0,5,4,24,16,36,33,0,36,0,24,0,33,0,16,0,1,0,0,0,1,0,0,4
848,0,6,5,26,20,36,31,0,36,0,26,0,31,0,20,0,1,0,0,0,0,1,0,5
849,1,1,0,22,-999999,33,-999999,33,0,22,0,-999999,0,-999999,0,1,0,1,0,0,0,0,0,0
849,1,3,2,29,-999999,33,-999999,33,0,29,0,-999999,0,-999999,0,1,0,0,1,0,0,0,2,0
849,1,4,3,25,18,24,32,24,0,25,0,32,0,18,0,1,0,0,0,1,0,0,3,0
849,1,5,4,21,-999999,26,-999999,26,0,21,0,-999999,0,-999999,0,1,0,0,0,0,1,0,4,0
849,1,6,5,19,11,25,37,25,0,19,0,37,0,11,0,1,0,0,0,0,0,1,5,0
850,0,1,0,9,8,38,38,0,38,0,9,0,38,0,8,0,1,1,0,0,0,0,0,0
850,0,3,2,11,-999999,31,-999999,0,31,0,11,0,-999999,0,-999999,0,1,0,1,0,0,0,0,2
850,0,5,4,15,10,29,34,0,29,0,15,0,34,0,10,0,1,0,0,0,1,0,0,4
850,0,6,5,21,18,31,33,0,31,0,21,0,33,0,18,0,1,0,0,0,0,1,0,5
851,0,1,0,20,14,36,32,0,36,0,20,0,32,0,14,0,1,1,0,0,0,0,0,0
851,0,3,2,22,16,35,38,0,35,0,22,0,38,0,16,0,1,0,1,0,0,0,0,2
851,0,4,3,24,13,37,36,0,37,0,24,0,36,0,13,0,1,0,0,1,0,0,0,3
851,0,5,4,25,21,36,38,0,36,0,25,0,38,0,21,0,1,0,0,0,1,0,0,4
851,0,6,5,24,15,35,40,0,35,0,24,0,40,0,15,0,1,0,0,0,0,1,0,5
852,1,1,0,17,8,32,38,32,0,17,0,38,0,8,0,1,0,1,0,0,0,0,0,0
852,1,3,2,10,10,32,33,32,0,10,0,33,0,10,0,1,0,0,1,0,0,0,2,0
852,1,4,3,8,-999999,33,-999999,33,0,8,0,-999999,0,-999999,0,1,0,0,0,1,0,0,3,0
852,1,5,4,11,-999999,29,-999999,29,0,11,0,-999999,0,-999999,0,1,0,0,0,0,1,0,4,0
852,1,6,5,16,19,29,33,29,0,16,0,33,0,19,0,1,0,0,0,0,0,1,5,0
853,0,1,0,13,13,35,40,0,35,0,13,0,40,0,13,0,1,1,0,0,0,0,0,0
853,0,3,2,14,12,40,37,0,40,0,14,0,37,0,12,0,1,0,1,0,0,0,0,2
853,0,4,3,18,13,38,38,0,38,0,18,0,38,0,13,0,1,0,0,1,0,0,0,3
853,0,5,4,17,14,37,38,0,37,0,17,0,38,0,14,0,1,0,0,0,1,0,0,4
853,0,6,5,16,17,36,33,0,36,0,16,0,33,0,17,0,1,0,0,0,0,1,0,5
854,0,1,0,7,-999999,37,-999999,0,37,0,7,0,-999999,0,-999999,0,1,1,0,0,0,0,0,0
854,0,3,2,8,-999999,40,-999999,0,40,0,8,0,-999999,0,-999999,0,1,0,1,0,0,0,0,2
854,0,4,3,10,-999999,39,-999999,0,39,0,10,0,-999999,0,-999999,0,1,0,0,1,0,0,0,3
854,0,5,4,10,-999999,40,-999999,0,40,0,10,0,-999999,0,-999999,0,1,0,0,0,1,0,0,4
854,0,6,5,13,-999999,40,-999999,0,40,0,13,0,-999999,0,-999999,0,1,0,0,0,0,1,0,5
855,1,1,0,24,-999999,33,-999999,33,0,24,0,-999999,0,-999999,0,1,0,1,0,0,0,0,0,0
855,1,3,2,23,-999999,37,-999999,37,0,23,0,-999999,0,-999999,0,1,0,0,1,0,0,0,2,0
855,1,4,3,32,-999999,38,-999999,38,0,32,0,-999999,0,-999999,0,1,0,0,0,1,0,0,3,0
855,1,5,4,29,-999999,38,-999999,38,0,29,0,-999999,0,-999999,0,1,0,0,0,0,1,0,4,0
855,1,6,5,18,-999999,33,-999999,33,0,18,0,-999999,0,-999999,0,1,0,0,0,0,0,1,5,0
856,0,1,0,15,10,31,36,0,31,0,15,0,36,0,10,0,1,1,0,0,0,0,0,0
856,0,3,2,9,7,37,39,0,37,0,9,0,39,0,7,0,1,0,1,0,0,0,0,2
856,0,4,3,11,7,37,36,0,37,0,11,0,36,0,7,0,1,0,0,1,0,0,0,3
856,0,5,4,13,10,36,35,0,36,0,13,0,35,0,10,0,1,0,0,0,1,0,0,4
856,0,6,5,7,7,35,34,0,35,0,7,0,34,0,7,0,1,0,0,0,0,1,0,5
857,1,1,0,19,-999999,40,-999999,40,0,19,0,-999999,0,-999999,0,1,0,1,0,0,0,0,0,0
857,1,4,3,23,-999999,38,-999999,38,0,23,0,-999999,0,-999999,0,1,0,0,0,1,0,0,3,0
857,1,5,4,19,-999999,38,-999999,38,0,19,0,-999999,0,-999999,0,1,0,0,0,0,1,0,4,0
858,1,1,0,7,12,40,37,40,0,7,0,37,0,12,0,1,0,1,0,0,0,0,0,0
858,1,3,2,14,18,40,36,40,0,14,0,36,0,18,0,1,0,0,1,0,0,0,2,0
858,1,4,3,16,18,38,35,38,0,16,0,35,0,18,0,1,0,0,0,1,0,0,3,0
858,1,5,4,18,15,39,31,39,0,18,0,31,0,15,0,1,0,0,0,0,1,0,4,0
858,1,6,5,8,16,40,36,40,0,8,0,36,0,16,0,1,0,0,0,0,0,1,5,0
859,0,1,0,11,8,40,40,0,40,0,11,0,40,0,8,0,1,1,0,0,0,0,0,0
860,1,3,2,12,-999999,37,-999999,37,0,12,0,-999999,0,-999999,0,1,0,0,1,0,0,0,2,0
860,1,4,3,12,-999999,34,-999999,34,0,12,0,-999999,0,-999999,0,1,0,0,0,1,0,0,3,0
860,1,5,4,11,-999999,35,-999999,35,0,11,0,-999999,0,-999999,0,1,0,0,0,0,1,0,4,0
860,1,6,5,18,-999999,35,-999999,35,0,18,0,-999999,0,-999999,0,1,0,0,0,0,0,1,5,0
861,0,1,0,19,-999999,33,-999999,0,33,0,19,0,-999999,0,-999999,0,1,1,0,0,0,0,0,0
861,0,3,2,23,-999999,39,-999999,0,39,0,23,0,-999999,0,-999999,0,1,0,1,0,0,0,0,2
861,0,4,3,12,8,40,40,0,40,0,12,0,40,0,8,0,1,0,0,1,0,0,0,3
861,0,5,4,17,-999999,34,-999999,0,34,0,17,0,-999999,0,-999999,0,1,0,0,0,1,0,0,4
861,0,6,5,18,19,39,37,0,39,0,18,0,37,0,19,0,1,0,0,0,0,1,0,5
862,0,1,0,8,16,39,40,0,39,0,8,0,40,0,16,0,1,1,0,0,0,0,0,0
862,0,3,2,19,14,39,40,0,39,0,19,0,40,0,14,0,1,0,1,0,0,0,0,2
862,0,4,3,15,10,40,40,0,40,0,15,0,40,0,10,0,1,0,0,1,0,0,0,3
862,0,5,4,9,-999999,39,-999999,0,39,0,9,0,-999999,0,-999999,0,1,0,0,0,1,0,0,4
862,0,6,5,9,-999999,40,-999999,0,40,0,9,0,-999999,0,-999999,0,1,0,0,0,0,1,0,5
863,1,1,0,14,17,39,36,39,0,14,0,36,0,17,0,1,0,1,0,0,0,0,0,0
863,1,3,2,11,18,38,37,38,0,11,0,37,0,18,0,1,0,0,1,0,0,0,2,0
863,1,4,3,15,19,38,35,38,0,15,0,35,0,19,0,1,0,0,0,1,0,0,3,0
863,1,5,4,28,20,37,33,37,0,28,0,33,0,20,0,1,0,0,0,0,1,0,4,0
863,1,6,5,14,16,39,37,39,0,14,0,37,0,16,0,1,0,0,0,0,0,1,5,0
864,0,3,2,30,-999999,37,-999999,0,37,0,30,0,-999999,0,-999999,0,1,0,1,0,0,0,0,2
864,0,6,5,28,28,37,33,0,37,0,28,0,33,0,28,0,1,0,0,0,0,1,0,5
865,1,1,0,10,10,39,40,39,0,10,0,40,0,10,0,1,0,1,0,0,0,0,0,0
865,1,3,2,11,9,39,40,39,0,11,0,40,0,9,0,1,0,0,1,0,0,0,2,0
865,1,4,3,11,14,39,40,39,0,11,0,40,0,14,0,1,0,0,0,1,0,0,3,0
865,1,5,4,11,16,40,40,40,0,11,0,40,0,16,0,1,0,0,0,0,1,0,4,0
865,1,6,5,10,12,39,40,39,0,10,0,40,0,12,0,1,0,0,0,0,0,1,5,0
866,0,1,0,10,11,40,40,0,40,0,10,0,40,0,11,0,1,1,0,0,0,0,0,0
866,0,3,2,9,-999999,35,-999999,0,35,0,9,0,-999999,0,-999999,0,1,0,1,0,0,0,0,2
866,0,4,3,11,10,38,37,0,38,0,11,0,37,0,10,0,1,0,0,1,0,0,0,3
866,0,5,4,14,20,37,33,0,37,0,14,0,33,0,20,0,1,0,0,0,1,0,0,4
866,0,6,5,17,14,35,33,0,35,0,17,0,33,0,14,0,1,0,0,0,0,1,0,5
867,0,1,0,24,11,38,29,0,38,0,24,0,29,0,11,0,1,1,0,0,0,0,0,0
867,0,3,2,24,10,40,37,0,40,0,24,0,37,0,10,0,1,0,1,0,0,0,0,2
867,0,4,3,26,13,39,35,0,39,0,26,0,35,0,13,0,1,0,0,1,0,0,0,3
867,0,5,4,21,11,38,33,0,38,0,21,0,33,0,11,0,1,0,0,0,1,0,0,4
867,0,6,5,19,17,40,34,0,40,0,19,0,34,0,17,0,1,0,0,0,0,1,0,5
868,1,1,0,26,-999999,38,-999999,38,0,26,0,-999999,0,-999999,0,1,0,1,0,0,0,0,0,0
868,1,4,3,15,-999999,40,-999999,40,0,15,0,-999999,0,-999999,0,1,0,0,0,1,0,0,3,0
868,1,5,4,14,13,40,36,40,0,14,0,36,0,13,0,1,0,0,0,0,1,0,4,0
868,1,6,5,23,11,37,33,37,0,23,0,33,0,11,0,1,0,0,0,0,0,1,5,0
869,0,1,0,18,-999999,40,-999999,0,40,0,18,0,-999999,0,-999999,0,1,1,0,0,0,0,0,0
869,0,3,2,21,-999999,40,-999999,0,40,0,21,0,-999999,0,-999999,0,1,0,1,0,0,0,0,2
869,0,4,3,8,7,39,34,0,39,0,8,0,34,0,7,0,1,0,0,1,0,0,0,3
869,0,5,4,11,8,39,33,0,39,0,11,0,33,0,8,0,1,0,0,0,1,0,0,4
869,0,6,5,15,7,39,30,0,39,0,15,0,30,0,7,0,1,0,0,0,0,1,0,5
870,0,1,0,9,16,40,38,0,40,0,9,0,38,0,16,0,1,1,0,0,0,0,0,0
870,0,3,2,10,16,40,34,0,40,0,10,0,34,0,16,0,1,0,1,0,0,0,0,2
870,0,4,3,15,16,39,32,0,39,0,15,0,32,0,16,0,1,0,0,1,0,0,0,3
870,0,5,4,9,11,38,34,0,38,0,9,0,34,0,11,0,1,0,0,0,1,0,0,4
870,0,6,5,11,14,40,37,0,40,0,11,0,37,0,14,0,1,0,0,0,0,1,0,5
871,1,1,0,10,14,39,36,39,0,10,0,36,0,14,0,1,0,1,0,0,0,0,0,0
871,1,3,2,12,18,38,33,38,0,12,0,33,0,18,0,1,0,0,1,0,0,0,2,0
871,1,4,3,11,14,37,35,37,0,11,0,35,0,14,0,1,0,0,0,1,0,0,3,0
871,1,5,4,9,12,35,35,35,0,9,0,35,0,12,0,1,0,0,0,0,1,0,4,0
871,1,6,5,8,18,37,28,37,0,8,0,28,0,18,0,1,0,0,0,0,0,1,5,0
872,0,1,0,16,8,36,35,0,36,0,16,0,35,0,8,0,1,1,0,0,0,0,0,0
872,0,3,2,16,13,39,35,0,39,0,16,0,35,0,13,0,1,0,1,0,0,0,0,2
872,0,4,3,12,12,37,33,0,37,0,12,0,33,0,12,0,1,0,0,1,0,0,0,3
872,0,5,4,11,12,36,32,0,36,0,11,0,32,0,12,0,1,0,0,0,1,0,0,4
872,0,6,5,10,10,35,34,0,35,0,10,0,34,0,10,0,1,0,0,0,0,1,0,5
873,1,1,0,7,7,40,39,40,0,7,0,39,0,7,0,1,0,1,0,0,0,0,0,0
873,1,3,2,8,7,40,39,40,0,8,0,39,0,7,0,1,0,0,1,0,0,0,2,0
873,1,4,3,10,7,40,40,40,0,10,0,40,0,7,0,1,0,0,0,1,0,0,3,0
873,1,5,4,9,7,40,40,40,0,9,0,40,0,7,0,1,0,0,0,0,1,0,4,0
873,1,6,5,9,7,39,39,39,0,9,0,39,0,7,0,1,0,0,0,0,0,1,5,0
874,0,1,0,20,21,40,35,0,40,0,20,0,35,0,21,0,1,1,0,0,0,0,0,0
874,0,3,2,30,28,40,31,0,40,0,30,0,31,0,28,0,1,0,1,0,0,0,0,2
874,0,4,3,29,28,40,29,0,40,0,29,0,29,0,28,0,1,0,0,1,0,0,0,3
874,0,5,4,26,27,39,20,0,39,0,26,0,20,0,27,0,1,0,0,0,1,0,0,4
874,0,6,5,20,26,40,31,0,40,0,20,0,31,0,26,0,1,0,0,0,0,1,0,5
875,1,1,0,29,19,33,24,33,0,29,0,24,0,19,0,1,0,1,0,0,0,0,0,0
875,1,4,3,29,29,33,33,33,0,29,0,33,0,29,0,1,0,0,0,1,0,0,3,0
875,1,5,4,30,-999999,34,-999999,34,0,30,0,-999999,0,-999999,0,1,0,0,0,0,1,0,4,0
875,1,6,5,22,-999999,35,-999999,35,0,22,0,-999999,0,-999999,0,1,0,0,0,0,0,1,5,0
876,1,1,0,7,14,40,38,40,0,7,0,38,0,14,0,1,0,1,0,0,0,0,0,0
876,1,3,2,11,9,36,36,36,0,11,0,36,0,9,0,1,0,0,1,0,0,0,2,0
876,1,4,3,8,9,38,37,38,0,8,0,37,0,9,0,1,0,0,0,1,0,0,3,0
876,1,5,4,13,13,37,37,37,0,13,0,37,0,13,0,1,0,0,0,0,1,0,4,0
876,1,6,5,14,11,35,33,35,0,14,0,33,0,11,0,1,0,0,0,0,0,1,5,0
877,1,1,0,13,17,33,36,33,0,13,0,36,0,17,0,1,0,1,0,0,0,0,0,0
877,1,3,2,19,7,31,33,31,0,19,0,33,0,7,0,1,0,0,1,0,0,0,2,0
877,1,4,3,15,-999999,33,-999999,33,0,15,0,-999999,0,-999999,0,1,0,0,0,1,0,0,3,0
877,1,5,4,11,17,26,34,26,0,11,0,34,0,17,0,1,0,0,0,0,1,0,4,0
877,1,6,5,11,16,32,35,32,0,11,0,35,0,16,0,1,0,0,0,0,0,1,5,0
878,1,1,0,18,20,39,38,39,0,18,0,38,0,20,0,1,0,1,0,0,0,0,0,0
878,1,3,2,20,23,38,38,38,0,20,0,38,0,23,0,1,0,0,1,0,0,0,2,0
878,1,4,3,21,20,38,37,38,0,21,0,37,0,20,0,1,0,0,0,1,0,0,3,0
878,1,5,4,20,23,35,37,35,0,20,0,37,0,23,0,1,0,0,0,0,1,0,4,0
878,1,6,5,18,22,37,36,37,0,18,0,36,0,22,0,1,0,0,0,0,0,1,5,0
879,0,1,0,8,7,40,35,0,40,0,8,0,35,0,7,0,1,1,0,0,0,0,0,0
879,0,3,2,7,14,40,39,0,40,0,7,0,39,0,14,0,1,0,1,0,0,0,0,2
879,0,4,3,7,12,40,38,0,40,0,7,0,38,0,12,0,1,0,0,1,0,0,0,3
879,0,5,4,8,24,40,34,0,40,0,8,0,34,0,24,0,1,0,0,0,1,0,0,4
879,0,6,5,7,20,38,36,0,38,0,7,0,36,0,20,0,1,0,0,0,0,1,0,5
880,0,1,0,24,-999999,38,-999999,0,38,0,24,0,-999999,0,-999999,0,1,1,0,0,0,0,0,0
880,0,3,2,24,28,34,33,0,34,0,24,0,33,0,28,0,1,0,1,0,0,0,0,2
880,0,4,3,28,28,36,30,0,36,0,28,0,30,0,28,0,1,0,0,1,0,0,0,3
880,0,5,4,29,27,34,33,0,34,0,29,0,33,0,27,0,1,0,0,0,1,0,0,4
880,0,6,5,28,26,34,36,0,34,0,28,0,36,0,26,0,1,0,0,0,0,1,0,5
881,1,4,3,7,8,39,40,39,0,7,0,40,0,8,0,1,0,0,0,1,0,0,3,0
881,1,5,4,9,11,40,36,40,0,9,0,36,0,11,0,1,0,0,0,0,1,0,4,0
881,1,6,5,11,-999999,37,-999999,37,0,11,0,-999999,0,-999999,0,1,0,0,0,0,0,1,5,0
882,0,1,0,20,14,37,39,0,37,0,20,0,39,0,14,0,1,1,0,0,0,0,0,0
882,0,3,2,19,17,40,39,0,40,0,19,0,39,0,17,0,1,0,1,0,0,0,0,2
882,0,4,3,20,16,37,36,0,37,0,20,0,36,0,16,0,1,0,0,1,0,0,0,3
882,0,5,4,19,16,40,36,0,40,0,19,0,36,0,16,0,1,0,0,0,1,0,0,4
882,0,6,5,17,12,39,40,0,39,0,17,0,40,0,12,0,1,0,0,0,0,1,0,5
883,1,1,0,21,11,39,35,39,0,21,0,35,0,11,0,1,0,1,0,0,0,0,0,0
883,1,3,2,21,12,36,35,36,0,21,0,35,0,12,0,1,0,0,1,0,0,0,2,0
883,1,4,3,20,12,33,33,33,0,20,0,33,0,12,0,1,0,0,0,1,0,0,3,0
883,1,5,4,16,15,32,29,32,0,16,0,29,0,15,0,1,0,0,0,0,1,0,4,0
883,1,6,5,11,14,31,35,31,0,11,0,35,0,14,0,1,0,0,0,0,0,1,5,0
884,1,1,0,25,15,35,39,35,0,25,0,39,0,15,0,1,0,1,0,0,0,0,0,0
884,1,3,2,19,20,36,25,36,0,19,0,25,0,20,0,1,0,0,1,0,0,0,2,0
884,1,4,3,19,26,39,35,39,0,19,0,35,0,26,0,1,0,0,0,1,0,0,3,0
884,1,5,4,24,-999999,34,-999999,34,0,24,0,-999999,0,-999999,0,1,0,0,0,0,1,0,4,0
884,1,6,5,25,-999999,37,-999999,37,0,25,0,-999999,0,-999999,0,1,0,0,0,0,0,1,5,0
885,0,1,0,9,8,40,36,0,40,0,9,0,36,0,8,0,1,1,0,0,0,0,0,0
885,0,3,2,15,15,36,28,0,36,0,15,0,28,0,15,0,1,0,1,0,0,0,0,2
885,0,4,3,13,13,40,31,0,40,0,13,0,31,0,13,0,1,0,0,1,0,0,0,3
885,0,5,4,13,15,37,31,0,37,0,13,0,31,0,15,0,1,0,0,0,1,0,0,4
885,0,6,5,16,14,35,33,0,35,0,16,0,33,0,14,0,1,0,0,0,0,1,0,5
886,1,1,0,11,11,40,36,40,0,11,0,36,0,11,0,1,0,1,0,0,0,0,0,0
886,1,3,2,19,-999999,34,-999999,34,0,19,0,-999999,0,-999999,0,1,0,0,1,0,0,0,2,0
886,1,4,3,19,-999999,40,-999999,40,0,19,0,-999999,0,-999999,0,1,0,0,0,1,0,0,3,0
886,1,5,4,16,-999999,34,-999999,34,0,16,0,-999999,0,-999999,0,1,0,0,0,0,1,0,4,0
886,1,6,5,26,-999999,34,-999999,34,0,26,0,-999999,0,-999999,0,1,0,0,0,0,0,1,5,0
887,0,1,0,14,-999999,39,-999999,0,39,0,14,0,-999999,0,-999999,0,1,1,0,0,0,0,0,0
887,0,3,2,9,-999999,38,-999999,0,38,0,9,0,-999999,0,-999999,0,1,0,1,0,0,0,0,2
887,0,4,3,8,-999999,39,-999999,0,39,0,8,0,-999999,0,-999999,0,1,0,0,1,0,0,0,3
887,0,5,4,8,-999999,38,-999999,0,38,0,8,0,-999999,0,-999999,0,1,0,0,0,1,0,0,4
888,0,1,0,17,-999999,40,-999999,0,40,0,17,0,-999999,0,-999999,0,1,1,0,0,0,0,0,0
888,0,3,2,30,-999999,40,-999999,0,40,0,30,0,-999999,0,-999999,0,1,0,1,0,0,0,0,2
888,0,4,3,27,13,40,34,0,40,0,27,0,34,0,13,0,1,0,0,1,0,0,0,3
888,0,5,4,23,9,40,37,0,40,0,23,0,37,0,9,0,1,0,0,0,1,0,0,4
888,0,6,5,29,12,39,37,0,39,0,29,0,37,0,12,0,1,0,0,0,0,1,0,5
889,0,1,0,8,11,40,37,0,40,0,8,0,37,0,11,0,1,1,0,0,0,0,0,0
889,0,3,2,8,7,40,39,0,40,0,8,0,39,0,7,0,1,0,1,0,0,0,0,2
889,0,4,3,7,8,40,35,0,40,0,7,0,35,0,8,0,1,0,0,1,0,0,0,3
889,0,5,4,8,9,38,35,0,38,0,8,0,35,0,9,0,1,0,0,0,1,0,0,4
889,0,6,5,8,7,40,36,0,40,0,8,0,36,0,7,0,1,0,0,0,0,1,0,5
890,1,1,0,12,-999999,40,-999999,40,0,12,0,-999999,0,-999999,0,1,0,1,0,0,0,0,0,0
890,1,3,2,10,-999999,39,-999999,39,0,10,0,-999999,0,-999999,0,1,0,0,1,0,0,0,2,0
890,1,4,3,15,-999999,40,-999999,40,0,15,0,-999999,0,-999999,0,1,0,0,0,1,0,0,3,0
890,1,5,4,17,-999999,37,-999999,37,0,17,0,-999999,0,-999999,0,1,0,0,0,0,1,0,4,0
890,1,6,5,12,-999999,38,-999999,38,0,12,0,-999999,0,-999999,0,1,0,0,0,0,0,1,5,0
891,1,1,0,21,-999999,40,-999999,40,0,21,0,-999999,0,-999999,0,1,0,1,0,0,0,0,0,0
891,1,3,2,21,17,38,23,38,0,21,0,23,0,17,0,1,0,0,1,0,0,0,2,0
891,1,4,3,15,16,39,29,39,0,15,0,29,0,16,0,1,0,0,0,1,0,0,3,0
891,1,5,4,9,-999999,39,-999999,39,0,9,0,-999999,0,-999999,0,1,0,0,0,0,1,0,4,0
891,1,6,5,7,25,40,26,40,0,7,0,26,0,25,0,1,0,0,0,0,0,1,5,0
892,0,1,0,20,22,38,35,0,38,0,20,0,35,0,22,0,1,1,0,0,0,0,0,0
892,0,3,2,15,-999999,37,-999999,0,37,0,15,0,-999999,0,-999999,0,1,0,1,0,0,0,0,2
892,0,4,3,18,-999999,39,-999999,0,39,0,18,0,-999999,0,-999999,0,1,0,0,1,0,0,0,3
892,0,5,4,20,-999999,38,-999999,0,38,0,20,0,-999999,0,-999999,0,1,0,0,0,1,0,0,4
893,0,1,0,19,14,40,30,0,40,0,19,0,30,0,14,0,1,1,0,0,0,0,0,0
893,0,3,2,18,11,35,33,0,35,0,18,0,33,0,11,0,1,0,1,0,0,0,0,2
893,0,4,3,25,13,33,34,0,33,0,25,0,34,0,13,0,1,0,0,1,0,0,0,3
893,0,5,4,25,20,35,28,0,35,0,25,0,28,0,20,0,1,0,0,0,1,0,0,4
893,0,6,5,23,14,32,31,0,32,0,23,0,31,0,14,0,1,0,0,0,0,1,0,5
894,0,1,0,20,21,23,19,0,23,0,20,0,19,0,21,0,1,1,0,0,0,0,0,0
894,0,3,2,16,-999999,23,-999999,0,23,0,16,0,-999999,0,-999999,0,1,0,1,0,0,0,0,2
894,0,4,3,18,-999999,22,-999999,0,22,0,18,0,-999999,0,-999999,0,1,0,0,1,0,0,0,3
894,0,5,4,20,-999999,22,-999999,0,22,0,20,0,-999999,0,-999999,0,1,0,0,0,1,0,0,4
894,0,6,5,22,-999999,27,-999999,0,27,0,22,0,-999999,0,-999999,0,1,0,0,0,0,1,0,5
895,1,1,0,18,21,33,32,33,0,18,0,32,0,21,0,1,0,1,0,0,0,0,0,0
895,1,3,2,18,-999999,34,-999999,34,0,18,0,-999999,0,-999999,0,1,0,0,1,0,0,0,2,0
895,1,4,3,20,22,36,21,36,0,20,0,21,0,22,0,1,0,0,0,1,0,0,3,0
895,1,5,4,25,18,36,27,36,0,25,0,27,0,18,0,1,0,0,0,0,1,0,4,0
895,1,6,5,21,-999999,36,-999999,36,0,21,0,-999999,0,-999999,0,1,0,0,0,0,0,1,5,0
896,0,1,0,12,-999999,40,-999999,0,40,0,12,0,-999999,0,-999999,0,1,1,0,0,0,0,0,0
896,0,3,2,11,-999999,40,-999999,0,40,0,11,0,-999999,0,-999999,0,1,0,1,0,0,0,0,2
896,0,4,3,16,-999999,38,-999999,0,38,0,16,0,-999999,0,-999999,0,1,0,0,1,0,0,0,3
896,0,5,4,13,-999999,39,-999999,0,39,0,13,0,-999999,0,-999999,0,1,0,0,0,1,0,0,4
896,0,6,5,19,-999999,38,-999999,0,38,0,19,0,-999999,0,-999999,0,1,0,0,0,0,1,0,5
897,1,1,0,8,-999999,38,-999999,38,0,8,0,-999999,0,-999999,0,1,0,1,0,0,0,0,0,0
897,1,3,2,10,16,40,32,40,0,10,0,32,0,16,0,1,0,0,1,0,0,0,2,0
897,1,4,3,9,-999999,39,-999999,39,0,9,0,-999999,0,-999999,0,1,0,0,0,1,0,0,3,0
897,1,5,4,13,15,37,31,37,0,13,0,31,0,15,0,1,0,0,0,0,1,0,4,0
897,1,6,5,14,-999999,34,-999999,34,0,14,0,-999999,0,-999999,0,1,0,0,0,0,0,1,5,0
898,1,3,2,20,-999999,29,-999999,29,0,20,0,-999999,0,-999999,0,1,0,0,1,0,0,0,2,0
898,1,4,3,22,-999999,28,-999999,28,0,22,0,-999999,0,-999999,0,1,0,0,0,1,0,0,3,0
898,1,5,4,20,-999999,33,-999999,33,0,20,0,-999999,0,-999999,0,1,0,0,0,0,1,0,4,0
898,1,6,5,17,-999999,39,-999999,39,0,17,0,-999999,0,-999999,0,1,0,0,0,0,0,1,5,0
899,1,1,0,13,13,40,38,40,0,13,0,38,0,13,0,1,0,1,0,0,0,0,0,0
899,1,3,2,13,10,39,35,39,0,13,0,35,0,10,0,1,0,0,1,0,0,0,2,0
899,1,4,3,15,11,40,36,40,0,15,0,36,0,11,0,1,0,0,0,1,0,0,3,0
899,1,5,4,12,9,40,32,40,0,12,0,32,0,9,0,1,0,0,0,0,1,0,4,0
899,1,6,5,12,16,36,38,36,0,12,0,38,0,16,0,1,0,0,0,0,0,1,5,0
900,0,1,0,12,14,40,33,0,40,0,12,0,33,0,14,0,1,1,0,0,0,0,0,0
900,0,3,2,11,16,40,33,0,40,0,11,0,33,0,16,0,1,0,1,0,0,0,0,2
900,0,4,3,11,13,40,32,0,40,0,11,0,32,0,13,0,1,0,0,1,0,0,0,3
900,0,5,4,15,16,40,33,0,40,0,15,0,33,0,16,0,1,0,0,0,1,0,0,4
900,0,6,5,12,18,40,29,0,40,0,12,0,29,0,18,0,1,0,0,0,0,1,0,5
901,0,1,0,19,15,38,37,0,38,0,19,0,37,0,15,0,1,1,0,0,0,0,0,0
901,0,3,2,14,8,36,36,0,36,0,14,0,36,0,8,0,1,0,1,0,0,0,0,2
901,0,4,3,15,10,35,37,0,35,0,15,0,37,0,10,0,1,0,0,1,0,0,0,3
901,0,5,4,18,21,32,33,0,32,0,18,0,33,0,21,0,1,0,0,0,1,0,0,4
901,0,6,5,25,13,29,36,0,29,0,25,0,36,0,13,0,1,0,0,0,0,1,0,5
902,1,1,0,11,14,34,36,34,0,11,0,36,0,14,0,1,0,1,0,0,0,0,0,0
902,1,3,2,11,11,34,33,34,0,11,0,33,0,11,0,1,0,0,1,0,0,0,2,0
902,1,4,3,11,15,27,23,27,0,11,0,23,0,15,0,1,0,0,0,1,0,0,3,0
902,1,5,4,8,-999999,30,-999999,30,0,8,0,-999999,0,-999999,0,1,0,0,0,0,1,0,4,0
902,1,6,5,9,-999999,30,-999999,30,0,9,0,-999999,0,-999999,0,1,0,0,0,0,0,1,5,0
903,1,1,0,16,27,36,39,36,0,16,0,39,0,27,0,1,0,1,0,0,0,0,0,0
903,1,3,2,13,13,39,39,39,0,13,0,39,0,13,0,1,0,0,1,0,0,0,2,0
903,1,4,3,16,15,39,36,39,0,16,0,36,0,15,0,1,0,0,0,1,0,0,3,0
903,1,5,4,24,19,38,34,38,0,24,0,34,0,19,0,1,0,0,0,0,1,0,4,0
903,1,6,5,12,13,34,35,34,0,12,0,35,0,13,0,1,0,0,0,0,0,1,5,0
904,0,1,0,9,17,37,40,0,37,0,9,0,40,0,17,0,1,1,0,0,0,0,0,0
904,0,3,2,14,17,30,39,0,30,0,14,0,39,0,17,0,1,0,1,0,0,0,0,2
904,0,4,3,12,13,39,38,0,39,0,12,0,38,0,13,0,1,0,0,1,0,0,0,3
904,0,5,4,10,18,37,38,0,37,0,10,0,38,0,18,0,1,0,0,0,1,0,0,4
904,0,6,5,13,17,39,34,0,39,0,13,0,34,0,17,0,1,0,0,0,0,1,0,5
905,0,1,0,28,24,38,38,0,38,0,28,0,38,0,24,0,1,1,0,0,0,0,0,0
905,0,3,2,23,-999999,39,-999999,0,39,0,23,0,-999999,0,-999999,0,1,0,1,0,0,0,0,2
905,0,4,3,30,-999999,37,-999999,0,37,0,30,0,-999999,0,-999999,0,1,0,0,1,0,0,0,3
905,0,5,4,33,-999999,34,-999999,0,34,0,33,0,-999999,0,-999999,0,1,0,0,0,1,0,0,4
905,0,6,5,28,-999999,32,-999999,0,32,0,28,0,-999999,0,-999999,0,1,0,0,0,0,1,0,5
906,1,1,0,16,22,37,39,37,0,16,0,39,0,22,0,1,0,1,0,0,0,0,0,0
906,1,3,2,17,9,39,39,39,0,17,0,39,0,9,0,1,0,0,1,0,0,0,2,0
906,1,4,3,21,-999999,40,-999999,40,0,21,0,-999999,0,-999999,0,1,0,0,0,1,0,0,3,0
906,1,5,4,21,18,38,38,38,0,21,0,38,0,18,0,1,0,0,0,0,1,0,4,0
907,0,1,0,9,14,40,30,0,40,0,9,0,30,0,14,0,1,1,0,0,0,0,0,0
907,0,3,2,8,20,39,31,0,39,0,8,0,31,0,20,0,1,0,1,0,0,0,0,2
907,0,4,3,9,20,38,26,0,38,0,9,0,26,0,20,0,1,0,0,1,0,0,0,3
907,0,5,4,11,23,37,28,0,37,0,11,0,28,0,23,0,1,0,0,0,1,0,0,4
907,0,6,5,13,15,37,34,0,37,0,13,0,34,0,15,0,1,0,0,0,0,1,0,5
908,0,3,2,9,-999999,40,-999999,0,40,0,9,0,-999999,0,-999999,0,1,0,1,0,0,0,0,2
908,0,4,3,11,19,40,36,0,40,0,11,0,36,0,19,0,1,0,0,1,0,0,0,3
908,0,6,5,18,20,39,31,0,39,0,18,0,31,0,20,0,1,0,0,0,0,1,0,5
909,1,1,0,8,7,40,40,40,0,8,0,40,0,7,0,1,0,1,0,0,0,0,0,0
909,1,3,2,7,7,40,40,40,0,7,0,40,0,7,0,1,0,0,1,0,0,0,2,0
909,1,4,3,10,8,40,40,40,0,10,0,40,0,8,0,1,0,0,0,1,0,0,3,0
909,1,5,4,7,13,36,39,36,0,7,0,39,0,13,0,1,0,0,0,0,1,0,4,0
909,1,6,5,10,8,39,40,39,0,10,0,40,0,8,0,1,0,0,0,0,0,1,5,0
910,0,1,0,8,11,39,36,0,39,0,8,0,36,0,11,0,1,1,0,0,0,0,0,0
910,0,3,2,7,17,40,34,0,40,0,7,0,34,0,17,0,1,0,1,0,0,0,0,2
910,0,4,3,7,-999999,39,-999999,0,39,0,7,0,-999999,0,-999999,0,1,0,0,1,0,0,0,3
910,0,5,4,10,22,39,35,0,39,0,10,0,35,0,22,0,1,0,0,0,1,0,0,4
910,0,6,5,9,11,38,37,0,38,0,9,0,37,0,11,0,1,0,0,0,0,1,0,5
911,0,1,0,12,-999999,36,-999999,0,36,0,12,0,-999999,0,-999999,0,1,1,0,0,0,0,0,0
911,0,3,2,18,-999999,38,-999999,0,38,0,18,0,-999999,0,-999999,0,1,0,1,0,0,0,0,2
911,0,4,3,14,-999999,39,-999999,0,39,0,14,0,-999999,0,-999999,0,1,0,0,1,0,0,0,3
911,0,5,4,19,-999999,34,-999999,0,34,0,19,0,-999999,0,-999999,0,1,0,0,0,1,0,0,4
911,0,6,5,17,14,34,28,0,34,0,17,0,28,0,14,0,1,0,0,0,0,1,0,5
912,0,1,0,15,7,39,39,0,39,0,15,0,39,0,7,0,1,1,0,0,0,0,0,0
912,0,3,2,12,7,39,36,0,39,0,12,0,36,0,7,0,1,0,1,0,0,0,0,2
912,0,4,3,17,-999999,39,-999999,0,39,0,17,0,-999999,0,-999999,0,1,0,0,1,0,0,0,3
912,0,5,4,15,13,38,36,0,38,0,15,0,36,0,13,0,1,0,0,0,1,0,0,4
912,0,6,5,17,16,37,36,0,37,0,17,0,36,0,16,0,1,0,0,0,0,1,0,5
913,0,1,0,25,-999999,40,-999999,0,40,0,25,0,-999999,0,-999999,0,1,1,0,0,0,0,0,0
913,0,3,2,24,-999999,39,-999999,0,39,0,24,0,-999999,0,-999999,0,1,0,1,0,0,0,0,2
913,0,4,3,19,-999999,40,-999999,0,40,0,19,0,-999999,0,-999999,0,1,0,0,1,0,0,0,3
913,0,5,4,25,20,39,31,0,39,0,25,0,31,0,20,0,1,0,0,0,1,0,0,4
913,0,6,5,26,-999999,37,-999999,0,37,0,26,0,-999999,0,-999999,0,1,0,0,0,0,1,0,5
914,1,1,0,11,15,36,40,36,0,11,0,40,0,15,0,1,0,1,0,0,0,0,0,0
914,1,3,2,14,-999999,39,-999999,39,0,14,0,-999999,0,-999999,0,1,0,0,1,0,0,0,2,0
914,1,4,3,14,-999999,40,-999999,40,0,14,0,-999999,0,-999999,0,1,0,0,0,1,0,0,3,0
914,1,5,4,17,-999999,40,-999999,40,0,17,0,-999999,0,-999999,0,1,0,0,0,0,1,0,4,0
914,1,6,5,19,-999999,40,-999999,40,0,19,0,-999999,0,-999999,0,1,0,0,0,0,0,1,5,0
915,1,1,0,10,14,37,32,37,0,10,0,32,0,14,0,1,0,1,0,0,0,0,0,0
915,1,3,2,13,14,36,31,36,0,13,0,31,0,14,0,1,0,0,1,0,0,0,2,0
915,1,4,3,10,-999999,33,-999999,33,0,10,0,-999999,0,-999999,0,1,0,0,0,1,0,0,3,0
915,1,5,4,9,-999999,40,-999999,40,0,9,0,-999999,0,-999999,0,1,0,0,0,0,1,0,4,0
915,1,6,5,13,-999999,37,-999999,37,0,13,0,-999999,0,-999999,0,1,0,0,0,0,0,1,5,0
916,1,1,0,17,21,37,31,37,0,17,0,31,0,21,0,1,0,1,0,0,0,0,0,0
916,1,6,5,16,-999999,37,-999999,37,0,16,0,-999999,0,-999999,0,1,0,0,0,0,0,1,5,0
917,1,1,0,10,16,36,37,36,0,10,0,37,0,16,0,1,0,1,0,0,0,0,0,0
917,1,3,2,15,16,38,35,38,0,15,0,35,0,16,0,1,0,0,1,0,0,0,2,0
917,1,4,3,13,14,37,37,37,0,13,0,37,0,14,0,1,0,0,0,1,0,0,3,0
917,1,5,4,11,14,35,39,35,0,11,0,39,0,14,0,1,0,0,0,0,1,0,4,0
918,1,1,0,16,11,31,36,31,0,16,0,36,0,11,0,1,0,1,0,0,0,0,0,0
918,1,3,2,24,12,30,34,30,0,24,0,34,0,12,0,1,0,0,1,0,0,0,2,0
918,1,4,3,22,11,29,34,29,0,22,0,34,0,11,0,1,0,0,0,1,0,0,3,0
918,1,5,4,17,13,31,27,31,0,17,0,27,0,13,0,1,0,0,0,0,1,0,4,0
918,1,6,5,24,18,22,29,22,0,24,0,29,0,18,0,1,0,0,0,0,0,1,5,0
919,0,1,0,15,8,39,37,0,39,0,15,0,37,0,8,0,1,1,0,0,0,0,0,0
919,0,3,2,16,8,35,36,0,35,0,16,0,36,0,8,0,1,0,1,0,0,0,0,2
919,0,4,3,12,9,38,37,0,38,0,12,0,37,0,9,0,1,0,0,1,0,0,0,3
919,0,5,4,25,9,36,36,0,36,0,25,0,36,0,9,0,1,0,0,0,1,0,0,4
919,0,6,5,26,18,34,36,0,34,0,26,0,36,0,18,0,1,0,0,0,0,1,0,5
920,1,1,0,20,17,39,37,39,0,20,0,37,0,17,0,1,0,1,0,0,0,0,0,0
920,1,3,2,21,31,36,32,36,0,21,0,32,0,31,0,1,0,0,1,0,0,0,2,0
920,1,4,3,22,28,37,30,37,0,22,0,30,0,28,0,1,0,0,0,1,0,0,3,0
920,1,5,4,24,25.66666667,35,34,35,0,24,0,34,0,25.66666667,0,1,0,0,0,0,1,0,4,0
920,1,6,5,21,27,37,31,37,0,21,0,31,0,27,0,1,0,0,0,0,0,1,5,0
921,0,1,0,13,15,40,40,0,40,0,13,0,40,0,15,0,1,1,0,0,0,0,0,0
921,0,3,2,26,12,34,34,0,34,0,26,0,34,0,12,0,1,0,1,0,0,0,0,2
921,0,6,5,20,11,36,34,0,36,0,20,0,34,0,11,0,1,0,0,0,0,1,0,5
922,1,1,0,15,13,39,39,39,0,15,0,39,0,13,0,1,0,1,0,0,0,0,0,0
922,1,3,2,12,12,39,34.28571429,39,0,12,0,34.28571429,0,12,0,1,0,0,1,0,0,0,2,0
922,1,4,3,18,14,37,38,37,0,18,0,38,0,14,0,1,0,0,0,1,0,0,3,0
922,1,5,4,11,13,37,36,37,0,11,0,36,0,13,0,1,0,0,0,0,1,0,4,0
922,1,6,5,15,17,36,38,36,0,15,0,38,0,17,0,1,0,0,0,0,0,1,5,0
923,1,1,0,15,18,39,38,39,0,15,0,38,0,18,0,1,0,1,0,0,0,0,0,0
923,1,3,2,20,18,39,38,39,0,20,0,38,0,18,0,1,0,0,1,0,0,0,2,0
923,1,4,3,16,16,38,39,38,0,16,0,39,0,16,0,1,0,0,0,1,0,0,3,0
923,1,5,4,17,21,38,39,38,0,17,0,39,0,21,0,1,0,0,0,0,1,0,4,0
923,1,6,5,28,24,38,32,38,0,28,0,32,0,24,0,1,0,0,0,0,0,1,5,0
924,1,3,2,10,10,40,40,40,0,10,0,40,0,10,0,1,0,0,1,0,0,0,2,0
925,1,3,2,26,16,36,37,36,0,26,0,37,0,16,0,1,0,0,1,0,0,0,2,0
925,1,4,3,22,18,38,37,38,0,22,0,37,0,18,0,1,0,0,0,1,0,0,3,0
925,1,5,4,18,12,37,36,37,0,18,0,36,0,12,0,1,0,0,0,0,1,0,4,0
925,1,6,5,22,20,31,35,31,0,22,0,35,0,20,0,1,0,0,0,0,0,1,5,0
926,1,1,0,21,14,35,32,35,0,21,0,32,0,14,0,1,0,1,0,0,0,0,0,0
926,1,4,3,27,15,34,33,34,0,27,0,33,0,15,0,1,0,0,0,1,0,0,3,0
926,1,5,4,30,19,29,24,29,0,30,0,24,0,19,0,1,0,0,0,0,1,0,4,0
927,0,1,0,22,10,39,36,0,39,0,22,0,36,0,10,0,1,1,0,0,0,0,0,0
927,0,3,2,22,-999999,38,-999999,0,38,0,22,0,-999999,0,-999999,0,1,0,1,0,0,0,0,2
927,0,4,3,21,-999999,35,-999999,0,35,0,21,0,-999999,0,-999999,0,1,0,0,1,0,0,0,3
927,0,5,4,25,-999999,34,-999999,0,34,0,25,0,-999999,0,-999999,0,1,0,0,0,1,0,0,4
927,0,6,5,23,-999999,31,-999999,0,31,0,23,0,-999999,0,-999999,0,1,0,0,0,0,1,0,5
928,1,1,0,7,-999999,40,-999999,40,0,7,0,-999999,0,-999999,0,1,0,1,0,0,0,0,0,0
928,1,3,2,10,17,40,37,40,0,10,0,37,0,17,0,1,0,0,1,0,0,0,2,0
928,1,4,3,14,-999999,37,-999999,37,0,14,0,-999999,0,-999999,0,1,0,0,0,1,0,0,3,0
928,1,5,4,13,-999999,38,-999999,38,0,13,0,-999999,0,-999999,0,1,0,0,0,0,1,0,4,0
928,1,6,5,15,-999999,38,-999999,38,0,15,0,-999999,0,-999999,0,1,0,0,0,0,0,1,5,0
929,1,1,0,9,9,40,38,40,0,9,0,38,0,9,0,1,0,1,0,0,0,0,0,0
930,1,1,0,23,14,40,40,40,0,23,0,40,0,14,0,1,0,1,0,0,0,0,0,0
930,1,3,2,25,24,40,34,40,0,25,0,34,0,24,0,1,0,0,1,0,0,0,2,0
930,1,4,3,20,21,40,39,40,0,20,0,39,0,21,0,1,0,0,0,1,0,0,3,0
930,1,5,4,27,24,40,35,40,0,27,0,35,0,24,0,1,0,0,0,0,1,0,4,0
930,1,6,5,24,24,39,37,39,0,24,0,37,0,24,0,1,0,0,0,0,0,1,5,0
931,1,1,0,7,7,40,40,40,0,7,0,40,0,7,0,1,0,1,0,0,0,0,0,0
931,1,3,2,7,7,40,40,40,0,7,0,40,0,7,0,1,0,0,1,0,0,0,2,0
931,1,4,3,8,7,40,39,40,0,8,0,39,0,7,0,1,0,0,0,1,0,0,3,0
931,1,5,4,8,12,40,39,40,0,8,0,39,0,12,0,1,0,0,0,0,1,0,4,0
931,1,6,5,9,10,40,39,40,0,9,0,39,0,10,0,1,0,0,0,0,0,1,5,0
932,1,1,0,18,-999999,37,-999999,37,0,18,0,-999999,0,-999999,0,1,0,1,0,0,0,0,0,0
932,1,3,2,22,-999999,37,-999999,37,0,22,0,-999999,0,-999999,0,1,0,0,1,0,0,0,2,0
932,1,4,3,16,-999999,26,-999999,26,0,16,0,-999999,0,-999999,0,1,0,0,0,1,0,0,3,0
932,1,5,4,15,-999999,34,-999999,34,0,15,0,-999999,0,-999999,0,1,0,0,0,0,1,0,4,0
932,1,6,5,17,-999999,33,-999999,33,0,17,0,-999999,0,-999999,0,1,0,0,0,0,0,1,5,0
933,1,1,0,8,14,40,37,40,0,8,0,37,0,14,0,1,0,1,0,0,0,0,0,0
933,1,4,3,10,14,39,33,39,0,10,0,33,0,14,0,1,0,0,0,1,0,0,3,0
933,1,5,4,7,10,36,40,36,0,7,0,40,0,10,0,1,0,0,0,0,1,0,4,0
933,1,6,5,8,-999999,39,-999999,39,0,8,0,-999999,0,-999999,0,1,0,0,0,0,0,1,5,0
934,1,1,0,16,12,38,32,38,0,16,0,32,0,12,0,1,0,1,0,0,0,0,0,0
934,1,3,2,21,8,37,36,37,0,21,0,36,0,8,0,1,0,0,1,0,0,0,2,0
934,1,4,3,20,8,31,34,31,0,20,0,34,0,8,0,1,0,0,0,1,0,0,3,0
934,1,5,4,17,18,32,31,32,0,17,0,31,0,18,0,1,0,0,0,0,1,0,4,0
934,1,6,5,19,21,32,27,32,0,19,0,27,0,21,0,1,0,0,0,0,0,1,5,0
935,0,1,0,28,13,38,36,0,38,0,28,0,36,0,13,0,1,1,0,0,0,0,0,0
935,0,3,2,32,24,36,36,0,36,0,32,0,36,0,24,0,1,0,1,0,0,0,0,2
935,0,4,3,29,23,38,36,0,38,0,29,0,36,0,23,0,1,0,0,1,0,0,0,3
935,0,5,4,31,25,34,38,0,34,0,31,0,38,0,25,0,1,0,0,0,1,0,0,4
935,0,6,5,28,23,34,37,0,34,0,28,0,37,0,23,0,1,0,0,0,0,1,0,5
936,1,1,0,22,15,40,38,40,0,22,0,38,0,15,0,1,0,1,0,0,0,0,0,0
936,1,3,2,19,21,39,38,39,0,19,0,38,0,21,0,1,0,0,1,0,0,0,2,0
936,1,4,3,18,17,40,38,40,0,18,0,38,0,17,0,1,0,0,0,1,0,0,3,0
936,1,5,4,21,17,38,37,38,0,21,0,37,0,17,0,1,0,0,0,0,1,0,4,0
936,1,6,5,18,16,39,36,39,0,18,0,36,0,16,0,1,0,0,0,0,0,1,5,0
937,0,1,0,10,-999999,40,-999999,0,40,0,10,0,-999999,0,-999999,0,1,1,0,0,0,0,0,0
937,0,3,2,10,-999999,39,-999999,0,39,0,10,0,-999999,0,-999999,0,1,0,1,0,0,0,0,2
937,0,4,3,7,-999999,40,-999999,0,40,0,7,0,-999999,0,-999999,0,1,0,0,1,0,0,0,3
937,0,5,4,11,-999999,40,-999999,0,40,0,11,0,-999999,0,-999999,0,1,0,0,0,1,0,0,4
937,0,6,5,10,-999999,40,-999999,0,40,0,10,0,-999999,0,-999999,0,1,0,0,0,0,1,0,5
938,1,1,0,20,14,38,39,38,0,20,0,39,0,14,0,1,0,1,0,0,0,0,0,0
938,1,3,2,12,7,36,40,36,0,12,0,40,0,7,0,1,0,0,1,0,0,0,2,0
938,1,4,3,11,7,35,38,35,0,11,0,38,0,7,0,1,0,0,0,1,0,0,3,0
938,1,5,4,11,8,36,37,36,0,11,0,37,0,8,0,1,0,0,0,0,1,0,4,0
938,1,6,5,12,8,34,37,34,0,12,0,37,0,8,0,1,0,0,0,0,0,1,5,0
939,0,1,0,9,-999999,40,-999999,0,40,0,9,0,-999999,0,-999999,0,1,1,0,0,0,0,0,0
939,0,3,2,7,17,40,31,0,40,0,7,0,31,0,17,0,1,0,1,0,0,0,0,2
939,0,5,4,7,17,36,36,0,36,0,7,0,36,0,17,0,1,0,0,0,1,0,0,4
939,0,6,5,8,15,40,34,0,40,0,8,0,34,0,15,0,1,0,0,0,0,1,0,5
940,0,1,0,19,-999999,38,-999999,0,38,0,19,0,-999999,0,-999999,0,1,1,0,0,0,0,0,0
940,0,3,2,24,-999999,32,-999999,0,32,0,24,0,-999999,0,-999999,0,1,0,1,0,0,0,0,2
940,0,4,3,15,-999999,29,-999999,0,29,0,15,0,-999999,0,-999999,0,1,0,0,1,0,0,0,3
940,0,5,4,13,-999999,36,-999999,0,36,0,13,0,-999999,0,-999999,0,1,0,0,0,1,0,0,4
940,0,6,5,16,-999999,34,-999999,0,34,0,16,0,-999999,0,-999999,0,1,0,0,0,0,1,0,5
941,0,1,0,18,18,33,34,0,33,0,18,0,34,0,18,0,1,1,0,0,0,0,0,0
941,0,3,2,19,18,33,33,0,33,0,19,0,33,0,18,0,1,0,1,0,0,0,0,2
941,0,4,3,19,17,35,36,0,35,0,19,0,36,0,17,0,1,0,0,1,0,0,0,3
941,0,5,4,19,24,26,25,0,26,0,19,0,25,0,24,0,1,0,0,0,1,0,0,4
941,0,6,5,23,22,25,29,0,25,0,23,0,29,0,22,0,1,0,0,0,0,1,0,5
942,1,1,0,12,9,40,36,40,0,12,0,36,0,9,0,1,0,1,0,0,0,0,0,0
942,1,3,2,13,8,38,38,38,0,13,0,38,0,8,0,1,0,0,1,0,0,0,2,0
942,1,4,3,12,-999999,37,-999999,37,0,12,0,-999999,0,-999999,0,1,0,0,0,1,0,0,3,0
942,1,5,4,-999999,11,38.85714286,38,38.85714286,0,-999999,0,38,0,11,0,1,0,0,0,0,1,0,4,0
942,1,6,5,11,-999999,37,-999999,37,0,11,0,-999999,0,-999999,0,1,0,0,0,0,0,1,5,0
943,1,1,0,11,-999999,39,-999999,39,0,11,0,-999999,0,-999999,0,1,0,1,0,0,0,0,0,0
943,1,3,2,16,-999999,39,-999999,39,0,16,0,-999999,0,-999999,0,1,0,0,1,0,0,0,2,0
943,1,4,3,12,-999999,38,-999999,38,0,12,0,-999999,0,-999999,0,1,0,0,0,1,0,0,3,0
943,1,5,4,12,-999999,37,-999999,37,0,12,0,-999999,0,-999999,0,1,0,0,0,0,1,0,4,0
943,1,6,5,8,-999999,35,-999999,35,0,8,0,-999999,0,-999999,0,1,0,0,0,0,0,1,5,0
944,0,1,0,14,11,38,38,0,38,0,14,0,38,0,11,0,1,1,0,0,0,0,0,0
944,0,3,2,17,16,36,40,0,36,0,17,0,40,0,16,0,1,0,1,0,0,0,0,2
944,0,4,3,15,9,34,35,0,34,0,15,0,35,0,9,0,1,0,0,1,0,0,0,3
944,0,5,4,17,7,34,39,0,34,0,17,0,39,0,7,0,1,0,0,0,1,0,0,4
944,0,6,5,26,10,37,37,0,37,0,26,0,37,0,10,0,1,0,0,0,0,1,0,5
945,0,1,0,18,11,40,39,0,40,0,18,0,39,0,11,0,1,1,0,0,0,0,0,0
945,0,3,2,25,13,36,39,0,36,0,25,0,39,0,13,0,1,0,1,0,0,0,0,2
945,0,4,3,24,21,38,36,0,38,0,24,0,36,0,21,0,1,0,0,1,0,0,0,3
945,0,5,4,20,18,38,37,0,38,0,20,0,37,0,18,0,1,0,0,0,1,0,0,4
945,0,6,5,27,13,34,37,0,34,0,27,0,37,0,13,0,1,0,0,0,0,1,0,5
946,1,1,0,15,20,39,37,39,0,15,0,37,0,20,0,1,0,1,0,0,0,0,0,0
946,1,3,2,18,17,35,37,35,0,18,0,37,0,17,0,1,0,0,1,0,0,0,2,0
946,1,4,3,17,14,33,35,33,0,17,0,35,0,14,0,1,0,0,0,1,0,0,3,0
946,1,5,4,12,22,39,37,39,0,12,0,37,0,22,0,1,0,0,0,0,1,0,4,0
946,1,6,5,14,17,38,36,38,0,14,0,36,0,17,0,1,0,0,0,0,0,1,5,0
947,1,1,0,19,7,35,40,35,0,19,0,40,0,7,0,1,0,1,0,0,0,0,0,0
947,1,3,2,21,20,33,39,33,0,21,0,39,0,20,0,1,0,0,1,0,0,0,2,0
947,1,4,3,25,15,28,39,28,0,25,0,39,0,15,0,1,0,0,0,1,0,0,3,0
947,1,5,4,23,12,30,35,30,0,23,0,35,0,12,0,1,0,0,0,0,1,0,4,0
947,1,6,5,24,13,33,39,33,0,24,0,39,0,13,0,1,0,0,0,0,0,1,5,0
948,0,1,0,-999999,22,-999999,39,0,-999999,0,-999999,0,39,0,22,0,1,1,0,0,0,0,0,0
948,0,3,2,18,23,38,34,0,38,0,18,0,34,0,23,0,1,0,1,0,0,0,0,2
948,0,4,3,24,21,39,38,0,39,0,24,0,38,0,21,0,1,0,0,1,0,0,0,3
948,0,5,4,21,22,39,39,0,39,0,21,0,39,0,22,0,1,0,0,0,1,0,0,4
949,0,1,0,13,-999999,40,-999999,0,40,0,13,0,-999999,0,-999999,0,1,1,0,0,0,0,0,0
949,0,3,2,13,-999999,37,-999999,0,37,0,13,0,-999999,0,-999999,0,1,0,1,0,0,0,0,2
949,0,4,3,16,-999999,37,-999999,0,37,0,16,0,-999999,0,-999999,0,1,0,0,1,0,0,0,3
949,0,5,4,24,-999999,33,-999999,0,33,0,24,0,-999999,0,-999999,0,1,0,0,0,1,0,0,4
949,0,6,5,28,17,38,40,0,38,0,28,0,40,0,17,0,1,0,0,0,0,1,0,5
950,1,1,0,8,10,40,39,40,0,8,0,39,0,10,0,1,0,1,0,0,0,0,0,0
950,1,3,2,10,8,36,39,36,0,10,0,39,0,8,0,1,0,0,1,0,0,0,2,0
950,1,4,3,7,9,36,37,36,0,7,0,37,0,9,0,1,0,0,0,1,0,0,3,0
950,1,5,4,7,10,40,36,40,0,7,0,36,0,10,0,1,0,0,0,0,1,0,4,0
950,1,6,5,8,7,40,36,40,0,8,0,36,0,7,0,1,0,0,0,0,0,1,5,0
951,1,1,0,11,-999999,40,-999999,40,0,11,0,-999999,0,-999999,0,1,0,1,0,0,0,0,0,0
951,1,3,2,10,-999999,40,-999999,40,0,10,0,-999999,0,-999999,0,1,0,0,1,0,0,0,2,0
951,1,4,3,11,-999999,40,-999999,40,0,11,0,-999999,0,-999999,0,1,0,0,0,1,0,0,3,0
951,1,6,5,13,31,38,19,38,0,13,0,19,0,31,0,1,0,0,0,0,0,1,5,0
952,0,1,0,8,10,40,38,0,40,0,8,0,38,0,10,0,1,1,0,0,0,0,0,0
952,0,3,2,10,7,40,33,0,40,0,10,0,33,0,7,0,1,0,1,0,0,0,0,2
952,0,4,3,10,11,40,31,0,40,0,10,0,31,0,11,0,1,0,0,1,0,0,0,3
952,0,5,4,10,9,39,33,0,39,0,10,0,33,0,9,0,1,0,0,0,1,0,0,4
952,0,6,5,11,12,39,35,0,39,0,11,0,35,0,12,0,1,0,0,0,0,1,0,5
953,0,1,0,10,9,40,40,0,40,0,10,0,40,0,9,0,1,1,0,0,0,0,0,0
953,0,3,2,12,13,40,39,0,40,0,12,0,39,0,13,0,1,0,1,0,0,0,0,2
953,0,4,3,10,14,40,39,0,40,0,10,0,39,0,14,0,1,0,0,1,0,0,0,3
953,0,5,4,12,20,40,39,0,40,0,12,0,39,0,20,0,1,0,0,0,1,0,0,4
953,0,6,5,13,16,39,38,0,39,0,13,0,38,0,16,0,1,0,0,0,0,1,0,5
954,0,3,2,12,-999999,33,-999999,0,33,0,12,0,-999999,0,-999999,0,1,0,1,0,0,0,0,2
954,0,5,4,23,16,40,37,0,40,0,23,0,37,0,16,0,1,0,0,0,1,0,0,4
954,0,6,5,11,-999999,38,-999999,0,38,0,11,0,-999999,0,-999999,0,1,0,0,0,0,1,0,5
955,0,1,0,7,9,39,37,0,39,0,7,0,37,0,9,0,1,1,0,0,0,0,0,0
955,0,3,2,7,8,36,35,0,36,0,7,0,35,0,8,0,1,0,1,0,0,0,0,2
955,0,4,3,7,13,36,36,0,36,0,7,0,36,0,13,0,1,0,0,1,0,0,0,3
955,0,5,4,8,12,33,33,0,33,0,8,0,33,0,12,0,1,0,0,0,1,0,0,4
956,0,1,0,33,-999999,34,-999999,0,34,0,33,0,-999999,0,-999999,0,1,1,0,0,0,0,0,0
956,0,3,2,32,-999999,33,-999999,0,33,0,32,0,-999999,0,-999999,0,1,0,1,0,0,0,0,2
956,0,4,3,29,29,34,27,0,34,0,29,0,27,0,29,0,1,0,0,1,0,0,0,3
956,0,5,4,30,31,31,33,0,31,0,30,0,33,0,31,0,1,0,0,0,1,0,0,4
956,0,6,5,31,27,30,28,0,30,0,31,0,28,0,27,0,1,0,0,0,0,1,0,5
957,1,1,0,12,17,40,39,40,0,12,0,39,0,17,0,1,0,1,0,0,0,0,0,0
957,1,3,2,7,19,40,40,40,0,7,0,40,0,19,0,1,0,0,1,0,0,0,2,0
957,1,4,3,7,15,40,39,40,0,7,0,39,0,15,0,1,0,0,0,1,0,0,3,0
957,1,5,4,12,14,36,39,36,0,12,0,39,0,14,0,1,0,0,0,0,1,0,4,0
957,1,6,5,11,18,40,38,40,0,11,0,38,0,18,0,1,0,0,0,0,0,1,5,0
958,0,1,0,29,23,40,37,0,40,0,29,0,37,0,23,0,1,1,0,0,0,0,0,0
958,0,3,2,28,23,39,37,0,39,0,28,0,37,0,23,0,1,0,1,0,0,0,0,2
958,0,4,3,23,-999999,40,-999999,0,40,0,23,0,-999999,0,-999999,0,1,0,0,1,0,0,0,3
958,0,5,4,28,23,40,36,0,40,0,28,0,36,0,23,0,1,0,0,0,1,0,0,4
958,0,6,5,25,-999999,39,-999999,0,39,0,25,0,-999999,0,-999999,0,1,0,0,0,0,1,0,5
959,1,3,2,23,-999999,35,-999999,35,0,23,0,-999999,0,-999999,0,1,0,0,1,0,0,0,2,0
959,1,4,3,26,-999999,38,-999999,38,0,26,0,-999999,0,-999999,0,1,0,0,0,1,0,0,3,0
959,1,5,4,17,-999999,36,-999999,36,0,17,0,-999999,0,-999999,0,1,0,0,0,0,1,0,4,0
959,1,6,5,14,-999999,38,-999999,38,0,14,0,-999999,0,-999999,0,1,0,0,0,0,0,1,5,0
960,1,1,0,20,-999999,40,-999999,40,0,20,0,-999999,0,-999999,0,1,0,1,0,0,0,0,0,0
960,1,3,2,23,-999999,39,-999999,39,0,23,0,-999999,0,-999999,0,1,0,0,1,0,0,0,2,0
960,1,4,3,18,-999999,33,-999999,33,0,18,0,-999999,0,-999999,0,1,0,0,0,1,0,0,3,0
960,1,5,4,18,-999999,37,-999999,37,0,18,0,-999999,0,-999999,0,1,0,0,0,0,1,0,4,0
960,1,6,5,20,18,35,37,35,0,20,0,37,0,18,0,1,0,0,0,0,0,1,5,0
961,1,1,0,14,19,37,34,37,0,14,0,34,0,19,0,1,0,1,0,0,0,0,0,0
961,1,3,2,11,-999999,35,-999999,35,0,11,0,-999999,0,-999999,0,1,0,0,1,0,0,0,2,0
961,1,4,3,12,-999999,33,-999999,33,0,12,0,-999999,0,-999999,0,1,0,0,0,1,0,0,3,0
961,1,5,4,19,-999999,35,-999999,35,0,19,0,-999999,0,-999999,0,1,0,0,0,0,1,0,4,0
961,1,6,5,24,-999999,35,-999999,35,0,24,0,-999999,0,-999999,0,1,0,0,0,0,0,1,5,0
962,0,1,0,22,-999999,35,-999999,0,35,0,22,0,-999999,0,-999999,0,1,1,0,0,0,0,0,0
962,0,3,2,31,24,30,38,0,30,0,31,0,38,0,24,0,1,0,1,0,0,0,0,2
962,0,4,3,29,-999999,30,-999999,0,30,0,29,0,-999999,0,-999999,0,1,0,0,1,0,0,0,3
962,0,5,4,23,-999999,33,-999999,0,33,0,23,0,-999999,0,-999999,0,1,0,0,0,1,0,0,4
962,0,6,5,30,-999999,29,-999999,0,29,0,30,0,-999999,0,-999999,0,1,0,0,0,0,1,0,5
963,1,1,0,10,17,39,34,39,0,10,0,34,0,17,0,1,0,1,0,0,0,0,0,0
964,0,1,0,22,27,37,36,0,37,0,22,0,36,0,27,0,1,1,0,0,0,0,0,0
964,0,3,2,26,-999999,39,-999999,0,39,0,26,0,-999999,0,-999999,0,1,0,1,0,0,0,0,2
964,0,4,3,12,-999999,34,-999999,0,34,0,12,0,-999999,0,-999999,0,1,0,0,1,0,0,0,3
964,0,5,4,12,-999999,37,-999999,0,37,0,12,0,-999999,0,-999999,0,1,0,0,0,1,0,0,4
965,1,1,0,31,28,34,37,34,0,31,0,37,0,28,0,1,0,1,0,0,0,0,0,0
965,1,3,2,27,28,36,32,36,0,27,0,32,0,28,0,1,0,0,1,0,0,0,2,0
965,1,4,3,32,27,35,33,35,0,32,0,33,0,27,0,1,0,0,0,1,0,0,3,0
965,1,5,4,27,26,34,35,34,0,27,0,35,0,26,0,1,0,0,0,0,1,0,4,0
965,1,6,5,32,25,26,31,26,0,32,0,31,0,25,0,1,0,0,0,0,0,1,5,0
966,1,1,0,7,9,40,39,40,0,7,0,39,0,9,0,1,0,1,0,0,0,0,0,0
966,1,3,2,7,9,40,34,40,0,7,0,34,0,9,0,1,0,0,1,0,0,0,2,0
966,1,4,3,7,13,40,36,40,0,7,0,36,0,13,0,1,0,0,0,1,0,0,3,0
966,1,5,4,8,9,39,38,39,0,8,0,38,0,9,0,1,0,0,0,0,1,0,4,0
966,1,6,5,7,7,40,39,40,0,7,0,39,0,7,0,1,0,0,0,0,0,1,5,0
967,0,3,2,-999999,8,-999999,40,0,-999999,0,-999999,0,40,0,8,0,1,0,1,0,0,0,0,2
967,0,4,3,8,7,37,38,0,37,0,8,0,38,0,7,0,1,0,0,1,0,0,0,3
967,0,5,4,8,7,37,39,0,37,0,8,0,39,0,7,0,1,0,0,0,1,0,0,4
968,0,1,0,18,15,39,38,0,39,0,18,0,38,0,15,0,1,1,0,0,0,0,0,0
968,0,5,4,14,-999999,40,-999999,0,40,0,14,0,-999999,0,-999999,0,1,0,0,0,1,0,0,4
968,0,6,5,10,9,37,38,0,37,0,10,0,38,0,9,0,1,0,0,0,0,1,0,5
969,0,3,2,18,-999999,39,-999999,0,39,0,18,0,-999999,0,-999999,0,1,0,1,0,0,0,0,2
969,0,5,4,17,21,35,28,0,35,0,17,0,28,0,21,0,1,0,0,0,1,0,0,4
969,0,6,5,19,15,37,34,0,37,0,19,0,34,0,15,0,1,0,0,0,0,1,0,5
970,1,1,0,11,-999999,40,-999999,40,0,11,0,-999999,0,-999999,0,1,0,1,0,0,0,0,0,0
970,1,3,2,15,-999999,40,-999999,40,0,15,0,-999999,0,-999999,0,1,0,0,1,0,0,0,2,0
970,1,4,3,16,-999999,38,-999999,38,0,16,0,-999999,0,-999999,0,1,0,0,0,1,0,0,3,0
970,1,5,4,12,-999999,36,-999999,36,0,12,0,-999999,0,-999999,0,1,0,0,0,0,1,0,4,0
970,1,6,5,16,-999999,38,-999999,38,0,16,0,-999999,0,-999999,0,1,0,0,0,0,0,1,5,0
971,1,3,2,22,18,37,33,37,0,22,0,33,0,18,0,1,0,0,1,0,0,0,2,0
971,1,4,3,12,11,39,37,39,0,12,0,37,0,11,0,1,0,0,0,1,0,0,3,0
971,1,5,4,18,14,34,28,34,0,18,0,28,0,14,0,1,0,0,0,0,1,0,4,0
971,1,6,5,21,16,35,37,35,0,21,0,37,0,16,0,1,0,0,0,0,0,1,5,0
972,1,1,0,17,8,38,40,38,0,17,0,40,0,8,0,1,0,1,0,0,0,0,0,0
972,1,3,2,16,17,37,34,37,0,16,0,34,0,17,0,1,0,0,1,0,0,0,2,0
972,1,4,3,10,13,40,37,40,0,10,0,37,0,13,0,1,0,0,0,1,0,0,3,0
972,1,5,4,14,17,38,37,38,0,14,0,37,0,17,0,1,0,0,0,0,1,0,4,0
972,1,6,5,15,24,35,33,35,0,15,0,33,0,24,0,1,0,0,0,0,0,1,5,0
973,1,1,0,12,-999999,40,-999999,40,0,12,0,-999999,0,-999999,0,1,0,1,0,0,0,0,0,0
973,1,3,2,14,-999999,40,-999999,40,0,14,0,-999999,0,-999999,0,1,0,0,1,0,0,0,2,0
973,1,4,3,12,-999999,36,-999999,36,0,12,0,-999999,0,-999999,0,1,0,0,0,1,0,0,3,0
973,1,5,4,8,-999999,40,-999999,40,0,8,0,-999999,0,-999999,0,1,0,0,0,0,1,0,4,0
973,1,6,5,12,-999999,40,-999999,40,0,12,0,-999999,0,-999999,0,1,0,0,0,0,0,1,5,0
974,1,1,0,-999999,20,-999999,36,-999999,0,-999999,0,36,0,20,0,1,0,1,0,0,0,0,0,0
975,0,1,0,10,19,40,33,0,40,0,10,0,33,0,19,0,1,1,0,0,0,0,0,0
975,0,3,2,12,20,40,29,0,40,0,12,0,29,0,20,0,1,0,1,0,0,0,0,2
975,0,4,3,-999999,15,-999999,30,0,-999999,0,-999999,0,30,0,15,0,1,0,0,1,0,0,0,3
975,0,5,4,9,21,40,32,0,40,0,9,0,32,0,21,0,1,0,0,0,1,0,0,4
975,0,6,5,-999999,18,-999999,34,0,-999999,0,-999999,0,34,0,18,0,1,0,0,0,0,1,0,5
976,1,1,0,15,-999999,36,-999999,36,0,15,0,-999999,0,-999999,0,1,0,1,0,0,0,0,0,0
976,1,3,2,9,-999999,38,-999999,38,0,9,0,-999999,0,-999999,0,1,0,0,1,0,0,0,2,0
976,1,4,3,12,-999999,32,-999999,32,0,12,0,-999999,0,-999999,0,1,0,0,0,1,0,0,3,0
976,1,5,4,7,-999999,38,-999999,38,0,7,0,-999999,0,-999999,0,1,0,0,0,0,1,0,4,0
976,1,6,5,15,-999999,39,-999999,39,0,15,0,-999999,0,-999999,0,1,0,0,0,0,0,1,5,0
977,1,1,0,15,11,40,39,40,0,15,0,39,0,11,0,1,0,1,0,0,0,0,0,0
977,1,3,2,23,11,39,38,39,0,23,0,38,0,11,0,1,0,0,1,0,0,0,2,0
977,1,4,3,22,11,39,39,39,0,22,0,39,0,11,0,1,0,0,0,1,0,0,3,0
977,1,5,4,18,13,39,37,39,0,18,0,37,0,13,0,1,0,0,0,0,1,0,4,0
977,1,6,5,19,10,40,39,40,0,19,0,39,0,10,0,1,0,0,0,0,0,1,5,0
978,0,1,0,11,-999999,40,-999999,0,40,0,11,0,-999999,0,-999999,0,1,1,0,0,0,0,0,0
978,0,3,2,19,-999999,40,-999999,0,40,0,19,0,-999999,0,-999999,0,1,0,1,0,0,0,0,2
978,0,4,3,14,-999999,38,-999999,0,38,0,14,0,-999999,0,-999999,0,1,0,0,1,0,0,0,3
978,0,5,4,18,-999999,40,-999999,0,40,0,18,0,-999999,0,-999999,0,1,0,0,0,1,0,0,4
978,0,6,5,16,-999999,34,-999999,0,34,0,16,0,-999999,0,-999999,0,1,0,0,0,0,1,0,5
979,1,1,0,10,16,40,39,40,0,10,0,39,0,16,0,1,0,1,0,0,0,0,0,0
979,1,3,2,12,15,39,34,39,0,12,0,34,0,15,0,1,0,0,1,0,0,0,2,0
979,1,4,3,13,16,38,38,38,0,13,0,38,0,16,0,1,0,0,0,1,0,0,3,0
979,1,5,4,18,14,38,36,38,0,18,0,36,0,14,0,1,0,0,0,0,1,0,4,0
979,1,6,5,15,16,37,36,37,0,15,0,36,0,16,0,1,0,0,0,0,0,1,5,0
980,1,1,0,17,-999999,37,-999999,37,0,17,0,-999999,0,-999999,0,1,0,1,0,0,0,0,0,0
980,1,3,2,20,14,40,40,40,0,20,0,40,0,14,0,1,0,0,1,0,0,0,2,0
980,1,4,3,22,18,36,35,36,0,22,0,35,0,18,0,1,0,0,0,1,0,0,3,0
980,1,5,4,22,18,37,34,37,0,22,0,34,0,18,0,1,0,0,0,0,1,0,4,0
980,1,6,5,14,15,38,37,38,0,14,0,37,0,15,0,1,0,0,0,0,0,1,5,0
981,1,1,0,22,10,33,39,33,0,22,0,39,0,10,0,1,0,1,0,0,0,0,0,0
981,1,3,2,15,14,34,39,34,0,15,0,39,0,14,0,1,0,0,1,0,0,0,2,0
981,1,4,3,21,13,34,35,34,0,21,0,35,0,13,0,1,0,0,0,1,0,0,3,0
981,1,5,4,17,15,34,39,34,0,17,0,39,0,15,0,1,0,0,0,0,1,0,4,0
981,1,6,5,18,14,34,35,34,0,18,0,35,0,14,0,1,0,0,0,0,0,1,5,0
982,1,1,0,11,16,40,40,40,0,11,0,40,0,16,0,1,0,1,0,0,0,0,0,0
982,1,3,2,10,15,37,36,37,0,10,0,36,0,15,0,1,0,0,1,0,0,0,2,0
982,1,4,3,18,17,36,37,36,0,18,0,37,0,17,0,1,0,0,0,1,0,0,3,0
982,1,5,4,18,13,36,34,36,0,18,0,34,0,13,0,1,0,0,0,0,1,0,4,0
982,1,6,5,18,-999999,35,-999999,35,0,18,0,-999999,0,-999999,0,1,0,0,0,0,0,1,5,0
983,1,1,0,24,16,40,35,40,0,24,0,35,0,16,0,1,0,1,0,0,0,0,0,0
983,1,3,2,22,13,38,33,38,0,22,0,33,0,13,0,1,0,0,1,0,0,0,2,0
983,1,4,3,26,-999999,40,-999999,40,0,26,0,-999999,0,-999999,0,1,0,0,0,1,0,0,3,0
983,1,5,4,17,14,40,33.14285714,40,0,17,0,33.14285714,0,14,0,1,0,0,0,0,1,0,4,0
983,1,6,5,29,-999999,37,-999999,37,0,29,0,-999999,0,-999999,0,1,0,0,0,0,0,1,5,0
984,0,3,2,10,-999999,39,-999999,0,39,0,10,0,-999999,0,-999999,0,1,0,1,0,0,0,0,2
984,0,4,3,13,-999999,40,-999999,0,40,0,13,0,-999999,0,-999999,0,1,0,0,1,0,0,0,3
984,0,5,4,17,9,40,30,0,40,0,17,0,30,0,9,0,1,0,0,0,1,0,0,4
984,0,6,5,18,-999999,40,-999999,0,40,0,18,0,-999999,0,-999999,0,1,0,0,0,0,1,0,5
985,0,1,0,7,10,40,40,0,40,0,7,0,40,0,10,0,1,1,0,0,0,0,0,0
985,0,3,2,7,10,40,39,0,40,0,7,0,39,0,10,0,1,0,1,0,0,0,0,2
985,0,4,3,8,13,40,38,0,40,0,8,0,38,0,13,0,1,0,0,1,0,0,0,3
985,0,5,4,7,14,40,38,0,40,0,7,0,38,0,14,0,1,0,0,0,1,0,0,4
985,0,6,5,7,-999999,40,-999999,0,40,0,7,0,-999999,0,-999999,0,1,0,0,0,0,1,0,5
986,1,1,0,30,18,34,35,34,0,30,0,35,0,18,0,1,0,1,0,0,0,0,0,0
986,1,3,2,25,15,34,30,34,0,25,0,30,0,15,0,1,0,0,1,0,0,0,2,0
986,1,4,3,24,15,32,35,32,0,24,0,35,0,15,0,1,0,0,0,1,0,0,3,0
986,1,5,4,21,22,31,34,31,0,21,0,34,0,22,0,1,0,0,0,0,1,0,4,0
986,1,6,5,26,29,33,28,33,0,26,0,28,0,29,0,1,0,0,0,0,0,1,5,0
987,1,1,0,21,13,37,37,37,0,21,0,37,0,13,0,1,0,1,0,0,0,0,0,0
987,1,3,2,17,22,32,34,32,0,17,0,34,0,22,0,1,0,0,1,0,0,0,2,0
987,1,4,3,14,15,38,36,38,0,14,0,36,0,15,0,1,0,0,0,1,0,0,3,0
987,1,5,4,15,17,34,31,34,0,15,0,31,0,17,0,1,0,0,0,0,1,0,4,0
987,1,6,5,13,16,36,34,36,0,13,0,34,0,16,0,1,0,0,0,0,0,1,5,0
988,0,1,0,14,13,35,38,0,35,0,14,0,38,0,13,0,1,1,0,0,0,0,0,0
988,0,3,2,9,16,40,40,0,40,0,9,0,40,0,16,0,1,0,1,0,0,0,0,2
988,0,4,3,9,7,38,38,0,38,0,9,0,38,0,7,0,1,0,0,1,0,0,0,3
988,0,5,4,7,10,39,40,0,39,0,7,0,40,0,10,0,1,0,0,0,1,0,0,4
988,0,6,5,13,10,39,27,0,39,0,13,0,27,0,10,0,1,0,0,0,0,1,0,5
989,1,1,0,11,9,40,35,40,0,11,0,35,0,9,0,1,0,1,0,0,0,0,0,0
990,0,1,0,20,24,40,40,0,40,0,20,0,40,0,24,0,1,1,0,0,0,0,0,0
990,0,3,2,17,-999999,40,-999999,0,40,0,17,0,-999999,0,-999999,0,1,0,1,0,0,0,0,2
990,0,4,3,16,-999999,40,-999999,0,40,0,16,0,-999999,0,-999999,0,1,0,0,1,0,0,0,3
990,0,5,4,20,17,40,35,0,40,0,20,0,35,0,17,0,1,0,0,0,1,0,0,4
990,0,6,5,21,14,40,35,0,40,0,21,0,35,0,14,0,1,0,0,0,0,1,0,5
991,0,1,0,22,21,39,31,0,39,0,22,0,31,0,21,0,1,1,0,0,0,0,0,0
991,0,3,2,18,20,39,33,0,39,0,18,0,33,0,20,0,1,0,1,0,0,0,0,2
991,0,4,3,25,23,39,33,0,39,0,25,0,33,0,23,0,1,0,0,1,0,0,0,3
991,0,5,4,12,14,39,34,0,39,0,12,0,34,0,14,0,1,0,0,0,1,0,0,4
991,0,6,5,15,14,38,32,0,38,0,15,0,32,0,14,0,1,0,0,0,0,1,0,5
992,0,1,0,8,-999999,38,-999999,0,38,0,8,0,-999999,0,-999999,0,1,1,0,0,0,0,0,0
992,0,3,2,11,-999999,38,-999999,0,38,0,11,0,-999999,0,-999999,0,1,0,1,0,0,0,0,2
992,0,4,3,7,-999999,36,-999999,0,36,0,7,0,-999999,0,-999999,0,1,0,0,1,0,0,0,3
992,0,5,4,9,-999999,40,-999999,0,40,0,9,0,-999999,0,-999999,0,1,0,0,0,1,0,0,4
992,0,6,5,7,-999999,35,-999999,0,35,0,7,0,-999999,0,-999999,0,1,0,0,0,0,1,0,5
993,0,1,0,14,13,40,39,0,40,0,14,0,39,0,13,0,1,1,0,0,0,0,0,0
993,0,3,2,7,13,39,39,0,39,0,7,0,39,0,13,0,1,0,1,0,0,0,0,2
993,0,4,3,7,8,40,38,0,40,0,7,0,38,0,8,0,1,0,0,1,0,0,0,3
993,0,5,4,10,8,40,35,0,40,0,10,0,35,0,8,0,1,0,0,0,1,0,0,4
993,0,6,5,8,8,40,38,0,40,0,8,0,38,0,8,0,1,0,0,0,0,1,0,5
994,1,1,0,18,17,39,36,39,0,18,0,36,0,17,0,1,0,1,0,0,0,0,0,0
994,1,4,3,19,-999999,37,-999999,37,0,19,0,-999999,0,-999999,0,1,0,0,0,1,0,0,3,0
994,1,5,4,19,28,36,26,36,0,19,0,26,0,28,0,1,0,0,0,0,1,0,4,0
994,1,6,5,19,-999999,37,-999999,37,0,19,0,-999999,0,-999999,0,1,0,0,0,0,0,1,5,0
995,0,1,0,21,15,38,37,0,38,0,21,0,37,0,15,0,1,1,0,0,0,0,0,0
995,0,3,2,22,15,35,31,0,35,0,22,0,31,0,15,0,1,0,1,0,0,0,0,2
995,0,4,3,24,15,35,32,0,35,0,24,0,32,0,15,0,1,0,0,1,0,0,0,3
995,0,5,4,16,11,36,29,0,36,0,16,0,29,0,11,0,1,0,0,0,1,0,0,4
995,0,6,5,15,13,36,27,0,36,0,15,0,27,0,13,0,1,0,0,0,0,1,0,5
996,0,1,0,21,-999999,40,-999999,0,40,0,21,0,-999999,0,-999999,0,1,1,0,0,0,0,0,0
996,0,3,2,24,-999999,36,-999999,0,36,0,24,0,-999999,0,-999999,0,1,0,1,0,0,0,0,2
996,0,4,3,26,-999999,37,-999999,0,37,0,26,0,-999999,0,-999999,0,1,0,0,1,0,0,0,3
996,0,5,4,28,25,37,32,0,37,0,28,0,32,0,25,0,1,0,0,0,1,0,0,4
996,0,6,5,20,22,39,40,0,39,0,20,0,40,0,22,0,1,0,0,0,0,1,0,5
997,0,1,0,9,9,37,40,0,37,0,9,0,40,0,9,0,1,1,0,0,0,0,0,0
997,0,3,2,12,9,38,40,0,38,0,12,0,40,0,9,0,1,0,1,0,0,0,0,2
997,0,4,3,12,7,40,39,0,40,0,12,0,39,0,7,0,1,0,0,1,0,0,0,3
997,0,5,4,8,9,39,38,0,39,0,8,0,38,0,9,0,1,0,0,0,1,0,0,4
997,0,6,5,10,13,40,36,0,40,0,10,0,36,0,13,0,1,0,0,0,0,1,0,5
998,1,3,2,7,19,40,36,40,0,7,0,36,0,19,0,1,0,0,1,0,0,0,2,0
998,1,4,3,11,20,37,31,37,0,11,0,31,0,20,0,1,0,0,0,1,0,0,3,0
998,1,5,4,11,20,36,36,36,0,11,0,36,0,20,0,1,0,0,0,0,1,0,4,0
998,1,6,5,9,20,35,34,35,0,9,0,34,0,20,0,1,0,0,0,0,0,1,5,0
999,0,1,0,10,23,40,39,0,40,0,10,0,39,0,23,0,1,1,0,0,0,0,0,0
999,0,3,2,11,22,40,40,0,40,0,11,0,40,0,22,0,1,0,1,0,0,0,0,2
999,0,4,3,13,17,40,39,0,40,0,13,0,39,0,17,0,1,0,0,1,0,0,0,3
999,0,5,4,17,26,39,37,0,39,0,17,0,37,0,26,0,1,0,0,0,1,0,0,4
999,0,6,5,15,15,38,38,0,38,0,15,0,38,0,15,0,1,0,0,0,0,1,0,5
1000,1,1,0,14,17,40,32,40,0,14,0,32,0,17,0,1,0,1,0,0,0,0,0,0
1000,1,4,3,16,-999999,33,-999999,33,0,16,0,-999999,0,-999999,0,1,0,0,0,1,0,0,3,0
1000,1,5,4,14,-999999,37,-999999,37,0,14,0,-999999,0,-999999,0,1,0,0,0,0,1,0,4,0
1000,1,6,5,24,17,32,32,32,0,24,0,32,0,17,0,1,0,0,0,0,0,1,5,0
1001,0,1,0,24,8,40,40,0,40,0,24,0,40,0,8,0,1,1,0,0,0,0,0,0
1001,0,3,2,21,-999999,36,-999999,0,36,0,21,0,-999999,0,-999999,0,1,0,1,0,0,0,0,2
1001,0,4,3,22,-999999,40,-999999,0,40,0,22,0,-999999,0,-999999,0,1,0,0,1,0,0,0,3
1001,0,5,4,27,-999999,40,-999999,0,40,0,27,0,-999999,0,-999999,0,1,0,0,0,1,0,0,4
1001,0,6,5,25,-999999,40,-999999,0,40,0,25,0,-999999,0,-999999,0,1,0,0,0,0,1,0,5
1002,0,1,0,11,15,40,38,0,40,0,11,0,38,0,15,0,1,1,0,0,0,0,0,0
1002,0,3,2,13,15,36,39,0,36,0,13,0,39,0,15,0,1,0,1,0,0,0,0,2
1002,0,4,3,12,13,36,38,0,36,0,12,0,38,0,13,0,1,0,0,1,0,0,0,3
1002,0,5,4,10,15,40,38,0,40,0,10,0,38,0,15,0,1,0,0,0,1,0,0,4
1002,0,6,5,8,13,39,36,0,39,0,8,0,36,0,13,0,1,0,0,0,0,1,0,5
1003,0,1,0,-999999,11,-999999,36,0,-999999,0,-999999,0,36,0,11,0,1,1,0,0,0,0,0,0
1003,0,3,2,13,11,38,34,0,38,0,13,0,34,0,11,0,1,0,1,0,0,0,0,2
1003,0,4,3,10,17,40,31,0,40,0,10,0,31,0,17,0,1,0,0,1,0,0,0,3
1003,0,5,4,8,16,40,33,0,40,0,8,0,33,0,16,0,1,0,0,0,1,0,0,4
1003,0,6,5,10,12,37,34,0,37,0,10,0,34,0,12,0,1,0,0,0,0,1,0,5
1004,1,1,0,21,8,37,38,37,0,21,0,38,0,8,0,1,0,1,0,0,0,0,0,0
1004,1,3,2,9,10,40,40,40,0,9,0,40,0,10,0,1,0,0,1,0,0,0,2,0
1004,1,4,3,19,19,32,28,32,0,19,0,28,0,19,0,1,0,0,0,1,0,0,3,0
1004,1,5,4,17,11,36,34,36,0,17,0,34,0,11,0,1,0,0,0,0,1,0,4,0
1004,1,6,5,20,8,35,36,35,0,20,0,36,0,8,0,1,0,0,0,0,0,1,5,0
1005,0,1,0,18,10,37,39,0,37,0,18,0,39,0,10,0,1,1,0,0,0,0,0,0
1005,0,3,2,17,15,37,32,0,37,0,17,0,32,0,15,0,1,0,1,0,0,0,0,2
1005,0,4,3,25,11,35,38,0,35,0,25,0,38,0,11,0,1,0,0,1,0,0,0,3
1005,0,5,4,12,12,38,37,0,38,0,12,0,37,0,12,0,1,0,0,0,1,0,0,4
1005,0,6,5,13,12,36,35,0,36,0,13,0,35,0,12,0,1,0,0,0,0,1,0,5
1006,1,3,2,26,30,32,18,32,0,26,0,18,0,30,0,1,0,0,1,0,0,0,2,0
1006,1,4,3,30,26,34,23,34,0,30,0,23,0,26,0,1,0,0,0,1,0,0,3,0
1006,1,5,4,31,34,31,18,31,0,31,0,18,0,34,0,1,0,0,0,0,1,0,4,0
1007,1,1,0,15,7,39,39,39,0,15,0,39,0,7,0,1,0,1,0,0,0,0,0,0
1007,1,3,2,14,14,39,34,39,0,14,0,34,0,14,0,1,0,0,1,0,0,0,2,0
1007,1,4,3,14,13,39,36,39,0,14,0,36,0,13,0,1,0,0,0,1,0,0,3,0
1007,1,5,4,17,17,38,31,38,0,17,0,31,0,17,0,1,0,0,0,0,1,0,4,0
1007,1,6,5,14,14,38,28,38,0,14,0,28,0,14,0,1,0,0,0,0,0,1,5,0
1008,1,1,0,7,10,40,33,40,0,7,0,33,0,10,0,1,0,1,0,0,0,0,0,0
1008,1,3,2,7,9,39,34,39,0,7,0,34,0,9,0,1,0,0,1,0,0,0,2,0
1008,1,4,3,8,11,39,31,39,0,8,0,31,0,11,0,1,0,0,0,1,0,0,3,0
1008,1,5,4,8,11,40,27,40,0,8,0,27,0,11,0,1,0,0,0,0,1,0,4,0
1008,1,6,5,12,14,40,34,40,0,12,0,34,0,14,0,1,0,0,0,0,0,1,5,0
1009,0,1,0,-999999,9,-999999,40,0,-999999,0,-999999,0,40,0,9,0,1,1,0,0,0,0,0,0
1009,0,3,2,19,13,37,39,0,37,0,19,0,39,0,13,0,1,0,1,0,0,0,0,2
1009,0,4,3,17,12,37,39,0,37,0,17,0,39,0,12,0,1,0,0,1,0,0,0,3
1009,0,5,4,15,8,37,37,0,37,0,15,0,37,0,8,0,1,0,0,0,1,0,0,4
1009,0,6,5,12,12,37,37,0,37,0,12,0,37,0,12,0,1,0,0,0,0,1,0,5
1010,0,1,0,23,-999999,38,-999999,0,38,0,23,0,-999999,0,-999999,0,1,1,0,0,0,0,0,0
1010,0,6,5,22,-999999,37,-999999,0,37,0,22,0,-999999,0,-999999,0,1,0,0,0,0,1,0,5
1011,0,1,0,11,9,33,32,0,33,0,11,0,32,0,9,0,1,1,0,0,0,0,0,0
1011,0,3,2,15,22,35,26,0,35,0,15,0,26,0,22,0,1,0,1,0,0,0,0,2
1011,0,4,3,22,27,37,36,0,37,0,22,0,36,0,27,0,1,0,0,1,0,0,0,3
1011,0,5,4,25,20,38,24,0,38,0,25,0,24,0,20,0,1,0,0,0,1,0,0,4
1011,0,6,5,15,17,37,35,0,37,0,15,0,35,0,17,0,1,0,0,0,0,1,0,5
1012,0,1,0,7,11,40,39,0,40,0,7,0,39,0,11,0,1,1,0,0,0,0,0,0
1012,0,3,2,7,8,40,35,0,40,0,7,0,35,0,8,0,1,0,1,0,0,0,0,2
1012,0,4,3,7,11,40,39,0,40,0,7,0,39,0,11,0,1,0,0,1,0,0,0,3
1012,0,5,4,11,-999999,39,-999999,0,39,0,11,0,-999999,0,-999999,0,1,0,0,0,1,0,0,4
1012,0,6,5,7,12,40,38,0,40,0,7,0,38,0,12,0,1,0,0,0,0,1,0,5
1013,0,1,0,10,17,35,39,0,35,0,10,0,39,0,17,0,1,1,0,0,0,0,0,0
1013,0,3,2,15,26,34,32,0,34,0,15,0,32,0,26,0,1,0,1,0,0,0,0,2
1013,0,4,3,16,-999999,35,-999999,0,35,0,16,0,-999999,0,-999999,0,1,0,0,1,0,0,0,3
1013,0,5,4,11,-999999,34,-999999,0,34,0,11,0,-999999,0,-999999,0,1,0,0,0,1,0,0,4
1013,0,6,5,13,23,35,34,0,35,0,13,0,34,0,23,0,1,0,0,0,0,1,0,5
1014,1,1,0,-999999,29,-999999,35,-999999,0,-999999,0,35,0,29,0,1,0,1,0,0,0,0,0,0
1014,1,3,2,20,10,36,38,36,0,20,0,38,0,10,0,1,0,0,1,0,0,0,2,0
1014,1,4,3,22,11,33,36,33,0,22,0,36,0,11,0,1,0,0,0,1,0,0,3,0
1014,1,5,4,29,19,37,33,37,0,29,0,33,0,19,0,1,0,0,0,0,1,0,4,0
1014,1,6,5,14,-999999,38,-999999,38,0,14,0,-999999,0,-999999,0,1,0,0,0,0,0,1,5,0
1015,1,1,0,23,10,38,40,38,0,23,0,40,0,10,0,1,0,1,0,0,0,0,0,0
1015,1,3,2,15,9,37,38,37,0,15,0,38,0,9,0,1,0,0,1,0,0,0,2,0
1015,1,4,3,16,7,36,36,36,0,16,0,36,0,7,0,1,0,0,0,1,0,0,3,0
1015,1,5,4,11,11,35,39,35,0,11,0,39,0,11,0,1,0,0,0,0,1,0,4,0
1015,1,6,5,17,9,32,38,32,0,17,0,38,0,9,0,1,0,0,0,0,0,1,5,0
1016,1,1,0,18,28,39,30,39,0,18,0,30,0,28,0,1,0,1,0,0,0,0,0,0
1016,1,3,2,20,25,36,18,36,0,20,0,18,0,25,0,1,0,0,1,0,0,0,2,0
1016,1,4,3,16,24,40,24,40,0,16,0,24,0,24,0,1,0,0,0,1,0,0,3,0
1016,1,5,4,18,27,35,29,35,0,18,0,29,0,27,0,1,0,0,0,0,1,0,4,0
1016,1,6,5,16,26,36,25,36,0,16,0,25,0,26,0,1,0,0,0,0,0,1,5,0
1017,0,1,0,18,16,40,38,0,40,0,18,0,38,0,16,0,1,1,0,0,0,0,0,0
1017,0,3,2,16,18,38,37,0,38,0,16,0,37,0,18,0,1,0,1,0,0,0,0,2
1017,0,4,3,21,18,37,36,0,37,0,21,0,36,0,18,0,1,0,0,1,0,0,0,3
1017,0,5,4,12,20,37,36,0,37,0,12,0,36,0,20,0,1,0,0,0,1,0,0,4
1017,0,6,5,16,-999999,36,-999999,0,36,0,16,0,-999999,0,-999999,0,1,0,0,0,0,1,0,5
1018,1,1,0,17,13,35,40,35,0,17,0,40,0,13,0,1,0,1,0,0,0,0,0,0
1018,1,3,2,16,21,35,40,35,0,16,0,40,0,21,0,1,0,0,1,0,0,0,2,0
1018,1,4,3,9,12,38,40,38,0,9,0,40,0,12,0,1,0,0,0,1,0,0,3,0
1018,1,5,4,12,12,37,39,37,0,12,0,39,0,12,0,1,0,0,0,0,1,0,4,0
1018,1,6,5,17,14,36,40,36,0,17,0,40,0,14,0,1,0,0,0,0,0,1,5,0
1019,1,1,0,20,20,37,31,37,0,20,0,31,0,20,0,1,0,1,0,0,0,0,0,0
1019,1,3,2,17,10,38,35,38,0,17,0,35,0,10,0,1,0,0,1,0,0,0,2,0
1019,1,4,3,14,-999999,40,-999999,40,0,14,0,-999999,0,-999999,0,1,0,0,0,1,0,0,3,0
1019,1,5,4,16,-999999,35,-999999,35,0,16,0,-999999,0,-999999,0,1,0,0,0,0,1,0,4,0
1019,1,6,5,15,11,37,37,37,0,15,0,37,0,11,0,1,0,0,0,0,0,1,5,0
1020,1,1,0,17,-999999,31,-999999,31,0,17,0,-999999,0,-999999,0,1,0,1,0,0,0,0,0,0
1020,1,3,2,10,-999999,32,-999999,32,0,10,0,-999999,0,-999999,0,1,0,0,1,0,0,0,2,0
1020,1,5,4,20,-999999,32,-999999,32,0,20,0,-999999,0,-999999,0,1,0,0,0,0,1,0,4,0
1020,1,6,5,18,-999999,29,-999999,29,0,18,0,-999999,0,-999999,0,1,0,0,0,0,0,1,5,0
1021,1,1,0,18,-999999,39,-999999,39,0,18,0,-999999,0,-999999,0,1,0,1,0,0,0,0,0,0
1021,1,3,2,18,17,37,38,37,0,18,0,38,0,17,0,1,0,0,1,0,0,0,2,0
1021,1,4,3,18,14,40,38,40,0,18,0,38,0,14,0,1,0,0,0,1,0,0,3,0
1021,1,5,4,26,16,38,36,38,0,26,0,36,0,16,0,1,0,0,0,0,1,0,4,0
1021,1,6,5,20,16,39,38,39,0,20,0,38,0,16,0,1,0,0,0,0,0,1,5,0
1022,0,1,0,11,-999999,38,-999999,0,38,0,11,0,-999999,0,-999999,0,1,1,0,0,0,0,0,0
1022,0,3,2,14,-999999,35,-999999,0,35,0,14,0,-999999,0,-999999,0,1,0,1,0,0,0,0,2
1022,0,4,3,17,9,34,34,0,34,0,17,0,34,0,9,0,1,0,0,1,0,0,0,3
1022,0,5,4,23,-999999,35,-999999,0,35,0,23,0,-999999,0,-999999,0,1,0,0,0,1,0,0,4
1022,0,6,5,23,21,38,33,0,38,0,23,0,33,0,21,0,1,0,0,0,0,1,0,5
1023,1,1,0,12,15,40,37,40,0,12,0,37,0,15,0,1,0,1,0,0,0,0,0,0
1023,1,3,2,10,12,39,36,39,0,10,0,36,0,12,0,1,0,0,1,0,0,0,2,0
1023,1,4,3,8,16,39,32,39,0,8,0,32,0,16,0,1,0,0,0,1,0,0,3,0
1023,1,5,4,8,15,37,36,37,0,8,0,36,0,15,0,1,0,0,0,0,1,0,4,0
1023,1,6,5,8,11,36,35,36,0,8,0,35,0,11,0,1,0,0,0,0,0,1,5,0
1024,1,1,0,10,7,39,36,39,0,10,0,36,0,7,0,1,0,1,0,0,0,0,0,0
1024,1,3,2,17,-999999,36,-999999,36,0,17,0,-999999,0,-999999,0,1,0,0,1,0,0,0,2,0
1024,1,4,3,19,-999999,39,-999999,39,0,19,0,-999999,0,-999999,0,1,0,0,0,1,0,0,3,0
1024,1,5,4,21,-999999,37,-999999,37,0,21,0,-999999,0,-999999,0,1,0,0,0,0,1,0,4,0
1024,1,6,5,19,14,40,40,40,0,19,0,40,0,14,0,1,0,0,0,0,0,1,5,0
1025,1,1,0,7,7,37,40,37,0,7,0,40,0,7,0,1,0,1,0,0,0,0,0,0
1025,1,3,2,8,7,35,39,35,0,8,0,39,0,7,0,1,0,0,1,0,0,0,2,0
1025,1,4,3,8,10,35,37,35,0,8,0,37,0,10,0,1,0,0,0,1,0,0,3,0
1025,1,5,4,12,8,36,35,36,0,12,0,35,0,8,0,1,0,0,0,0,1,0,4,0
1025,1,6,5,8,7,36,37,36,0,8,0,37,0,7,0,1,0,0,0,0,0,1,5,0
1026,0,1,0,10,12,40,38,0,40,0,10,0,38,0,12,0,1,1,0,0,0,0,0,0
1026,0,3,2,9,9,40,32,0,40,0,9,0,32,0,9,0,1,0,1,0,0,0,0,2
1026,0,4,3,8,9,40,38,0,40,0,8,0,38,0,9,0,1,0,0,1,0,0,0,3
1026,0,5,4,9,11,39,33,0,39,0,9,0,33,0,11,0,1,0,0,0,1,0,0,4
1026,0,6,5,9,14,38,35,0,38,0,9,0,35,0,14,0,1,0,0,0,0,1,0,5
1027,1,1,0,21,-999999,40,-999999,40,0,21,0,-999999,0,-999999,0,1,0,1,0,0,0,0,0,0
1027,1,3,2,14,-999999,39,-999999,39,0,14,0,-999999,0,-999999,0,1,0,0,1,0,0,0,2,0
1027,1,4,3,26,23,34,33,34,0,26,0,33,0,23,0,1,0,0,0,1,0,0,3,0
1027,1,5,4,19,25,38,36,38,0,19,0,36,0,25,0,1,0,0,0,0,1,0,4,0
1027,1,6,5,18,24,38,34,38,0,18,0,34,0,24,0,1,0,0,0,0,0,1,5,0
1028,1,1,0,11,-999999,36,-999999,36,0,11,0,-999999,0,-999999,0,1,0,1,0,0,0,0,0,0
1028,1,4,3,7,-999999,36,-999999,36,0,7,0,-999999,0,-999999,0,1,0,0,0,1,0,0,3,0
1028,1,5,4,10,-999999,38,-999999,38,0,10,0,-999999,0,-999999,0,1,0,0,0,0,1,0,4,0
1028,1,6,5,11,-999999,36,-999999,36,0,11,0,-999999,0,-999999,0,1,0,0,0,0,0,1,5,0
1029,0,1,0,22,9,36,40,0,36,0,22,0,40,0,9,0,1,1,0,0,0,0,0,0
1029,0,3,2,24,14,37,39,0,37,0,24,0,39,0,14,0,1,0,1,0,0,0,0,2
1030,1,1,0,12,14,38,33,38,0,12,0,33,0,14,0,1,0,1,0,0,0,0,0,0
1030,1,3,2,14,24,38,22,38,0,14,0,22,0,24,0,1,0,0,1,0,0,0,2,0
1030,1,4,3,14,29,38,30,38,0,14,0,30,0,29,0,1,0,0,0,1,0,0,3,0
1030,1,5,4,14,25,36,30,36,0,14,0,30,0,25,0,1,0,0,0,0,1,0,4,0
1030,1,6,5,16,24,36,26,36,0,16,0,26,0,24,0,1,0,0,0,0,0,1,5,0
1031,1,1,0,17,21,37,39,37,0,17,0,39,0,21,0,1,0,1,0,0,0,0,0,0
1031,1,3,2,12,16,38,37,38,0,12,0,37,0,16,0,1,0,0,1,0,0,0,2,0
1031,1,4,3,12,15,36,30,36,0,12,0,30,0,15,0,1,0,0,0,1,0,0,3,0
1031,1,5,4,17,18,40,27,40,0,17,0,27,0,18,0,1,0,0,0,0,1,0,4,0
1031,1,6,5,21,19,37,28,37,0,21,0,28,0,19,0,1,0,0,0,0,0,1,5,0
1032,1,1,0,17,16,38,29,38,0,17,0,29,0,16,0,1,0,1,0,0,0,0,0,0
1032,1,3,2,13,-999999,36,-999999,36,0,13,0,-999999,0,-999999,0,1,0,0,1,0,0,0,2,0
1032,1,4,3,17,-999999,34,-999999,34,0,17,0,-999999,0,-999999,0,1,0,0,0,1,0,0,3,0
1032,1,5,4,20,-999999,35,-999999,35,0,20,0,-999999,0,-999999,0,1,0,0,0,0,1,0,4,0
1032,1,6,5,21,23,34,27,34,0,21,0,27,0,23,0,1,0,0,0,0,0,1,5,0
1033,1,1,0,19,12,38,39,38,0,19,0,39,0,12,0,1,0,1,0,0,0,0,0,0
1033,1,3,2,19,11,37,38,37,0,19,0,38,0,11,0,1,0,0,1,0,0,0,2,0
1033,1,4,3,10,14,39,37,39,0,10,0,37,0,14,0,1,0,0,0,1,0,0,3,0
1033,1,5,4,10,15,36,36,36,0,10,0,36,0,15,0,1,0,0,0,0,1,0,4,0
1033,1,6,5,8,12,32,37,32,0,8,0,37,0,12,0,1,0,0,0,0,0,1,5,0
1034,0,1,0,13,16,39,36,0,39,0,13,0,36,0,16,0,1,1,0,0,0,0,0,0
1034,0,3,2,18.66666667,-999999,38,-999999,0,38,0,18.66666667,0,-999999,0,-999999,0,1,0,1,0,0,0,0,2
1034,0,4,3,14,-999999,32,-999999,0,32,0,14,0,-999999,0,-999999,0,1,0,0,1,0,0,0,3
1034,0,5,4,22.16666667,18,35,34,0,35,0,22.16666667,0,34,0,18,0,1,0,0,0,1,0,0,4
1034,0,6,5,16,-999999,37,-999999,0,37,0,16,0,-999999,0,-999999,0,1,0,0,0,0,1,0,5
1035,0,1,0,15,17,39,40,0,39,0,15,0,40,0,17,0,1,1,0,0,0,0,0,0
1035,0,3,2,19,17,36,35,0,36,0,19,0,35,0,17,0,1,0,1,0,0,0,0,2
1035,0,4,3,23,20,36,35,0,36,0,23,0,35,0,20,0,1,0,0,1,0,0,0,3
1035,0,5,4,20,18,36,36,0,36,0,20,0,36,0,18,0,1,0,0,0,1,0,0,4
1035,0,6,5,22,20,36,35,0,36,0,22,0,35,0,20,0,1,0,0,0,0,1,0,5
1036,0,1,0,7,-999999,32,-999999,0,32,0,7,0,-999999,0,-999999,0,1,1,0,0,0,0,0,0
1036,0,3,2,7,-999999,28,-999999,0,28,0,7,0,-999999,0,-999999,0,1,0,1,0,0,0,0,2
1036,0,4,3,10,-999999,27,-999999,0,27,0,10,0,-999999,0,-999999,0,1,0,0,1,0,0,0,3
1036,0,5,4,12,-999999,33,-999999,0,33,0,12,0,-999999,0,-999999,0,1,0,0,0,1,0,0,4
1036,0,6,5,19,-999999,29,-999999,0,29,0,19,0,-999999,0,-999999,0,1,0,0,0,0,1,0,5
1037,0,1,0,17,23,34,26,0,34,0,17,0,26,0,23,0,1,1,0,0,0,0,0,0
1037,0,3,2,20,16,37,36,0,37,0,20,0,36,0,16,0,1,0,1,0,0,0,0,2
1037,0,4,3,20,14,38,29,0,38,0,20,0,29,0,14,0,1,0,0,1,0,0,0,3
1037,0,5,4,18,18,37,33,0,37,0,18,0,33,0,18,0,1,0,0,0,1,0,0,4
1037,0,6,5,21,20,37,26,0,37,0,21,0,26,0,20,0,1,0,0,0,0,1,0,5
1038,0,1,0,9,16,38,40,0,38,0,9,0,40,0,16,0,1,1,0,0,0,0,0,0
1038,0,3,2,21,14,39,39,0,39,0,21,0,39,0,14,0,1,0,1,0,0,0,0,2
1038,0,4,3,22,18,37,39,0,37,0,22,0,39,0,18,0,1,0,0,1,0,0,0,3
1038,0,5,4,15,18,38,37,0,38,0,15,0,37,0,18,0,1,0,0,0,1,0,0,4
1038,0,6,5,14,19,38,37,0,38,0,14,0,37,0,19,0,1,0,0,0,0,1,0,5
1039,1,1,0,9,12,36,34,36,0,9,0,34,0,12,0,1,0,1,0,0,0,0,0,0
1039,1,3,2,8,15,38,37,38,0,8,0,37,0,15,0,1,0,0,1,0,0,0,2,0
1039,1,4,3,10,-999999,38,-999999,38,0,10,0,-999999,0,-999999,0,1,0,0,0,1,0,0,3,0
1039,1,5,4,8,15,39,39,39,0,8,0,39,0,15,0,1,0,0,0,0,1,0,4,0
1039,1,6,5,8,13,37,37,37,0,8,0,37,0,13,0,1,0,0,0,0,0,1,5,0
1040,1,1,0,13,17,36,37,36,0,13,0,37,0,17,0,1,0,1,0,0,0,0,0,0
1040,1,3,2,9,12,36,35,36,0,9,0,35,0,12,0,1,0,0,1,0,0,0,2,0
1040,1,4,3,13,16,39,37,39,0,13,0,37,0,16,0,1,0,0,0,1,0,0,3,0
1040,1,5,4,12,11,37,34,37,0,12,0,34,0,11,0,1,0,0,0,0,1,0,4,0
1040,1,6,5,14,-999999,34,-999999,34,0,14,0,-999999,0,-999999,0,1,0,0,0,0,0,1,5,0
1041,1,1,0,27,20,32,29,32,0,27,0,29,0,20,0,1,0,1,0,0,0,0,0,0
1041,1,3,2,19,21,33,26,33,0,19,0,26,0,21,0,1,0,0,1,0,0,0,2,0
1041,1,4,3,27,28,24,27,24,0,27,0,27,0,28,0,1,0,0,0,1,0,0,3,0
1041,1,5,4,28,27,29,21,29,0,28,0,21,0,27,0,1,0,0,0,0,1,0,4,0
1041,1,6,5,25,22,32,26,32,0,25,0,26,0,22,0,1,0,0,0,0,0,1,5,0
1042,0,1,0,15,-999999,40,-999999,0,40,0,15,0,-999999,0,-999999,0,1,1,0,0,0,0,0,0
1042,0,3,2,12,-999999,39,-999999,0,39,0,12,0,-999999,0,-999999,0,1,0,1,0,0,0,0,2
1042,0,4,3,14,-999999,37,-999999,0,37,0,14,0,-999999,0,-999999,0,1,0,0,1,0,0,0,3
1042,0,5,4,11,-999999,37,-999999,0,37,0,11,0,-999999,0,-999999,0,1,0,0,0,1,0,0,4
1042,0,6,5,18,-999999,39,-999999,0,39,0,18,0,-999999,0,-999999,0,1,0,0,0,0,1,0,5
1043,1,1,0,8,8,36,38,36,0,8,0,38,0,8,0,1,0,1,0,0,0,0,0,0
1043,1,3,2,10,8,39,35,39,0,10,0,35,0,8,0,1,0,0,1,0,0,0,2,0
1044,0,1,0,-999999,10,-999999,37,0,-999999,0,-999999,0,37,0,10,0,1,1,0,0,0,0,0,0
1044,0,3,2,11,-999999,40,-999999,0,40,0,11,0,-999999,0,-999999,0,1,0,1,0,0,0,0,2
1044,0,4,3,8,-999999,40,-999999,0,40,0,8,0,-999999,0,-999999,0,1,0,0,1,0,0,0,3
1044,0,5,4,10,-999999,40,-999999,0,40,0,10,0,-999999,0,-999999,0,1,0,0,0,1,0,0,4
1044,0,6,5,8,10,39,33,0,39,0,8,0,33,0,10,0,1,0,0,0,0,1,0,5
1045,0,1,0,12,20,40,35,0,40,0,12,0,35,0,20,0,1,1,0,0,0,0,0,0
1045,0,3,2,8,12,36,38,0,36,0,8,0,38,0,12,0,1,0,1,0,0,0,0,2
1045,0,4,3,11,12,36,39,0,36,0,11,0,39,0,12,0,1,0,0,1,0,0,0,3
1045,0,5,4,17,18,35,33,0,35,0,17,0,33,0,18,0,1,0,0,0,1,0,0,4
1045,0,6,5,13,14,35,38,0,35,0,13,0,38,0,14,0,1,0,0,0,0,1,0,5
1046,0,1,0,11,13,36,39,0,36,0,11,0,39,0,13,0,1,1,0,0,0,0,0,0
1046,0,3,2,9,14,40,39,0,40,0,9,0,39,0,14,0,1,0,1,0,0,0,0,2
1046,0,4,3,7,12,40,39,0,40,0,7,0,39,0,12,0,1,0,0,1,0,0,0,3
1046,0,5,4,9,18,40,39,0,40,0,9,0,39,0,18,0,1,0,0,0,1,0,0,4
1046,0,6,5,7,17,40,40,0,40,0,7,0,40,0,17,0,1,0,0,0,0,1,0,5
1047,0,1,0,12,11,40,40,0,40,0,12,0,40,0,11,0,1,1,0,0,0,0,0,0
1047,0,3,2,9,11,40,36,0,40,0,9,0,36,0,11,0,1,0,1,0,0,0,0,2
1047,0,4,3,12,19,40,34,0,40,0,12,0,34,0,19,0,1,0,0,1,0,0,0,3
1047,0,6,5,10,17,39,35,0,39,0,10,0,35,0,17,0,1,0,0,0,0,1,0,5
1048,1,1,0,14,21,40,36,40,0,14,0,36,0,21,0,1,0,1,0,0,0,0,0,0
1048,1,3,2,8,13,40,36,40,0,8,0,36,0,13,0,1,0,0,1,0,0,0,2,0
1048,1,4,3,8,-999999,37,-999999,37,0,8,0,-999999,0,-999999,0,1,0,0,0,1,0,0,3,0
1048,1,5,4,10,12,33,38,33,0,10,0,38,0,12,0,1,0,0,0,0,1,0,4,0
1048,1,6,5,12,24,33,35,33,0,12,0,35,0,24,0,1,0,0,0,0,0,1,5,0
1049,0,1,0,13,13,40,33,0,40,0,13,0,33,0,13,0,1,1,0,0,0,0,0,0
1049,0,3,2,10,7,39,34,0,39,0,10,0,34,0,7,0,1,0,1,0,0,0,0,2
1049,0,4,3,8,7,36,33,0,36,0,8,0,33,0,7,0,1,0,0,1,0,0,0,3
1049,0,5,4,9,10,35,37,0,35,0,9,0,37,0,10,0,1,0,0,0,1,0,0,4
1049,0,6,5,8,7,31,36,0,31,0,8,0,36,0,7,0,1,0,0,0,0,1,0,5
1050,0,1,0,15,17,35,36,0,35,0,15,0,36,0,17,0,1,1,0,0,0,0,0,0
1050,0,3,2,17,13,37,34,0,37,0,17,0,34,0,13,0,1,0,1,0,0,0,0,2
1050,0,4,3,18,15,35,33,0,35,0,18,0,33,0,15,0,1,0,0,1,0,0,0,3
1050,0,5,4,21,14,36,29,0,36,0,21,0,29,0,14,0,1,0,0,0,1,0,0,4
1050,0,6,5,18,14,37,32,0,37,0,18,0,32,0,14,0,1,0,0,0,0,1,0,5
1051,0,1,0,20,-999999,38,-999999,0,38,0,20,0,-999999,0,-999999,0,1,1,0,0,0,0,0,0
1051,0,3,2,18,-999999,39,-999999,0,39,0,18,0,-999999,0,-999999,0,1,0,1,0,0,0,0,2
1051,0,4,3,22,-999999,35,-999999,0,35,0,22,0,-999999,0,-999999,0,1,0,0,1,0,0,0,3
1051,0,5,4,16,27,35,32,0,35,0,16,0,32,0,27,0,1,0,0,0,1,0,0,4
1051,0,6,5,25,29,34,24,0,34,0,25,0,24,0,29,0,1,0,0,0,0,1,0,5
1052,1,3,2,16,22,36,29,36,0,16,0,29,0,22,0,1,0,0,1,0,0,0,2,0
1052,1,4,3,19,-999999,36,-999999,36,0,19,0,-999999,0,-999999,0,1,0,0,0,1,0,0,3,0
1052,1,5,4,-999999,19,-999999,26,-999999,0,-999999,0,26,0,19,0,1,0,0,0,0,1,0,4,0
1052,1,6,5,15,-999999,35,-999999,35,0,15,0,-999999,0,-999999,0,1,0,0,0,0,0,1,5,0
1053,1,1,0,7,-999999,39,-999999,39,0,7,0,-999999,0,-999999,0,1,0,1,0,0,0,0,0,0
1053,1,3,2,7,7,40,36,40,0,7,0,36,0,7,0,1,0,0,1,0,0,0,2,0
1053,1,4,3,8,-999999,39,-999999,39,0,8,0,-999999,0,-999999,0,1,0,0,0,1,0,0,3,0
1053,1,5,4,9,9,39,36,39,0,9,0,36,0,9,0,1,0,0,0,0,1,0,4,0
1053,1,6,5,10,-999999,39,-999999,39,0,10,0,-999999,0,-999999,0,1,0,0,0,0,0,1,5,0
1054,0,1,0,10,13,39,37,0,39,0,10,0,37,0,13,0,1,1,0,0,0,0,0,0
1054,0,3,2,13,8,39,36,0,39,0,13,0,36,0,8,0,1,0,1,0,0,0,0,2
1054,0,4,3,17,-999999,36,-999999,0,36,0,17,0,-999999,0,-999999,0,1,0,0,1,0,0,0,3
1054,0,5,4,16,14,38,35,0,38,0,16,0,35,0,14,0,1,0,0,0,1,0,0,4
1054,0,6,5,22,17,35,33,0,35,0,22,0,33,0,17,0,1,0,0,0,0,1,0,5
1055,0,1,0,18,-999999,40,-999999,0,40,0,18,0,-999999,0,-999999,0,1,1,0,0,0,0,0,0
1055,0,3,2,16,16,38,38,0,38,0,16,0,38,0,16,0,1,0,1,0,0,0,0,2
1055,0,4,3,17,18,38,33,0,38,0,17,0,33,0,18,0,1,0,0,1,0,0,0,3
1055,0,5,4,21,21,36,25,0,36,0,21,0,25,0,21,0,1,0,0,0,1,0,0,4
1055,0,6,5,22,-999999,36,-999999,0,36,0,22,0,-999999,0,-999999,0,1,0,0,0,0,1,0,5
1056,1,4,3,10,-999999,40,-999999,40,0,10,0,-999999,0,-999999,0,1,0,0,0,1,0,0,3,0
1056,1,5,4,13,11,37,37,37,0,13,0,37,0,11,0,1,0,0,0,0,1,0,4,0
1057,0,1,0,18,10,36,38,0,36,0,18,0,38,0,10,0,1,1,0,0,0,0,0,0
1057,0,3,2,10,15,40,38,0,40,0,10,0,38,0,15,0,1,0,1,0,0,0,0,2
1057,0,4,3,11,-999999,39,-999999,0,39,0,11,0,-999999,0,-999999,0,1,0,0,1,0,0,0,3
1057,0,5,4,11,14,40,37,0,40,0,11,0,37,0,14,0,1,0,0,0,1,0,0,4
1057,0,6,5,9,12,39,36,0,39,0,9,0,36,0,12,0,1,0,0,0,0,1,0,5
1058,0,1,0,24,-999999,40,-999999,0,40,0,24,0,-999999,0,-999999,0,1,1,0,0,0,0,0,0
1058,0,3,2,29,-999999,29,-999999,0,29,0,29,0,-999999,0,-999999,0,1,0,1,0,0,0,0,2
1058,0,5,4,16,21,23,36,0,23,0,16,0,36,0,21,0,1,0,0,0,1,0,0,4
1058,0,6,5,21,20,27,35,0,27,0,21,0,35,0,20,0,1,0,0,0,0,1,0,5
1059,0,1,0,8,-999999,40,-999999,0,40,0,8,0,-999999,0,-999999,0,1,1,0,0,0,0,0,0
1059,0,3,2,11,10,36,40,0,36,0,11,0,40,0,10,0,1,0,1,0,0,0,0,2
1059,0,4,3,10,10,40,40,0,40,0,10,0,40,0,10,0,1,0,0,1,0,0,0,3
1059,0,5,4,20,10,36,36,0,36,0,20,0,36,0,10,0,1,0,0,0,1,0,0,4
1059,0,6,5,16,12,40,35,0,40,0,16,0,35,0,12,0,1,0,0,0,0,1,0,5
1060,1,1,0,22,12,39,40,39,0,22,0,40,0,12,0,1,0,1,0,0,0,0,0,0
1060,1,3,2,20,21,40,40,40,0,20,0,40,0,21,0,1,0,0,1,0,0,0,2,0
1060,1,4,3,22,14,40,39,40,0,22,0,39,0,14,0,1,0,0,0,1,0,0,3,0
1060,1,5,4,25,18,40,39,40,0,25,0,39,0,18,0,1,0,0,0,0,1,0,4,0
1060,1,6,5,19,20,40,40,40,0,19,0,40,0,20,0,1,0,0,0,0,0,1,5,0
1061,1,1,0,25,-999999,40,-999999,40,0,25,0,-999999,0,-999999,0,1,0,1,0,0,0,0,0,0
1062,0,1,0,10,20,40,35,0,40,0,10,0,35,0,20,0,1,1,0,0,0,0,0,0
1062,0,3,2,12,22,38,34,0,38,0,12,0,34,0,22,0,1,0,1,0,0,0,0,2
1062,0,4,3,16,24,40,33,0,40,0,16,0,33,0,24,0,1,0,0,1,0,0,0,3
1063,1,1,0,24,-999999,40,-999999,40,0,24,0,-999999,0,-999999,0,1,0,1,0,0,0,0,0,0
1063,1,4,3,10,15,40,32,40,0,10,0,32,0,15,0,1,0,0,0,1,0,0,3,0
1063,1,6,5,21,15,40,36,40,0,21,0,36,0,15,0,1,0,0,0,0,0,1,5,0
1064,1,1,0,19,-999999,39,-999999,39,0,19,0,-999999,0,-999999,0,1,0,1,0,0,0,0,0,0
1064,1,3,2,19,-999999,39,-999999,39,0,19,0,-999999,0,-999999,0,1,0,0,1,0,0,0,2,0
1064,1,4,3,14,-999999,38,-999999,38,0,14,0,-999999,0,-999999,0,1,0,0,0,1,0,0,3,0
1064,1,5,4,29,-999999,26,-999999,26,0,29,0,-999999,0,-999999,0,1,0,0,0,0,1,0,4,0
1064,1,6,5,30,-999999,31,-999999,31,0,30,0,-999999,0,-999999,0,1,0,0,0,0,0,1,5,0
1065,1,1,0,12,-999999,40,-999999,40,0,12,0,-999999,0,-999999,0,1,0,1,0,0,0,0,0,0
1065,1,3,2,16,16,36,26,36,0,16,0,26,0,16,0,1,0,0,1,0,0,0,2,0
1065,1,4,3,14,14,35,34,35,0,14,0,34,0,14,0,1,0,0,0,1,0,0,3,0
1065,1,5,4,12,-999999,40,-999999,40,0,12,0,-999999,0,-999999,0,1,0,0,0,0,1,0,4,0
1065,1,6,5,16,-999999,39,-999999,39,0,16,0,-999999,0,-999999,0,1,0,0,0,0,0,1,5,0
1066,0,1,0,19,-999999,39,-999999,0,39,0,19,0,-999999,0,-999999,0,1,1,0,0,0,0,0,0
1067,1,1,0,19,10,39,40,39,0,19,0,40,0,10,0,1,0,1,0,0,0,0,0,0
1067,1,3,2,23,18,37,40,37,0,23,0,40,0,18,0,1,0,0,1,0,0,0,2,0
1067,1,4,3,21,19,37,39,37,0,21,0,39,0,19,0,1,0,0,0,1,0,0,3,0
1067,1,5,4,10,13,39,40,39,0,10,0,40,0,13,0,1,0,0,0,0,1,0,4,0
1067,1,6,5,9,8,32,40,32,0,9,0,40,0,8,0,1,0,0,0,0,0,1,5,0
1068,0,1,0,21,-999999,40,-999999,0,40,0,21,0,-999999,0,-999999,0,1,1,0,0,0,0,0,0
1068,0,3,2,21,19,40,28,0,40,0,21,0,28,0,19,0,1,0,1,0,0,0,0,2
1068,0,4,3,14,18,28,31,0,28,0,14,0,31,0,18,0,1,0,0,1,0,0,0,3
1068,0,5,4,16,11,33,36,0,33,0,16,0,36,0,11,0,1,0,0,0,1,0,0,4
1069,0,1,0,23,29,38,32,0,38,0,23,0,32,0,29,0,1,1,0,0,0,0,0,0
1069,0,3,2,28,27,29,32,0,29,0,28,0,32,0,27,0,1,0,1,0,0,0,0,2
1069,0,4,3,26,28,34,33,0,34,0,26,0,33,0,28,0,1,0,0,1,0,0,0,3
1069,0,5,4,26,34,31,32,0,31,0,26,0,32,0,34,0,1,0,0,0,1,0,0,4
1069,0,6,5,28,29,30,33,0,30,0,28,0,33,0,29,0,1,0,0,0,0,1,0,5
1070,0,1,0,13,10,39,34,0,39,0,13,0,34,0,10,0,1,1,0,0,0,0,0,0
1070,0,3,2,10,-999999,40,-999999,0,40,0,10,0,-999999,0,-999999,0,1,0,1,0,0,0,0,2
1070,0,4,3,10,-999999,40,-999999,0,40,0,10,0,-999999,0,-999999,0,1,0,0,1,0,0,0,3
1070,0,5,4,18,-999999,35,-999999,0,35,0,18,0,-999999,0,-999999,0,1,0,0,0,1,0,0,4
1070,0,6,5,16,-999999,36,-999999,0,36,0,16,0,-999999,0,-999999,0,1,0,0,0,0,1,0,5
1071,1,1,0,9,19,40,38,40,0,9,0,38,0,19,0,1,0,1,0,0,0,0,0,0
1071,1,3,2,18,11,40,37,40,0,18,0,37,0,11,0,1,0,0,1,0,0,0,2,0
1071,1,5,4,11,13,40,39,40,0,11,0,39,0,13,0,1,0,0,0,0,1,0,4,0
1072,1,1,0,15,-999999,35,-999999,35,0,15,0,-999999,0,-999999,0,1,0,1,0,0,0,0,0,0
1072,1,3,2,14,-999999,32,-999999,32,0,14,0,-999999,0,-999999,0,1,0,0,1,0,0,0,2,0
1072,1,4,3,18,21,33,33,33,0,18,0,33,0,21,0,1,0,0,0,1,0,0,3,0
1072,1,5,4,9,14,35,31,35,0,9,0,31,0,14,0,1,0,0,0,0,1,0,4,0
1072,1,6,5,12,14,33,26,33,0,12,0,26,0,14,0,1,0,0,0,0,0,1,5,0
1073,0,1,0,8,18,40,39,0,40,0,8,0,39,0,18,0,1,1,0,0,0,0,0,0
1073,0,3,2,14,22,36,36,0,36,0,14,0,36,0,22,0,1,0,1,0,0,0,0,2
1073,0,4,3,15,22,40,37,0,40,0,15,0,37,0,22,0,1,0,0,1,0,0,0,3
1073,0,5,4,14,18,40,38,0,40,0,14,0,38,0,18,0,1,0,0,0,1,0,0,4
1073,0,6,5,17,20,40,37,0,40,0,17,0,37,0,20,0,1,0,0,0,0,1,0,5
1074,1,1,0,12,7,40,30,40,0,12,0,30,0,7,0,1,0,1,0,0,0,0,0,0
1074,1,3,2,13,9,35,37,35,0,13,0,37,0,9,0,1,0,0,1,0,0,0,2,0
1074,1,4,3,17,7,38,35,38,0,17,0,35,0,7,0,1,0,0,0,1,0,0,3,0
1074,1,5,4,14,7,37,35,37,0,14,0,35,0,7,0,1,0,0,0,0,1,0,4,0
1074,1,6,5,18,26,34,37,34,0,18,0,37,0,26,0,1,0,0,0,0,0,1,5,0
1075,1,1,0,12,14,37,40,37,0,12,0,40,0,14,0,1,0,1,0,0,0,0,0,0
1075,1,3,2,21,12,39,38,39,0,21,0,38,0,12,0,1,0,0,1,0,0,0,2,0
1075,1,4,3,19,13,37,37,37,0,19,0,37,0,13,0,1,0,0,0,1,0,0,3,0
1075,1,5,4,17,12,37,38,37,0,17,0,38,0,12,0,1,0,0,0,0,1,0,4,0
1075,1,6,5,17,13,37,35,37,0,17,0,35,0,13,0,1,0,0,0,0,0,1,5,0
1076,0,1,0,23,-999999,40,-999999,0,40,0,23,0,-999999,0,-999999,0,1,1,0,0,0,0,0,0
1076,0,3,2,25,14,33,36,0,33,0,25,0,36,0,14,0,1,0,1,0,0,0,0,2
1076,0,4,3,22,16,37,35,0,37,0,22,0,35,0,16,0,1,0,0,1,0,0,0,3
1076,0,5,4,26,22,32,28,0,32,0,26,0,28,0,22,0,1,0,0,0,1,0,0,4
1076,0,6,5,25,16,33,29,0,33,0,25,0,29,0,16,0,1,0,0,0,0,1,0,5
1077,1,1,0,22,-999999,36,-999999,36,0,22,0,-999999,0,-999999,0,1,0,1,0,0,0,0,0,0
1077,1,3,2,26,-999999,33,-999999,33,0,26,0,-999999,0,-999999,0,1,0,0,1,0,0,0,2,0
1077,1,4,3,22,-999999,36,-999999,36,0,22,0,-999999,0,-999999,0,1,0,0,0,1,0,0,3,0
1077,1,5,4,20,-999999,36,-999999,36,0,20,0,-999999,0,-999999,0,1,0,0,0,0,1,0,4,0
1077,1,6,5,19,14,31,32,31,0,19,0,32,0,14,0,1,0,0,0,0,0,1,5,0
1078,0,1,0,12,-999999,38,-999999,0,38,0,12,0,-999999,0,-999999,0,1,1,0,0,0,0,0,0
1078,0,3,2,9,17,37,35,0,37,0,9,0,35,0,17,0,1,0,1,0,0,0,0,2
1078,0,4,3,10,7,40,33,0,40,0,10,0,33,0,7,0,1,0,0,1,0,0,0,3
1078,0,5,4,10,9,37,37,0,37,0,10,0,37,0,9,0,1,0,0,0,1,0,0,4
1078,0,6,5,10,13,37,37,0,37,0,10,0,37,0,13,0,1,0,0,0,0,1,0,5
1079,1,1,0,18,9,38,33,38,0,18,0,33,0,9,0,1,0,1,0,0,0,0,0,0
1079,1,6,5,11,-999999,38,-999999,38,0,11,0,-999999,0,-999999,0,1,0,0,0,0,0,1,5,0
1080,1,1,0,14,14,40,35,40,0,14,0,35,0,14,0,1,0,1,0,0,0,0,0,0
1080,1,3,2,10,15,39,37,39,0,10,0,37,0,15,0,1,0,0,1,0,0,0,2,0
1080,1,4,3,13,24,38,21,38,0,13,0,21,0,24,0,1,0,0,0,1,0,0,3,0
1080,1,5,4,10,23,38,27,38,0,10,0,27,0,23,0,1,0,0,0,0,1,0,4,0
1080,1,6,5,9,18,39,33,39,0,9,0,33,0,18,0,1,0,0,0,0,0,1,5,0
1081,0,1,0,14,10,37,39,0,37,0,14,0,39,0,10,0,1,1,0,0,0,0,0,0
1081,0,3,2,22,12,35,37,0,35,0,22,0,37,0,12,0,1,0,1,0,0,0,0,2
1081,0,4,3,19,13,37,37,0,37,0,19,0,37,0,13,0,1,0,0,1,0,0,0,3
1081,0,5,4,24,9,37,36,0,37,0,24,0,36,0,9,0,1,0,0,0,1,0,0,4
1081,0,6,5,20,8,36,34,0,36,0,20,0,34,0,8,0,1,0,0,0,0,1,0,5
1082,1,1,0,11,15,39,38,39,0,11,0,38,0,15,0,1,0,1,0,0,0,0,0,0
1082,1,3,2,14,14,39,39,39,0,14,0,39,0,14,0,1,0,0,1,0,0,0,2,0
1082,1,4,3,10,15,39,38,39,0,10,0,38,0,15,0,1,0,0,0,1,0,0,3,0
1082,1,5,4,17,23,38,36,38,0,17,0,36,0,23,0,1,0,0,0,0,1,0,4,0
1082,1,6,5,17,18,38,33,38,0,17,0,33,0,18,0,1,0,0,0,0,0,1,5,0
1083,1,1,0,15,18,35,35,35,0,15,0,35,0,18,0,1,0,1,0,0,0,0,0,0
1083,1,3,2,18,20,37,31,37,0,18,0,31,0,20,0,1,0,0,1,0,0,0,2,0
1083,1,4,3,13,23,35,32,35,0,13,0,32,0,23,0,1,0,0,0,1,0,0,3,0
1083,1,5,4,20,26,30,30,30,0,20,0,30,0,26,0,1,0,0,0,0,1,0,4,0
1083,1,6,5,19,22,33,24,33,0,19,0,24,0,22,0,1,0,0,0,0,0,1,5,0
1084,1,1,0,12,21,37,39,37,0,12,0,39,0,21,0,1,0,1,0,0,0,0,0,0
1084,1,3,2,19,16,36,39,36,0,19,0,39,0,16,0,1,0,0,1,0,0,0,2,0
1084,1,4,3,13,14,37,38,37,0,13,0,38,0,14,0,1,0,0,0,1,0,0,3,0
1084,1,5,4,16,13,38,38,38,0,16,0,38,0,13,0,1,0,0,0,0,1,0,4,0
1084,1,6,5,13,17,38,39,38,0,13,0,39,0,17,0,1,0,0,0,0,0,1,5,0
1085,1,3,2,20,-999999,37,-999999,37,0,20,0,-999999,0,-999999,0,1,0,0,1,0,0,0,2,0
1085,1,4,3,15,29,34,34,34,0,15,0,34,0,29,0,1,0,0,0,1,0,0,3,0
1085,1,5,4,21,-999999,34,-999999,34,0,21,0,-999999,0,-999999,0,1,0,0,0,0,1,0,4,0
1085,1,6,5,26,-999999,26,-999999,26,0,26,0,-999999,0,-999999,0,1,0,0,0,0,0,1,5,0
1086,0,1,0,24,10,36,39,0,36,0,24,0,39,0,10,0,1,1,0,0,0,0,0,0
1086,0,3,2,31,18,33,37,0,33,0,31,0,37,0,18,0,1,0,1,0,0,0,0,2
1086,0,4,3,28,15,36,37,0,36,0,28,0,37,0,15,0,1,0,0,1,0,0,0,3
1086,0,5,4,31,16,32,35,0,32,0,31,0,35,0,16,0,1,0,0,0,1,0,0,4
1086,0,6,5,31,24,31,34,0,31,0,31,0,34,0,24,0,1,0,0,0,0,1,0,5
1087,1,1,0,20,9,40,39,40,0,20,0,39,0,9,0,1,0,1,0,0,0,0,0,0
1087,1,3,2,24,19,39,40,39,0,24,0,40,0,19,0,1,0,0,1,0,0,0,2,0
1087,1,4,3,26,25,39,38,39,0,26,0,38,0,25,0,1,0,0,0,1,0,0,3,0
1087,1,5,4,25,22,39,39,39,0,25,0,39,0,22,0,1,0,0,0,0,1,0,4,0
1087,1,6,5,24,16,39,38,39,0,24,0,38,0,16,0,1,0,0,0,0,0,1,5,0
1088,1,1,0,25,18,36,37,36,0,25,0,37,0,18,0,1,0,1,0,0,0,0,0,0
1088,1,3,2,22,20,38,40,38,0,22,0,40,0,20,0,1,0,0,1,0,0,0,2,0
1088,1,4,3,17,18,37,36,37,0,17,0,36,0,18,0,1,0,0,0,1,0,0,3,0
1088,1,5,4,16,14,38,39,38,0,16,0,39,0,14,0,1,0,0,0,0,1,0,4,0
1088,1,6,5,15,-999999,40,-999999,40,0,15,0,-999999,0,-999999,0,1,0,0,0,0,0,1,5,0
1089,0,1,0,7,12,39,39,0,39,0,7,0,39,0,12,0,1,1,0,0,0,0,0,0
1089,0,3,2,12,14,40,37,0,40,0,12,0,37,0,14,0,1,0,1,0,0,0,0,2
1089,0,4,3,8,8,39,38,0,39,0,8,0,38,0,8,0,1,0,0,1,0,0,0,3
1089,0,5,4,7,19,38,39,0,38,0,7,0,39,0,19,0,1,0,0,0,1,0,0,4
1089,0,6,5,20,28,32,35,0,32,0,20,0,35,0,28,0,1,0,0,0,0,1,0,5
1090,1,1,0,12,-999999,39,-999999,39,0,12,0,-999999,0,-999999,0,1,0,1,0,0,0,0,0,0
1090,1,3,2,10,21,37,29,37,0,10,0,29,0,21,0,1,0,0,1,0,0,0,2,0
1090,1,4,3,13,15,36,30,36,0,13,0,30,0,15,0,1,0,0,0,1,0,0,3,0
1090,1,5,4,12,19,37,29,37,0,12,0,29,0,19,0,1,0,0,0,0,1,0,4,0
1090,1,6,5,10,19,36,28,36,0,10,0,28,0,19,0,1,0,0,0,0,0,1,5,0
1091,1,1,0,28,28,39,38,39,0,28,0,38,0,28,0,1,0,1,0,0,0,0,0,0
1091,1,3,2,29,30,37,29,37,0,29,0,29,0,30,0,1,0,0,1,0,0,0,2,0
1091,1,4,3,21,29,38,22,38,0,21,0,22,0,29,0,1,0,0,0,1,0,0,3,0
1091,1,5,4,27,-999999,37,-999999,37,0,27,0,-999999,0,-999999,0,1,0,0,0,0,1,0,4,0
1091,1,6,5,23,-999999,38,-999999,38,0,23,0,-999999,0,-999999,0,1,0,0,0,0,0,1,5,0
1092,0,1,0,14,22,34,31,0,34,0,14,0,31,0,22,0,1,1,0,0,0,0,0,0
1092,0,3,2,12,22,32,34,0,32,0,12,0,34,0,22,0,1,0,1,0,0,0,0,2
1092,0,4,3,13,27,34,29,0,34,0,13,0,29,0,27,0,1,0,0,1,0,0,0,3
1092,0,5,4,11,17,29,28,0,29,0,11,0,28,0,17,0,1,0,0,0,1,0,0,4
1092,0,6,5,18,24,26,33,0,26,0,18,0,33,0,24,0,1,0,0,0,0,1,0,5
1093,0,1,0,8,7,40,39,0,40,0,8,0,39,0,7,0,1,1,0,0,0,0,0,0
1093,0,3,2,16,11,37,37,0,37,0,16,0,37,0,11,0,1,0,1,0,0,0,0,2
1093,0,4,3,15,8,33,40,0,33,0,15,0,40,0,8,0,1,0,0,1,0,0,0,3
1093,0,5,4,22,14,37,38,0,37,0,22,0,38,0,14,0,1,0,0,0,1,0,0,4
1093,0,6,5,19,8,36,40,0,36,0,19,0,40,0,8,0,1,0,0,0,0,1,0,5
1094,1,1,0,10,13,39,34,39,0,10,0,34,0,13,0,1,0,1,0,0,0,0,0,0
1094,1,3,2,7,18,38,26,38,0,7,0,26,0,18,0,1,0,0,1,0,0,0,2,0
1094,1,4,3,7,11,34,32,34,0,7,0,32,0,11,0,1,0,0,0,1,0,0,3,0
1094,1,5,4,9,13,35,31,35,0,9,0,31,0,13,0,1,0,0,0,0,1,0,4,0
1094,1,6,5,10,11,38,32,38,0,10,0,32,0,11,0,1,0,0,0,0,0,1,5,0
1095,0,1,0,15,-999999,35,-999999,0,35,0,15,0,-999999,0,-999999,0,1,1,0,0,0,0,0,0
1095,0,3,2,16,11,36,38,0,36,0,16,0,38,0,11,0,1,0,1,0,0,0,0,2
1095,0,4,3,13,-999999,34,-999999,0,34,0,13,0,-999999,0,-999999,0,1,0,0,1,0,0,0,3
1095,0,5,4,8,-999999,33,-999999,0,33,0,8,0,-999999,0,-999999,0,1,0,0,0,1,0,0,4
1095,0,6,5,11,-999999,37,-999999,0,37,0,11,0,-999999,0,-999999,0,1,0,0,0,0,1,0,5
1096,0,1,0,11,22,40,38,0,40,0,11,0,38,0,22,0,1,1,0,0,0,0,0,0
1096,0,3,2,12,19,39,40,0,39,0,12,0,40,0,19,0,1,0,1,0,0,0,0,2
1096,0,4,3,11,16,40,39,0,40,0,11,0,39,0,16,0,1,0,0,1,0,0,0,3
1096,0,5,4,15,19,40,36,0,40,0,15,0,36,0,19,0,1,0,0,0,1,0,0,4
1096,0,6,5,10,14,40,39,0,40,0,10,0,39,0,14,0,1,0,0,0,0,1,0,5
1097,1,1,0,7,16,40,40,40,0,7,0,40,0,16,0,1,0,1,0,0,0,0,0,0
1097,1,3,2,14,11,37,40,37,0,14,0,40,0,11,0,1,0,0,1,0,0,0,2,0
1097,1,4,3,7,12,40,40,40,0,7,0,40,0,12,0,1,0,0,0,1,0,0,3,0
1097,1,5,4,12,19,40,38,40,0,12,0,38,0,19,0,1,0,0,0,0,1,0,4,0
1097,1,6,5,16,26,36,38,36,0,16,0,38,0,26,0,1,0,0,0,0,0,1,5,0
1098,1,1,0,18,-999999,35,-999999,35,0,18,0,-999999,0,-999999,0,1,0,1,0,0,0,0,0,0
1098,1,3,2,20,19,37,37,37,0,20,0,37,0,19,0,1,0,0,1,0,0,0,2,0
1098,1,4,3,14,9,34,38,34,0,14,0,38,0,9,0,1,0,0,0,1,0,0,3,0
1098,1,5,4,11,11,38,38,38,0,11,0,38,0,11,0,1,0,0,0,0,1,0,4,0
1098,1,6,5,12,18,35,37,35,0,12,0,37,0,18,0,1,0,0,0,0,0,1,5,0
1099,1,1,0,7,10,39,38,39,0,7,0,38,0,10,0,1,0,1,0,0,0,0,0,0
1099,1,3,2,7,17,34,35,34,0,7,0,35,0,17,0,1,0,0,1,0,0,0,2,0
1099,1,4,3,7,7,36,38,36,0,7,0,38,0,7,0,1,0,0,0,1,0,0,3,0
1099,1,5,4,7,14,32,32,32,0,7,0,32,0,14,0,1,0,0,0,0,1,0,4,0
1099,1,6,5,7,16,37,40,37,0,7,0,40,0,16,0,1,0,0,0,0,0,1,5,0
1100,0,1,0,15,-999999,39,-999999,0,39,0,15,0,-999999,0,-999999,0,1,1,0,0,0,0,0,0
1100,0,3,2,20,21,37,32,0,37,0,20,0,32,0,21,0,1,0,1,0,0,0,0,2
1100,0,4,3,18,27,34,36,0,34,0,18,0,36,0,27,0,1,0,0,1,0,0,0,3
1100,0,5,4,18,21,36,31,0,36,0,18,0,31,0,21,0,1,0,0,0,1,0,0,4
1100,0,6,5,24,23,35,35,0,35,0,24,0,35,0,23,0,1,0,0,0,0,1,0,5
1101,1,4,3,25,-999999,27,-999999,27,0,25,0,-999999,0,-999999,0,1,0,0,0,1,0,0,3,0
1101,1,5,4,20,23,25,37,25,0,20,0,37,0,23,0,1,0,0,0,0,1,0,4,0
1101,1,6,5,27,31,26,26,26,0,27,0,26,0,31,0,1,0,0,0,0,0,1,5,0
1102,1,1,0,18,-999999,37,-999999,37,0,18,0,-999999,0,-999999,0,1,0,1,0,0,0,0,0,0
1102,1,3,2,18,-999999,39,-999999,39,0,18,0,-999999,0,-999999,0,1,0,0,1,0,0,0,2,0
1102,1,4,3,23,-999999,35,-999999,35,0,23,0,-999999,0,-999999,0,1,0,0,0,1,0,0,3,0
1102,1,5,4,17,-999999,37,-999999,37,0,17,0,-999999,0,-999999,0,1,0,0,0,0,1,0,4,0
1102,1,6,5,22,21,37,36,37,0,22,0,36,0,21,0,1,0,0,0,0,0,1,5,0
1103,1,3,2,29,14,36,29,36,0,29,0,29,0,14,0,1,0,0,1,0,0,0,2,0
1103,1,4,3,23,-999999,36,-999999,36,0,23,0,-999999,0,-999999,0,1,0,0,0,1,0,0,3,0
1103,1,5,4,26,-999999,37,-999999,37,0,26,0,-999999,0,-999999,0,1,0,0,0,0,1,0,4,0
1103,1,6,5,22,28,38,38,38,0,22,0,38,0,28,0,1,0,0,0,0,0,1,5,0
1104,0,1,0,13,8,38,38,0,38,0,13,0,38,0,8,0,1,1,0,0,0,0,0,0
1104,0,3,2,15,10,38,34,0,38,0,15,0,34,0,10,0,1,0,1,0,0,0,0,2
1104,0,4,3,15,13,35,36,0,35,0,15,0,36,0,13,0,1,0,0,1,0,0,0,3
1104,0,5,4,16,12,36,36,0,36,0,16,0,36,0,12,0,1,0,0,0,1,0,0,4
1105,1,1,0,25,14,29,35,29,0,25,0,35,0,14,0,1,0,1,0,0,0,0,0,0
1105,1,3,2,25,20,35,37,35,0,25,0,37,0,20,0,1,0,0,1,0,0,0,2,0
1105,1,4,3,26,15,31,35,31,0,26,0,35,0,15,0,1,0,0,0,1,0,0,3,0
1105,1,6,5,20,17,34,34,34,0,20,0,34,0,17,0,1,0,0,0,0,0,1,5,0
1106,1,1,0,17,13,36,37,36,0,17,0,37,0,13,0,1,0,1,0,0,0,0,0,0
1106,1,3,2,17,10,35,35,35,0,17,0,35,0,10,0,1,0,0,1,0,0,0,2,0
1106,1,4,3,17,-999999,30,-999999,30,0,17,0,-999999,0,-999999,0,1,0,0,0,1,0,0,3,0
1106,1,5,4,19,19,31,31,31,0,19,0,31,0,19,0,1,0,0,0,0,1,0,4,0
1106,1,6,5,12,15,31,33,31,0,12,0,33,0,15,0,1,0,0,0,0,0,1,5,0
1107,1,1,0,21,9,40,40,40,0,21,0,40,0,9,0,1,0,1,0,0,0,0,0,0
1107,1,3,2,17,-999999,38,-999999,38,0,17,0,-999999,0,-999999,0,1,0,0,1,0,0,0,2,0
1107,1,4,3,19,-999999,39,-999999,39,0,19,0,-999999,0,-999999,0,1,0,0,0,1,0,0,3,0
1107,1,5,4,24,-999999,38,-999999,38,0,24,0,-999999,0,-999999,0,1,0,0,0,0,1,0,4,0
1107,1,6,5,18,-999999,39,-999999,39,0,18,0,-999999,0,-999999,0,1,0,0,0,0,0,1,5,0
1108,0,1,0,13,18,40,39,0,40,0,13,0,39,0,18,0,1,1,0,0,0,0,0,0
1108,0,3,2,19,15,40,35,0,40,0,19,0,35,0,15,0,1,0,1,0,0,0,0,2
1108,0,4,3,16,19,40,36,0,40,0,16,0,36,0,19,0,1,0,0,1,0,0,0,3
1108,0,5,4,23,26,40,35,0,40,0,23,0,35,0,26,0,1,0,0,0,1,0,0,4
1108,0,6,5,22,19,40,30,0,40,0,22,0,30,0,19,0,1,0,0,0,0,1,0,5
1109,0,1,0,25,20,39,39,0,39,0,25,0,39,0,20,0,1,1,0,0,0,0,0,0
1109,0,3,2,23,19,39,36,0,39,0,23,0,36,0,19,0,1,0,1,0,0,0,0,2
1109,0,4,3,24,24,39,37,0,39,0,24,0,37,0,24,0,1,0,0,1,0,0,0,3
1109,0,5,4,23,26,39,35,0,39,0,23,0,35,0,26,0,1,0,0,0,1,0,0,4
1109,0,6,5,27,29,38,36,0,38,0,27,0,36,0,29,0,1,0,0,0,0,1,0,5
1110,1,1,0,16,21,35,32,35,0,16,0,32,0,21,0,1,0,1,0,0,0,0,0,0
1110,1,3,2,17,21,32,32,32,0,17,0,32,0,21,0,1,0,0,1,0,0,0,2,0
1110,1,4,3,20,21,30,36,30,0,20,0,36,0,21,0,1,0,0,0,1,0,0,3,0
1110,1,5,4,21,30,33,31,33,0,21,0,31,0,30,0,1,0,0,0,0,1,0,4,0
1110,1,6,5,27,27,35,32,35,0,27,0,32,0,27,0,1,0,0,0,0,0,1,5,0
1111,1,1,0,7,8,39,38,39,0,7,0,38,0,8,0,1,0,1,0,0,0,0,0,0
1111,1,3,2,11,11,40,37,40,0,11,0,37,0,11,0,1,0,0,1,0,0,0,2,0
1111,1,4,3,11,14,40,36,40,0,11,0,36,0,14,0,1,0,0,0,1,0,0,3,0
1111,1,5,4,10,12,38,36,38,0,10,0,36,0,12,0,1,0,0,0,0,1,0,4,0
1111,1,6,5,8,9,40,37,40,0,8,0,37,0,9,0,1,0,0,0,0,0,1,5,0
1112,0,3,2,20,-999999,26,-999999,0,26,0,20,0,-999999,0,-999999,0,1,0,1,0,0,0,0,2
1112,0,4,3,8,8,35,35,0,35,0,8,0,35,0,8,0,1,0,0,1,0,0,0,3
1112,0,5,4,8,21,38,29,0,38,0,8,0,29,0,21,0,1,0,0,0,1,0,0,4
1112,0,6,5,19,14,36,29,0,36,0,19,0,29,0,14,0,1,0,0,0,0,1,0,5
1113,0,1,0,14,-999999,40,-999999,0,40,0,14,0,-999999,0,-999999,0,1,1,0,0,0,0,0,0
1113,0,3,2,16,-999999,40,-999999,0,40,0,16,0,-999999,0,-999999,0,1,0,1,0,0,0,0,2
1113,0,4,3,20,-999999,40,-999999,0,40,0,20,0,-999999,0,-999999,0,1,0,0,1,0,0,0,3
1113,0,5,4,24,-999999,39,-999999,0,39,0,24,0,-999999,0,-999999,0,1,0,0,0,1,0,0,4
1113,0,6,5,24,-999999,40,-999999,0,40,0,24,0,-999999,0,-999999,0,1,0,0,0,0,1,0,5
1114,1,1,0,8,8,38,37,38,0,8,0,37,0,8,0,1,0,1,0,0,0,0,0,0
1114,1,3,2,13,8,39,38,39,0,13,0,38,0,8,0,1,0,0,1,0,0,0,2,0
1114,1,5,4,9,11,38,38,38,0,9,0,38,0,11,0,1,0,0,0,0,1,0,4,0
1114,1,6,5,8,8,37,36,37,0,8,0,36,0,8,0,1,0,0,0,0,0,1,5,0
1115,1,1,0,13,11,40,40,40,0,13,0,40,0,11,0,1,0,1,0,0,0,0,0,0
1115,1,3,2,20,14,37,39,37,0,20,0,39,0,14,0,1,0,0,1,0,0,0,2,0
1115,1,4,3,21,12,37,36,37,0,21,0,36,0,12,0,1,0,0,0,1,0,0,3,0
1115,1,5,4,16,13,36,39,36,0,16,0,39,0,13,0,1,0,0,0,0,1,0,4,0
1115,1,6,5,18,13,37,37,37,0,18,0,37,0,13,0,1,0,0,0,0,0,1,5,0
1116,0,1,0,17,22,38,34,0,38,0,17,0,34,0,22,0,1,1,0,0,0,0,0,0
1116,0,3,2,15,17,39,34,0,39,0,15,0,34,0,17,0,1,0,1,0,0,0,0,2
1116,0,4,3,17,17,40,27,0,40,0,17,0,27,0,17,0,1,0,0,1,0,0,0,3
1116,0,5,4,16,13,37,30,0,37,0,16,0,30,0,13,0,1,0,0,0,1,0,0,4
1116,0,6,5,16,16,32,33,0,32,0,16,0,33,0,16,0,1,0,0,0,0,1,0,5
1117,1,1,0,8,13,36,37,36,0,8,0,37,0,13,0,1,0,1,0,0,0,0,0,0
1117,1,3,2,16,22,40,35,40,0,16,0,35,0,22,0,1,0,0,1,0,0,0,2,0
1117,1,4,3,11,16,36,35,36,0,11,0,35,0,16,0,1,0,0,0,1,0,0,3,0
1117,1,5,4,12,19,40,34,40,0,12,0,34,0,19,0,1,0,0,0,0,1,0,4,0
1117,1,6,5,18,16,35,31,35,0,18,0,31,0,16,0,1,0,0,0,0,0,1,5,0
1118,1,1,0,13,-999999,40,-999999,40,0,13,0,-999999,0,-999999,0,1,0,1,0,0,0,0,0,0
1118,1,3,2,15,-999999,40,-999999,40,0,15,0,-999999,0,-999999,0,1,0,0,1,0,0,0,2,0
1118,1,4,3,13,-999999,39,-999999,39,0,13,0,-999999,0,-999999,0,1,0,0,0,1,0,0,3,0
1118,1,5,4,16,-999999,32,-999999,32,0,16,0,-999999,0,-999999,0,1,0,0,0,0,1,0,4,0
1118,1,6,5,14,-999999,35,-999999,35,0,14,0,-999999,0,-999999,0,1,0,0,0,0,0,1,5,0
1119,1,1,0,15,17,40,29,40,0,15,0,29,0,17,0,1,0,1,0,0,0,0,0,0
1119,1,3,2,13,-999999,37,-999999,37,0,13,0,-999999,0,-999999,0,1,0,0,1,0,0,0,2,0
1119,1,4,3,19,14,36,32,36,0,19,0,32,0,14,0,1,0,0,0,1,0,0,3,0
1119,1,5,4,17,17,40,34,40,0,17,0,34,0,17,0,1,0,0,0,0,1,0,4,0
1119,1,6,5,14,13,37,31,37,0,14,0,31,0,13,0,1,0,0,0,0,0,1,5,0
1120,1,1,0,11,15,40,36,40,0,11,0,36,0,15,0,1,0,1,0,0,0,0,0,0
1120,1,3,2,8,18,35,36,35,0,8,0,36,0,18,0,1,0,0,1,0,0,0,2,0
1120,1,4,3,16,18,38,34,38,0,16,0,34,0,18,0,1,0,0,0,1,0,0,3,0
1120,1,5,4,16,17,35,36,35,0,16,0,36,0,17,0,1,0,0,0,0,1,0,4,0
1120,1,6,5,9,14,39,36,39,0,9,0,36,0,14,0,1,0,0,0,0,0,1,5,0
1121,0,1,0,7,-999999,40,-999999,0,40,0,7,0,-999999,0,-999999,0,1,1,0,0,0,0,0,0
1121,0,3,2,7,-999999,40,-999999,0,40,0,7,0,-999999,0,-999999,0,1,0,1,0,0,0,0,2
1121,0,4,3,12,16,38,19,0,38,0,12,0,19,0,16,0,1,0,0,1,0,0,0,3
1121,0,5,4,10,14,36,27,0,36,0,10,0,27,0,14,0,1,0,0,0,1,0,0,4
1121,0,6,5,8,-999999,36,-999999,0,36,0,8,0,-999999,0,-999999,0,1,0,0,0,0,1,0,5
1122,0,3,2,10,13,36,39,0,36,0,10,0,39,0,13,0,1,0,1,0,0,0,0,2
1122,0,4,3,13,10,36,40,0,36,0,13,0,40,0,10,0,1,0,0,1,0,0,0,3
1122,0,5,4,16,15,34,38,0,34,0,16,0,38,0,15,0,1,0,0,0,1,0,0,4
1122,0,6,5,11,14,36,39,0,36,0,11,0,39,0,14,0,1,0,0,0,0,1,0,5
1123,1,1,0,21,14,40,39,40,0,21,0,39,0,14,0,1,0,1,0,0,0,0,0,0
1123,1,3,2,18,12,40,37,40,0,18,0,37,0,12,0,1,0,0,1,0,0,0,2,0
1123,1,4,3,15,18,39,34,39,0,15,0,34,0,18,0,1,0,0,0,1,0,0,3,0
1123,1,5,4,13,-999999,40,-999999,40,0,13,0,-999999,0,-999999,0,1,0,0,0,0,1,0,4,0
1123,1,6,5,14,-999999,40,-999999,40,0,14,0,-999999,0,-999999,0,1,0,0,0,0,0,1,5,0
1124,1,1,0,9,17,40,40,40,0,9,0,40,0,17,0,1,0,1,0,0,0,0,0,0
1124,1,3,2,7,9,40,39,40,0,7,0,39,0,9,0,1,0,0,1,0,0,0,2,0
1124,1,4,3,10,10,40,39,40,0,10,0,39,0,10,0,1,0,0,0,1,0,0,3,0
1124,1,5,4,9,8,39,37,39,0,9,0,37,0,8,0,1,0,0,0,0,1,0,4,0
1124,1,6,5,12,9,38,37,38,0,12,0,37,0,9,0,1,0,0,0,0,0,1,5,0
1125,0,1,0,13,-999999,39,-999999,0,39,0,13,0,-999999,0,-999999,0,1,1,0,0,0,0,0,0
1126,1,1,0,19,16,40,35,40,0,19,0,35,0,16,0,1,0,1,0,0,0,0,0,0
1126,1,3,2,17,21,40,35,40,0,17,0,35,0,21,0,1,0,0,1,0,0,0,2,0
1126,1,4,3,16,16,38,30,38,0,16,0,30,0,16,0,1,0,0,0,1,0,0,3,0
1126,1,5,4,13,16,37,34,37,0,13,0,34,0,16,0,1,0,0,0,0,1,0,4,0
1126,1,6,5,14,-999999,39,-999999,39,0,14,0,-999999,0,-999999,0,1,0,0,0,0,0,1,5,0
1127,1,1,0,23,-999999,28,-999999,28,0,23,0,-999999,0,-999999,0,1,0,1,0,0,0,0,0,0
1127,1,3,2,14,17,34,32,34,0,14,0,32,0,17,0,1,0,0,1,0,0,0,2,0
1127,1,4,3,19,14,32,36,32,0,19,0,36,0,14,0,1,0,0,0,1,0,0,3,0
1127,1,5,4,16,15,35,33,35,0,16,0,33,0,15,0,1,0,0,0,0,1,0,4,0
1127,1,6,5,33,27,27,30,27,0,33,0,30,0,27,0,1,0,0,0,0,0,1,5,0
1128,1,1,0,10,-999999,40,-999999,40,0,10,0,-999999,0,-999999,0,1,0,1,0,0,0,0,0,0
1129,0,1,0,25,13,35,36,0,35,0,25,0,36,0,13,0,1,1,0,0,0,0,0,0
1129,0,3,2,11,10,39,38,0,39,0,11,0,38,0,10,0,1,0,1,0,0,0,0,2
1129,0,4,3,17,11,40,31,0,40,0,17,0,31,0,11,0,1,0,0,1,0,0,0,3
1129,0,5,4,22,16,37,30,0,37,0,22,0,30,0,16,0,1,0,0,0,1,0,0,4
1129,0,6,5,9,12,39,36,0,39,0,9,0,36,0,12,0,1,0,0,0,0,1,0,5
1130,0,1,0,23,16,40,34,0,40,0,23,0,34,0,16,0,1,1,0,0,0,0,0,0
1130,0,3,2,24,20,38,36,0,38,0,24,0,36,0,20,0,1,0,1,0,0,0,0,2
1130,0,4,3,25,24,38,29,0,38,0,25,0,29,0,24,0,1,0,0,1,0,0,0,3
1130,0,5,4,20,16,35,24,0,35,0,20,0,24,0,16,0,1,0,0,0,1,0,0,4
1130,0,6,5,24,28,33,35,0,33,0,24,0,35,0,28,0,1,0,0,0,0,1,0,5
1131,0,1,0,15,14,40,40,0,40,0,15,0,40,0,14,0,1,1,0,0,0,0,0,0
1131,0,3,2,13,14,40,39,0,40,0,13,0,39,0,14,0,1,0,1,0,0,0,0,2
1131,0,4,3,10,14,40,39,0,40,0,10,0,39,0,14,0,1,0,0,1,0,0,0,3
1131,0,5,4,10,14,40,40,0,40,0,10,0,40,0,14,0,1,0,0,0,1,0,0,4
1131,0,6,5,11,14,40,38,0,40,0,11,0,38,0,14,0,1,0,0,0,0,1,0,5
