id,GRADE,D1_GRD_C,D2_GRD_C,CONFLMOM,CONFLDAD,CLOSEMOM,CLOSEDAD,CLOSE,D1,D2,DAD,D1_GRADE,D2_GRADE
1,1,0,0,11,16,36,37,37,1,0,37,1,0
1,3,2,0,13,16,39,34,34,1,0,34,3,0
1,4,3,0,15,-999999,40,-999999,-999999,1,0,-999999,4,0
1,5,4,0,8,11,39,35,35,1,0,35,5,0
1,6,5,0,14,16,35,35,35,1,0,35,6,0
1,1,0,0,11,16,36,37,36,0,1,16,0,1
1,3,0,2,13,16,39,34,39,0,1,16,0,3
1,4,0,3,15,-999999,40,-999999,40,0,1,-999999,0,4
1,5,0,4,8,11,39,35,39,0,1,11,0,5
1,6,0,5,14,16,35,35,35,0,1,16,0,6
2,3,2,0,11,13,40,38,38,1,0,38,3,0
2,4,3,0,11,15,39,38,38,1,0,38,4,0
2,5,4,0,10,13,40,38,38,1,0,38,5,0
2,6,5,0,14,15,40,37,37,1,0,37,6,0
2,3,0,2,11,13,40,38,40,0,1,13,0,3
2,4,0,3,11,15,39,38,39,0,1,15,0,4
2,5,0,4,10,13,40,38,40,0,1,13,0,5
2,6,0,5,14,15,40,37,40,0,1,15,0,6
3,1,0,0,18,16,37,36,36,1,0,36,1,0
3,3,2,0,29,12,34,37,37,1,0,37,3,0
3,4,3,0,26,15,34,37,37,1,0,37,4,0
3,5,4,0,10,9,37,34,34,1,0,34,5,0
3,6,5,0,28,13,26,36,36,1,0,36,6,0
3,1,0,0,18,16,37,36,37,0,1,16,0,1
3,3,0,2,29,12,34,37,34,0,1,12,0,3
3,4,0,3,26,15,34,37,34,0,1,15,0,4
3,5,0,4,10,9,37,34,37,0,1,9,0,5
3,6,0,5,28,13,26,36,26,0,1,13,0,6
4,1,0,0,12,12,40,37,37,1,0,37,1,0
4,3,2,0,12,-999999,40,-999999,-999999,1,0,-999999,3,0
4,4,3,0,9,-999999,40,-999999,-999999,1,0,-999999,4,0
4,5,4,0,13,15,40,38,38,1,0,38,5,0
4,6,5,0,8,-999999,40,-999999,-999999,1,0,-999999,6,0
4,1,0,0,12,12,40,37,40,0,1,12,0,1
4,3,0,2,12,-999999,40,-999999,40,0,1,-999999,0,3
4,4,0,3,9,-999999,40,-999999,40,0,1,-999999,0,4
4,5,0,4,13,15,40,38,40,0,1,15,0,5
4,6,0,5,8,-999999,40,-999999,40,0,1,-999999,0,6
5,1,0,0,7,10,40,35,35,1,0,35,1,0
5,3,2,0,7,15,40,30,30,1,0,30,3,0
5,4,3,0,7,14,38,25,25,1,0,25,4,0
5,5,4,0,8,16,38,19,19,1,0,19,5,0
5,6,5,0,7,12,39,25,25,1,0,25,6,0
5,1,0,0,7,10,40,35,40,0,1,10,0,1
5,3,0,2,7,15,40,30,40,0,1,15,0,3
5,4,0,3,7,14,38,25,38,0,1,14,0,4
5,5,0,4,8,16,38,19,38,0,1,16,0,5
5,6,0,5,7,12,39,25,39,0,1,12,0,6
6,1,0,0,7,7,40,39,39,1,0,39,1,0
6,3,2,0,7,7,37,33,33,1,0,33,3,0
6,4,3,0,7,8,38,39,39,1,0,39,4,0
6,5,4,0,7,8,37,31,31,1,0,31,5,0
6,6,5,0,8,8,33,33,33,1,0,33,6,0
6,1,0,0,7,7,40,39,40,0,1,7,0,1
6,3,0,2,7,7,37,33,37,0,1,7,0,3
6,4,0,3,7,8,38,39,38,0,1,8,0,4
6,5,0,4,7,8,37,31,37,0,1,8,0,5
6,6,0,5,8,8,33,33,33,0,1,8,0,6
7,1,0,0,8,-999999,37,-999999,-999999,1,0,-999999,1,0
7,3,2,0,7,-999999,40,-999999,-999999,1,0,-999999,3,0
7,4,3,0,8,-999999,40,-999999,-999999,1,0,-999999,4,0
7,5,4,0,14,-999999,39,-999999,-999999,1,0,-999999,5,0
7,6,5,0,9,8,40,38,38,1,0,38,6,0
7,1,0,0,8,-999999,37,-999999,37,0,1,-999999,0,1
7,3,0,2,7,-999999,40,-999999,40,0,1,-999999,0,3
7,4,0,3,8,-999999,40,-999999,40,0,1,-999999,0,4
7,5,0,4,14,-999999,39,-999999,39,0,1,-999999,0,5
7,6,0,5,9,8,40,38,40,0,1,8,0,6
8,1,0,0,19,12,40,36,36,1,0,36,1,0
8,3,2,0,20,14,38,32,32,1,0,32,3,0
8,4,3,0,19,14,35,34,34,1,0,34,4,0
8,5,4,0,21,12,36,33,33,1,0,33,5,0
8,6,5,0,19,18,39,30,30,1,0,30,6,0
8,1,0,0,19,12,40,36,40,0,1,12,0,1
8,3,0,2,20,14,38,32,38,0,1,14,0,3
8,4,0,3,19,14,35,34,35,0,1,14,0,4
8,5,0,4,21,12,36,33,36,0,1,12,0,5
8,6,0,5,19,18,39,30,39,0,1,18,0,6
9,3,2,0,21,24,32,30,30,1,0,30,3,0
9,4,3,0,24,27,29,28,28,1,0,28,4,0
9,5,4,0,29,21,32,23,23,1,0,23,5,0
9,6,5,0,28,27,32,21,21,1,0,21,6,0
9,3,0,2,21,24,32,30,32,0,1,24,0,3
9,4,0,3,24,27,29,28,29,0,1,27,0,4
9,5,0,4,29,21,32,23,32,0,1,21,0,5
9,6,0,5,28,27,32,21,32,0,1,27,0,6
10,1,0,0,11,-999999,36,-999999,-999999,1,0,-999999,1,0
10,3,2,0,12,-999999,40,-999999,-999999,1,0,-999999,3,0
10,4,3,0,10,-999999,35.428571,-999999,-999999,1,0,-999999,4,0
10,5,4,0,9,-999999,40,-999999,-999999,1,0,-999999,5,0
10,6,5,0,9,-999999,37,-999999,-999999,1,0,-999999,6,0
10,1,0,0,11,-999999,36,-999999,36,0,1,-999999,0,1
10,3,0,2,12,-999999,40,-999999,40,0,1,-999999,0,3
10,4,0,3,10,-999999,35.428571,-999999,35.428571,0,1,-999999,0,4
10,5,0,4,9,-999999,40,-999999,40,0,1,-999999,0,5
10,6,0,5,9,-999999,37,-999999,37,0,1,-999999,0,6
11,1,0,0,27,29,32,36,36,1,0,36,1,0
11,3,2,0,22,-999999,31,-999999,-999999,1,0,-999999,3,0
11,4,3,0,21,-999999,33,-999999,-999999,1,0,-999999,4,0
11,5,4,0,29,16,31,19,19,1,0,19,5,0
11,6,5,0,22,-999999,35,-999999,-999999,1,0,-999999,6,0
11,1,0,0,27,29,32,36,32,0,1,29,0,1
11,3,0,2,22,-999999,31,-999999,31,0,1,-999999,0,3
11,4,0,3,21,-999999,33,-999999,33,0,1,-999999,0,4
11,5,0,4,29,16,31,19,31,0,1,16,0,5
11,6,0,5,22,-999999,35,-999999,35,0,1,-999999,0,6
12,1,0,0,11,-999999,39,-999999,-999999,1,0,-999999,1,0
12,3,2,0,10,10,37,35,35,1,0,35,3,0
12,4,3,0,9,-999999,38,-999999,-999999,1,0,-999999,4,0
12,5,4,0,10,13,36,31,31,1,0,31,5,0
12,6,5,0,7,10,35,30,30,1,0,30,6,0
12,1,0,0,11,-999999,39,-999999,39,0,1,-999999,0,1
12,3,0,2,10,10,37,35,37,0,1,10,0,3
12,4,0,3,9,-999999,38,-999999,38,0,1,-999999,0,4
12,5,0,4,10,13,36,31,36,0,1,13,0,5
12,6,0,5,7,10,35,30,35,0,1,10,0,6
13,1,0,0,14,-999999,39,-999999,-999999,1,0,-999999,1,0
13,3,2,0,21,10,36,35,35,1,0,35,3,0
13,4,3,0,19,13,34,35,35,1,0,35,4,0
13,5,4,0,17,11,39,30,30,1,0,30,5,0
13,6,5,0,20,10,37,33,33,1,0,33,6,0
13,1,0,0,14,-999999,39,-999999,39,0,1,-999999,0,1
13,3,0,2,21,10,36,35,36,0,1,10,0,3
13,4,0,3,19,13,34,35,34,0,1,13,0,4
13,5,0,4,17,11,39,30,39,0,1,11,0,5
13,6,0,5,20,10,37,33,37,0,1,10,0,6
14,1,0,0,17,-999999,39,-999999,-999999,1,0,-999999,1,0
14,3,2,0,21,24,39,36,36,1,0,36,3,0
14,4,3,0,19,-999999,38,-999999,-999999,1,0,-999999,4,0
14,5,4,0,21,26,36,34,34,1,0,34,5,0
14,6,5,0,23,-999999,39,-999999,-999999,1,0,-999999,6,0
14,1,0,0,17,-999999,39,-999999,39,0,1,-999999,0,1
14,3,0,2,21,24,39,36,39,0,1,24,0,3
14,4,0,3,19,-999999,38,-999999,38,0,1,-999999,0,4
14,5,0,4,21,26,36,34,36,0,1,26,0,5
14,6,0,5,23,-999999,39,-999999,39,0,1,-999999,0,6
15,1,0,0,21,15,33,34,34,1,0,34,1,0
15,3,2,0,25,20,33,36,36,1,0,36,3,0
15,4,3,0,25,15,32,33,33,1,0,33,4,0
15,5,4,0,24,15,32,30,30,1,0,30,5,0
15,6,5,0,29,19,31,32,32,1,0,32,6,0
15,1,0,0,21,15,33,34,33,0,1,15,0,1
15,3,0,2,25,20,33,36,33,0,1,20,0,3
15,4,0,3,25,15,32,33,32,0,1,15,0,4
15,5,0,4,24,15,32,30,32,0,1,15,0,5
15,6,0,5,29,19,31,32,31,0,1,19,0,6
16,1,0,0,20,18,39,39,39,1,0,39,1,0
16,3,2,0,13,-999999,35,-999999,-999999,1,0,-999999,3,0
16,4,3,0,16,-999999,37,-999999,-999999,1,0,-999999,4,0
16,5,4,0,20,-999999,29,-999999,-999999,1,0,-999999,5,0
16,6,5,0,14,-999999,36,-999999,-999999,1,0,-999999,6,0
16,1,0,0,20,18,39,39,39,0,1,18,0,1
16,3,0,2,13,-999999,35,-999999,35,0,1,-999999,0,3
16,4,0,3,16,-999999,37,-999999,37,0,1,-999999,0,4
16,5,0,4,20,-999999,29,-999999,29,0,1,-999999,0,5
16,6,0,5,14,-999999,36,-999999,36,0,1,-999999,0,6
17,1,0,0,10,15,40,38,38,1,0,38,1,0
17,3,2,0,12,20,40,36,36,1,0,36,3,0
17,4,3,0,14,17,39,31,31,1,0,31,4,0
17,5,4,0,19,18,40,33,33,1,0,33,5,0
17,6,5,0,13,16,39,35,35,1,0,35,6,0
17,1,0,0,10,15,40,38,40,0,1,15,0,1
17,3,0,2,12,20,40,36,40,0,1,20,0,3
17,4,0,3,14,17,39,31,39,0,1,17,0,4
17,5,0,4,19,18,40,33,40,0,1,18,0,5
17,6,0,5,13,16,39,35,39,0,1,16,0,6
18,1,0,0,16,-999999,40,-999999,-999999,1,0,-999999,1,0
18,3,2,0,14,-999999,40,-999999,-999999,1,0,-999999,3,0
18,4,3,0,12,-999999,40,-999999,-999999,1,0,-999999,4,0
18,6,5,0,21,-999999,35,-999999,-999999,1,0,-999999,6,0
18,1,0,0,16,-999999,40,-999999,40,0,1,-999999,0,1
18,3,0,2,14,-999999,40,-999999,40,0,1,-999999,0,3
18,4,0,3,12,-999999,40,-999999,40,0,1,-999999,0,4
18,6,0,5,21,-999999,35,-999999,35,0,1,-999999,0,6
19,1,0,0,17,18,39,28,28,1,0,28,1,0
19,3,2,0,16,23,39,27,27,1,0,27,3,0
19,4,3,0,20,27,40,32,32,1,0,32,4,0
19,5,4,0,22,22,40,28,28,1,0,28,5,0
19,6,5,0,26,27,40,28,28,1,0,28,6,0
19,1,0,0,17,18,39,28,39,0,1,18,0,1
19,3,0,2,16,23,39,27,39,0,1,23,0,3
19,4,0,3,20,27,40,32,40,0,1,27,0,4
19,5,0,4,22,22,40,28,40,0,1,22,0,5
19,6,0,5,26,27,40,28,40,0,1,27,0,6
20,3,2,0,12,16,40,29,29,1,0,29,3,0
20,4,3,0,18,8,36,34,34,1,0,34,4,0
20,5,4,0,15,16,39,34,34,1,0,34,5,0
20,6,5,0,13,11,40,40,40,1,0,40,6,0
20,3,0,2,12,16,40,29,40,0,1,16,0,3
20,4,0,3,18,8,36,34,36,0,1,8,0,4
20,5,0,4,15,16,39,34,39,0,1,16,0,5
20,6,0,5,13,11,40,40,40,0,1,11,0,6
21,1,0,0,16,15,40,38,38,1,0,38,1,0
21,3,2,0,17,-999999,40,-999999,-999999,1,0,-999999,3,0
21,4,3,0,12,9,40,33.142857,33.142857,1,0,33.142857,4,0
21,5,4,0,12,14,39,38,38,1,0,38,5,0
21,6,5,0,18,12,39,37,37,1,0,37,6,0
21,1,0,0,16,15,40,38,40,0,1,15,0,1
21,3,0,2,17,-999999,40,-999999,40,0,1,-999999,0,3
21,4,0,3,12,9,40,33.142857,40,0,1,9,0,4
21,5,0,4,12,14,39,38,39,0,1,14,0,5
21,6,0,5,18,12,39,37,39,0,1,12,0,6
22,1,0,0,13,13,40,29,29,1,0,29,1,0
22,3,2,0,21,14,36,25,25,1,0,25,3,0
22,4,3,0,13,13,37,32,32,1,0,32,4,0
22,5,4,0,16,13,38,31,31,1,0,31,5,0
22,6,5,0,19,11,39,27,27,1,0,27,6,0
22,1,0,0,13,13,40,29,40,0,1,13,0,1
22,3,0,2,21,14,36,25,36,0,1,14,0,3
22,4,0,3,13,13,37,32,37,0,1,13,0,4
22,5,0,4,16,13,38,31,38,0,1,13,0,5
22,6,0,5,19,11,39,27,39,0,1,11,0,6
23,1,0,0,20,-999999,38,-999999,-999999,1,0,-999999,1,0
23,3,2,0,14,14,36,36,36,1,0,36,3,0
23,4,3,0,17,-999999,37,-999999,-999999,1,0,-999999,4,0
23,5,4,0,22,-999999,39,-999999,-999999,1,0,-999999,5,0
23,6,5,0,14,20,36,38,38,1,0,38,6,0
23,1,0,0,20,-999999,38,-999999,38,0,1,-999999,0,1
23,3,0,2,14,14,36,36,36,0,1,14,0,3
23,4,0,3,17,-999999,37,-999999,37,0,1,-999999,0,4
23,5,0,4,22,-999999,39,-999999,39,0,1,-999999,0,5
23,6,0,5,14,20,36,38,36,0,1,20,0,6
24,1,0,0,15,9,39,37,37,1,0,37,1,0
24,3,2,0,20,7,37,35,35,1,0,35,3,0
24,4,3,0,18,-999999,36,-999999,-999999,1,0,-999999,4,0
24,5,4,0,22,12,35,37,37,1,0,37,5,0
24,6,5,0,11,10,35,37,37,1,0,37,6,0
24,1,0,0,15,9,39,37,39,0,1,9,0,1
24,3,0,2,20,7,37,35,37,0,1,7,0,3
24,4,0,3,18,-999999,36,-999999,36,0,1,-999999,0,4
24,5,0,4,22,12,35,37,35,0,1,12,0,5
24,6,0,5,11,10,35,37,35,0,1,10,0,6
25,1,0,0,-999999,12,-999999,39,39,1,0,39,1,0
25,4,3,0,13,14,38,38,38,1,0,38,4,0
25,5,4,0,15,13,40,32,32,1,0,32,5,0
25,6,5,0,18,17,38,38,38,1,0,38,6,0
25,1,0,0,-999999,12,-999999,39,-999999,0,1,12,0,1
25,4,0,3,13,14,38,38,38,0,1,14,0,4
25,5,0,4,15,13,40,32,40,0,1,13,0,5
25,6,0,5,18,17,38,38,38,0,1,17,0,6
26,1,0,0,13,8,39,39,39,1,0,39,1,0
26,3,2,0,8,-999999,36,-999999,-999999,1,0,-999999,3,0
26,4,3,0,21,-999999,25,-999999,-999999,1,0,-999999,4,0
26,5,4,0,17,-999999,24,-999999,-999999,1,0,-999999,5,0
26,6,5,0,16,-999999,31,-999999,-999999,1,0,-999999,6,0
26,1,0,0,13,8,39,39,39,0,1,8,0,1
26,3,0,2,8,-999999,36,-999999,36,0,1,-999999,0,3
26,4,0,3,21,-999999,25,-999999,25,0,1,-999999,0,4
26,5,0,4,17,-999999,24,-999999,24,0,1,-999999,0,5
26,6,0,5,16,-999999,31,-999999,31,0,1,-999999,0,6
27,1,0,0,20,18,38,38,38,1,0,38,1,0
27,3,2,0,26,16,38,40,40,1,0,40,3,0
27,4,3,0,20,16,39,38.857143,38.857143,1,0,38.857143,4,0
27,5,4,0,17,17,36,38,38,1,0,38,5,0
27,6,5,0,19,9,34,39,39,1,0,39,6,0
27,1,0,0,20,18,38,38,38,0,1,18,0,1
27,3,0,2,26,16,38,40,38,0,1,16,0,3
27,4,0,3,20,16,39,38.857143,39,0,1,16,0,4
27,5,0,4,17,17,36,38,36,0,1,17,0,5
27,6,0,5,19,9,34,39,34,0,1,9,0,6
28,1,0,0,27,23,32,36,36,1,0,36,1,0
28,3,2,0,28,29,35,34,34,1,0,34,3,0
28,4,3,0,27,24,33,36,36,1,0,36,4,0
28,5,4,0,20,22,36,36,36,1,0,36,5,0
28,6,5,0,14,22,35,36,36,1,0,36,6,0
28,1,0,0,27,23,32,36,32,0,1,23,0,1
28,3,0,2,28,29,35,34,35,0,1,29,0,3
28,4,0,3,27,24,33,36,33,0,1,24,0,4
28,5,0,4,20,22,36,36,36,0,1,22,0,5
28,6,0,5,14,22,35,36,35,0,1,22,0,6
29,1,0,0,7,14,39,39,39,1,0,39,1,0
29,3,2,0,7,9,40,31,31,1,0,31,3,0
29,4,3,0,7,8,40,34,34,1,0,34,4,0
29,5,4,0,8,10,39,35,35,1,0,35,5,0
29,6,5,0,8,-999999,40,-999999,-999999,1,0,-999999,6,0
29,1,0,0,7,14,39,39,39,0,1,14,0,1
29,3,0,2,7,9,40,31,40,0,1,9,0,3
29,4,0,3,7,8,40,34,40,0,1,8,0,4
29,5,0,4,8,10,39,35,39,0,1,10,0,5
29,6,0,5,8,-999999,40,-999999,40,0,1,-999999,0,6
30,1,0,0,17,17,40,40,40,1,0,40,1,0
30,3,2,0,19,16,37,38,38,1,0,38,3,0
30,4,3,0,22,19,32,39,39,1,0,39,4,0
30,5,4,0,22,18,38,36,36,1,0,36,5,0
30,6,5,0,17,-999999,39,-999999,-999999,1,0,-999999,6,0
30,1,0,0,17,17,40,40,40,0,1,17,0,1
30,3,0,2,19,16,37,38,37,0,1,16,0,3
30,4,0,3,22,19,32,39,32,0,1,19,0,4
30,5,0,4,22,18,38,36,38,0,1,18,0,5
30,6,0,5,17,-999999,39,-999999,39,0,1,-999999,0,6
31,1,0,0,13,-999999,37,-999999,-999999,1,0,-999999,1,0
31,3,2,0,19,-999999,34,-999999,-999999,1,0,-999999,3,0
31,4,3,0,20,-999999,37,-999999,-999999,1,0,-999999,4,0
31,1,0,0,13,-999999,37,-999999,37,0,1,-999999,0,1
31,3,0,2,19,-999999,34,-999999,34,0,1,-999999,0,3
31,4,0,3,20,-999999,37,-999999,37,0,1,-999999,0,4
32,1,0,0,23,24,39,36,36,1,0,36,1,0
32,3,2,0,27,29,34,32,32,1,0,32,3,0
32,4,3,0,30,29,30,32,32,1,0,32,4,0
32,5,4,0,26,30,35,37,37,1,0,37,5,0
32,6,5,0,29,-999999,35,-999999,-999999,1,0,-999999,6,0
32,1,0,0,23,24,39,36,39,0,1,24,0,1
32,3,0,2,27,29,34,32,34,0,1,29,0,3
32,4,0,3,30,29,30,32,30,0,1,29,0,4
32,5,0,4,26,30,35,37,35,0,1,30,0,5
32,6,0,5,29,-999999,35,-999999,35,0,1,-999999,0,6
33,1,0,0,22,-999999,29,-999999,-999999,1,0,-999999,1,0
33,3,2,0,25,-999999,36,-999999,-999999,1,0,-999999,3,0
33,4,3,0,23,25,34,34,34,1,0,34,4,0
33,5,4,0,26,24,34,31,31,1,0,31,5,0
33,6,5,0,22,-999999,29,-999999,-999999,1,0,-999999,6,0
33,1,0,0,22,-999999,29,-999999,29,0,1,-999999,0,1
33,3,0,2,25,-999999,36,-999999,36,0,1,-999999,0,3
33,4,0,3,23,25,34,34,34,0,1,25,0,4
33,5,0,4,26,24,34,31,34,0,1,24,0,5
33,6,0,5,22,-999999,29,-999999,29,0,1,-999999,0,6
34,1,0,0,11,-999999,40,-999999,-999999,1,0,-999999,1,0
34,3,2,0,17,20,40,26,26,1,0,26,3,0
34,4,3,0,25,31,40,25,25,1,0,25,4,0
34,5,4,0,26,-999999,38,-999999,-999999,1,0,-999999,5,0
34,6,5,0,16,-999999,40,-999999,-999999,1,0,-999999,6,0
34,1,0,0,11,-999999,40,-999999,40,0,1,-999999,0,1
34,3,0,2,17,20,40,26,40,0,1,20,0,3
34,4,0,3,25,31,40,25,40,0,1,31,0,4
34,5,0,4,26,-999999,38,-999999,38,0,1,-999999,0,5
34,6,0,5,16,-999999,40,-999999,40,0,1,-999999,0,6
35,1,0,0,20,-999999,38,-999999,-999999,1,0,-999999,1,0
35,3,2,0,25,22,37,29,29,1,0,29,3,0
35,4,3,0,17,13,39,31,31,1,0,31,4,0
35,5,4,0,10,-999999,38,-999999,-999999,1,0,-999999,5,0
35,6,5,0,14,-999999,33,-999999,-999999,1,0,-999999,6,0
35,1,0,0,20,-999999,38,-999999,38,0,1,-999999,0,1
35,3,0,2,25,22,37,29,37,0,1,22,0,3
35,4,0,3,17,13,39,31,39,0,1,13,0,4
35,5,0,4,10,-999999,38,-999999,38,0,1,-999999,0,5
35,6,0,5,14,-999999,33,-999999,33,0,1,-999999,0,6
36,1,0,0,25,25,29,16,16,1,0,16,1,0
36,3,2,0,23,20,36,23,23,1,0,23,3,0
36,4,3,0,26,19,23,34,34,1,0,34,4,0
36,5,4,0,28,24,23,35,35,1,0,35,5,0
36,6,5,0,29,20,26,18,18,1,0,18,6,0
36,1,0,0,25,25,29,16,29,0,1,25,0,1
36,3,0,2,23,20,36,23,36,0,1,20,0,3
36,4,0,3,26,19,23,34,23,0,1,19,0,4
36,5,0,4,28,24,23,35,23,0,1,24,0,5
36,6,0,5,29,20,26,18,26,0,1,20,0,6
37,3,2,0,28,-999999,31,-999999,-999999,1,0,-999999,3,0
37,5,4,0,24,-999999,36,-999999,-999999,1,0,-999999,5,0
37,6,5,0,24,-999999,39,-999999,-999999,1,0,-999999,6,0
37,3,0,2,28,-999999,31,-999999,31,0,1,-999999,0,3
37,5,0,4,24,-999999,36,-999999,36,0,1,-999999,0,5
37,6,0,5,24,-999999,39,-999999,39,0,1,-999999,0,6
38,1,0,0,8,-999999,37,-999999,-999999,1,0,-999999,1,0
38,3,2,0,12,7,40,40,40,1,0,40,3,0
38,4,3,0,10,8,38,36,36,1,0,36,4,0
38,5,4,0,8,7,40,37,37,1,0,37,5,0
38,6,5,0,7,8,39,39,39,1,0,39,6,0
38,1,0,0,8,-999999,37,-999999,37,0,1,-999999,0,1
38,3,0,2,12,7,40,40,40,0,1,7,0,3
38,4,0,3,10,8,38,36,38,0,1,8,0,4
38,5,0,4,8,7,40,37,40,0,1,7,0,5
38,6,0,5,7,8,39,39,39,0,1,8,0,6
39,5,4,0,14,13,38,36,36,1,0,36,5,0
39,6,5,0,13,16,37,36,36,1,0,36,6,0
39,5,0,4,14,13,38,36,38,0,1,13,0,5
39,6,0,5,13,16,37,36,37,0,1,16,0,6
40,1,0,0,17,-999999,38,-999999,-999999,1,0,-999999,1,0
40,3,2,0,27,24,37,26,26,1,0,26,3,0
40,4,3,0,27,-999999,31,-999999,-999999,1,0,-999999,4,0
40,5,4,0,28,33,30,29,29,1,0,29,5,0
40,6,5,0,28,33,30,20,20,1,0,20,6,0
40,1,0,0,17,-999999,38,-999999,38,0,1,-999999,0,1
40,3,0,2,27,24,37,26,37,0,1,24,0,3
40,4,0,3,27,-999999,31,-999999,31,0,1,-999999,0,4
40,5,0,4,28,33,30,29,30,0,1,33,0,5
40,6,0,5,28,33,30,20,30,0,1,33,0,6
41,1,0,0,7,8,40,36,36,1,0,36,1,0
41,3,2,0,12,16,39,38,38,1,0,38,3,0
41,4,3,0,11,13,37,36,36,1,0,36,4,0
41,5,4,0,12,13,39,37,37,1,0,37,5,0
41,6,5,0,10,14,38,37,37,1,0,37,6,0
41,1,0,0,7,8,40,36,40,0,1,8,0,1
41,3,0,2,12,16,39,38,39,0,1,16,0,3
41,4,0,3,11,13,37,36,37,0,1,13,0,4
41,5,0,4,12,13,39,37,39,0,1,13,0,5
41,6,0,5,10,14,38,37,38,0,1,14,0,6
42,1,0,0,33,11,34,34,34,1,0,34,1,0
42,3,2,0,31,13,37,30,30,1,0,30,3,0
42,4,3,0,27,11,30,31,31,1,0,31,4,0
42,5,4,0,24,15,33,33,33,1,0,33,5,0
42,6,5,0,30,26,33,24,24,1,0,24,6,0
42,1,0,0,33,11,34,34,34,0,1,11,0,1
42,3,0,2,31,13,37,30,37,0,1,13,0,3
42,4,0,3,27,11,30,31,30,0,1,11,0,4
42,5,0,4,24,15,33,33,33,0,1,15,0,5
42,6,0,5,30,26,33,24,33,0,1,26,0,6
43,1,0,0,12,15,39,36,36,1,0,36,1,0
43,3,2,0,15,-999999,36,-999999,-999999,1,0,-999999,3,0
43,4,3,0,21,-999999,34,-999999,-999999,1,0,-999999,4,0
43,5,4,0,17,-999999,35,-999999,-999999,1,0,-999999,5,0
43,6,5,0,21,-999999,34,-999999,-999999,1,0,-999999,6,0
43,1,0,0,12,15,39,36,39,0,1,15,0,1
43,3,0,2,15,-999999,36,-999999,36,0,1,-999999,0,3
43,4,0,3,21,-999999,34,-999999,34,0,1,-999999,0,4
43,5,0,4,17,-999999,35,-999999,35,0,1,-999999,0,5
43,6,0,5,21,-999999,34,-999999,34,0,1,-999999,0,6
44,1,0,0,15,25,33,37,37,1,0,37,1,0
44,3,2,0,12,12,35,35,35,1,0,35,3,0
44,4,3,0,23,-999999,31,-999999,-999999,1,0,-999999,4,0
44,6,5,0,21,-999999,33,-999999,-999999,1,0,-999999,6,0
44,1,0,0,15,25,33,37,33,0,1,25,0,1
44,3,0,2,12,12,35,35,35,0,1,12,0,3
44,4,0,3,23,-999999,31,-999999,31,0,1,-999999,0,4
44,6,0,5,21,-999999,33,-999999,33,0,1,-999999,0,6
45,1,0,0,9,-999999,40,-999999,-999999,1,0,-999999,1,0
45,3,2,0,18,24,35,35,35,1,0,35,3,0
45,4,3,0,14,19,38,31,31,1,0,31,4,0
45,5,4,0,15,18,35,33,33,1,0,33,5,0
45,6,5,0,15,20,38,31,31,1,0,31,6,0
45,1,0,0,9,-999999,40,-999999,40,0,1,-999999,0,1
45,3,0,2,18,24,35,35,35,0,1,24,0,3
45,4,0,3,14,19,38,31,38,0,1,19,0,4
45,5,0,4,15,18,35,33,35,0,1,18,0,5
45,6,0,5,15,20,38,31,38,0,1,20,0,6
46,1,0,0,15,14,38,36,36,1,0,36,1,0
46,3,2,0,22,14,38,37,37,1,0,37,3,0
46,4,3,0,19,-999999,40,-999999,-999999,1,0,-999999,4,0
46,5,4,0,23,20,39,35,35,1,0,35,5,0
46,6,5,0,24,17,36,36,36,1,0,36,6,0
46,1,0,0,15,14,38,36,38,0,1,14,0,1
46,3,0,2,22,14,38,37,38,0,1,14,0,3
46,4,0,3,19,-999999,40,-999999,40,0,1,-999999,0,4
46,5,0,4,23,20,39,35,39,0,1,20,0,5
46,6,0,5,24,17,36,36,36,0,1,17,0,6
47,3,2,0,13,-999999,39,-999999,-999999,1,0,-999999,3,0
47,4,3,0,13,-999999,40,-999999,-999999,1,0,-999999,4,0
47,5,4,0,14,-999999,40,-999999,-999999,1,0,-999999,5,0
47,6,5,0,11,-999999,40,-999999,-999999,1,0,-999999,6,0
47,3,0,2,13,-999999,39,-999999,39,0,1,-999999,0,3
47,4,0,3,13,-999999,40,-999999,40,0,1,-999999,0,4
47,5,0,4,14,-999999,40,-999999,40,0,1,-999999,0,5
47,6,0,5,11,-999999,40,-999999,40,0,1,-999999,0,6
48,1,0,0,8,18,40,37,37,1,0,37,1,0
48,3,2,0,10,12,38,35,35,1,0,35,3,0
48,4,3,0,11,24,39,24,24,1,0,24,4,0
48,5,4,0,10,30,39,28,28,1,0,28,5,0
48,6,5,0,22,27,32,28,28,1,0,28,6,0
48,1,0,0,8,18,40,37,40,0,1,18,0,1
48,3,0,2,10,12,38,35,38,0,1,12,0,3
48,4,0,3,11,24,39,24,39,0,1,24,0,4
48,5,0,4,10,30,39,28,39,0,1,30,0,5
48,6,0,5,22,27,32,28,32,0,1,27,0,6
49,1,0,0,21,-999999,40,-999999,-999999,1,0,-999999,1,0
49,3,2,0,26,-999999,40,-999999,-999999,1,0,-999999,3,0
49,4,3,0,20,-999999,37,-999999,-999999,1,0,-999999,4,0
49,5,4,0,15,-999999,38,-999999,-999999,1,0,-999999,5,0
49,6,5,0,11,10,30,34,34,1,0,34,6,0
49,1,0,0,21,-999999,40,-999999,40,0,1,-999999,0,1
49,3,0,2,26,-999999,40,-999999,40,0,1,-999999,0,3
49,4,0,3,20,-999999,37,-999999,37,0,1,-999999,0,4
49,5,0,4,15,-999999,38,-999999,38,0,1,-999999,0,5
49,6,0,5,11,10,30,34,30,0,1,10,0,6
50,1,0,0,24,-999999,38,-999999,-999999,1,0,-999999,1,0
50,3,2,0,24,20,38,33,33,1,0,33,3,0
50,4,3,0,22,20,35,35,35,1,0,35,4,0
50,5,4,0,24,22,34,27,27,1,0,27,5,0
50,6,5,0,20,26,34,26,26,1,0,26,6,0
50,1,0,0,24,-999999,38,-999999,38,0,1,-999999,0,1
50,3,0,2,24,20,38,33,38,0,1,20,0,3
50,4,0,3,22,20,35,35,35,0,1,20,0,4
50,5,0,4,24,22,34,27,34,0,1,22,0,5
50,6,0,5,20,26,34,26,34,0,1,26,0,6
51,1,0,0,13,18,39,37,37,1,0,37,1,0
51,3,2,0,22,19,39,35,35,1,0,35,3,0
51,4,3,0,21,17,38,38,38,1,0,38,4,0
51,5,4,0,12,13,40,32,32,1,0,32,5,0
51,6,5,0,18,20,38,36,36,1,0,36,6,0
51,1,0,0,13,18,39,37,39,0,1,18,0,1
51,3,0,2,22,19,39,35,39,0,1,19,0,3
51,4,0,3,21,17,38,38,38,0,1,17,0,4
51,5,0,4,12,13,40,32,40,0,1,13,0,5
51,6,0,5,18,20,38,36,38,0,1,20,0,6
52,1,0,0,14,13,38,39,39,1,0,39,1,0
52,3,2,0,-999999,12,-999999,35,35,1,0,35,3,0
52,4,3,0,14,17,29,37,37,1,0,37,4,0
52,5,4,0,19,16,39,35,35,1,0,35,5,0
52,6,5,0,17,12,40,38,38,1,0,38,6,0
52,1,0,0,14,13,38,39,38,0,1,13,0,1
52,3,0,2,-999999,12,-999999,35,-999999,0,1,12,0,3
52,4,0,3,14,17,29,37,29,0,1,17,0,4
52,5,0,4,19,16,39,35,39,0,1,16,0,5
52,6,0,5,17,12,40,38,40,0,1,12,0,6
53,1,0,0,15,18,40,36,36,1,0,36,1,0
53,1,0,0,15,18,40,36,40,0,1,18,0,1
54,3,2,0,10,-999999,-999999,-999999,-999999,1,0,-999999,3,0
54,4,3,0,8,-999999,38,-999999,-999999,1,0,-999999,4,0
54,5,4,0,12,-999999,35,-999999,-999999,1,0,-999999,5,0
54,6,5,0,11,-999999,36,-999999,-999999,1,0,-999999,6,0
54,3,0,2,10,-999999,-999999,-999999,-999999,0,1,-999999,0,3
54,4,0,3,8,-999999,38,-999999,38,0,1,-999999,0,4
54,5,0,4,12,-999999,35,-999999,35,0,1,-999999,0,5
54,6,0,5,11,-999999,36,-999999,36,0,1,-999999,0,6
55,1,0,0,23,12,38,40,40,1,0,40,1,0
55,3,2,0,9,16,39,38,38,1,0,38,3,0
55,4,3,0,12,14,39,36,36,1,0,36,4,0
55,5,4,0,11,15.166667,39,35,35,1,0,35,5,0
55,6,5,0,12,18,36,36,36,1,0,36,6,0
55,1,0,0,23,12,38,40,38,0,1,12,0,1
55,3,0,2,9,16,39,38,39,0,1,16,0,3
55,4,0,3,12,14,39,36,39,0,1,14,0,4
55,5,0,4,11,15.166667,39,35,39,0,1,15.166667,0,5
55,6,0,5,12,18,36,36,36,0,1,18,0,6
56,1,0,0,13,-999999,37,-999999,-999999,1,0,-999999,1,0
56,3,2,0,13,11,37,36,36,1,0,36,3,0
56,4,3,0,8,8,40,40,40,1,0,40,4,0
56,5,4,0,14,19,39,38,38,1,0,38,5,0
56,6,5,0,13,17,36,36,36,1,0,36,6,0
56,1,0,0,13,-999999,37,-999999,37,0,1,-999999,0,1
56,3,0,2,13,11,37,36,37,0,1,11,0,3
56,4,0,3,8,8,40,40,40,0,1,8,0,4
56,5,0,4,14,19,39,38,39,0,1,19,0,5
56,6,0,5,13,17,36,36,36,0,1,17,0,6
57,1,0,0,18,-999999,36,-999999,-999999,1,0,-999999,1,0
57,3,2,0,9,-999999,35,-999999,-999999,1,0,-999999,3,0
57,4,3,0,13,-999999,40,-999999,-999999,1,0,-999999,4,0
57,5,4,0,9,-999999,36,-999999,-999999,1,0,-999999,5,0
57,6,5,0,17,-999999,31,-999999,-999999,1,0,-999999,6,0
57,1,0,0,18,-999999,36,-999999,36,0,1,-999999,0,1
57,3,0,2,9,-999999,35,-999999,35,0,1,-999999,0,3
57,4,0,3,13,-999999,40,-999999,40,0,1,-999999,0,4
57,5,0,4,9,-999999,36,-999999,36,0,1,-999999,0,5
57,6,0,5,17,-999999,31,-999999,31,0,1,-999999,0,6
58,3,2,0,29,22,40,27,27,1,0,27,3,0
58,4,3,0,26,16,38,25,25,1,0,25,4,0
58,5,4,0,27,24,35,20,20,1,0,20,5,0
58,6,5,0,27,-999999,36,-999999,-999999,1,0,-999999,6,0
58,3,0,2,29,22,40,27,40,0,1,22,0,3
58,4,0,3,26,16,38,25,38,0,1,16,0,4
58,5,0,4,27,24,35,20,35,0,1,24,0,5
58,6,0,5,27,-999999,36,-999999,36,0,1,-999999,0,6
59,1,0,0,8,14,38,40,40,1,0,40,1,0
59,3,2,0,15,10,39,37,37,1,0,37,3,0
59,4,3,0,14,10,35,36,36,1,0,36,4,0
59,5,4,0,10,14,39,35,35,1,0,35,5,0
59,6,5,0,14,9,37,37,37,1,0,37,6,0
59,1,0,0,8,14,38,40,38,0,1,14,0,1
59,3,0,2,15,10,39,37,39,0,1,10,0,3
59,4,0,3,14,10,35,36,35,0,1,10,0,4
59,5,0,4,10,14,39,35,39,0,1,14,0,5
59,6,0,5,14,9,37,37,37,0,1,9,0,6
60,1,0,0,18,19,37,36,36,1,0,36,1,0
60,3,2,0,10,16,34,33,33,1,0,33,3,0
60,5,4,0,17,11,38,33,33,1,0,33,5,0
60,6,5,0,7,9,37,32,32,1,0,32,6,0
60,1,0,0,18,19,37,36,37,0,1,19,0,1
60,3,0,2,10,16,34,33,34,0,1,16,0,3
60,5,0,4,17,11,38,33,38,0,1,11,0,5
60,6,0,5,7,9,37,32,37,0,1,9,0,6
61,1,0,0,13,7,40,36,36,1,0,36,1,0
61,3,2,0,16,9,37,37,37,1,0,37,3,0
61,4,3,0,12,7,39,36,36,1,0,36,4,0
61,5,4,0,14,12,32,36,36,1,0,36,5,0
61,6,5,0,10,9,35,35,35,1,0,35,6,0
61,1,0,0,13,7,40,36,40,0,1,7,0,1
61,3,0,2,16,9,37,37,37,0,1,9,0,3
61,4,0,3,12,7,39,36,39,0,1,7,0,4
61,5,0,4,14,12,32,36,32,0,1,12,0,5
61,6,0,5,10,9,35,35,35,0,1,9,0,6
62,1,0,0,8,9,40,39,39,1,0,39,1,0
62,3,2,0,23,10,35,34,34,1,0,34,3,0
62,4,3,0,14,9,33,38,38,1,0,38,4,0
62,5,4,0,17,11,29,36,36,1,0,36,5,0
62,6,5,0,11,10,35,36,36,1,0,36,6,0
62,1,0,0,8,9,40,39,40,0,1,9,0,1
62,3,0,2,23,10,35,34,35,0,1,10,0,3
62,4,0,3,14,9,33,38,33,0,1,9,0,4
62,5,0,4,17,11,29,36,29,0,1,11,0,5
62,6,0,5,11,10,35,36,35,0,1,10,0,6
63,1,0,0,20,-999999,40,-999999,-999999,1,0,-999999,1,0
63,1,0,0,20,-999999,40,-999999,40,0,1,-999999,0,1
64,1,0,0,9,12,40,28,28,1,0,28,1,0
64,3,2,0,12,15,40,19,19,1,0,19,3,0
64,4,3,0,12,22,40,24,24,1,0,24,4,0
64,5,4,0,9,-999999,40,-999999,-999999,1,0,-999999,5,0
64,6,5,0,14,-999999,40,-999999,-999999,1,0,-999999,6,0
64,1,0,0,9,12,40,28,40,0,1,12,0,1
64,3,0,2,12,15,40,19,40,0,1,15,0,3
64,4,0,3,12,22,40,24,40,0,1,22,0,4
64,5,0,4,9,-999999,40,-999999,40,0,1,-999999,0,5
64,6,0,5,14,-999999,40,-999999,40,0,1,-999999,0,6
65,1,0,0,10,10,40,40,40,1,0,40,1,0
65,3,2,0,13,-999999,39,-999999,-999999,1,0,-999999,3,0
65,4,3,0,15,-999999,38,-999999,-999999,1,0,-999999,4,0
65,5,4,0,11,-999999,38,-999999,-999999,1,0,-999999,5,0
65,6,5,0,21,-999999,33,-999999,-999999,1,0,-999999,6,0
65,1,0,0,10,10,40,40,40,0,1,10,0,1
65,3,0,2,13,-999999,39,-999999,39,0,1,-999999,0,3
65,4,0,3,15,-999999,38,-999999,38,0,1,-999999,0,4
65,5,0,4,11,-999999,38,-999999,38,0,1,-999999,0,5
65,6,0,5,21,-999999,33,-999999,33,0,1,-999999,0,6
66,1,0,0,17,13,39,39,39,1,0,39,1,0
66,3,2,0,-999999,14,-999999,37,37,1,0,37,3,0
66,4,3,0,19,12,38,37,37,1,0,37,4,0
66,5,4,0,20,14,37,37,37,1,0,37,5,0
66,6,5,0,19,21,39,31,31,1,0,31,6,0
66,1,0,0,17,13,39,39,39,0,1,13,0,1
66,3,0,2,-999999,14,-999999,37,-999999,0,1,14,0,3
66,4,0,3,19,12,38,37,38,0,1,12,0,4
66,5,0,4,20,14,37,37,37,0,1,14,0,5
66,6,0,5,19,21,39,31,39,0,1,21,0,6
67,1,0,0,26,-999999,39,-999999,-999999,1,0,-999999,1,0
67,3,2,0,25,-999999,38,-999999,-999999,1,0,-999999,3,0
67,4,3,0,25,-999999,36,-999999,-999999,1,0,-999999,4,0
67,5,4,0,18,-999999,38,-999999,-999999,1,0,-999999,5,0
67,6,5,0,27,-999999,38,-999999,-999999,1,0,-999999,6,0
67,1,0,0,26,-999999,39,-999999,39,0,1,-999999,0,1
67,3,0,2,25,-999999,38,-999999,38,0,1,-999999,0,3
67,4,0,3,25,-999999,36,-999999,36,0,1,-999999,0,4
67,5,0,4,18,-999999,38,-999999,38,0,1,-999999,0,5
67,6,0,5,27,-999999,38,-999999,38,0,1,-999999,0,6
68,1,0,0,12,-999999,38,-999999,-999999,1,0,-999999,1,0
68,3,2,0,7,15,40,36,36,1,0,36,3,0
68,4,3,0,11,17,39,34,34,1,0,34,4,0
68,5,4,0,9,11,38,37,37,1,0,37,5,0
68,6,5,0,7,9,36,33,33,1,0,33,6,0
68,1,0,0,12,-999999,38,-999999,38,0,1,-999999,0,1
68,3,0,2,7,15,40,36,40,0,1,15,0,3
68,4,0,3,11,17,39,34,39,0,1,17,0,4
68,5,0,4,9,11,38,37,38,0,1,11,0,5
68,6,0,5,7,9,36,33,36,0,1,9,0,6
69,3,2,0,30,20,35,38,38,1,0,38,3,0
69,3,0,2,30,20,35,38,35,0,1,20,0,3
70,1,0,0,18,20,40,33,33,1,0,33,1,0
70,3,2,0,24,21,40,33,33,1,0,33,3,0
70,4,3,0,20,-999999,40,-999999,-999999,1,0,-999999,4,0
70,5,4,0,24,23,39,29,29,1,0,29,5,0
70,6,5,0,28,24,40,31,31,1,0,31,6,0
70,1,0,0,18,20,40,33,40,0,1,20,0,1
70,3,0,2,24,21,40,33,40,0,1,21,0,3
70,4,0,3,20,-999999,40,-999999,40,0,1,-999999,0,4
70,5,0,4,24,23,39,29,39,0,1,23,0,5
70,6,0,5,28,24,40,31,40,0,1,24,0,6
71,1,0,0,30,8,32,39,39,1,0,39,1,0
71,3,2,0,26,8,33,38,38,1,0,38,3,0
71,4,3,0,32,14,30,37,37,1,0,37,4,0
71,5,4,0,28,16,33,35,35,1,0,35,5,0
71,6,5,0,32,26,24,32,32,1,0,32,6,0
71,1,0,0,30,8,32,39,32,0,1,8,0,1
71,3,0,2,26,8,33,38,33,0,1,8,0,3
71,4,0,3,32,14,30,37,30,0,1,14,0,4
71,5,0,4,28,16,33,35,33,0,1,16,0,5
71,6,0,5,32,26,24,32,24,0,1,26,0,6
72,1,0,0,24,14,37,37,37,1,0,37,1,0
72,3,2,0,19,14,35,33,33,1,0,33,3,0
72,4,3,0,20,14,36,30,30,1,0,30,4,0
72,5,4,0,24,14,32,30,30,1,0,30,5,0
72,6,5,0,24,16,34,33,33,1,0,33,6,0
72,1,0,0,24,14,37,37,37,0,1,14,0,1
72,3,0,2,19,14,35,33,35,0,1,14,0,3
72,4,0,3,20,14,36,30,36,0,1,14,0,4
72,5,0,4,24,14,32,30,32,0,1,14,0,5
72,6,0,5,24,16,34,33,34,0,1,16,0,6
73,1,0,0,10,8,38,38,38,1,0,38,1,0
73,3,2,0,12,7,36,38,38,1,0,38,3,0
73,4,3,0,9,7,34,38,38,1,0,38,4,0
73,5,4,0,13,8,37,40,40,1,0,40,5,0
73,6,5,0,9,7,34,37,37,1,0,37,6,0
73,1,0,0,10,8,38,38,38,0,1,8,0,1
73,3,0,2,12,7,36,38,36,0,1,7,0,3
73,4,0,3,9,7,34,38,34,0,1,7,0,4
73,5,0,4,13,8,37,40,37,0,1,8,0,5
73,6,0,5,9,7,34,37,34,0,1,7,0,6
74,1,0,0,17,16,40,37,37,1,0,37,1,0
74,1,0,0,17,16,40,37,40,0,1,16,0,1
75,1,0,0,15,16,36,39,39,1,0,39,1,0
75,3,2,0,16,11,36,39,39,1,0,39,3,0
75,4,3,0,17,10,37,39,39,1,0,39,4,0
75,5,4,0,12,12,38,38,38,1,0,38,5,0
75,6,5,0,10,13,37,37,37,1,0,37,6,0
75,1,0,0,15,16,36,39,36,0,1,16,0,1
75,3,0,2,16,11,36,39,36,0,1,11,0,3
75,4,0,3,17,10,37,39,37,0,1,10,0,4
75,5,0,4,12,12,38,38,38,0,1,12,0,5
75,6,0,5,10,13,37,37,37,0,1,13,0,6
76,1,0,0,11,-999999,40,-999999,-999999,1,0,-999999,1,0
76,3,2,0,13,13,39,19,19,1,0,19,3,0
76,4,3,0,10,23,39,20,20,1,0,20,4,0
76,5,4,0,12,15,40,19,19,1,0,19,5,0
76,6,5,0,20,20,36,22,22,1,0,22,6,0
76,1,0,0,11,-999999,40,-999999,40,0,1,-999999,0,1
76,3,0,2,13,13,39,19,39,0,1,13,0,3
76,4,0,3,10,23,39,20,39,0,1,23,0,4
76,5,0,4,12,15,40,19,40,0,1,15,0,5
76,6,0,5,20,20,36,22,36,0,1,20,0,6
77,1,0,0,7,12,40,38,38,1,0,38,1,0
77,1,0,0,7,12,40,38,40,0,1,12,0,1
78,1,0,0,7,8,40,40,40,1,0,40,1,0
78,3,2,0,9,9,39,36,36,1,0,36,3,0
78,4,3,0,16,8,39,37,37,1,0,37,4,0
78,5,4,0,14,8,39,37,37,1,0,37,5,0
78,6,5,0,8,9,39,38,38,1,0,38,6,0
78,1,0,0,7,8,40,40,40,0,1,8,0,1
78,3,0,2,9,9,39,36,39,0,1,9,0,3
78,4,0,3,16,8,39,37,39,0,1,8,0,4
78,5,0,4,14,8,39,37,39,0,1,8,0,5
78,6,0,5,8,9,39,38,39,0,1,9,0,6
79,3,2,0,8,-999999,40,-999999,-999999,1,0,-999999,3,0
79,4,3,0,11,-999999,40,-999999,-999999,1,0,-999999,4,0
79,5,4,0,11,-999999,40,-999999,-999999,1,0,-999999,5,0
79,3,0,2,8,-999999,40,-999999,40,0,1,-999999,0,3
79,4,0,3,11,-999999,40,-999999,40,0,1,-999999,0,4
79,5,0,4,11,-999999,40,-999999,40,0,1,-999999,0,5
80,1,0,0,16,-999999,37,-999999,-999999,1,0,-999999,1,0
80,3,2,0,12,-999999,37,-999999,-999999,1,0,-999999,3,0
80,4,3,0,20,-999999,38,-999999,-999999,1,0,-999999,4,0
80,5,4,0,13,-999999,36,-999999,-999999,1,0,-999999,5,0
80,6,5,0,18,-999999,37,-999999,-999999,1,0,-999999,6,0
80,1,0,0,16,-999999,37,-999999,37,0,1,-999999,0,1
80,3,0,2,12,-999999,37,-999999,37,0,1,-999999,0,3
80,4,0,3,20,-999999,38,-999999,38,0,1,-999999,0,4
80,5,0,4,13,-999999,36,-999999,36,0,1,-999999,0,5
80,6,0,5,18,-999999,37,-999999,37,0,1,-999999,0,6
81,1,0,0,14,-999999,31,-999999,-999999,1,0,-999999,1,0
81,3,2,0,14,-999999,33,-999999,-999999,1,0,-999999,3,0
81,4,3,0,8,-999999,35,-999999,-999999,1,0,-999999,4,0
81,5,4,0,7,-999999,29,-999999,-999999,1,0,-999999,5,0
81,6,5,0,11,-999999,28,-999999,-999999,1,0,-999999,6,0
81,1,0,0,14,-999999,31,-999999,31,0,1,-999999,0,1
81,3,0,2,14,-999999,33,-999999,33,0,1,-999999,0,3
81,4,0,3,8,-999999,35,-999999,35,0,1,-999999,0,4
81,5,0,4,7,-999999,29,-999999,29,0,1,-999999,0,5
81,6,0,5,11,-999999,28,-999999,28,0,1,-999999,0,6
82,1,0,0,18,12,38,40,40,1,0,40,1,0
82,3,2,0,15,17,37,36,36,1,0,36,3,0
82,4,3,0,19,17,37,36,36,1,0,36,4,0
82,5,4,0,13,14,38,34,34,1,0,34,5,0
82,6,5,0,18,18,37,34,34,1,0,34,6,0
82,1,0,0,18,12,38,40,38,0,1,12,0,1
82,3,0,2,15,17,37,36,37,0,1,17,0,3
82,4,0,3,19,17,37,36,37,0,1,17,0,4
82,5,0,4,13,14,38,34,38,0,1,14,0,5
82,6,0,5,18,18,37,34,37,0,1,18,0,6
83,1,0,0,18,21,39,38,38,1,0,38,1,0
83,3,2,0,16,22,38,39,39,1,0,39,3,0
83,4,3,0,18,-999999,38,-999999,-999999,1,0,-999999,4,0
83,5,4,0,14,20,37,39,39,1,0,39,5,0
83,6,5,0,14,-999999,37,-999999,-999999,1,0,-999999,6,0
83,1,0,0,18,21,39,38,39,0,1,21,0,1
83,3,0,2,16,22,38,39,38,0,1,22,0,3
83,4,0,3,18,-999999,38,-999999,38,0,1,-999999,0,4
83,5,0,4,14,20,37,39,37,0,1,20,0,5
83,6,0,5,14,-999999,37,-999999,37,0,1,-999999,0,6
84,1,0,0,18,19,37,36,36,1,0,36,1,0
84,3,2,0,17,29,35,32,32,1,0,32,3,0
84,4,3,0,26,-999999,35,-999999,-999999,1,0,-999999,4,0
84,5,4,0,24,-999999,35,-999999,-999999,1,0,-999999,5,0
84,6,5,0,26,-999999,35,-999999,-999999,1,0,-999999,6,0
84,1,0,0,18,19,37,36,37,0,1,19,0,1
84,3,0,2,17,29,35,32,35,0,1,29,0,3
84,4,0,3,26,-999999,35,-999999,35,0,1,-999999,0,4
84,5,0,4,24,-999999,35,-999999,35,0,1,-999999,0,5
84,6,0,5,26,-999999,35,-999999,35,0,1,-999999,0,6
85,1,0,0,22,7,40,40,40,1,0,40,1,0
85,3,2,0,19,8,38,39,39,1,0,39,3,0
85,4,3,0,14,7,37,39,39,1,0,39,4,0
85,5,4,0,11,8,38,40,40,1,0,40,5,0
85,6,5,0,13,9,35,37,37,1,0,37,6,0
85,1,0,0,22,7,40,40,40,0,1,7,0,1
85,3,0,2,19,8,38,39,38,0,1,8,0,3
85,4,0,3,14,7,37,39,37,0,1,7,0,4
85,5,0,4,11,8,38,40,38,0,1,8,0,5
85,6,0,5,13,9,35,37,35,0,1,9,0,6
86,1,0,0,17,-999999,37,-999999,-999999,1,0,-999999,1,0
86,3,2,0,19,-999999,38,-999999,-999999,1,0,-999999,3,0
86,4,3,0,24,-999999,39,-999999,-999999,1,0,-999999,4,0
86,5,4,0,20,-999999,40,-999999,-999999,1,0,-999999,5,0
86,6,5,0,21,-999999,36,-999999,-999999,1,0,-999999,6,0
86,1,0,0,17,-999999,37,-999999,37,0,1,-999999,0,1
86,3,0,2,19,-999999,38,-999999,38,0,1,-999999,0,3
86,4,0,3,24,-999999,39,-999999,39,0,1,-999999,0,4
86,5,0,4,20,-999999,40,-999999,40,0,1,-999999,0,5
86,6,0,5,21,-999999,36,-999999,36,0,1,-999999,0,6
87,1,0,0,24,-999999,36,-999999,-999999,1,0,-999999,1,0
87,3,2,0,25,-999999,38,-999999,-999999,1,0,-999999,3,0
87,4,3,0,20,-999999,35,-999999,-999999,1,0,-999999,4,0
87,5,4,0,15,-999999,40,-999999,-999999,1,0,-999999,5,0
87,6,5,0,13,-999999,39,-999999,-999999,1,0,-999999,6,0
87,1,0,0,24,-999999,36,-999999,36,0,1,-999999,0,1
87,3,0,2,25,-999999,38,-999999,38,0,1,-999999,0,3
87,4,0,3,20,-999999,35,-999999,35,0,1,-999999,0,4
87,5,0,4,15,-999999,40,-999999,40,0,1,-999999,0,5
87,6,0,5,13,-999999,39,-999999,39,0,1,-999999,0,6
88,1,0,0,9,9,40,36,36,1,0,36,1,0
88,3,2,0,9,11,40,39,39,1,0,39,3,0
88,4,3,0,8,11,40,36,36,1,0,36,4,0
88,5,4,0,7,8,40,39,39,1,0,39,5,0
88,6,5,0,8,9,40,36,36,1,0,36,6,0
88,1,0,0,9,9,40,36,40,0,1,9,0,1
88,3,0,2,9,11,40,39,40,0,1,11,0,3
88,4,0,3,8,11,40,36,40,0,1,11,0,4
88,5,0,4,7,8,40,39,40,0,1,8,0,5
88,6,0,5,8,9,40,36,40,0,1,9,0,6
89,1,0,0,17,-999999,40,-999999,-999999,1,0,-999999,1,0
89,3,2,0,22,18,37,40,40,1,0,40,3,0
89,5,4,0,20,16,35,40,40,1,0,40,5,0
89,6,5,0,21,-999999,32,-999999,-999999,1,0,-999999,6,0
89,1,0,0,17,-999999,40,-999999,40,0,1,-999999,0,1
89,3,0,2,22,18,37,40,37,0,1,18,0,3
89,5,0,4,20,16,35,40,35,0,1,16,0,5
89,6,0,5,21,-999999,32,-999999,32,0,1,-999999,0,6
90,1,0,0,20,-999999,39,-999999,-999999,1,0,-999999,1,0
90,3,2,0,16,-999999,39,-999999,-999999,1,0,-999999,3,0
90,4,3,0,18,-999999,39,-999999,-999999,1,0,-999999,4,0
90,5,4,0,20,-999999,35,-999999,-999999,1,0,-999999,5,0
90,6,5,0,26,-999999,36,-999999,-999999,1,0,-999999,6,0
90,1,0,0,20,-999999,39,-999999,39,0,1,-999999,0,1
90,3,0,2,16,-999999,39,-999999,39,0,1,-999999,0,3
90,4,0,3,18,-999999,39,-999999,39,0,1,-999999,0,4
90,5,0,4,20,-999999,35,-999999,35,0,1,-999999,0,5
90,6,0,5,26,-999999,36,-999999,36,0,1,-999999,0,6
91,1,0,0,10,10,32,39,39,1,0,39,1,0
91,3,2,0,11,9,36,35,35,1,0,35,3,0
91,4,3,0,9,9,32,32,32,1,0,32,4,0
91,5,4,0,10,13,36,34,34,1,0,34,5,0
91,6,5,0,8,9,38,36,36,1,0,36,6,0
91,1,0,0,10,10,32,39,32,0,1,10,0,1
91,3,0,2,11,9,36,35,36,0,1,9,0,3
91,4,0,3,9,9,32,32,32,0,1,9,0,4
91,5,0,4,10,13,36,34,36,0,1,13,0,5
91,6,0,5,8,9,38,36,38,0,1,9,0,6
92,1,0,0,18,14,40,40,40,1,0,40,1,0
92,3,2,0,14,14,39,36,36,1,0,36,3,0
92,4,3,0,10,14,39,37,37,1,0,37,4,0
92,5,4,0,11,-999999,39,-999999,-999999,1,0,-999999,5,0
92,6,5,0,9,-999999,39,-999999,-999999,1,0,-999999,6,0
92,1,0,0,18,14,40,40,40,0,1,14,0,1
92,3,0,2,14,14,39,36,39,0,1,14,0,3
92,4,0,3,10,14,39,37,39,0,1,14,0,4
92,5,0,4,11,-999999,39,-999999,39,0,1,-999999,0,5
92,6,0,5,9,-999999,39,-999999,39,0,1,-999999,0,6
93,1,0,0,11,-999999,37,-999999,-999999,1,0,-999999,1,0
93,3,2,0,12,-999999,39,-999999,-999999,1,0,-999999,3,0
93,4,3,0,11,-999999,37,-999999,-999999,1,0,-999999,4,0
93,5,4,0,13,-999999,39,-999999,-999999,1,0,-999999,5,0
93,6,5,0,15,-999999,39,-999999,-999999,1,0,-999999,6,0
93,1,0,0,11,-999999,37,-999999,37,0,1,-999999,0,1
93,3,0,2,12,-999999,39,-999999,39,0,1,-999999,0,3
93,4,0,3,11,-999999,37,-999999,37,0,1,-999999,0,4
93,5,0,4,13,-999999,39,-999999,39,0,1,-999999,0,5
93,6,0,5,15,-999999,39,-999999,39,0,1,-999999,0,6
94,1,0,0,17,-999999,39,-999999,-999999,1,0,-999999,1,0
94,3,2,0,13,-999999,40,-999999,-999999,1,0,-999999,3,0
94,4,3,0,12,-999999,40,-999999,-999999,1,0,-999999,4,0
94,5,4,0,13,-999999,36,-999999,-999999,1,0,-999999,5,0
94,6,5,0,11,-999999,38,-999999,-999999,1,0,-999999,6,0
94,1,0,0,17,-999999,39,-999999,39,0,1,-999999,0,1
94,3,0,2,13,-999999,40,-999999,40,0,1,-999999,0,3
94,4,0,3,12,-999999,40,-999999,40,0,1,-999999,0,4
94,5,0,4,13,-999999,36,-999999,36,0,1,-999999,0,5
94,6,0,5,11,-999999,38,-999999,38,0,1,-999999,0,6
95,1,0,0,18,12,37,35,35,1,0,35,1,0
95,3,2,0,16,16,36,30,30,1,0,30,3,0
95,4,3,0,21,20,35,31,31,1,0,31,4,0
95,5,4,0,22,25,36,26,26,1,0,26,5,0
95,6,5,0,20,20,36,27,27,1,0,27,6,0
95,1,0,0,18,12,37,35,37,0,1,12,0,1
95,3,0,2,16,16,36,30,36,0,1,16,0,3
95,4,0,3,21,20,35,31,35,0,1,20,0,4
95,5,0,4,22,25,36,26,36,0,1,25,0,5
95,6,0,5,20,20,36,27,36,0,1,20,0,6
96,1,0,0,24,9,35,38,38,1,0,38,1,0
96,3,2,0,22,10,39,37,37,1,0,37,3,0
96,4,3,0,20,11,40,38,38,1,0,38,4,0
96,5,4,0,25,12,40,35,35,1,0,35,5,0
96,6,5,0,17,16,39,34,34,1,0,34,6,0
96,1,0,0,24,9,35,38,35,0,1,9,0,1
96,3,0,2,22,10,39,37,39,0,1,10,0,3
96,4,0,3,20,11,40,38,40,0,1,11,0,4
96,5,0,4,25,12,40,35,40,0,1,12,0,5
96,6,0,5,17,16,39,34,39,0,1,16,0,6
97,1,0,0,13,11,39,38,38,1,0,38,1,0
97,3,2,0,13,9,36,32,32,1,0,32,3,0
97,4,3,0,21,14,37,32,32,1,0,32,4,0
97,5,4,0,16,14,36,30,30,1,0,30,5,0
97,6,5,0,22,14,35,30,30,1,0,30,6,0
97,1,0,0,13,11,39,38,39,0,1,11,0,1
97,3,0,2,13,9,36,32,36,0,1,9,0,3
97,4,0,3,21,14,37,32,37,0,1,14,0,4
97,5,0,4,16,14,36,30,36,0,1,14,0,5
97,6,0,5,22,14,35,30,35,0,1,14,0,6
98,1,0,0,26,10,35,38,38,1,0,38,1,0
98,3,2,0,25,-999999,30,-999999,-999999,1,0,-999999,3,0
98,4,3,0,17,9,37,18,18,1,0,18,4,0
98,5,4,0,20,22.166667,35,23,23,1,0,23,5,0
98,6,5,0,22,-999999,27,-999999,-999999,1,0,-999999,6,0
98,1,0,0,26,10,35,38,35,0,1,10,0,1
98,3,0,2,25,-999999,30,-999999,30,0,1,-999999,0,3
98,4,0,3,17,9,37,18,37,0,1,9,0,4
98,5,0,4,20,22.166667,35,23,35,0,1,22.166667,0,5
98,6,0,5,22,-999999,27,-999999,27,0,1,-999999,0,6
99,1,0,0,9,-999999,38,-999999,-999999,1,0,-999999,1,0
99,3,2,0,10,-999999,38,-999999,-999999,1,0,-999999,3,0
99,4,3,0,9,-999999,39,-999999,-999999,1,0,-999999,4,0
99,5,4,0,15,14,33,30,30,1,0,30,5,0
99,6,5,0,14,-999999,33,-999999,-999999,1,0,-999999,6,0
99,1,0,0,9,-999999,38,-999999,38,0,1,-999999,0,1
99,3,0,2,10,-999999,38,-999999,38,0,1,-999999,0,3
99,4,0,3,9,-999999,39,-999999,39,0,1,-999999,0,4
99,5,0,4,15,14,33,30,33,0,1,14,0,5
99,6,0,5,14,-999999,33,-999999,33,0,1,-999999,0,6
100,1,0,0,14,19,40,31,31,1,0,31,1,0
100,3,2,0,14,20,40,29,29,1,0,29,3,0
100,4,3,0,21,20,39,24,24,1,0,24,4,0
100,5,4,0,14,19,40,25,25,1,0,25,5,0
100,6,5,0,23,16,38,30,30,1,0,30,6,0
100,1,0,0,14,19,40,31,40,0,1,19,0,1
100,3,0,2,14,20,40,29,40,0,1,20,0,3
100,4,0,3,21,20,39,24,39,0,1,20,0,4
100,5,0,4,14,19,40,25,40,0,1,19,0,5
100,6,0,5,23,16,38,30,38,0,1,16,0,6
101,1,0,0,18,-999999,39,-999999,-999999,1,0,-999999,1,0
101,3,2,0,11,-999999,38,-999999,-999999,1,0,-999999,3,0
101,4,3,0,22,-999999,38,-999999,-999999,1,0,-999999,4,0
101,5,4,0,11,17,36,37,37,1,0,37,5,0
101,6,5,0,19,19,35,35,35,1,0,35,6,0
101,1,0,0,18,-999999,39,-999999,39,0,1,-999999,0,1
101,3,0,2,11,-999999,38,-999999,38,0,1,-999999,0,3
101,4,0,3,22,-999999,38,-999999,38,0,1,-999999,0,4
101,5,0,4,11,17,36,37,36,0,1,17,0,5
101,6,0,5,19,19,35,35,35,0,1,19,0,6
102,1,0,0,32,-999999,30,-999999,-999999,1,0,-999999,1,0
102,3,2,0,20,-999999,30,-999999,-999999,1,0,-999999,3,0
102,4,3,0,13,-999999,21,-999999,-999999,1,0,-999999,4,0
102,5,4,0,28,-999999,33,-999999,-999999,1,0,-999999,5,0
102,6,5,0,26,-999999,28,-999999,-999999,1,0,-999999,6,0
102,1,0,0,32,-999999,30,-999999,30,0,1,-999999,0,1
102,3,0,2,20,-999999,30,-999999,30,0,1,-999999,0,3
102,4,0,3,13,-999999,21,-999999,21,0,1,-999999,0,4
102,5,0,4,28,-999999,33,-999999,33,0,1,-999999,0,5
102,6,0,5,26,-999999,28,-999999,28,0,1,-999999,0,6
103,1,0,0,8,-999999,38,-999999,-999999,1,0,-999999,1,0
103,3,2,0,25,13,37,36,36,1,0,36,3,0
103,4,3,0,19,-999999,36,-999999,-999999,1,0,-999999,4,0
103,5,4,0,29,-999999,30,-999999,-999999,1,0,-999999,5,0
103,6,5,0,14,-999999,36,-999999,-999999,1,0,-999999,6,0
103,1,0,0,8,-999999,38,-999999,38,0,1,-999999,0,1
103,3,0,2,25,13,37,36,37,0,1,13,0,3
103,4,0,3,19,-999999,36,-999999,36,0,1,-999999,0,4
103,5,0,4,29,-999999,30,-999999,30,0,1,-999999,0,5
103,6,0,5,14,-999999,36,-999999,36,0,1,-999999,0,6
104,1,0,0,21,27,40,39,39,1,0,39,1,0
104,3,2,0,17,27,39,40,40,1,0,40,3,0
104,4,3,0,12,29,38,40,40,1,0,40,4,0
104,5,4,0,15,24,39,38,38,1,0,38,5,0
104,6,5,0,15,20,38,40,40,1,0,40,6,0
104,1,0,0,21,27,40,39,40,0,1,27,0,1
104,3,0,2,17,27,39,40,39,0,1,27,0,3
104,4,0,3,12,29,38,40,38,0,1,29,0,4
104,5,0,4,15,24,39,38,39,0,1,24,0,5
104,6,0,5,15,20,38,40,38,0,1,20,0,6
105,1,0,0,18,10,38,36,36,1,0,36,1,0
105,3,2,0,24,15,37,37,37,1,0,37,3,0
105,4,3,0,22,12,37,39,39,1,0,39,4,0
105,5,4,0,22,15,38,30.857143,30.857143,1,0,30.857143,5,0
105,6,5,0,18,15,37,39,39,1,0,39,6,0
105,1,0,0,18,10,38,36,38,0,1,10,0,1
105,3,0,2,24,15,37,37,37,0,1,15,0,3
105,4,0,3,22,12,37,39,37,0,1,12,0,4
105,5,0,4,22,15,38,30.857143,38,0,1,15,0,5
105,6,0,5,18,15,37,39,37,0,1,15,0,6
106,1,0,0,7,10,39,40,40,1,0,40,1,0
106,3,2,0,8,-999999,38,-999999,-999999,1,0,-999999,3,0
106,4,3,0,12,9,34,39,39,1,0,39,4,0
106,5,4,0,10,9,36,39,39,1,0,39,5,0
106,6,5,0,10,9,33,38,38,1,0,38,6,0
106,1,0,0,7,10,39,40,39,0,1,10,0,1
106,3,0,2,8,-999999,38,-999999,38,0,1,-999999,0,3
106,4,0,3,12,9,34,39,34,0,1,9,0,4
106,5,0,4,10,9,36,39,36,0,1,9,0,5
106,6,0,5,10,9,33,38,33,0,1,9,0,6
107,1,0,0,22,-999999,37,-999999,-999999,1,0,-999999,1,0
107,3,2,0,13,11,36,33,33,1,0,33,3,0
107,4,3,0,13,-999999,39,-999999,-999999,1,0,-999999,4,0
107,5,4,0,20,14,37,37,37,1,0,37,5,0
107,6,5,0,16,26,39,36,36,1,0,36,6,0
107,1,0,0,22,-999999,37,-999999,37,0,1,-999999,0,1
107,3,0,2,13,11,36,33,36,0,1,11,0,3
107,4,0,3,13,-999999,39,-999999,39,0,1,-999999,0,4
107,5,0,4,20,14,37,37,37,0,1,14,0,5
107,6,0,5,16,26,39,36,39,0,1,26,0,6
108,1,0,0,21,21,36,37,37,1,0,37,1,0
108,3,2,0,26,24,34,33,33,1,0,33,3,0
108,4,3,0,17,22,33,33,33,1,0,33,4,0
108,5,4,0,25,19,29,28,28,1,0,28,5,0
108,6,5,0,25,17,32,31,31,1,0,31,6,0
108,1,0,0,21,21,36,37,36,0,1,21,0,1
108,3,0,2,26,24,34,33,34,0,1,24,0,3
108,4,0,3,17,22,33,33,33,0,1,22,0,4
108,5,0,4,25,19,29,28,29,0,1,19,0,5
108,6,0,5,25,17,32,31,32,0,1,17,0,6
109,1,0,0,10,10,38,37,37,1,0,37,1,0
109,3,2,0,11,10,38,40,40,1,0,40,3,0
109,4,3,0,9,8,38,38,38,1,0,38,4,0
109,5,4,0,13,9,35,38,38,1,0,38,5,0
109,6,5,0,22,13,35,36,36,1,0,36,6,0
109,1,0,0,10,10,38,37,38,0,1,10,0,1
109,3,0,2,11,10,38,40,38,0,1,10,0,3
109,4,0,3,9,8,38,38,38,0,1,8,0,4
109,5,0,4,13,9,35,38,35,0,1,9,0,5
109,6,0,5,22,13,35,36,35,0,1,13,0,6
110,1,0,0,14,26,39,38,38,1,0,38,1,0
110,3,2,0,10,14,38,37,37,1,0,37,3,0
110,4,3,0,9,8,40,39,39,1,0,39,4,0
110,5,4,0,9,9,40,32,32,1,0,32,5,0
110,6,5,0,13,10,40,38,38,1,0,38,6,0
110,1,0,0,14,26,39,38,39,0,1,26,0,1
110,3,0,2,10,14,38,37,38,0,1,14,0,3
110,4,0,3,9,8,40,39,40,0,1,8,0,4
110,5,0,4,9,9,40,32,40,0,1,9,0,5
110,6,0,5,13,10,40,38,40,0,1,10,0,6
111,1,0,0,17,21,39,33,33,1,0,33,1,0
111,3,2,0,29,-999999,35,-999999,-999999,1,0,-999999,3,0
111,4,3,0,20,-999999,37,-999999,-999999,1,0,-999999,4,0
111,5,4,0,23,-999999,38,-999999,-999999,1,0,-999999,5,0
111,6,5,0,22,-999999,37,-999999,-999999,1,0,-999999,6,0
111,1,0,0,17,21,39,33,39,0,1,21,0,1
111,3,0,2,29,-999999,35,-999999,35,0,1,-999999,0,3
111,4,0,3,20,-999999,37,-999999,37,0,1,-999999,0,4
111,5,0,4,23,-999999,38,-999999,38,0,1,-999999,0,5
111,6,0,5,22,-999999,37,-999999,37,0,1,-999999,0,6
112,1,0,0,17,28,37,35,35,1,0,35,1,0
112,3,2,0,24,-999999,37,-999999,-999999,1,0,-999999,3,0
112,4,3,0,16,26,39,34,34,1,0,34,4,0
112,5,4,0,15,-999999,38,-999999,-999999,1,0,-999999,5,0
112,6,5,0,13,26,40,32,32,1,0,32,6,0
112,1,0,0,17,28,37,35,37,0,1,28,0,1
112,3,0,2,24,-999999,37,-999999,37,0,1,-999999,0,3
112,4,0,3,16,26,39,34,39,0,1,26,0,4
112,5,0,4,15,-999999,38,-999999,38,0,1,-999999,0,5
112,6,0,5,13,26,40,32,40,0,1,26,0,6
113,1,0,0,19,17,40,38,38,1,0,38,1,0
113,3,2,0,22,17,37,34,34,1,0,34,3,0
113,4,3,0,23,16,37,31,31,1,0,31,4,0
113,5,4,0,20,17,33,34,34,1,0,34,5,0
113,6,5,0,22,-999999,37,-999999,-999999,1,0,-999999,6,0
113,1,0,0,19,17,40,38,40,0,1,17,0,1
113,3,0,2,22,17,37,34,37,0,1,17,0,3
113,4,0,3,23,16,37,31,37,0,1,16,0,4
113,5,0,4,20,17,33,34,33,0,1,17,0,5
113,6,0,5,22,-999999,37,-999999,37,0,1,-999999,0,6
114,1,0,0,14,-999999,39,-999999,-999999,1,0,-999999,1,0
114,3,2,0,14,22,38,25,25,1,0,25,3,0
114,4,3,0,18,18,35,28,28,1,0,28,4,0
114,5,4,0,18,24,35,27,27,1,0,27,5,0
114,6,5,0,26,24,36,30,30,1,0,30,6,0
114,1,0,0,14,-999999,39,-999999,39,0,1,-999999,0,1
114,3,0,2,14,22,38,25,38,0,1,22,0,3
114,4,0,3,18,18,35,28,35,0,1,18,0,4
114,5,0,4,18,24,35,27,35,0,1,24,0,5
114,6,0,5,26,24,36,30,36,0,1,24,0,6
115,1,0,0,17,18,40,30,30,1,0,30,1,0
115,3,2,0,18,19,39,30,30,1,0,30,3,0
115,4,3,0,-999999,21,-999999,28,28,1,0,28,4,0
115,6,5,0,24,25,40,31,31,1,0,31,6,0
115,1,0,0,17,18,40,30,40,0,1,18,0,1
115,3,0,2,18,19,39,30,39,0,1,19,0,3
115,4,0,3,-999999,21,-999999,28,-999999,0,1,21,0,4
115,6,0,5,24,25,40,31,40,0,1,25,0,6
116,1,0,0,11,10,39,38,38,1,0,38,1,0
116,3,2,0,12,7,40,39,39,1,0,39,3,0
116,4,3,0,10,-999999,39,-999999,-999999,1,0,-999999,4,0
116,5,4,0,8,9,40,38,38,1,0,38,5,0
116,6,5,0,13,8,39,39,39,1,0,39,6,0
116,1,0,0,11,10,39,38,39,0,1,10,0,1
116,3,0,2,12,7,40,39,40,0,1,7,0,3
116,4,0,3,10,-999999,39,-999999,39,0,1,-999999,0,4
116,5,0,4,8,9,40,38,40,0,1,9,0,5
116,6,0,5,13,8,39,39,39,0,1,8,0,6
117,1,0,0,22,-999999,37,-999999,-999999,1,0,-999999,1,0
117,3,2,0,19,-999999,32,-999999,-999999,1,0,-999999,3,0
117,4,3,0,18,-999999,35,-999999,-999999,1,0,-999999,4,0
117,5,4,0,22,14,31,36,36,1,0,36,5,0
117,6,5,0,26,16,31,31,31,1,0,31,6,0
117,1,0,0,22,-999999,37,-999999,37,0,1,-999999,0,1
117,3,0,2,19,-999999,32,-999999,32,0,1,-999999,0,3
117,4,0,3,18,-999999,35,-999999,35,0,1,-999999,0,4
117,5,0,4,22,14,31,36,31,0,1,14,0,5
117,6,0,5,26,16,31,31,31,0,1,16,0,6
118,1,0,0,10,11,31,36,36,1,0,36,1,0
118,3,2,0,12,18,35,30,30,1,0,30,3,0
118,4,3,0,8,16,30,29,29,1,0,29,4,0
118,5,4,0,10,23,30,26,26,1,0,26,5,0
118,6,5,0,10,20,28,26,26,1,0,26,6,0
118,1,0,0,10,11,31,36,31,0,1,11,0,1
118,3,0,2,12,18,35,30,35,0,1,18,0,3
118,4,0,3,8,16,30,29,30,0,1,16,0,4
118,5,0,4,10,23,30,26,30,0,1,23,0,5
118,6,0,5,10,20,28,26,28,0,1,20,0,6
119,1,0,0,9,9,38,35,35,1,0,35,1,0
119,3,2,0,11,12,37,33,33,1,0,33,3,0
119,4,3,0,12,9,40,40,40,1,0,40,4,0
119,5,4,0,7,12,38,36,36,1,0,36,5,0
119,6,5,0,11,13,38,36,36,1,0,36,6,0
119,1,0,0,9,9,38,35,38,0,1,9,0,1
119,3,0,2,11,12,37,33,37,0,1,12,0,3
119,4,0,3,12,9,40,40,40,0,1,9,0,4
119,5,0,4,7,12,38,36,38,0,1,12,0,5
119,6,0,5,11,13,38,36,38,0,1,13,0,6
120,1,0,0,15,-999999,40,-999999,-999999,1,0,-999999,1,0
120,3,2,0,17,13,39,37,37,1,0,37,3,0
120,4,3,0,15,-999999,37,-999999,-999999,1,0,-999999,4,0
120,5,4,0,16,-999999,36,-999999,-999999,1,0,-999999,5,0
120,6,5,0,12,-999999,40,-999999,-999999,1,0,-999999,6,0
120,1,0,0,15,-999999,40,-999999,40,0,1,-999999,0,1
120,3,0,2,17,13,39,37,39,0,1,13,0,3
120,4,0,3,15,-999999,37,-999999,37,0,1,-999999,0,4
120,5,0,4,16,-999999,36,-999999,36,0,1,-999999,0,5
120,6,0,5,12,-999999,40,-999999,40,0,1,-999999,0,6
121,1,0,0,10,15,39,38,38,1,0,38,1,0
121,3,2,0,17,15,39,38,38,1,0,38,3,0
121,4,3,0,13,12,38,38,38,1,0,38,4,0
121,5,4,0,12,18,40,37,37,1,0,37,5,0
121,6,5,0,13,-999999,39,-999999,-999999,1,0,-999999,6,0
121,1,0,0,10,15,39,38,39,0,1,15,0,1
121,3,0,2,17,15,39,38,39,0,1,15,0,3
121,4,0,3,13,12,38,38,38,0,1,12,0,4
121,5,0,4,12,18,40,37,40,0,1,18,0,5
121,6,0,5,13,-999999,39,-999999,39,0,1,-999999,0,6
122,1,0,0,7,7,34,38,38,1,0,38,1,0
122,3,2,0,10,12,35,39,39,1,0,39,3,0
122,4,3,0,11,9,36,36,36,1,0,36,4,0
122,5,4,0,11,14,37,39,39,1,0,39,5,0
122,6,5,0,10,13,35,38,38,1,0,38,6,0
122,1,0,0,7,7,34,38,34,0,1,7,0,1
122,3,0,2,10,12,35,39,35,0,1,12,0,3
122,4,0,3,11,9,36,36,36,0,1,9,0,4
122,5,0,4,11,14,37,39,37,0,1,14,0,5
122,6,0,5,10,13,35,38,35,0,1,13,0,6
123,1,0,0,12,-999999,38,-999999,-999999,1,0,-999999,1,0
123,3,2,0,20,-999999,38,-999999,-999999,1,0,-999999,3,0
123,4,3,0,15,-999999,39,-999999,-999999,1,0,-999999,4,0
123,5,4,0,15,-999999,40,-999999,-999999,1,0,-999999,5,0
123,6,5,0,15,-999999,39,-999999,-999999,1,0,-999999,6,0
123,1,0,0,12,-999999,38,-999999,38,0,1,-999999,0,1
123,3,0,2,20,-999999,38,-999999,38,0,1,-999999,0,3
123,4,0,3,15,-999999,39,-999999,39,0,1,-999999,0,4
123,5,0,4,15,-999999,40,-999999,40,0,1,-999999,0,5
123,6,0,5,15,-999999,39,-999999,39,0,1,-999999,0,6
124,1,0,0,10,-999999,36,-999999,-999999,1,0,-999999,1,0
124,3,2,0,11,16,38,32,32,1,0,32,3,0
124,4,3,0,20,13,37,31,31,1,0,31,4,0
124,5,4,0,14,11,32,33,33,1,0,33,5,0
124,6,5,0,16,14,32,32,32,1,0,32,6,0
124,1,0,0,10,-999999,36,-999999,36,0,1,-999999,0,1
124,3,0,2,11,16,38,32,38,0,1,16,0,3
124,4,0,3,20,13,37,31,37,0,1,13,0,4
124,5,0,4,14,11,32,33,32,0,1,11,0,5
124,6,0,5,16,14,32,32,32,0,1,14,0,6
125,1,0,0,13,14,40,31,31,1,0,31,1,0
125,1,0,0,13,14,40,31,40,0,1,14,0,1
126,3,2,0,23,-999999,34,-999999,-999999,1,0,-999999,3,0
126,4,3,0,24,-999999,33,-999999,-999999,1,0,-999999,4,0
126,5,4,0,22,-999999,35,-999999,-999999,1,0,-999999,5,0
126,6,5,0,27,-999999,30,-999999,-999999,1,0,-999999,6,0
126,3,0,2,23,-999999,34,-999999,34,0,1,-999999,0,3
126,4,0,3,24,-999999,33,-999999,33,0,1,-999999,0,4
126,5,0,4,22,-999999,35,-999999,35,0,1,-999999,0,5
126,6,0,5,27,-999999,30,-999999,30,0,1,-999999,0,6
127,1,0,0,16,17,40,28,28,1,0,28,1,0
127,3,2,0,22,18,-999999,19,19,1,0,19,3,0
127,4,3,0,13,9,34,27,27,1,0,27,4,0
127,5,4,0,18,16,39,28,28,1,0,28,5,0
127,6,5,0,17,19,35,25,25,1,0,25,6,0
127,1,0,0,16,17,40,28,40,0,1,17,0,1
127,3,0,2,22,18,-999999,19,-999999,0,1,18,0,3
127,4,0,3,13,9,34,27,34,0,1,9,0,4
127,5,0,4,18,16,39,28,39,0,1,16,0,5
127,6,0,5,17,19,35,25,35,0,1,19,0,6
128,1,0,0,10,11,40,35,35,1,0,35,1,0
128,3,2,0,14,9,39,36,36,1,0,36,3,0
128,4,3,0,11,7,38,38,38,1,0,38,4,0
128,5,4,0,15,7,39,38,38,1,0,38,5,0
128,6,5,0,13,7,38,38,38,1,0,38,6,0
128,1,0,0,10,11,40,35,40,0,1,11,0,1
128,3,0,2,14,9,39,36,39,0,1,9,0,3
128,4,0,3,11,7,38,38,38,0,1,7,0,4
128,5,0,4,15,7,39,38,39,0,1,7,0,5
128,6,0,5,13,7,38,38,38,0,1,7,0,6
129,1,0,0,18,12,40,38,38,1,0,38,1,0
129,3,2,0,13,-999999,38,-999999,-999999,1,0,-999999,3,0
129,1,0,0,18,12,40,38,40,0,1,12,0,1
129,3,0,2,13,-999999,38,-999999,38,0,1,-999999,0,3
130,1,0,0,10,-999999,40,-999999,-999999,1,0,-999999,1,0
130,3,2,0,20,-999999,39,-999999,-999999,1,0,-999999,3,0
130,4,3,0,18,-999999,40,-999999,-999999,1,0,-999999,4,0
130,5,4,0,20,-999999,39,-999999,-999999,1,0,-999999,5,0
130,6,5,0,15,-999999,39,-999999,-999999,1,0,-999999,6,0
130,1,0,0,10,-999999,40,-999999,40,0,1,-999999,0,1
130,3,0,2,20,-999999,39,-999999,39,0,1,-999999,0,3
130,4,0,3,18,-999999,40,-999999,40,0,1,-999999,0,4
130,5,0,4,20,-999999,39,-999999,39,0,1,-999999,0,5
130,6,0,5,15,-999999,39,-999999,39,0,1,-999999,0,6
131,1,0,0,21,21,35,31,31,1,0,31,1,0
131,3,2,0,19,14,37,34,34,1,0,34,3,0
131,4,3,0,24,-999999,33,-999999,-999999,1,0,-999999,4,0
131,5,4,0,18,-999999,34,-999999,-999999,1,0,-999999,5,0
131,6,5,0,20,-999999,35,-999999,-999999,1,0,-999999,6,0
131,1,0,0,21,21,35,31,35,0,1,21,0,1
131,3,0,2,19,14,37,34,37,0,1,14,0,3
131,4,0,3,24,-999999,33,-999999,33,0,1,-999999,0,4
131,5,0,4,18,-999999,34,-999999,34,0,1,-999999,0,5
131,6,0,5,20,-999999,35,-999999,35,0,1,-999999,0,6
132,1,0,0,8,10,40,40,40,1,0,40,1,0
132,3,2,0,8,9,40,40,40,1,0,40,3,0
132,4,3,0,9,9,40,40,40,1,0,40,4,0
132,5,4,0,8,8,39,40,40,1,0,40,5,0
132,6,5,0,7,11,40,39,39,1,0,39,6,0
132,1,0,0,8,10,40,40,40,0,1,10,0,1
132,3,0,2,8,9,40,40,40,0,1,9,0,3
132,4,0,3,9,9,40,40,40,0,1,9,0,4
132,5,0,4,8,8,39,40,39,0,1,8,0,5
132,6,0,5,7,11,40,39,40,0,1,11,0,6
133,1,0,0,11,21,38,39,39,1,0,39,1,0
133,3,2,0,10,15,36,40,40,1,0,40,3,0
133,4,3,0,11,17,36,40,40,1,0,40,4,0
133,5,4,0,16,21,39,40,40,1,0,40,5,0
133,6,5,0,11,26,34,39,39,1,0,39,6,0
133,1,0,0,11,21,38,39,38,0,1,21,0,1
133,3,0,2,10,15,36,40,36,0,1,15,0,3
133,4,0,3,11,17,36,40,36,0,1,17,0,4
133,5,0,4,16,21,39,40,39,0,1,21,0,5
133,6,0,5,11,26,34,39,34,0,1,26,0,6
134,1,0,0,8,14,31,33,33,1,0,33,1,0
134,3,2,0,7,11,36,37,37,1,0,37,3,0
134,4,3,0,7,16,37,33,33,1,0,33,4,0
134,5,4,0,13,21,30,30,30,1,0,30,5,0
134,6,5,0,10,19,37,28,28,1,0,28,6,0
134,1,0,0,8,14,31,33,31,0,1,14,0,1
134,3,0,2,7,11,36,37,36,0,1,11,0,3
134,4,0,3,7,16,37,33,37,0,1,16,0,4
134,5,0,4,13,21,30,30,30,0,1,21,0,5
134,6,0,5,10,19,37,28,37,0,1,19,0,6
135,1,0,0,19,8,38,38,38,1,0,38,1,0
135,3,2,0,13,7,36,36,36,1,0,36,3,0
135,4,3,0,15,-999999,36,-999999,-999999,1,0,-999999,4,0
135,5,4,0,12,-999999,36,-999999,-999999,1,0,-999999,5,0
135,6,5,0,16,8,36,39,39,1,0,39,6,0
135,1,0,0,19,8,38,38,38,0,1,8,0,1
135,3,0,2,13,7,36,36,36,0,1,7,0,3
135,4,0,3,15,-999999,36,-999999,36,0,1,-999999,0,4
135,5,0,4,12,-999999,36,-999999,36,0,1,-999999,0,5
135,6,0,5,16,8,36,39,36,0,1,8,0,6
136,1,0,0,22,20,34,37,37,1,0,37,1,0
136,4,3,0,21,21,37,32,32,1,0,32,4,0
136,5,4,0,24,30,34,34,34,1,0,34,5,0
136,6,5,0,-999999,20,-999999,35,35,1,0,35,6,0
136,1,0,0,22,20,34,37,34,0,1,20,0,1
136,4,0,3,21,21,37,32,37,0,1,21,0,4
136,5,0,4,24,30,34,34,34,0,1,30,0,5
136,6,0,5,-999999,20,-999999,35,-999999,0,1,20,0,6
137,1,0,0,13,14,37,38,38,1,0,38,1,0
137,3,2,0,13,18,37,36,36,1,0,36,3,0
137,4,3,0,19,14,36,34,34,1,0,34,4,0
137,5,4,0,12,24,39,34,34,1,0,34,5,0
137,6,5,0,15,16,38,33,33,1,0,33,6,0
137,1,0,0,13,14,37,38,37,0,1,14,0,1
137,3,0,2,13,18,37,36,37,0,1,18,0,3
137,4,0,3,19,14,36,34,36,0,1,14,0,4
137,5,0,4,12,24,39,34,39,0,1,24,0,5
137,6,0,5,15,16,38,33,38,0,1,16,0,6
138,1,0,0,20,7,38,40,40,1,0,40,1,0
138,3,2,0,25,-999999,34,-999999,-999999,1,0,-999999,3,0
138,4,3,0,27,23,32,36,36,1,0,36,4,0
138,5,4,0,27,19,32,36,36,1,0,36,5,0
138,6,5,0,29,21,32,35,35,1,0,35,6,0
138,1,0,0,20,7,38,40,38,0,1,7,0,1
138,3,0,2,25,-999999,34,-999999,34,0,1,-999999,0,3
138,4,0,3,27,23,32,36,32,0,1,23,0,4
138,5,0,4,27,19,32,36,32,0,1,19,0,5
138,6,0,5,29,21,32,35,32,0,1,21,0,6
139,1,0,0,10,9,40,35,35,1,0,35,1,0
139,3,2,0,15,11,36,36,36,1,0,36,3,0
139,4,3,0,12,-999999,38,-999999,-999999,1,0,-999999,4,0
139,5,4,0,16,8,38,34,34,1,0,34,5,0
139,6,5,0,15,15,37,36,36,1,0,36,6,0
139,1,0,0,10,9,40,35,40,0,1,9,0,1
139,3,0,2,15,11,36,36,36,0,1,11,0,3
139,4,0,3,12,-999999,38,-999999,38,0,1,-999999,0,4
139,5,0,4,16,8,38,34,38,0,1,8,0,5
139,6,0,5,15,15,37,36,37,0,1,15,0,6
140,3,2,0,20,23,39,39,39,1,0,39,3,0
140,4,3,0,21,17,38,39,39,1,0,39,4,0
140,5,4,0,20,22,37,38,38,1,0,38,5,0
140,6,5,0,16,15,36,39,39,1,0,39,6,0
140,3,0,2,20,23,39,39,39,0,1,23,0,3
140,4,0,3,21,17,38,39,38,0,1,17,0,4
140,5,0,4,20,22,37,38,37,0,1,22,0,5
140,6,0,5,16,15,36,39,36,0,1,15,0,6
141,3,2,0,13,9,39,38,38,1,0,38,3,0
141,5,4,0,13,-999999,37,-999999,-999999,1,0,-999999,5,0
141,3,0,2,13,9,39,38,39,0,1,9,0,3
141,5,0,4,13,-999999,37,-999999,37,0,1,-999999,0,5
142,1,0,0,20,-999999,36,-999999,-999999,1,0,-999999,1,0
142,3,2,0,20,-999999,37,-999999,-999999,1,0,-999999,3,0
142,4,3,0,22,-999999,38,-999999,-999999,1,0,-999999,4,0
142,5,4,0,20,-999999,33,-999999,-999999,1,0,-999999,5,0
142,6,5,0,19,-999999,36,-999999,-999999,1,0,-999999,6,0
142,1,0,0,20,-999999,36,-999999,36,0,1,-999999,0,1
142,3,0,2,20,-999999,37,-999999,37,0,1,-999999,0,3
142,4,0,3,22,-999999,38,-999999,38,0,1,-999999,0,4
142,5,0,4,20,-999999,33,-999999,33,0,1,-999999,0,5
142,6,0,5,19,-999999,36,-999999,36,0,1,-999999,0,6
143,1,0,0,18,22,34,37,37,1,0,37,1,0
143,3,2,0,17,19,38,36,36,1,0,36,3,0
143,4,3,0,20,27,34,36,36,1,0,36,4,0
143,5,4,0,22,25,35,36,36,1,0,36,5,0
143,6,5,0,20,26,37,33,33,1,0,33,6,0
143,1,0,0,18,22,34,37,34,0,1,22,0,1
143,3,0,2,17,19,38,36,38,0,1,19,0,3
143,4,0,3,20,27,34,36,34,0,1,27,0,4
143,5,0,4,22,25,35,36,35,0,1,25,0,5
143,6,0,5,20,26,37,33,37,0,1,26,0,6
144,1,0,0,21,15,40,40,40,1,0,40,1,0
144,3,2,0,22,18,40,38,38,1,0,38,3,0
144,4,3,0,17,22,40,36,36,1,0,36,4,0
144,5,4,0,19,10,39,37,37,1,0,37,5,0
144,6,5,0,20,18,39,35,35,1,0,35,6,0
144,1,0,0,21,15,40,40,40,0,1,15,0,1
144,3,0,2,22,18,40,38,40,0,1,18,0,3
144,4,0,3,17,22,40,36,40,0,1,22,0,4
144,5,0,4,19,10,39,37,39,0,1,10,0,5
144,6,0,5,20,18,39,35,39,0,1,18,0,6
145,1,0,0,9,7,40,40,40,1,0,40,1,0
145,3,2,0,10,-999999,39,-999999,-999999,1,0,-999999,3,0
145,4,3,0,8,8,40,36,36,1,0,36,4,0
145,5,4,0,12,8,40,39,39,1,0,39,5,0
145,6,5,0,7,7,40,40,40,1,0,40,6,0
145,1,0,0,9,7,40,40,40,0,1,7,0,1
145,3,0,2,10,-999999,39,-999999,39,0,1,-999999,0,3
145,4,0,3,8,8,40,36,40,0,1,8,0,4
145,5,0,4,12,8,40,39,40,0,1,8,0,5
145,6,0,5,7,7,40,40,40,0,1,7,0,6
146,1,0,0,21,12,38,34,34,1,0,34,1,0
146,3,2,0,15,18,37,33,33,1,0,33,3,0
146,4,3,0,18,-999999,39,-999999,-999999,1,0,-999999,4,0
146,5,4,0,15,-999999,40,-999999,-999999,1,0,-999999,5,0
146,6,5,0,20,-999999,38,-999999,-999999,1,0,-999999,6,0
146,1,0,0,21,12,38,34,38,0,1,12,0,1
146,3,0,2,15,18,37,33,37,0,1,18,0,3
146,4,0,3,18,-999999,39,-999999,39,0,1,-999999,0,4
146,5,0,4,15,-999999,40,-999999,40,0,1,-999999,0,5
146,6,0,5,20,-999999,38,-999999,38,0,1,-999999,0,6
147,1,0,0,13,9,40,40,40,1,0,40,1,0
147,3,2,0,17,-999999,40,-999999,-999999,1,0,-999999,3,0
147,4,3,0,15,14,40,37,37,1,0,37,4,0
147,5,4,0,17,22,40,35,35,1,0,35,5,0
147,6,5,0,29,22,40,37,37,1,0,37,6,0
147,1,0,0,13,9,40,40,40,0,1,9,0,1
147,3,0,2,17,-999999,40,-999999,40,0,1,-999999,0,3
147,4,0,3,15,14,40,37,40,0,1,14,0,4
147,5,0,4,17,22,40,35,40,0,1,22,0,5
147,6,0,5,29,22,40,37,40,0,1,22,0,6
148,1,0,0,19,17,38,39,39,1,0,39,1,0
148,3,2,0,20,-999999,36,-999999,-999999,1,0,-999999,3,0
148,4,3,0,19,-999999,35,-999999,-999999,1,0,-999999,4,0
148,5,4,0,19,17,34,35,35,1,0,35,5,0
148,6,5,0,15,-999999,37,-999999,-999999,1,0,-999999,6,0
148,1,0,0,19,17,38,39,38,0,1,17,0,1
148,3,0,2,20,-999999,36,-999999,36,0,1,-999999,0,3
148,4,0,3,19,-999999,35,-999999,35,0,1,-999999,0,4
148,5,0,4,19,17,34,35,34,0,1,17,0,5
148,6,0,5,15,-999999,37,-999999,37,0,1,-999999,0,6
149,1,0,0,7,11,40,39,39,1,0,39,1,0
149,3,2,0,7,7,40,38,38,1,0,38,3,0
149,4,3,0,7,7,40,38,38,1,0,38,4,0
149,5,4,0,7,7,40,38,38,1,0,38,5,0
149,6,5,0,7,9,36,37,37,1,0,37,6,0
149,1,0,0,7,11,40,39,40,0,1,11,0,1
149,3,0,2,7,7,40,38,40,0,1,7,0,3
149,4,0,3,7,7,40,38,40,0,1,7,0,4
149,5,0,4,7,7,40,38,40,0,1,7,0,5
149,6,0,5,7,9,36,37,36,0,1,9,0,6
150,1,0,0,22,21,38,39,39,1,0,39,1,0
150,3,2,0,13,15,37,36,36,1,0,36,3,0
150,4,3,0,15,22,37,34,34,1,0,34,4,0
150,5,4,0,17,15,34,35,35,1,0,35,5,0
150,6,5,0,13,15,38,35,35,1,0,35,6,0
150,1,0,0,22,21,38,39,38,0,1,21,0,1
150,3,0,2,13,15,37,36,37,0,1,15,0,3
150,4,0,3,15,22,37,34,37,0,1,22,0,4
150,5,0,4,17,15,34,35,34,0,1,15,0,5
150,6,0,5,13,15,38,35,38,0,1,15,0,6
151,1,0,0,25,24,40,40,40,1,0,40,1,0
151,3,2,0,30,19,39,40,40,1,0,40,3,0
151,4,3,0,30,15,37,40,40,1,0,40,4,0
151,5,4,0,28,19,38,40,40,1,0,40,5,0
151,6,5,0,24,15,38,40,40,1,0,40,6,0
151,1,0,0,25,24,40,40,40,0,1,24,0,1
151,3,0,2,30,19,39,40,39,0,1,19,0,3
151,4,0,3,30,15,37,40,37,0,1,15,0,4
151,5,0,4,28,19,38,40,38,0,1,19,0,5
151,6,0,5,24,15,38,40,38,0,1,15,0,6
152,1,0,0,8,7,40,38,38,1,0,38,1,0
152,3,2,0,13,9,37,34,34,1,0,34,3,0
152,4,3,0,15,11,40,36,36,1,0,36,4,0
152,5,4,0,21,12,37,30,30,1,0,30,5,0
152,6,5,0,15,10,40,30,30,1,0,30,6,0
152,1,0,0,8,7,40,38,40,0,1,7,0,1
152,3,0,2,13,9,37,34,37,0,1,9,0,3
152,4,0,3,15,11,40,36,40,0,1,11,0,4
152,5,0,4,21,12,37,30,37,0,1,12,0,5
152,6,0,5,15,10,40,30,40,0,1,10,0,6
153,1,0,0,8,11,40,37,37,1,0,37,1,0
153,1,0,0,8,11,40,37,40,0,1,11,0,1
154,1,0,0,18,8,39,40,40,1,0,40,1,0
154,3,2,0,18,16,39,40,40,1,0,40,3,0
154,4,3,0,18,-999999,38,-999999,-999999,1,0,-999999,4,0
154,5,4,0,16,-999999,39,-999999,-999999,1,0,-999999,5,0
154,6,5,0,19,15,37,35,35,1,0,35,6,0
154,1,0,0,18,8,39,40,39,0,1,8,0,1
154,3,0,2,18,16,39,40,39,0,1,16,0,3
154,4,0,3,18,-999999,38,-999999,38,0,1,-999999,0,4
154,5,0,4,16,-999999,39,-999999,39,0,1,-999999,0,5
154,6,0,5,19,15,37,35,37,0,1,15,0,6
155,1,0,0,21,7,40,34,34,1,0,34,1,0
155,1,0,0,21,7,40,34,40,0,1,7,0,1
156,1,0,0,16,-999999,34,-999999,-999999,1,0,-999999,1,0
156,3,2,0,23,-999999,36,-999999,-999999,1,0,-999999,3,0
156,4,3,0,16,-999999,38,-999999,-999999,1,0,-999999,4,0
156,5,4,0,16,-999999,35,-999999,-999999,1,0,-999999,5,0
156,6,5,0,23,19,33,36,36,1,0,36,6,0
156,1,0,0,16,-999999,34,-999999,34,0,1,-999999,0,1
156,3,0,2,23,-999999,36,-999999,36,0,1,-999999,0,3
156,4,0,3,16,-999999,38,-999999,38,0,1,-999999,0,4
156,5,0,4,16,-999999,35,-999999,35,0,1,-999999,0,5
156,6,0,5,23,19,33,36,33,0,1,19,0,6
157,3,2,0,13,-999999,37,-999999,-999999,1,0,-999999,3,0
157,4,3,0,13,-999999,32,-999999,-999999,1,0,-999999,4,0
157,5,4,0,18,-999999,35,-999999,-999999,1,0,-999999,5,0
157,6,5,0,17,-999999,36,-999999,-999999,1,0,-999999,6,0
157,3,0,2,13,-999999,37,-999999,37,0,1,-999999,0,3
157,4,0,3,13,-999999,32,-999999,32,0,1,-999999,0,4
157,5,0,4,18,-999999,35,-999999,35,0,1,-999999,0,5
157,6,0,5,17,-999999,36,-999999,36,0,1,-999999,0,6
158,1,0,0,21,17,40,30,30,1,0,30,1,0
158,3,2,0,13,14,40,35,35,1,0,35,3,0
158,4,3,0,20,12,39,34,34,1,0,34,4,0
158,5,4,0,19,15,37,33,33,1,0,33,5,0
158,6,5,0,24,13,38,36,36,1,0,36,6,0
158,1,0,0,21,17,40,30,40,0,1,17,0,1
158,3,0,2,13,14,40,35,40,0,1,14,0,3
158,4,0,3,20,12,39,34,39,0,1,12,0,4
158,5,0,4,19,15,37,33,37,0,1,15,0,5
158,6,0,5,24,13,38,36,38,0,1,13,0,6
159,1,0,0,11,21,40,28,28,1,0,28,1,0
159,3,2,0,20,15,37,40,40,1,0,40,3,0
159,4,3,0,17,27,40,26,26,1,0,26,4,0
159,5,4,0,16,29,39,28,28,1,0,28,5,0
159,6,5,0,19,30,40,30,30,1,0,30,6,0
159,1,0,0,11,21,40,28,40,0,1,21,0,1
159,3,0,2,20,15,37,40,37,0,1,15,0,3
159,4,0,3,17,27,40,26,40,0,1,27,0,4
159,5,0,4,16,29,39,28,39,0,1,29,0,5
159,6,0,5,19,30,40,30,40,0,1,30,0,6
160,1,0,0,7,7,40,38,38,1,0,38,1,0
160,3,2,0,7,7,38,31,31,1,0,31,3,0
160,4,3,0,9,7,39,35,35,1,0,35,4,0
160,5,4,0,7,9,39,35,35,1,0,35,5,0
160,6,5,0,8,8,39,34,34,1,0,34,6,0
160,1,0,0,7,7,40,38,40,0,1,7,0,1
160,3,0,2,7,7,38,31,38,0,1,7,0,3
160,4,0,3,9,7,39,35,39,0,1,7,0,4
160,5,0,4,7,9,39,35,39,0,1,9,0,5
160,6,0,5,8,8,39,34,39,0,1,8,0,6
161,1,0,0,8,-999999,39,-999999,-999999,1,0,-999999,1,0
161,3,2,0,7,-999999,40,-999999,-999999,1,0,-999999,3,0
161,4,3,0,8,-999999,39,-999999,-999999,1,0,-999999,4,0
161,5,4,0,8,8,37,39,39,1,0,39,5,0
161,6,5,0,8,8,40,37,37,1,0,37,6,0
161,1,0,0,8,-999999,39,-999999,39,0,1,-999999,0,1
161,3,0,2,7,-999999,40,-999999,40,0,1,-999999,0,3
161,4,0,3,8,-999999,39,-999999,39,0,1,-999999,0,4
161,5,0,4,8,8,37,39,37,0,1,8,0,5
161,6,0,5,8,8,40,37,40,0,1,8,0,6
162,1,0,0,15,-999999,40,-999999,-999999,1,0,-999999,1,0
162,3,2,0,16,-999999,38,-999999,-999999,1,0,-999999,3,0
162,4,3,0,22,-999999,39,-999999,-999999,1,0,-999999,4,0
162,5,4,0,19,-999999,39,-999999,-999999,1,0,-999999,5,0
162,6,5,0,28,-999999,34,-999999,-999999,1,0,-999999,6,0
162,1,0,0,15,-999999,40,-999999,40,0,1,-999999,0,1
162,3,0,2,16,-999999,38,-999999,38,0,1,-999999,0,3
162,4,0,3,22,-999999,39,-999999,39,0,1,-999999,0,4
162,5,0,4,19,-999999,39,-999999,39,0,1,-999999,0,5
162,6,0,5,28,-999999,34,-999999,34,0,1,-999999,0,6
163,3,2,0,16,15,31,25,25,1,0,25,3,0
163,4,3,0,19,22,26,30,30,1,0,30,4,0
163,5,4,0,18,26,26,29,29,1,0,29,5,0
163,6,5,0,16.333333,22,31,30,30,1,0,30,6,0
163,3,0,2,16,15,31,25,31,0,1,15,0,3
163,4,0,3,19,22,26,30,26,0,1,22,0,4
163,5,0,4,18,26,26,29,26,0,1,26,0,5
163,6,0,5,16.333333,22,31,30,31,0,1,22,0,6
164,1,0,0,16,12,39,36,36,1,0,36,1,0
164,3,2,0,29,-999999,31,-999999,-999999,1,0,-999999,3,0
164,4,3,0,21,12,39,33,33,1,0,33,4,0
164,5,4,0,20,-999999,34,-999999,-999999,1,0,-999999,5,0
164,6,5,0,23,-999999,26,-999999,-999999,1,0,-999999,6,0
164,1,0,0,16,12,39,36,39,0,1,12,0,1
164,3,0,2,29,-999999,31,-999999,31,0,1,-999999,0,3
164,4,0,3,21,12,39,33,39,0,1,12,0,4
164,5,0,4,20,-999999,34,-999999,34,0,1,-999999,0,5
164,6,0,5,23,-999999,26,-999999,26,0,1,-999999,0,6
165,1,0,0,33,11,38,40,40,1,0,40,1,0
165,3,2,0,23,24,39,35,35,1,0,35,3,0
165,4,3,0,29,21,37,33,33,1,0,33,4,0
165,5,4,0,29,25,38,33,33,1,0,33,5,0
165,6,5,0,33,28,36,23,23,1,0,23,6,0
165,1,0,0,33,11,38,40,38,0,1,11,0,1
165,3,0,2,23,24,39,35,39,0,1,24,0,3
165,4,0,3,29,21,37,33,37,0,1,21,0,4
165,5,0,4,29,25,38,33,38,0,1,25,0,5
165,6,0,5,33,28,36,23,36,0,1,28,0,6
166,1,0,0,14,15,39,31,31,1,0,31,1,0
166,3,2,0,20,-999999,36,-999999,-999999,1,0,-999999,3,0
166,4,3,0,22,-999999,29,-999999,-999999,1,0,-999999,4,0
166,5,4,0,23,22,33,24,24,1,0,24,5,0
166,6,5,0,22,22,35,26,26,1,0,26,6,0
166,1,0,0,14,15,39,31,39,0,1,15,0,1
166,3,0,2,20,-999999,36,-999999,36,0,1,-999999,0,3
166,4,0,3,22,-999999,29,-999999,29,0,1,-999999,0,4
166,5,0,4,23,22,33,24,33,0,1,22,0,5
166,6,0,5,22,22,35,26,35,0,1,22,0,6
167,1,0,0,24,-999999,22,-999999,-999999,1,0,-999999,1,0
167,3,2,0,20,-999999,40,-999999,-999999,1,0,-999999,3,0
167,4,3,0,20,-999999,36,-999999,-999999,1,0,-999999,4,0
167,5,4,0,16,-999999,40,-999999,-999999,1,0,-999999,5,0
167,6,5,0,11,-999999,35,-999999,-999999,1,0,-999999,6,0
167,1,0,0,24,-999999,22,-999999,22,0,1,-999999,0,1
167,3,0,2,20,-999999,40,-999999,40,0,1,-999999,0,3
167,4,0,3,20,-999999,36,-999999,36,0,1,-999999,0,4
167,5,0,4,16,-999999,40,-999999,40,0,1,-999999,0,5
167,6,0,5,11,-999999,35,-999999,35,0,1,-999999,0,6
168,1,0,0,8,-999999,40,-999999,-999999,1,0,-999999,1,0
168,3,2,0,7,12,39,33,33,1,0,33,3,0
168,4,3,0,7,12,39,36,36,1,0,36,4,0
168,5,4,0,7,14,39,34,34,1,0,34,5,0
168,6,5,0,7,11,40,32,32,1,0,32,6,0
168,1,0,0,8,-999999,40,-999999,40,0,1,-999999,0,1
168,3,0,2,7,12,39,33,39,0,1,12,0,3
168,4,0,3,7,12,39,36,39,0,1,12,0,4
168,5,0,4,7,14,39,34,39,0,1,14,0,5
168,6,0,5,7,11,40,32,40,0,1,11,0,6
169,1,0,0,8,9,40,38,38,1,0,38,1,0
169,3,2,0,10,11,36,39,39,1,0,39,3,0
169,4,3,0,9,-999999,38,-999999,-999999,1,0,-999999,4,0
169,5,4,0,9,-999999,39,-999999,-999999,1,0,-999999,5,0
169,6,5,0,15,-999999,35,-999999,-999999,1,0,-999999,6,0
169,1,0,0,8,9,40,38,40,0,1,9,0,1
169,3,0,2,10,11,36,39,36,0,1,11,0,3
169,4,0,3,9,-999999,38,-999999,38,0,1,-999999,0,4
169,5,0,4,9,-999999,39,-999999,39,0,1,-999999,0,5
169,6,0,5,15,-999999,35,-999999,35,0,1,-999999,0,6
170,1,0,0,24,16,30,31,31,1,0,31,1,0
170,3,2,0,22,16,38,28,28,1,0,28,3,0
170,4,3,0,20,13,32,32,32,1,0,32,4,0
170,5,4,0,18,11,31,27,27,1,0,27,5,0
170,6,5,0,16,16,35,31,31,1,0,31,6,0
170,1,0,0,24,16,30,31,30,0,1,16,0,1
170,3,0,2,22,16,38,28,38,0,1,16,0,3
170,4,0,3,20,13,32,32,32,0,1,13,0,4
170,5,0,4,18,11,31,27,31,0,1,11,0,5
170,6,0,5,16,16,35,31,35,0,1,16,0,6
171,1,0,0,13,10,39,37,37,1,0,37,1,0
171,3,2,0,15,11,39,29,29,1,0,29,3,0
171,4,3,0,13,11,39,35,35,1,0,35,4,0
171,5,4,0,18,16,39,28,28,1,0,28,5,0
171,6,5,0,17,14,38,34,34,1,0,34,6,0
171,1,0,0,13,10,39,37,39,0,1,10,0,1
171,3,0,2,15,11,39,29,39,0,1,11,0,3
171,4,0,3,13,11,39,35,39,0,1,11,0,4
171,5,0,4,18,16,39,28,39,0,1,16,0,5
171,6,0,5,17,14,38,34,38,0,1,14,0,6
172,1,0,0,16,23,38,35,35,1,0,35,1,0
172,3,2,0,23,20,33,33,33,1,0,33,3,0
172,4,3,0,22,21,33,30,30,1,0,30,4,0
172,5,4,0,18,21,36,29,29,1,0,29,5,0
172,6,5,0,20,22,34,33,33,1,0,33,6,0
172,1,0,0,16,23,38,35,38,0,1,23,0,1
172,3,0,2,23,20,33,33,33,0,1,20,0,3
172,4,0,3,22,21,33,30,33,0,1,21,0,4
172,5,0,4,18,21,36,29,36,0,1,21,0,5
172,6,0,5,20,22,34,33,34,0,1,22,0,6
173,1,0,0,18,16,39,32,32,1,0,32,1,0
173,3,2,0,12,17,38,38,38,1,0,38,3,0
173,4,3,0,11,14,34,34,34,1,0,34,4,0
173,5,4,0,12,13,39,38,38,1,0,38,5,0
173,6,5,0,15,13,36,38,38,1,0,38,6,0
173,1,0,0,18,16,39,32,39,0,1,16,0,1
173,3,0,2,12,17,38,38,38,0,1,17,0,3
173,4,0,3,11,14,34,34,34,0,1,14,0,4
173,5,0,4,12,13,39,38,39,0,1,13,0,5
173,6,0,5,15,13,36,38,36,0,1,13,0,6
174,1,0,0,27,-999999,29,-999999,-999999,1,0,-999999,1,0
174,3,2,0,26,-999999,29,-999999,-999999,1,0,-999999,3,0
174,4,3,0,27,-999999,25,-999999,-999999,1,0,-999999,4,0
174,5,4,0,24,28,20,35,35,1,0,35,5,0
174,6,5,0,30,-999999,21,-999999,-999999,1,0,-999999,6,0
174,1,0,0,27,-999999,29,-999999,29,0,1,-999999,0,1
174,3,0,2,26,-999999,29,-999999,29,0,1,-999999,0,3
174,4,0,3,27,-999999,25,-999999,25,0,1,-999999,0,4
174,5,0,4,24,28,20,35,20,0,1,28,0,5
174,6,0,5,30,-999999,21,-999999,21,0,1,-999999,0,6
175,1,0,0,13,11,38,35,35,1,0,35,1,0
175,3,2,0,16,15,37,34,34,1,0,34,3,0
175,6,5,0,10,-999999,38,-999999,-999999,1,0,-999999,6,0
175,1,0,0,13,11,38,35,38,0,1,11,0,1
175,3,0,2,16,15,37,34,37,0,1,15,0,3
175,6,0,5,10,-999999,38,-999999,38,0,1,-999999,0,6
176,1,0,0,19,-999999,39,-999999,-999999,1,0,-999999,1,0
176,3,2,0,25,-999999,38,-999999,-999999,1,0,-999999,3,0
176,4,3,0,17,-999999,39,-999999,-999999,1,0,-999999,4,0
176,5,4,0,19,-999999,38,-999999,-999999,1,0,-999999,5,0
176,6,5,0,18,-999999,40,-999999,-999999,1,0,-999999,6,0
176,1,0,0,19,-999999,39,-999999,39,0,1,-999999,0,1
176,3,0,2,25,-999999,38,-999999,38,0,1,-999999,0,3
176,4,0,3,17,-999999,39,-999999,39,0,1,-999999,0,4
176,5,0,4,19,-999999,38,-999999,38,0,1,-999999,0,5
176,6,0,5,18,-999999,40,-999999,40,0,1,-999999,0,6
177,1,0,0,9,15,38,39,39,1,0,39,1,0
177,3,2,0,12,17,40,36,36,1,0,36,3,0
177,4,3,0,10,-999999,40,-999999,-999999,1,0,-999999,4,0
177,5,4,0,14,18,34,40,40,1,0,40,5,0
177,6,5,0,12,16,38,37,37,1,0,37,6,0
177,1,0,0,9,15,38,39,38,0,1,15,0,1
177,3,0,2,12,17,40,36,40,0,1,17,0,3
177,4,0,3,10,-999999,40,-999999,40,0,1,-999999,0,4
177,5,0,4,14,18,34,40,34,0,1,18,0,5
177,6,0,5,12,16,38,37,38,0,1,16,0,6
178,1,0,0,20,11,36,40,40,1,0,40,1,0
178,3,2,0,25,12,38,33,33,1,0,33,3,0
178,4,3,0,18,12,38,36,36,1,0,36,4,0
178,5,4,0,17,12,38,30,30,1,0,30,5,0
178,6,5,0,15,11,35,32,32,1,0,32,6,0
178,1,0,0,20,11,36,40,36,0,1,11,0,1
178,3,0,2,25,12,38,33,38,0,1,12,0,3
178,4,0,3,18,12,38,36,38,0,1,12,0,4
178,5,0,4,17,12,38,30,38,0,1,12,0,5
178,6,0,5,15,11,35,32,35,0,1,11,0,6
179,1,0,0,14,12,40,39,39,1,0,39,1,0
179,3,2,0,11,9,39,36,36,1,0,36,3,0
179,4,3,0,15,12,39,34,34,1,0,34,4,0
179,5,4,0,16,-999999,35,-999999,-999999,1,0,-999999,5,0
179,6,5,0,14,-999999,38,-999999,-999999,1,0,-999999,6,0
179,1,0,0,14,12,40,39,40,0,1,12,0,1
179,3,0,2,11,9,39,36,39,0,1,9,0,3
179,4,0,3,15,12,39,34,39,0,1,12,0,4
179,5,0,4,16,-999999,35,-999999,35,0,1,-999999,0,5
179,6,0,5,14,-999999,38,-999999,38,0,1,-999999,0,6
180,1,0,0,27,17,37,40,40,1,0,40,1,0
180,3,2,0,21,21,34,36,36,1,0,36,3,0
180,4,3,0,19,14,37,40,40,1,0,40,4,0
180,5,4,0,24,22,39,36,36,1,0,36,5,0
180,6,5,0,22,21,33,38,38,1,0,38,6,0
180,1,0,0,27,17,37,40,37,0,1,17,0,1
180,3,0,2,21,21,34,36,34,0,1,21,0,3
180,4,0,3,19,14,37,40,37,0,1,14,0,4
180,5,0,4,24,22,39,36,39,0,1,22,0,5
180,6,0,5,22,21,33,38,33,0,1,21,0,6
181,1,0,0,24,20,40,39,39,1,0,39,1,0
181,3,2,0,21,18,38,31,31,1,0,31,3,0
181,4,3,0,26,-999999,39,-999999,-999999,1,0,-999999,4,0
181,6,5,0,26,-999999,37,-999999,-999999,1,0,-999999,6,0
181,1,0,0,24,20,40,39,40,0,1,20,0,1
181,3,0,2,21,18,38,31,38,0,1,18,0,3
181,4,0,3,26,-999999,39,-999999,39,0,1,-999999,0,4
181,6,0,5,26,-999999,37,-999999,37,0,1,-999999,0,6
182,1,0,0,19,16,40,27,27,1,0,27,1,0
182,3,2,0,17,11,40,27,27,1,0,27,3,0
182,4,3,0,20,14,40,28,28,1,0,28,4,0
182,5,4,0,22,8,39,32,32,1,0,32,5,0
182,6,5,0,26,14,37,24,24,1,0,24,6,0
182,1,0,0,19,16,40,27,40,0,1,16,0,1
182,3,0,2,17,11,40,27,40,0,1,11,0,3
182,4,0,3,20,14,40,28,40,0,1,14,0,4
182,5,0,4,22,8,39,32,39,0,1,8,0,5
182,6,0,5,26,14,37,24,37,0,1,14,0,6
183,1,0,0,11,-999999,39,-999999,-999999,1,0,-999999,1,0
183,3,2,0,12,14,37,17,17,1,0,17,3,0
183,4,3,0,10,15,31,20,20,1,0,20,4,0
183,5,4,0,14,13,36,21,21,1,0,21,5,0
183,6,5,0,15,15,38,26,26,1,0,26,6,0
183,1,0,0,11,-999999,39,-999999,39,0,1,-999999,0,1
183,3,0,2,12,14,37,17,37,0,1,14,0,3
183,4,0,3,10,15,31,20,31,0,1,15,0,4
183,5,0,4,14,13,36,21,36,0,1,13,0,5
183,6,0,5,15,15,38,26,38,0,1,15,0,6
184,1,0,0,11,14,37,36,36,1,0,36,1,0
184,4,3,0,12,28,34,31,31,1,0,31,4,0
184,1,0,0,11,14,37,36,37,0,1,14,0,1
184,4,0,3,12,28,34,31,34,0,1,28,0,4
185,1,0,0,7,17,40,38,38,1,0,38,1,0
185,3,2,0,7,14,39,39,39,1,0,39,3,0
185,4,3,0,7,16,39,38,38,1,0,38,4,0
185,5,4,0,11,11,39,32,32,1,0,32,5,0
185,6,5,0,7,10,40,35,35,1,0,35,6,0
185,1,0,0,7,17,40,38,40,0,1,17,0,1
185,3,0,2,7,14,39,39,39,0,1,14,0,3
185,4,0,3,7,16,39,38,39,0,1,16,0,4
185,5,0,4,11,11,39,32,39,0,1,11,0,5
185,6,0,5,7,10,40,35,40,0,1,10,0,6
186,1,0,0,11,-999999,33,-999999,-999999,1,0,-999999,1,0
186,4,3,0,20,-999999,30,-999999,-999999,1,0,-999999,4,0
186,5,4,0,22,-999999,39,-999999,-999999,1,0,-999999,5,0
186,6,5,0,18,-999999,33,-999999,-999999,1,0,-999999,6,0
186,1,0,0,11,-999999,33,-999999,33,0,1,-999999,0,1
186,4,0,3,20,-999999,30,-999999,30,0,1,-999999,0,4
186,5,0,4,22,-999999,39,-999999,39,0,1,-999999,0,5
186,6,0,5,18,-999999,33,-999999,33,0,1,-999999,0,6
187,1,0,0,11,20,39,36,36,1,0,36,1,0
187,3,2,0,11,21,39,28,28,1,0,28,3,0
187,5,4,0,13,18,40,27,27,1,0,27,5,0
187,1,0,0,11,20,39,36,39,0,1,20,0,1
187,3,0,2,11,21,39,28,39,0,1,21,0,3
187,5,0,4,13,18,40,27,40,0,1,18,0,5
188,1,0,0,8,10,39,40,40,1,0,40,1,0
188,3,2,0,9,-999999,34,-999999,-999999,1,0,-999999,3,0
188,4,3,0,14,-999999,39,-999999,-999999,1,0,-999999,4,0
188,5,4,0,8,-999999,36,-999999,-999999,1,0,-999999,5,0
188,6,5,0,9,-999999,38,-999999,-999999,1,0,-999999,6,0
188,1,0,0,8,10,39,40,39,0,1,10,0,1
188,3,0,2,9,-999999,34,-999999,34,0,1,-999999,0,3
188,4,0,3,14,-999999,39,-999999,39,0,1,-999999,0,4
188,5,0,4,8,-999999,36,-999999,36,0,1,-999999,0,5
188,6,0,5,9,-999999,38,-999999,38,0,1,-999999,0,6
189,1,0,0,8,9,40,40,40,1,0,40,1,0
189,1,0,0,8,9,40,40,40,0,1,9,0,1
190,3,2,0,13,-999999,39,-999999,-999999,1,0,-999999,3,0
190,4,3,0,-999999,-999999,38.857143,-999999,-999999,1,0,-999999,4,0
190,5,4,0,13,-999999,38,-999999,-999999,1,0,-999999,5,0
190,6,5,0,16,-999999,39,-999999,-999999,1,0,-999999,6,0
190,3,0,2,13,-999999,39,-999999,39,0,1,-999999,0,3
190,4,0,3,-999999,-999999,38.857143,-999999,38.857143,0,1,-999999,0,4
190,5,0,4,13,-999999,38,-999999,38,0,1,-999999,0,5
190,6,0,5,16,-999999,39,-999999,39,0,1,-999999,0,6
191,3,2,0,14,-999999,39,-999999,-999999,1,0,-999999,3,0
191,4,3,0,16,-999999,40,-999999,-999999,1,0,-999999,4,0
191,5,4,0,11,26,40,34,34,1,0,34,5,0
191,6,5,0,26,24,40,36,36,1,0,36,6,0
191,3,0,2,14,-999999,39,-999999,39,0,1,-999999,0,3
191,4,0,3,16,-999999,40,-999999,40,0,1,-999999,0,4
191,5,0,4,11,26,40,34,40,0,1,26,0,5
191,6,0,5,26,24,40,36,40,0,1,24,0,6
192,1,0,0,13,-999999,40,-999999,-999999,1,0,-999999,1,0
192,3,2,0,7,-999999,40,-999999,-999999,1,0,-999999,3,0
192,4,3,0,7,-999999,40,-999999,-999999,1,0,-999999,4,0
192,5,4,0,10,-999999,40,-999999,-999999,1,0,-999999,5,0
192,6,5,0,7,17,40,35,35,1,0,35,6,0
192,1,0,0,13,-999999,40,-999999,40,0,1,-999999,0,1
192,3,0,2,7,-999999,40,-999999,40,0,1,-999999,0,3
192,4,0,3,7,-999999,40,-999999,40,0,1,-999999,0,4
192,5,0,4,10,-999999,40,-999999,40,0,1,-999999,0,5
192,6,0,5,7,17,40,35,40,0,1,17,0,6
193,1,0,0,11,13,40,40,40,1,0,40,1,0
193,3,2,0,10,11,39,39,39,1,0,39,3,0
193,4,3,0,13,9,38,38,38,1,0,38,4,0
193,5,4,0,13,19,38,39,39,1,0,39,5,0
193,6,5,0,10,19,40,37,37,1,0,37,6,0
193,1,0,0,11,13,40,40,40,0,1,13,0,1
193,3,0,2,10,11,39,39,39,0,1,11,0,3
193,4,0,3,13,9,38,38,38,0,1,9,0,4
193,5,0,4,13,19,38,39,38,0,1,19,0,5
193,6,0,5,10,19,40,37,40,0,1,19,0,6
194,1,0,0,20,12,33,33,33,1,0,33,1,0
194,3,2,0,10,-999999,31,-999999,-999999,1,0,-999999,3,0
194,4,3,0,11,12,28,18,18,1,0,18,4,0
194,5,4,0,9,13,29,40,40,1,0,40,5,0
194,6,5,0,22.166667,9,29,38,38,1,0,38,6,0
194,1,0,0,20,12,33,33,33,0,1,12,0,1
194,3,0,2,10,-999999,31,-999999,31,0,1,-999999,0,3
194,4,0,3,11,12,28,18,28,0,1,12,0,4
194,5,0,4,9,13,29,40,29,0,1,13,0,5
194,6,0,5,22.166667,9,29,38,29,0,1,9,0,6
195,1,0,0,10,12,37,37,37,1,0,37,1,0
195,3,2,0,11,16,37,34,34,1,0,34,3,0
195,4,3,0,14,15,40,30,30,1,0,30,4,0
195,5,4,0,11,16,40,34,34,1,0,34,5,0
195,6,5,0,20,18,38,32,32,1,0,32,6,0
195,1,0,0,10,12,37,37,37,0,1,12,0,1
195,3,0,2,11,16,37,34,37,0,1,16,0,3
195,4,0,3,14,15,40,30,40,0,1,15,0,4
195,5,0,4,11,16,40,34,40,0,1,16,0,5
195,6,0,5,20,18,38,32,38,0,1,18,0,6
196,1,0,0,8,8,40,39,39,1,0,39,1,0
196,3,2,0,11,7,39,36,36,1,0,36,3,0
196,4,3,0,9,-999999,40,-999999,-999999,1,0,-999999,4,0
196,5,4,0,17,16,33,32,32,1,0,32,5,0
196,6,5,0,13,-999999,39,-999999,-999999,1,0,-999999,6,0
196,1,0,0,8,8,40,39,40,0,1,8,0,1
196,3,0,2,11,7,39,36,39,0,1,7,0,3
196,4,0,3,9,-999999,40,-999999,40,0,1,-999999,0,4
196,5,0,4,17,16,33,32,33,0,1,16,0,5
196,6,0,5,13,-999999,39,-999999,39,0,1,-999999,0,6
197,1,0,0,8,7,40,39,39,1,0,39,1,0
197,1,0,0,8,7,40,39,40,0,1,7,0,1
198,1,0,0,24,12,39,36,36,1,0,36,1,0
198,3,2,0,22,13,38,33,33,1,0,33,3,0
198,4,3,0,26,14,38,31,31,1,0,31,4,0
198,5,4,0,22,12,38,34,34,1,0,34,5,0
198,6,5,0,22,13,39,36,36,1,0,36,6,0
198,1,0,0,24,12,39,36,39,0,1,12,0,1
198,3,0,2,22,13,38,33,38,0,1,13,0,3
198,4,0,3,26,14,38,31,38,0,1,14,0,4
198,5,0,4,22,12,38,34,38,0,1,12,0,5
198,6,0,5,22,13,39,36,39,0,1,13,0,6
199,1,0,0,19,20,37,31,31,1,0,31,1,0
199,4,3,0,21,-999999,38,-999999,-999999,1,0,-999999,4,0
199,5,4,0,15,22,38,34,34,1,0,34,5,0
199,6,5,0,21,-999999,40,-999999,-999999,1,0,-999999,6,0
199,1,0,0,19,20,37,31,37,0,1,20,0,1
199,4,0,3,21,-999999,38,-999999,38,0,1,-999999,0,4
199,5,0,4,15,22,38,34,38,0,1,22,0,5
199,6,0,5,21,-999999,40,-999999,40,0,1,-999999,0,6
200,1,0,0,20,11,40,39,39,1,0,39,1,0
200,3,2,0,25,11,36,38,38,1,0,38,3,0
200,4,3,0,27,-999999,34,-999999,-999999,1,0,-999999,4,0
200,1,0,0,20,11,40,39,40,0,1,11,0,1
200,3,0,2,25,11,36,38,36,0,1,11,0,3
200,4,0,3,27,-999999,34,-999999,34,0,1,-999999,0,4
201,3,2,0,15,16,38,30,30,1,0,30,3,0
201,4,3,0,15,14,39,28,28,1,0,28,4,0
201,5,4,0,15,17,39,30,30,1,0,30,5,0
201,6,5,0,14,14,38,38,38,1,0,38,6,0
201,3,0,2,15,16,38,30,38,0,1,16,0,3
201,4,0,3,15,14,39,28,39,0,1,14,0,4
201,5,0,4,15,17,39,30,39,0,1,17,0,5
201,6,0,5,14,14,38,38,38,0,1,14,0,6
202,3,2,0,11,13,39,40,40,1,0,40,3,0
202,3,0,2,11,13,39,40,39,0,1,13,0,3
203,1,0,0,18,21,40,33,33,1,0,33,1,0
203,3,2,0,18,15,40,34,34,1,0,34,3,0
203,4,3,0,23,25,40,33,33,1,0,33,4,0
203,5,4,0,13,25,40,33,33,1,0,33,5,0
203,6,5,0,14,21,40,36,36,1,0,36,6,0
203,1,0,0,18,21,40,33,40,0,1,21,0,1
203,3,0,2,18,15,40,34,40,0,1,15,0,3
203,4,0,3,23,25,40,33,40,0,1,25,0,4
203,5,0,4,13,25,40,33,40,0,1,25,0,5
203,6,0,5,14,21,40,36,40,0,1,21,0,6
204,1,0,0,25,16,38,38,38,1,0,38,1,0
204,3,2,0,26,17,32,38,38,1,0,38,3,0
204,4,3,0,23,-999999,32,-999999,-999999,1,0,-999999,4,0
204,5,4,0,20,15,35,37,37,1,0,37,5,0
204,6,5,0,22,20,34,38,38,1,0,38,6,0
204,1,0,0,25,16,38,38,38,0,1,16,0,1
204,3,0,2,26,17,32,38,32,0,1,17,0,3
204,4,0,3,23,-999999,32,-999999,32,0,1,-999999,0,4
204,5,0,4,20,15,35,37,35,0,1,15,0,5
204,6,0,5,22,20,34,38,34,0,1,20,0,6
205,1,0,0,15,11,39,35,35,1,0,35,1,0
205,3,2,0,16,14,39,31,31,1,0,31,3,0
205,4,3,0,16,16,37,32,32,1,0,32,4,0
205,5,4,0,19,21,40,33,33,1,0,33,5,0
205,6,5,0,18,-999999,38,-999999,-999999,1,0,-999999,6,0
205,1,0,0,15,11,39,35,39,0,1,11,0,1
205,3,0,2,16,14,39,31,39,0,1,14,0,3
205,4,0,3,16,16,37,32,37,0,1,16,0,4
205,5,0,4,19,21,40,33,40,0,1,21,0,5
205,6,0,5,18,-999999,38,-999999,38,0,1,-999999,0,6
206,1,0,0,8,8,35,40,40,1,0,40,1,0
206,3,2,0,10,11,36,40,40,1,0,40,3,0
206,4,3,0,10,8,36,40,40,1,0,40,4,0
206,5,4,0,7,7,37,40,40,1,0,40,5,0
206,6,5,0,7,8,40,39,39,1,0,39,6,0
206,1,0,0,8,8,35,40,35,0,1,8,0,1
206,3,0,2,10,11,36,40,36,0,1,11,0,3
206,4,0,3,10,8,36,40,36,0,1,8,0,4
206,5,0,4,7,7,37,40,37,0,1,7,0,5
206,6,0,5,7,8,40,39,40,0,1,8,0,6
207,1,0,0,18,11,38,36,36,1,0,36,1,0
207,3,2,0,21,13,37,36,36,1,0,36,3,0
207,4,3,0,20,14,39,35,35,1,0,35,4,0
207,5,4,0,20,11,37,30,30,1,0,30,5,0
207,6,5,0,22,11,35,37,37,1,0,37,6,0
207,1,0,0,18,11,38,36,38,0,1,11,0,1
207,3,0,2,21,13,37,36,37,0,1,13,0,3
207,4,0,3,20,14,39,35,39,0,1,14,0,4
207,5,0,4,20,11,37,30,37,0,1,11,0,5
207,6,0,5,22,11,35,37,35,0,1,11,0,6
208,1,0,0,9,22,40,36,36,1,0,36,1,0
208,3,2,0,11,20,40,38,38,1,0,38,3,0
208,4,3,0,13,14,36,36,36,1,0,36,4,0
208,5,4,0,20,21,36,36,36,1,0,36,5,0
208,6,5,0,10,25,40,33,33,1,0,33,6,0
208,1,0,0,9,22,40,36,40,0,1,22,0,1
208,3,0,2,11,20,40,38,40,0,1,20,0,3
208,4,0,3,13,14,36,36,36,0,1,14,0,4
208,5,0,4,20,21,36,36,36,0,1,21,0,5
208,6,0,5,10,25,40,33,40,0,1,25,0,6
209,1,0,0,12,10,39,36,36,1,0,36,1,0
209,3,2,0,10,12,36,35,35,1,0,35,3,0
209,4,3,0,12,10,40,34,34,1,0,34,4,0
209,5,4,0,15,14,39,33,33,1,0,33,5,0
209,6,5,0,11,13,37,37,37,1,0,37,6,0
209,1,0,0,12,10,39,36,39,0,1,10,0,1
209,3,0,2,10,12,36,35,36,0,1,12,0,3
209,4,0,3,12,10,40,34,40,0,1,10,0,4
209,5,0,4,15,14,39,33,39,0,1,14,0,5
209,6,0,5,11,13,37,37,37,0,1,13,0,6
210,1,0,0,11,-999999,39,-999999,-999999,1,0,-999999,1,0
210,3,2,0,12,-999999,39,-999999,-999999,1,0,-999999,3,0
210,4,3,0,15,-999999,40,-999999,-999999,1,0,-999999,4,0
210,5,4,0,15,21,35,35,35,1,0,35,5,0
210,6,5,0,8,14,38,27,27,1,0,27,6,0
210,1,0,0,11,-999999,39,-999999,39,0,1,-999999,0,1
210,3,0,2,12,-999999,39,-999999,39,0,1,-999999,0,3
210,4,0,3,15,-999999,40,-999999,40,0,1,-999999,0,4
210,5,0,4,15,21,35,35,35,0,1,21,0,5
210,6,0,5,8,14,38,27,38,0,1,14,0,6
211,1,0,0,9,10,37,37,37,1,0,37,1,0
211,3,2,0,8,-999999,37,-999999,-999999,1,0,-999999,3,0
211,4,3,0,12,12,35,36,36,1,0,36,4,0
211,5,4,0,12,-999999,37,-999999,-999999,1,0,-999999,5,0
211,6,5,0,13,-999999,38,-999999,-999999,1,0,-999999,6,0
211,1,0,0,9,10,37,37,37,0,1,10,0,1
211,3,0,2,8,-999999,37,-999999,37,0,1,-999999,0,3
211,4,0,3,12,12,35,36,35,0,1,12,0,4
211,5,0,4,12,-999999,37,-999999,37,0,1,-999999,0,5
211,6,0,5,13,-999999,38,-999999,38,0,1,-999999,0,6
212,4,3,0,16,-999999,39,-999999,-999999,1,0,-999999,4,0
212,5,4,0,15,12,38,36,36,1,0,36,5,0
212,6,5,0,11,15,39,36,36,1,0,36,6,0
212,4,0,3,16,-999999,39,-999999,39,0,1,-999999,0,4
212,5,0,4,15,12,38,36,38,0,1,12,0,5
212,6,0,5,11,15,39,36,39,0,1,15,0,6
213,1,0,0,24,15,39,34,34,1,0,34,1,0
213,3,2,0,22,16,33,33,33,1,0,33,3,0
213,4,3,0,20,15,32,30,30,1,0,30,4,0
213,5,4,0,22,16,29,29,29,1,0,29,5,0
213,6,5,0,26,26,26,34,34,1,0,34,6,0
213,1,0,0,24,15,39,34,39,0,1,15,0,1
213,3,0,2,22,16,33,33,33,0,1,16,0,3
213,4,0,3,20,15,32,30,32,0,1,15,0,4
213,5,0,4,22,16,29,29,29,0,1,16,0,5
213,6,0,5,26,26,26,34,26,0,1,26,0,6
214,1,0,0,16,22,38,39,39,1,0,39,1,0
214,3,2,0,15,15,38,37,37,1,0,37,3,0
214,4,3,0,11,16,37,38,38,1,0,38,4,0
214,5,4,0,15,14,38,37,37,1,0,37,5,0
214,6,5,0,12,15,37,35,35,1,0,35,6,0
214,1,0,0,16,22,38,39,38,0,1,22,0,1
214,3,0,2,15,15,38,37,38,0,1,15,0,3
214,4,0,3,11,16,37,38,37,0,1,16,0,4
214,5,0,4,15,14,38,37,38,0,1,14,0,5
214,6,0,5,12,15,37,35,37,0,1,15,0,6
215,1,0,0,9,12,40,36,36,1,0,36,1,0
215,3,2,0,10,10,38,36,36,1,0,36,3,0
215,4,3,0,10,9,38,36,36,1,0,36,4,0
215,5,4,0,8,12,40,35,35,1,0,35,5,0
215,6,5,0,9,9,39,33,33,1,0,33,6,0
215,1,0,0,9,12,40,36,40,0,1,12,0,1
215,3,0,2,10,10,38,36,38,0,1,10,0,3
215,4,0,3,10,9,38,36,38,0,1,9,0,4
215,5,0,4,8,12,40,35,40,0,1,12,0,5
215,6,0,5,9,9,39,33,39,0,1,9,0,6
216,1,0,0,12,16,40,34,34,1,0,34,1,0
216,3,2,0,15,16,37,35,35,1,0,35,3,0
216,4,3,0,21,19,35,34,34,1,0,34,4,0
216,5,4,0,22,18,34,32,32,1,0,32,5,0
216,6,5,0,27,21,36,36,36,1,0,36,6,0
216,1,0,0,12,16,40,34,40,0,1,16,0,1
216,3,0,2,15,16,37,35,37,0,1,16,0,3
216,4,0,3,21,19,35,34,35,0,1,19,0,4
216,5,0,4,22,18,34,32,34,0,1,18,0,5
216,6,0,5,27,21,36,36,36,0,1,21,0,6
217,1,0,0,20,15,37,35,35,1,0,35,1,0
217,3,2,0,11,12,38,33,33,1,0,33,3,0
217,4,3,0,20,14,40,35,35,1,0,35,4,0
217,6,5,0,24,13,36,34,34,1,0,34,6,0
217,1,0,0,20,15,37,35,37,0,1,15,0,1
217,3,0,2,11,12,38,33,38,0,1,12,0,3
217,4,0,3,20,14,40,35,40,0,1,14,0,4
217,6,0,5,24,13,36,34,36,0,1,13,0,6
218,3,2,0,12,11,38,34,34,1,0,34,3,0
218,4,3,0,16,22,37,28.571429,28.571429,1,0,28.571429,4,0
218,5,4,0,17,24,39,36,36,1,0,36,5,0
218,6,5,0,12,24,35,31,31,1,0,31,6,0
218,3,0,2,12,11,38,34,38,0,1,11,0,3
218,4,0,3,16,22,37,28.571429,37,0,1,22,0,4
218,5,0,4,17,24,39,36,39,0,1,24,0,5
218,6,0,5,12,24,35,31,35,0,1,24,0,6
219,1,0,0,26,13,40,36,36,1,0,36,1,0
219,3,2,0,14,13,39,37,37,1,0,37,3,0
219,4,3,0,13,16,40,36,36,1,0,36,4,0
219,5,4,0,12,14,39,32,32,1,0,32,5,0
219,6,5,0,13,17,40,35,35,1,0,35,6,0
219,1,0,0,26,13,40,36,40,0,1,13,0,1
219,3,0,2,14,13,39,37,39,0,1,13,0,3
219,4,0,3,13,16,40,36,40,0,1,16,0,4
219,5,0,4,12,14,39,32,39,0,1,14,0,5
219,6,0,5,13,17,40,35,40,0,1,17,0,6
220,1,0,0,9,-999999,40,-999999,-999999,1,0,-999999,1,0
220,4,3,0,10,-999999,40,-999999,-999999,1,0,-999999,4,0
220,5,4,0,11,-999999,39,32,32,1,0,32,5,0
220,6,5,0,13,-999999,35,-999999,-999999,1,0,-999999,6,0
220,1,0,0,9,-999999,40,-999999,40,0,1,-999999,0,1
220,4,0,3,10,-999999,40,-999999,40,0,1,-999999,0,4
220,5,0,4,11,-999999,39,32,39,0,1,-999999,0,5
220,6,0,5,13,-999999,35,-999999,35,0,1,-999999,0,6
221,1,0,0,-999999,11,-999999,36,36,1,0,36,1,0
221,3,2,0,8,12,36,37,37,1,0,37,3,0
221,4,3,0,7,-999999,40,-999999,-999999,1,0,-999999,4,0
221,5,4,0,13,8,40,39,39,1,0,39,5,0
221,6,5,0,7,7,39,40,40,1,0,40,6,0
221,1,0,0,-999999,11,-999999,36,-999999,0,1,11,0,1
221,3,0,2,8,12,36,37,36,0,1,12,0,3
221,4,0,3,7,-999999,40,-999999,40,0,1,-999999,0,4
221,5,0,4,13,8,40,39,40,0,1,8,0,5
221,6,0,5,7,7,39,40,39,0,1,7,0,6
222,1,0,0,15,12,40,39,39,1,0,39,1,0
222,3,2,0,7,14,40,34,34,1,0,34,3,0
222,4,3,0,12,13,35,38,38,1,0,38,4,0
222,5,4,0,-999999,13,-999999,37,37,1,0,37,5,0
222,6,5,0,19,13,27,36,36,1,0,36,6,0
222,1,0,0,15,12,40,39,40,0,1,12,0,1
222,3,0,2,7,14,40,34,40,0,1,14,0,3
222,4,0,3,12,13,35,38,35,0,1,13,0,4
222,5,0,4,-999999,13,-999999,37,-999999,0,1,13,0,5
222,6,0,5,19,13,27,36,27,0,1,13,0,6
223,3,2,0,21,-999999,35,-999999,-999999,1,0,-999999,3,0
223,4,3,0,21,10,39,34,34,1,0,34,4,0
223,5,4,0,16,15,38,34,34,1,0,34,5,0
223,6,5,0,23,21,36,33,33,1,0,33,6,0
223,3,0,2,21,-999999,35,-999999,35,0,1,-999999,0,3
223,4,0,3,21,10,39,34,39,0,1,10,0,4
223,5,0,4,16,15,38,34,38,0,1,15,0,5
223,6,0,5,23,21,36,33,36,0,1,21,0,6
224,1,0,0,31,28,32,35,35,1,0,35,1,0
224,3,2,0,26,-999999,36,-999999,-999999,1,0,-999999,3,0
224,4,3,0,28,-999999,33,-999999,-999999,1,0,-999999,4,0
224,5,4,0,26,28,34,27,27,1,0,27,5,0
224,6,5,0,28,28,29,29,29,1,0,29,6,0
224,1,0,0,31,28,32,35,32,0,1,28,0,1
224,3,0,2,26,-999999,36,-999999,36,0,1,-999999,0,3
224,4,0,3,28,-999999,33,-999999,33,0,1,-999999,0,4
224,5,0,4,26,28,34,27,34,0,1,28,0,5
224,6,0,5,28,28,29,29,29,0,1,28,0,6
225,1,0,0,24,25,40,34,34,1,0,34,1,0
225,3,2,0,15,20,39,36,36,1,0,36,3,0
225,4,3,0,17,26,40,28,28,1,0,28,4,0
225,5,4,0,18,25,36,35,35,1,0,35,5,0
225,6,5,0,28,29,36,24,24,1,0,24,6,0
225,1,0,0,24,25,40,34,40,0,1,25,0,1
225,3,0,2,15,20,39,36,39,0,1,20,0,3
225,4,0,3,17,26,40,28,40,0,1,26,0,4
225,5,0,4,18,25,36,35,36,0,1,25,0,5
225,6,0,5,28,29,36,24,36,0,1,29,0,6
226,1,0,0,15,11,40,40,40,1,0,40,1,0
226,3,2,0,14,13,40,39,39,1,0,39,3,0
226,4,3,0,8,12,37,38,38,1,0,38,4,0
226,5,4,0,20,16,38,36,36,1,0,36,5,0
226,6,5,0,25,11,38,39,39,1,0,39,6,0
226,1,0,0,15,11,40,40,40,0,1,11,0,1
226,3,0,2,14,13,40,39,40,0,1,13,0,3
226,4,0,3,8,12,37,38,37,0,1,12,0,4
226,5,0,4,20,16,38,36,38,0,1,16,0,5
226,6,0,5,25,11,38,39,38,0,1,11,0,6
227,1,0,0,24,-999999,33,-999999,-999999,1,0,-999999,1,0
227,3,2,0,31,-999999,24,-999999,-999999,1,0,-999999,3,0
227,4,3,0,23,-999999,30,-999999,-999999,1,0,-999999,4,0
227,5,4,0,25,-999999,34,-999999,-999999,1,0,-999999,5,0
227,6,5,0,18,-999999,31,-999999,-999999,1,0,-999999,6,0
227,1,0,0,24,-999999,33,-999999,33,0,1,-999999,0,1
227,3,0,2,31,-999999,24,-999999,24,0,1,-999999,0,3
227,4,0,3,23,-999999,30,-999999,30,0,1,-999999,0,4
227,5,0,4,25,-999999,34,-999999,34,0,1,-999999,0,5
227,6,0,5,18,-999999,31,-999999,31,0,1,-999999,0,6
228,1,0,0,11,12,40,40,40,1,0,40,1,0
228,3,2,0,7,8,40,40,40,1,0,40,3,0
228,4,3,0,7,7,40,40,40,1,0,40,4,0
228,5,4,0,7,9,40,40,40,1,0,40,5,0
228,6,5,0,7,7,40,40,40,1,0,40,6,0
228,1,0,0,11,12,40,40,40,0,1,12,0,1
228,3,0,2,7,8,40,40,40,0,1,8,0,3
228,4,0,3,7,7,40,40,40,0,1,7,0,4
228,5,0,4,7,9,40,40,40,0,1,9,0,5
228,6,0,5,7,7,40,40,40,0,1,7,0,6
229,1,0,0,14,16,36,38,38,1,0,38,1,0
229,3,2,0,18,14,34,35,35,1,0,35,3,0
229,4,3,0,17,17,35,37,37,1,0,37,4,0
229,5,4,0,17,18,35,27,27,1,0,27,5,0
229,6,5,0,21,17,33,29,29,1,0,29,6,0
229,1,0,0,14,16,36,38,36,0,1,16,0,1
229,3,0,2,18,14,34,35,34,0,1,14,0,3
229,4,0,3,17,17,35,37,35,0,1,17,0,4
229,5,0,4,17,18,35,27,35,0,1,18,0,5
229,6,0,5,21,17,33,29,33,0,1,17,0,6
230,1,0,0,7,8,40,40,40,1,0,40,1,0
230,3,2,0,10,11,40,35,35,1,0,35,3,0
230,4,3,0,9,10,39,33,33,1,0,33,4,0
230,5,4,0,9,14,39,36,36,1,0,36,5,0
230,6,5,0,11,14,39,33,33,1,0,33,6,0
230,1,0,0,7,8,40,40,40,0,1,8,0,1
230,3,0,2,10,11,40,35,40,0,1,11,0,3
230,4,0,3,9,10,39,33,39,0,1,10,0,4
230,5,0,4,9,14,39,36,39,0,1,14,0,5
230,6,0,5,11,14,39,33,39,0,1,14,0,6
231,1,0,0,13,26,40,40,40,1,0,40,1,0
231,3,2,0,17,12,39,35,35,1,0,35,3,0
231,5,4,0,12,13,40,40,40,1,0,40,5,0
231,6,5,0,16,16,40,40,40,1,0,40,6,0
231,1,0,0,13,26,40,40,40,0,1,26,0,1
231,3,0,2,17,12,39,35,39,0,1,12,0,3
231,5,0,4,12,13,40,40,40,0,1,13,0,5
231,6,0,5,16,16,40,40,40,0,1,16,0,6
232,1,0,0,33,-999999,24,-999999,-999999,1,0,-999999,1,0
232,3,2,0,32,-999999,36,-999999,-999999,1,0,-999999,3,0
232,4,3,0,33,20,30,24,24,1,0,24,4,0
232,5,4,0,33,-999999,32,-999999,-999999,1,0,-999999,5,0
232,6,5,0,32,22,29,20,20,1,0,20,6,0
232,1,0,0,33,-999999,24,-999999,24,0,1,-999999,0,1
232,3,0,2,32,-999999,36,-999999,36,0,1,-999999,0,3
232,4,0,3,33,20,30,24,30,0,1,20,0,4
232,5,0,4,33,-999999,32,-999999,32,0,1,-999999,0,5
232,6,0,5,32,22,29,20,29,0,1,22,0,6
233,1,0,0,17,19,40,34,34,1,0,34,1,0
233,3,2,0,11,16,37,33,33,1,0,33,3,0
233,4,3,0,18,15,39,36,36,1,0,36,4,0
233,5,4,0,12,16,34,31,31,1,0,31,5,0
233,6,5,0,16,20,36,32,32,1,0,32,6,0
233,1,0,0,17,19,40,34,40,0,1,19,0,1
233,3,0,2,11,16,37,33,37,0,1,16,0,3
233,4,0,3,18,15,39,36,39,0,1,15,0,4
233,5,0,4,12,16,34,31,34,0,1,16,0,5
233,6,0,5,16,20,36,32,36,0,1,20,0,6
234,1,0,0,19,18,37,36,36,1,0,36,1,0
234,3,2,0,23,19,31,33,33,1,0,33,3,0
234,4,3,0,24,18,32,38,38,1,0,38,4,0
234,5,4,0,26,26,32,32,32,1,0,32,5,0
234,6,5,0,25,19,34,34,34,1,0,34,6,0
234,1,0,0,19,18,37,36,37,0,1,18,0,1
234,3,0,2,23,19,31,33,31,0,1,19,0,3
234,4,0,3,24,18,32,38,32,0,1,18,0,4
234,5,0,4,26,26,32,32,32,0,1,26,0,5
234,6,0,5,25,19,34,34,34,0,1,19,0,6
235,1,0,0,10,14,39,33,33,1,0,33,1,0
235,3,2,0,16,12,37,28,28,1,0,28,3,0
235,4,3,0,15,10,36,27,27,1,0,27,4,0
235,5,4,0,18,18,35,30,30,1,0,30,5,0
235,6,5,0,15,15,36,31,31,1,0,31,6,0
235,1,0,0,10,14,39,33,39,0,1,14,0,1
235,3,0,2,16,12,37,28,37,0,1,12,0,3
235,4,0,3,15,10,36,27,36,0,1,10,0,4
235,5,0,4,18,18,35,30,35,0,1,18,0,5
235,6,0,5,15,15,36,31,36,0,1,15,0,6
236,1,0,0,9,-999999,40,-999999,-999999,1,0,-999999,1,0
236,3,2,0,11,17,40,36,36,1,0,36,3,0
236,4,3,0,15,12,40,37,37,1,0,37,4,0
236,5,4,0,21,17,39,37,37,1,0,37,5,0
236,6,5,0,20,18,40,36,36,1,0,36,6,0
236,1,0,0,9,-999999,40,-999999,40,0,1,-999999,0,1
236,3,0,2,11,17,40,36,40,0,1,17,0,3
236,4,0,3,15,12,40,37,40,0,1,12,0,4
236,5,0,4,21,17,39,37,39,0,1,17,0,5
236,6,0,5,20,18,40,36,40,0,1,18,0,6
237,1,0,0,12,18,35,34,34,1,0,34,1,0
237,3,2,0,26,25,30,34,34,1,0,34,3,0
237,4,3,0,26,14,37,31,31,1,0,31,4,0
237,5,4,0,24,17,36,29,29,1,0,29,5,0
237,6,5,0,18,14,40,35,35,1,0,35,6,0
237,1,0,0,12,18,35,34,35,0,1,18,0,1
237,3,0,2,26,25,30,34,30,0,1,25,0,3
237,4,0,3,26,14,37,31,37,0,1,14,0,4
237,5,0,4,24,17,36,29,36,0,1,17,0,5
237,6,0,5,18,14,40,35,40,0,1,14,0,6
238,1,0,0,26,12,40,37,37,1,0,37,1,0
238,3,2,0,28,-999999,33,-999999,-999999,1,0,-999999,3,0
238,4,3,0,20,22,32,35,35,1,0,35,4,0
238,5,4,0,24,21,32,34,34,1,0,34,5,0
238,6,5,0,23,16,35,35,35,1,0,35,6,0
238,1,0,0,26,12,40,37,40,0,1,12,0,1
238,3,0,2,28,-999999,33,-999999,33,0,1,-999999,0,3
238,4,0,3,20,22,32,35,32,0,1,22,0,4
238,5,0,4,24,21,32,34,32,0,1,21,0,5
238,6,0,5,23,16,35,35,35,0,1,16,0,6
239,1,0,0,14,8,40,40,40,1,0,40,1,0
239,3,2,0,11,7,40,40,40,1,0,40,3,0
239,4,3,0,9,10,40,38,38,1,0,38,4,0
239,5,4,0,9,10,40,40,40,1,0,40,5,0
239,6,5,0,8,-999999,36,-999999,-999999,1,0,-999999,6,0
239,1,0,0,14,8,40,40,40,0,1,8,0,1
239,3,0,2,11,7,40,40,40,0,1,7,0,3
239,4,0,3,9,10,40,38,40,0,1,10,0,4
239,5,0,4,9,10,40,40,40,0,1,10,0,5
239,6,0,5,8,-999999,36,-999999,36,0,1,-999999,0,6
240,1,0,0,11,22,40,38,38,1,0,38,1,0
240,3,2,0,28,-999999,38,-999999,-999999,1,0,-999999,3,0
240,4,3,0,22,31,40,23,23,1,0,23,4,0
240,5,4,0,13,31,40,26,26,1,0,26,5,0
240,6,5,0,21,34,39,18,18,1,0,18,6,0
240,1,0,0,11,22,40,38,40,0,1,22,0,1
240,3,0,2,28,-999999,38,-999999,38,0,1,-999999,0,3
240,4,0,3,22,31,40,23,40,0,1,31,0,4
240,5,0,4,13,31,40,26,40,0,1,31,0,5
240,6,0,5,21,34,39,18,39,0,1,34,0,6
241,1,0,0,11,29,38,37,37,1,0,37,1,0
241,3,2,0,14,11,38,23,23,1,0,23,3,0
241,4,3,0,13,14,39,27,27,1,0,27,4,0
241,5,4,0,12,11,37,32,32,1,0,32,5,0
241,6,5,0,11,21,39,33,33,1,0,33,6,0
241,1,0,0,11,29,38,37,38,0,1,29,0,1
241,3,0,2,14,11,38,23,38,0,1,11,0,3
241,4,0,3,13,14,39,27,39,0,1,14,0,4
241,5,0,4,12,11,37,32,37,0,1,11,0,5
241,6,0,5,11,21,39,33,39,0,1,21,0,6
242,1,0,0,21,19,37,38,38,1,0,38,1,0
242,3,2,0,23,20,33,35,35,1,0,35,3,0
242,4,3,0,26,17,32,33,33,1,0,33,4,0
242,5,4,0,21,16,36,36,36,1,0,36,5,0
242,6,5,0,21,19,34,37,37,1,0,37,6,0
242,1,0,0,21,19,37,38,37,0,1,19,0,1
242,3,0,2,23,20,33,35,33,0,1,20,0,3
242,4,0,3,26,17,32,33,32,0,1,17,0,4
242,5,0,4,21,16,36,36,36,0,1,16,0,5
242,6,0,5,21,19,34,37,34,0,1,19,0,6
243,1,0,0,8,-999999,40,-999999,-999999,1,0,-999999,1,0
243,3,2,0,7,-999999,38,-999999,-999999,1,0,-999999,3,0
243,4,3,0,8,-999999,38,-999999,-999999,1,0,-999999,4,0
243,5,4,0,9,7,40,27,27,1,0,27,5,0
243,6,5,0,26,-999999,37,-999999,-999999,1,0,-999999,6,0
243,1,0,0,8,-999999,40,-999999,40,0,1,-999999,0,1
243,3,0,2,7,-999999,38,-999999,38,0,1,-999999,0,3
243,4,0,3,8,-999999,38,-999999,38,0,1,-999999,0,4
243,5,0,4,9,7,40,27,40,0,1,7,0,5
243,6,0,5,26,-999999,37,-999999,37,0,1,-999999,0,6
244,1,0,0,23,20,34,29,29,1,0,29,1,0
244,3,2,0,22,30,32,32,32,1,0,32,3,0
244,4,3,0,20,-999999,38,-999999,-999999,1,0,-999999,4,0
244,5,4,0,22,24,32,26,26,1,0,26,5,0
244,6,5,0,28,27,37,26,26,1,0,26,6,0
244,1,0,0,23,20,34,29,34,0,1,20,0,1
244,3,0,2,22,30,32,32,32,0,1,30,0,3
244,4,0,3,20,-999999,38,-999999,38,0,1,-999999,0,4
244,5,0,4,22,24,32,26,32,0,1,24,0,5
244,6,0,5,28,27,37,26,37,0,1,27,0,6
245,1,0,0,11,16,40,37,37,1,0,37,1,0
245,3,2,0,26,19,37,34,34,1,0,34,3,0
245,4,3,0,24,16,35,33,33,1,0,33,4,0
245,5,4,0,26,18,34,34,34,1,0,34,5,0
245,6,5,0,20,18,27,30,30,1,0,30,6,0
245,1,0,0,11,16,40,37,40,0,1,16,0,1
245,3,0,2,26,19,37,34,37,0,1,19,0,3
245,4,0,3,24,16,35,33,35,0,1,16,0,4
245,5,0,4,26,18,34,34,34,0,1,18,0,5
245,6,0,5,20,18,27,30,27,0,1,18,0,6
246,1,0,0,15,20,36,33,33,1,0,33,1,0
246,3,2,0,24,20,35,35,35,1,0,35,3,0
246,4,3,0,16,-999999,36,-999999,-999999,1,0,-999999,4,0
246,5,4,0,18,-999999,36,-999999,-999999,1,0,-999999,5,0
246,6,5,0,20,-999999,36,-999999,-999999,1,0,-999999,6,0
246,1,0,0,15,20,36,33,36,0,1,20,0,1
246,3,0,2,24,20,35,35,35,0,1,20,0,3
246,4,0,3,16,-999999,36,-999999,36,0,1,-999999,0,4
246,5,0,4,18,-999999,36,-999999,36,0,1,-999999,0,5
246,6,0,5,20,-999999,36,-999999,36,0,1,-999999,0,6
247,1,0,0,9,9,39,40,40,1,0,40,1,0
247,3,2,0,8,10,40,38,38,1,0,38,3,0
247,4,3,0,11,8,39,40,40,1,0,40,4,0
247,5,4,0,9,13,38,35,35,1,0,35,5,0
247,6,5,0,12,16,39,37,37,1,0,37,6,0
247,1,0,0,9,9,39,40,39,0,1,9,0,1
247,3,0,2,8,10,40,38,40,0,1,10,0,3
247,4,0,3,11,8,39,40,39,0,1,8,0,4
247,5,0,4,9,13,38,35,38,0,1,13,0,5
247,6,0,5,12,16,39,37,39,0,1,16,0,6
248,1,0,0,24,8,39,39,39,1,0,39,1,0
248,3,2,0,25,13,39,38,38,1,0,38,3,0
248,4,3,0,22,7,39,40,40,1,0,40,4,0
248,5,4,0,25,10,39,38,38,1,0,38,5,0
248,6,5,0,22,7,37,39,39,1,0,39,6,0
248,1,0,0,24,8,39,39,39,0,1,8,0,1
248,3,0,2,25,13,39,38,39,0,1,13,0,3
248,4,0,3,22,7,39,40,39,0,1,7,0,4
248,5,0,4,25,10,39,38,39,0,1,10,0,5
248,6,0,5,22,7,37,39,37,0,1,7,0,6
249,1,0,0,20,18,37,37,37,1,0,37,1,0
249,3,2,0,14,17,37,35,35,1,0,35,3,0
249,4,3,0,17,22,40,33,33,1,0,33,4,0
249,5,4,0,18,22,39,35,35,1,0,35,5,0
249,6,5,0,14,16,39,36,36,1,0,36,6,0
249,1,0,0,20,18,37,37,37,0,1,18,0,1
249,3,0,2,14,17,37,35,37,0,1,17,0,3
249,4,0,3,17,22,40,33,40,0,1,22,0,4
249,5,0,4,18,22,39,35,39,0,1,22,0,5
249,6,0,5,14,16,39,36,39,0,1,16,0,6
250,1,0,0,18,10,40,39,39,1,0,39,1,0
250,3,2,0,11,13,40,39,39,1,0,39,3,0
250,4,3,0,14,13,40,38,38,1,0,38,4,0
250,5,4,0,21,22,35,35,35,1,0,35,5,0
250,6,5,0,17,10,36,36,36,1,0,36,6,0
250,1,0,0,18,10,40,39,40,0,1,10,0,1
250,3,0,2,11,13,40,39,40,0,1,13,0,3
250,4,0,3,14,13,40,38,40,0,1,13,0,4
250,5,0,4,21,22,35,35,35,0,1,22,0,5
250,6,0,5,17,10,36,36,36,0,1,10,0,6
251,1,0,0,14,-999999,40,-999999,-999999,1,0,-999999,1,0
251,1,0,0,14,-999999,40,-999999,40,0,1,-999999,0,1
252,1,0,0,9,8,40,36,36,1,0,36,1,0
252,3,2,0,13,-999999,40,-999999,-999999,1,0,-999999,3,0
252,4,3,0,12,-999999,36,-999999,-999999,1,0,-999999,4,0
252,5,4,0,9,20,37,27,27,1,0,27,5,0
252,6,5,0,20,27,32,18,18,1,0,18,6,0
252,1,0,0,9,8,40,36,40,0,1,8,0,1
252,3,0,2,13,-999999,40,-999999,40,0,1,-999999,0,3
252,4,0,3,12,-999999,36,-999999,36,0,1,-999999,0,4
252,5,0,4,9,20,37,27,37,0,1,20,0,5
252,6,0,5,20,27,32,18,32,0,1,27,0,6
253,1,0,0,10,12,40,40,40,1,0,40,1,0
253,3,2,0,8,9,40,40,40,1,0,40,3,0
253,4,3,0,8,9,40,40,40,1,0,40,4,0
253,5,4,0,7,8,40,40,40,1,0,40,5,0
253,6,5,0,10,7,39,39,39,1,0,39,6,0
253,1,0,0,10,12,40,40,40,0,1,12,0,1
253,3,0,2,8,9,40,40,40,0,1,9,0,3
253,4,0,3,8,9,40,40,40,0,1,9,0,4
253,5,0,4,7,8,40,40,40,0,1,8,0,5
253,6,0,5,10,7,39,39,39,0,1,7,0,6
254,1,0,0,13,22,40,37,37,1,0,37,1,0
254,3,2,0,23,18,40,32,32,1,0,32,3,0
254,4,3,0,24,19,38,32,32,1,0,32,4,0
254,5,4,0,25,17,34,36,36,1,0,36,5,0
254,6,5,0,26,21,37,35,35,1,0,35,6,0
254,1,0,0,13,22,40,37,40,0,1,22,0,1
254,3,0,2,23,18,40,32,40,0,1,18,0,3
254,4,0,3,24,19,38,32,38,0,1,19,0,4
254,5,0,4,25,17,34,36,34,0,1,17,0,5
254,6,0,5,26,21,37,35,37,0,1,21,0,6
255,1,0,0,22,25,37,29,29,1,0,29,1,0
255,3,2,0,25,-999999,36,-999999,-999999,1,0,-999999,3,0
255,4,3,0,23,-999999,35,-999999,-999999,1,0,-999999,4,0
255,5,4,0,23,25,35,35,35,1,0,35,5,0
255,6,5,0,28,26,33,29,29,1,0,29,6,0
255,1,0,0,22,25,37,29,37,0,1,25,0,1
255,3,0,2,25,-999999,36,-999999,36,0,1,-999999,0,3
255,4,0,3,23,-999999,35,-999999,35,0,1,-999999,0,4
255,5,0,4,23,25,35,35,35,0,1,25,0,5
255,6,0,5,28,26,33,29,33,0,1,26,0,6
256,1,0,0,-999999,9,-999999,37,37,1,0,37,1,0
256,3,2,0,10,17,34,39,39,1,0,39,3,0
256,1,0,0,-999999,9,-999999,37,-999999,0,1,9,0,1
256,3,0,2,10,17,34,39,34,0,1,17,0,3
257,1,0,0,12,9,39,39,39,1,0,39,1,0
257,3,2,0,12,9,40,40,40,1,0,40,3,0
257,4,3,0,11,10,40,40,40,1,0,40,4,0
257,5,4,0,13,9,40,40,40,1,0,40,5,0
257,6,5,0,9,10,40,33,33,1,0,33,6,0
257,1,0,0,12,9,39,39,39,0,1,9,0,1
257,3,0,2,12,9,40,40,40,0,1,9,0,3
257,4,0,3,11,10,40,40,40,0,1,10,0,4
257,5,0,4,13,9,40,40,40,0,1,9,0,5
257,6,0,5,9,10,40,33,40,0,1,10,0,6
258,1,0,0,13,9,36,39,39,1,0,39,1,0
258,3,2,0,11,11,34,37,37,1,0,37,3,0
258,4,3,0,11,11,35,38,38,1,0,38,4,0
258,5,4,0,13,10,35,34,34,1,0,34,5,0
258,6,5,0,9,7,36,38,38,1,0,38,6,0
258,1,0,0,13,9,36,39,36,0,1,9,0,1
258,3,0,2,11,11,34,37,34,0,1,11,0,3
258,4,0,3,11,11,35,38,35,0,1,11,0,4
258,5,0,4,13,10,35,34,35,0,1,10,0,5
258,6,0,5,9,7,36,38,36,0,1,7,0,6
259,1,0,0,13,-999999,40,-999999,-999999,1,0,-999999,1,0
259,3,2,0,15,-999999,40,-999999,-999999,1,0,-999999,3,0
259,4,3,0,19,-999999,39,-999999,-999999,1,0,-999999,4,0
259,5,4,0,20,-999999,39,-999999,-999999,1,0,-999999,5,0
259,6,5,0,26,-999999,39,-999999,-999999,1,0,-999999,6,0
259,1,0,0,13,-999999,40,-999999,40,0,1,-999999,0,1
259,3,0,2,15,-999999,40,-999999,40,0,1,-999999,0,3
259,4,0,3,19,-999999,39,-999999,39,0,1,-999999,0,4
259,5,0,4,20,-999999,39,-999999,39,0,1,-999999,0,5
259,6,0,5,26,-999999,39,-999999,39,0,1,-999999,0,6
260,1,0,0,15,11,35,38,38,1,0,38,1,0
260,3,2,0,16,13,34,35,35,1,0,35,3,0
260,4,3,0,22,20,34,31,31,1,0,31,4,0
260,5,4,0,24,15,28,30,30,1,0,30,5,0
260,6,5,0,22,16,36,32,32,1,0,32,6,0
260,1,0,0,15,11,35,38,35,0,1,11,0,1
260,3,0,2,16,13,34,35,34,0,1,13,0,3
260,4,0,3,22,20,34,31,34,0,1,20,0,4
260,5,0,4,24,15,28,30,28,0,1,15,0,5
260,6,0,5,22,16,36,32,36,0,1,16,0,6
261,1,0,0,8,-999999,40,-999999,-999999,1,0,-999999,1,0
261,3,2,0,12,-999999,40,-999999,-999999,1,0,-999999,3,0
261,4,3,0,14,-999999,40,-999999,-999999,1,0,-999999,4,0
261,5,4,0,10,-999999,38,-999999,-999999,1,0,-999999,5,0
261,6,5,0,18,-999999,33,-999999,-999999,1,0,-999999,6,0
261,1,0,0,8,-999999,40,-999999,40,0,1,-999999,0,1
261,3,0,2,12,-999999,40,-999999,40,0,1,-999999,0,3
261,4,0,3,14,-999999,40,-999999,40,0,1,-999999,0,4
261,5,0,4,10,-999999,38,-999999,38,0,1,-999999,0,5
261,6,0,5,18,-999999,33,-999999,33,0,1,-999999,0,6
262,1,0,0,21,23,32,35,35,1,0,35,1,0
262,3,2,0,14,17,28,32,32,1,0,32,3,0
262,4,3,0,29,22,22,34,34,1,0,34,4,0
262,5,4,0,29,23,29,33,33,1,0,33,5,0
262,6,5,0,24,33,26,17,17,1,0,17,6,0
262,1,0,0,21,23,32,35,32,0,1,23,0,1
262,3,0,2,14,17,28,32,28,0,1,17,0,3
262,4,0,3,29,22,22,34,22,0,1,22,0,4
262,5,0,4,29,23,29,33,29,0,1,23,0,5
262,6,0,5,24,33,26,17,26,0,1,33,0,6
263,1,0,0,21,12,39,35,35,1,0,35,1,0
263,3,2,0,18,12,37,25,25,1,0,25,3,0
263,4,3,0,15,17,40,34,34,1,0,34,4,0
263,5,4,0,15,11,36,34,34,1,0,34,5,0
263,6,5,0,19,16,37,34,34,1,0,34,6,0
263,1,0,0,21,12,39,35,39,0,1,12,0,1
263,3,0,2,18,12,37,25,37,0,1,12,0,3
263,4,0,3,15,17,40,34,40,0,1,17,0,4
263,5,0,4,15,11,36,34,36,0,1,11,0,5
263,6,0,5,19,16,37,34,37,0,1,16,0,6
264,1,0,0,26,18,31,39,39,1,0,39,1,0
264,3,2,0,18,19,37,37,37,1,0,37,3,0
264,4,3,0,23,21,33,39,39,1,0,39,4,0
264,5,4,0,12,15,38,35,35,1,0,35,5,0
264,6,5,0,9,14,39,38,38,1,0,38,6,0
264,1,0,0,26,18,31,39,31,0,1,18,0,1
264,3,0,2,18,19,37,37,37,0,1,19,0,3
264,4,0,3,23,21,33,39,33,0,1,21,0,4
264,5,0,4,12,15,38,35,38,0,1,15,0,5
264,6,0,5,9,14,39,38,39,0,1,14,0,6
265,1,0,0,14,11,39,38,38,1,0,38,1,0
265,3,2,0,19,11,37,35,35,1,0,35,3,0
265,4,3,0,22,12,37,34,34,1,0,34,4,0
265,5,4,0,13,9,38,32,32,1,0,32,5,0
265,6,5,0,17,12,35,30,30,1,0,30,6,0
265,1,0,0,14,11,39,38,39,0,1,11,0,1
265,3,0,2,19,11,37,35,37,0,1,11,0,3
265,4,0,3,22,12,37,34,37,0,1,12,0,4
265,5,0,4,13,9,38,32,38,0,1,9,0,5
265,6,0,5,17,12,35,30,35,0,1,12,0,6
266,1,0,0,9,-999999,39,-999999,-999999,1,0,-999999,1,0
266,3,2,0,10,-999999,38,-999999,-999999,1,0,-999999,3,0
266,4,3,0,8,14,37,31,31,1,0,31,4,0
266,5,4,0,10,16,39,34,34,1,0,34,5,0
266,6,5,0,9,14,36,35,35,1,0,35,6,0
266,1,0,0,9,-999999,39,-999999,39,0,1,-999999,0,1
266,3,0,2,10,-999999,38,-999999,38,0,1,-999999,0,3
266,4,0,3,8,14,37,31,37,0,1,14,0,4
266,5,0,4,10,16,39,34,39,0,1,16,0,5
266,6,0,5,9,14,36,35,36,0,1,14,0,6
267,1,0,0,11,13,40,39,39,1,0,39,1,0
267,3,2,0,17,10,38,38,38,1,0,38,3,0
267,4,3,0,21,12,37,39,39,1,0,39,4,0
267,5,4,0,17,15,38,38,38,1,0,38,5,0
267,6,5,0,17,11,34,39,39,1,0,39,6,0
267,1,0,0,11,13,40,39,40,0,1,13,0,1
267,3,0,2,17,10,38,38,38,0,1,10,0,3
267,4,0,3,21,12,37,39,37,0,1,12,0,4
267,5,0,4,17,15,38,38,38,0,1,15,0,5
267,6,0,5,17,11,34,39,34,0,1,11,0,6
268,1,0,0,16,9,35,40,40,1,0,40,1,0
268,3,2,0,11,9,39,40,40,1,0,40,3,0
268,4,3,0,13,8,36,40,40,1,0,40,4,0
268,5,4,0,12,8,36,39,39,1,0,39,5,0
268,6,5,0,17,9,38,40,40,1,0,40,6,0
268,1,0,0,16,9,35,40,35,0,1,9,0,1
268,3,0,2,11,9,39,40,39,0,1,9,0,3
268,4,0,3,13,8,36,40,36,0,1,8,0,4
268,5,0,4,12,8,36,39,36,0,1,8,0,5
268,6,0,5,17,9,38,40,38,0,1,9,0,6
269,1,0,0,9,11,39,39,39,1,0,39,1,0
269,3,2,0,8,17,40,38,38,1,0,38,3,0
269,4,3,0,11,12,39,39,39,1,0,39,4,0
269,5,4,0,20,16,38,34,34,1,0,34,5,0
269,6,5,0,13,11,37,32,32,1,0,32,6,0
269,1,0,0,9,11,39,39,39,0,1,11,0,1
269,3,0,2,8,17,40,38,40,0,1,17,0,3
269,4,0,3,11,12,39,39,39,0,1,12,0,4
269,5,0,4,20,16,38,34,38,0,1,16,0,5
269,6,0,5,13,11,37,32,37,0,1,11,0,6
270,1,0,0,7,8,40,35,35,1,0,35,1,0
270,3,2,0,7,7,39,36,36,1,0,36,3,0
270,4,3,0,8,12,39,36,36,1,0,36,4,0
270,5,4,0,7,12,38,38,38,1,0,38,5,0
270,6,5,0,8,7,37,34,34,1,0,34,6,0
270,1,0,0,7,8,40,35,40,0,1,8,0,1
270,3,0,2,7,7,39,36,39,0,1,7,0,3
270,4,0,3,8,12,39,36,39,0,1,12,0,4
270,5,0,4,7,12,38,38,38,0,1,12,0,5
270,6,0,5,8,7,37,34,37,0,1,7,0,6
271,1,0,0,7,10,39,37,37,1,0,37,1,0
271,1,0,0,7,10,39,37,39,0,1,10,0,1
272,1,0,0,-999999,10,-999999,40,40,1,0,40,1,0
272,3,2,0,19,13,33,38,38,1,0,38,3,0
272,4,3,0,14,10,36,35,35,1,0,35,4,0
272,5,4,0,18,14,36,26,26,1,0,26,5,0
272,6,5,0,16,16,35,35,35,1,0,35,6,0
272,1,0,0,-999999,10,-999999,40,-999999,0,1,10,0,1
272,3,0,2,19,13,33,38,33,0,1,13,0,3
272,4,0,3,14,10,36,35,36,0,1,10,0,4
272,5,0,4,18,14,36,26,36,0,1,14,0,5
272,6,0,5,16,16,35,35,35,0,1,16,0,6
273,1,0,0,18,22,33,36,36,1,0,36,1,0
273,3,2,0,18,16,36,39,39,1,0,39,3,0
273,4,3,0,20,33,38,29,29,1,0,29,4,0
273,5,4,0,25,26,36,33,33,1,0,33,5,0
273,6,5,0,22,29,33,36,36,1,0,36,6,0
273,1,0,0,18,22,33,36,33,0,1,22,0,1
273,3,0,2,18,16,36,39,36,0,1,16,0,3
273,4,0,3,20,33,38,29,38,0,1,33,0,4
273,5,0,4,25,26,36,33,36,0,1,26,0,5
273,6,0,5,22,29,33,36,33,0,1,29,0,6
274,1,0,0,10,-999999,37,-999999,-999999,1,0,-999999,1,0
274,3,2,0,15,19,39,34,34,1,0,34,3,0
274,4,3,0,16,23,37,30,30,1,0,30,4,0
274,5,4,0,13,24,36,33,33,1,0,33,5,0
274,6,5,0,13,-999999,36,-999999,-999999,1,0,-999999,6,0
274,1,0,0,10,-999999,37,-999999,37,0,1,-999999,0,1
274,3,0,2,15,19,39,34,39,0,1,19,0,3
274,4,0,3,16,23,37,30,37,0,1,23,0,4
274,5,0,4,13,24,36,33,36,0,1,24,0,5
274,6,0,5,13,-999999,36,-999999,36,0,1,-999999,0,6
275,1,0,0,11,10,39,40,40,1,0,40,1,0
275,3,2,0,21,14,40,37,37,1,0,37,3,0
275,4,3,0,18,15,38,39,39,1,0,39,4,0
275,5,4,0,14,16,38,36,36,1,0,36,5,0
275,6,5,0,14,19,38,39,39,1,0,39,6,0
275,1,0,0,11,10,39,40,39,0,1,10,0,1
275,3,0,2,21,14,40,37,40,0,1,14,0,3
275,4,0,3,18,15,38,39,38,0,1,15,0,4
275,5,0,4,14,16,38,36,38,0,1,16,0,5
275,6,0,5,14,19,38,39,38,0,1,19,0,6
276,1,0,0,22,12,36,39,39,1,0,39,1,0
276,3,2,0,26,15,31,37,37,1,0,37,3,0
276,4,3,0,19,12,29,36,36,1,0,36,4,0
276,5,4,0,20,17,33,37,37,1,0,37,5,0
276,6,5,0,24,27,32,36,36,1,0,36,6,0
276,1,0,0,22,12,36,39,36,0,1,12,0,1
276,3,0,2,26,15,31,37,31,0,1,15,0,3
276,4,0,3,19,12,29,36,29,0,1,12,0,4
276,5,0,4,20,17,33,37,33,0,1,17,0,5
276,6,0,5,24,27,32,36,32,0,1,27,0,6
277,1,0,0,16,13,40,39,39,1,0,39,1,0
277,3,2,0,16,9,40,37,37,1,0,37,3,0
277,4,3,0,17,-999999,40,-999999,-999999,1,0,-999999,4,0
277,5,4,0,17,-999999,40,-999999,-999999,1,0,-999999,5,0
277,6,5,0,14,7,40,37,37,1,0,37,6,0
277,1,0,0,16,13,40,39,40,0,1,13,0,1
277,3,0,2,16,9,40,37,40,0,1,9,0,3
277,4,0,3,17,-999999,40,-999999,40,0,1,-999999,0,4
277,5,0,4,17,-999999,40,-999999,40,0,1,-999999,0,5
277,6,0,5,14,7,40,37,40,0,1,7,0,6
278,1,0,0,9,13,40,38,38,1,0,38,1,0
278,3,2,0,21,14,36,37,37,1,0,37,3,0
278,4,3,0,22,-999999,36,-999999,-999999,1,0,-999999,4,0
278,5,4,0,18,9,40,33,33,1,0,33,5,0
278,6,5,0,13,9,39,38,38,1,0,38,6,0
278,1,0,0,9,13,40,38,40,0,1,13,0,1
278,3,0,2,21,14,36,37,36,0,1,14,0,3
278,4,0,3,22,-999999,36,-999999,36,0,1,-999999,0,4
278,5,0,4,18,9,40,33,40,0,1,9,0,5
278,6,0,5,13,9,39,38,39,0,1,9,0,6
279,1,0,0,33,22,32,28,28,1,0,28,1,0
279,3,2,0,24,13,32,30,30,1,0,30,3,0
279,4,3,0,25,17,30,28,28,1,0,28,4,0
279,5,4,0,17,-999999,33,-999999,-999999,1,0,-999999,5,0
279,6,5,0,27,28,29,25,25,1,0,25,6,0
279,1,0,0,33,22,32,28,32,0,1,22,0,1
279,3,0,2,24,13,32,30,32,0,1,13,0,3
279,4,0,3,25,17,30,28,30,0,1,17,0,4
279,5,0,4,17,-999999,33,-999999,33,0,1,-999999,0,5
279,6,0,5,27,28,29,25,29,0,1,28,0,6
280,1,0,0,15,-999999,40,-999999,-999999,1,0,-999999,1,0
280,3,2,0,14,-999999,39,-999999,-999999,1,0,-999999,3,0
280,6,5,0,15,17,40,37,37,1,0,37,6,0
280,1,0,0,15,-999999,40,-999999,40,0,1,-999999,0,1
280,3,0,2,14,-999999,39,-999999,39,0,1,-999999,0,3
280,6,0,5,15,17,40,37,40,0,1,17,0,6
281,1,0,0,15,-999999,35,-999999,-999999,1,0,-999999,1,0
281,3,2,0,18,-999999,40,-999999,-999999,1,0,-999999,3,0
281,4,3,0,17,-999999,40,-999999,-999999,1,0,-999999,4,0
281,5,4,0,24,-999999,37,-999999,-999999,1,0,-999999,5,0
281,6,5,0,23,-999999,38,-999999,-999999,1,0,-999999,6,0
281,1,0,0,15,-999999,35,-999999,35,0,1,-999999,0,1
281,3,0,2,18,-999999,40,-999999,40,0,1,-999999,0,3
281,4,0,3,17,-999999,40,-999999,40,0,1,-999999,0,4
281,5,0,4,24,-999999,37,-999999,37,0,1,-999999,0,5
281,6,0,5,23,-999999,38,-999999,38,0,1,-999999,0,6
282,1,0,0,10,20,38,33,33,1,0,33,1,0
282,3,2,0,24,-999999,37,-999999,-999999,1,0,-999999,3,0
282,4,3,0,24,-999999,34,-999999,-999999,1,0,-999999,4,0
282,5,4,0,12,-999999,36,-999999,-999999,1,0,-999999,5,0
282,6,5,0,20,-999999,37,-999999,-999999,1,0,-999999,6,0
282,1,0,0,10,20,38,33,38,0,1,20,0,1
282,3,0,2,24,-999999,37,-999999,37,0,1,-999999,0,3
282,4,0,3,24,-999999,34,-999999,34,0,1,-999999,0,4
282,5,0,4,12,-999999,36,-999999,36,0,1,-999999,0,5
282,6,0,5,20,-999999,37,-999999,37,0,1,-999999,0,6
283,1,0,0,16,15,37,39,39,1,0,39,1,0
283,3,2,0,16,14,36,39,39,1,0,39,3,0
283,4,3,0,18,21,36,39,39,1,0,39,4,0
283,5,4,0,18,12,34,36,36,1,0,36,5,0
283,6,5,0,16,15,36,38,38,1,0,38,6,0
283,1,0,0,16,15,37,39,37,0,1,15,0,1
283,3,0,2,16,14,36,39,36,0,1,14,0,3
283,4,0,3,18,21,36,39,36,0,1,21,0,4
283,5,0,4,18,12,34,36,34,0,1,12,0,5
283,6,0,5,16,15,36,38,36,0,1,15,0,6
284,1,0,0,11,21,40,38,38,1,0,38,1,0
284,3,2,0,21,22,40,36,36,1,0,36,3,0
284,4,3,0,20,23,39,33,33,1,0,33,4,0
284,5,4,0,15,20,33,35,35,1,0,35,5,0
284,6,5,0,12,16,36,31,31,1,0,31,6,0
284,1,0,0,11,21,40,38,40,0,1,21,0,1
284,3,0,2,21,22,40,36,40,0,1,22,0,3
284,4,0,3,20,23,39,33,39,0,1,23,0,4
284,5,0,4,15,20,33,35,33,0,1,20,0,5
284,6,0,5,12,16,36,31,36,0,1,16,0,6
285,1,0,0,14,13,39,40,40,1,0,40,1,0
285,3,2,0,18,26,35,26,26,1,0,26,3,0
285,4,3,0,20,-999999,38,-999999,-999999,1,0,-999999,4,0
285,5,4,0,14,-999999,36,-999999,-999999,1,0,-999999,5,0
285,6,5,0,17,26,34,29,29,1,0,29,6,0
285,1,0,0,14,13,39,40,39,0,1,13,0,1
285,3,0,2,18,26,35,26,35,0,1,26,0,3
285,4,0,3,20,-999999,38,-999999,38,0,1,-999999,0,4
285,5,0,4,14,-999999,36,-999999,36,0,1,-999999,0,5
285,6,0,5,17,26,34,29,34,0,1,26,0,6
286,1,0,0,19,12,40,37,37,1,0,37,1,0
286,3,2,0,17,15,40,40,40,1,0,40,3,0
286,4,3,0,14,12,39,39,39,1,0,39,4,0
286,1,0,0,19,12,40,37,40,0,1,12,0,1
286,3,0,2,17,15,40,40,40,0,1,15,0,3
286,4,0,3,14,12,39,39,39,0,1,12,0,4
287,1,0,0,11,11,40,36,36,1,0,36,1,0
287,3,2,0,14,-999999,36,-999999,-999999,1,0,-999999,3,0
287,4,3,0,11,-999999,36,-999999,-999999,1,0,-999999,4,0
287,5,4,0,13,-999999,40,-999999,-999999,1,0,-999999,5,0
287,6,5,0,12,8,40,37,37,1,0,37,6,0
287,1,0,0,11,11,40,36,40,0,1,11,0,1
287,3,0,2,14,-999999,36,-999999,36,0,1,-999999,0,3
287,4,0,3,11,-999999,36,-999999,36,0,1,-999999,0,4
287,5,0,4,13,-999999,40,-999999,40,0,1,-999999,0,5
287,6,0,5,12,8,40,37,40,0,1,8,0,6
288,1,0,0,24,-999999,35,-999999,-999999,1,0,-999999,1,0
288,3,2,0,24,-999999,40,-999999,-999999,1,0,-999999,3,0
288,4,3,0,18,-999999,39,-999999,-999999,1,0,-999999,4,0
288,5,4,0,27,-999999,40,-999999,-999999,1,0,-999999,5,0
288,6,5,0,22,18,40,35,35,1,0,35,6,0
288,1,0,0,24,-999999,35,-999999,35,0,1,-999999,0,1
288,3,0,2,24,-999999,40,-999999,40,0,1,-999999,0,3
288,4,0,3,18,-999999,39,-999999,39,0,1,-999999,0,4
288,5,0,4,27,-999999,40,-999999,40,0,1,-999999,0,5
288,6,0,5,22,18,40,35,40,0,1,18,0,6
289,1,0,0,7,15,40,40,40,1,0,40,1,0
289,3,2,0,13,7,36,40,40,1,0,40,3,0
289,4,3,0,8,16,40,36,36,1,0,36,4,0
289,5,4,0,11,12,40,38,38,1,0,38,5,0
289,6,5,0,13,20,36,36,36,1,0,36,6,0
289,1,0,0,7,15,40,40,40,0,1,15,0,1
289,3,0,2,13,7,36,40,36,0,1,7,0,3
289,4,0,3,8,16,40,36,40,0,1,16,0,4
289,5,0,4,11,12,40,38,40,0,1,12,0,5
289,6,0,5,13,20,36,36,36,0,1,20,0,6
290,1,0,0,20,18,39,38,38,1,0,38,1,0
290,3,2,0,20,14,37,38,38,1,0,38,3,0
290,4,3,0,22,19,38,39,39,1,0,39,4,0
290,5,4,0,20,19,37,37,37,1,0,37,5,0
290,6,5,0,19,20,36,37,37,1,0,37,6,0
290,1,0,0,20,18,39,38,39,0,1,18,0,1
290,3,0,2,20,14,37,38,37,0,1,14,0,3
290,4,0,3,22,19,38,39,38,0,1,19,0,4
290,5,0,4,20,19,37,37,37,0,1,19,0,5
290,6,0,5,19,20,36,37,36,0,1,20,0,6
291,1,0,0,11,-999999,39,-999999,-999999,1,0,-999999,1,0
291,3,2,0,16,-999999,38,-999999,-999999,1,0,-999999,3,0
291,4,3,0,18,-999999,38,-999999,-999999,1,0,-999999,4,0
291,5,4,0,11,-999999,38,-999999,-999999,1,0,-999999,5,0
291,6,5,0,20,-999999,38,-999999,-999999,1,0,-999999,6,0
291,1,0,0,11,-999999,39,-999999,39,0,1,-999999,0,1
291,3,0,2,16,-999999,38,-999999,38,0,1,-999999,0,3
291,4,0,3,18,-999999,38,-999999,38,0,1,-999999,0,4
291,5,0,4,11,-999999,38,-999999,38,0,1,-999999,0,5
291,6,0,5,20,-999999,38,-999999,38,0,1,-999999,0,6
292,1,0,0,14,17,39,26,26,1,0,26,1,0
292,3,2,0,23,-999999,36,-999999,-999999,1,0,-999999,3,0
292,4,3,0,22,-999999,40,-999999,-999999,1,0,-999999,4,0
292,5,4,0,19,-999999,38,-999999,-999999,1,0,-999999,5,0
292,6,5,0,24,-999999,39,-999999,-999999,1,0,-999999,6,0
292,1,0,0,14,17,39,26,39,0,1,17,0,1
292,3,0,2,23,-999999,36,-999999,36,0,1,-999999,0,3
292,4,0,3,22,-999999,40,-999999,40,0,1,-999999,0,4
292,5,0,4,19,-999999,38,-999999,38,0,1,-999999,0,5
292,6,0,5,24,-999999,39,-999999,39,0,1,-999999,0,6
293,1,0,0,26,29,37,38,38,1,0,38,1,0
293,3,2,0,19,30,38,35,35,1,0,35,3,0
293,4,3,0,21,29,36,38,38,1,0,38,4,0
293,5,4,0,29,22,38,40,40,1,0,40,5,0
293,6,5,0,25,28,36,37,37,1,0,37,6,0
293,1,0,0,26,29,37,38,37,0,1,29,0,1
293,3,0,2,19,30,38,35,38,0,1,30,0,3
293,4,0,3,21,29,36,38,36,0,1,29,0,4
293,5,0,4,29,22,38,40,38,0,1,22,0,5
293,6,0,5,25,28,36,37,36,0,1,28,0,6
294,1,0,0,14,16,40,35,35,1,0,35,1,0
294,3,2,0,11,17,40,34,34,1,0,34,3,0
294,4,3,0,14,16,40,34,34,1,0,34,4,0
294,5,4,0,18,16,38,31,31,1,0,31,5,0
294,6,5,0,10,13,40,30,30,1,0,30,6,0
294,1,0,0,14,16,40,35,40,0,1,16,0,1
294,3,0,2,11,17,40,34,40,0,1,17,0,3
294,4,0,3,14,16,40,34,40,0,1,16,0,4
294,5,0,4,18,16,38,31,38,0,1,16,0,5
294,6,0,5,10,13,40,30,40,0,1,13,0,6
295,1,0,0,11,18,40,34,34,1,0,34,1,0
295,1,0,0,11,18,40,34,40,0,1,18,0,1
296,1,0,0,17,-999999,38,-999999,-999999,1,0,-999999,1,0
296,3,2,0,14,-999999,40,-999999,-999999,1,0,-999999,3,0
296,4,3,0,10,-999999,40,-999999,-999999,1,0,-999999,4,0
296,5,4,0,12,-999999,40,-999999,-999999,1,0,-999999,5,0
296,6,5,0,12,-999999,37,-999999,-999999,1,0,-999999,6,0
296,1,0,0,17,-999999,38,-999999,38,0,1,-999999,0,1
296,3,0,2,14,-999999,40,-999999,40,0,1,-999999,0,3
296,4,0,3,10,-999999,40,-999999,40,0,1,-999999,0,4
296,5,0,4,12,-999999,40,-999999,40,0,1,-999999,0,5
296,6,0,5,12,-999999,37,-999999,37,0,1,-999999,0,6
297,1,0,0,-999999,17,-999999,30,30,1,0,30,1,0
297,3,2,0,13,11,33,33,33,1,0,33,3,0
297,4,3,0,11,14,35,34,34,1,0,34,4,0
297,5,4,0,13,15,36,33,33,1,0,33,5,0
297,6,5,0,21,-999999,31,-999999,-999999,1,0,-999999,6,0
297,1,0,0,-999999,17,-999999,30,-999999,0,1,17,0,1
297,3,0,2,13,11,33,33,33,0,1,11,0,3
297,4,0,3,11,14,35,34,35,0,1,14,0,4
297,5,0,4,13,15,36,33,36,0,1,15,0,5
297,6,0,5,21,-999999,31,-999999,31,0,1,-999999,0,6
298,1,0,0,18,10,39,36,36,1,0,36,1,0
298,3,2,0,12,13,38,37,37,1,0,37,3,0
298,4,3,0,11,9,39,37,37,1,0,37,4,0
298,5,4,0,11,10,37,37,37,1,0,37,5,0
298,6,5,0,9,13,38,35,35,1,0,35,6,0
298,1,0,0,18,10,39,36,39,0,1,10,0,1
298,3,0,2,12,13,38,37,38,0,1,13,0,3
298,4,0,3,11,9,39,37,39,0,1,9,0,4
298,5,0,4,11,10,37,37,37,0,1,10,0,5
298,6,0,5,9,13,38,35,38,0,1,13,0,6
299,1,0,0,14,12,35,31,31,1,0,31,1,0
299,3,2,0,16,19,36,27,27,1,0,27,3,0
299,4,3,0,14,19,39,23,23,1,0,23,4,0
299,5,4,0,14,16,39,28,28,1,0,28,5,0
299,6,5,0,-999999,19,-999999,30,30,1,0,30,6,0
299,1,0,0,14,12,35,31,35,0,1,12,0,1
299,3,0,2,16,19,36,27,36,0,1,19,0,3
299,4,0,3,14,19,39,23,39,0,1,19,0,4
299,5,0,4,14,16,39,28,39,0,1,16,0,5
299,6,0,5,-999999,19,-999999,30,-999999,0,1,19,0,6
300,1,0,0,15,20,38,27,27,1,0,27,1,0
300,3,2,0,21,-999999,28,-999999,-999999,1,0,-999999,3,0
300,5,4,0,24,-999999,38,-999999,-999999,1,0,-999999,5,0
300,6,5,0,16,-999999,38,-999999,-999999,1,0,-999999,6,0
300,1,0,0,15,20,38,27,38,0,1,20,0,1
300,3,0,2,21,-999999,28,-999999,28,0,1,-999999,0,3
300,5,0,4,24,-999999,38,-999999,38,0,1,-999999,0,5
300,6,0,5,16,-999999,38,-999999,38,0,1,-999999,0,6
301,1,0,0,12,19,35,35,35,1,0,35,1,0
301,3,2,0,14,13,32,37,37,1,0,37,3,0
301,4,3,0,18,15,32,33,33,1,0,33,4,0
301,5,4,0,21,14,32,36,36,1,0,36,5,0
301,6,5,0,14,19,35,32,32,1,0,32,6,0
301,1,0,0,12,19,35,35,35,0,1,19,0,1
301,3,0,2,14,13,32,37,32,0,1,13,0,3
301,4,0,3,18,15,32,33,32,0,1,15,0,4
301,5,0,4,21,14,32,36,32,0,1,14,0,5
301,6,0,5,14,19,35,32,35,0,1,19,0,6
302,1,0,0,11,-999999,39,-999999,-999999,1,0,-999999,1,0
302,3,2,0,10,-999999,34,-999999,-999999,1,0,-999999,3,0
302,4,3,0,10,12,39,39,39,1,0,39,4,0
302,5,4,0,16,14,35,38,38,1,0,38,5,0
302,6,5,0,10,23,35,32,32,1,0,32,6,0
302,1,0,0,11,-999999,39,-999999,39,0,1,-999999,0,1
302,3,0,2,10,-999999,34,-999999,34,0,1,-999999,0,3
302,4,0,3,10,12,39,39,39,0,1,12,0,4
302,5,0,4,16,14,35,38,35,0,1,14,0,5
302,6,0,5,10,23,35,32,35,0,1,23,0,6
303,1,0,0,16,23,39,37,37,1,0,37,1,0
303,3,2,0,17,23,36,19,19,1,0,19,3,0
303,4,3,0,21,-999999,36,-999999,-999999,1,0,-999999,4,0
303,6,5,0,21,-999999,29,-999999,-999999,1,0,-999999,6,0
303,1,0,0,16,23,39,37,39,0,1,23,0,1
303,3,0,2,17,23,36,19,36,0,1,23,0,3
303,4,0,3,21,-999999,36,-999999,36,0,1,-999999,0,4
303,6,0,5,21,-999999,29,-999999,29,0,1,-999999,0,6
304,1,0,0,25,14,39,32,32,1,0,32,1,0
304,3,2,0,19,12,36,39,39,1,0,39,3,0
304,4,3,0,19,15,36,36,36,1,0,36,4,0
304,5,4,0,18,14,34,37,37,1,0,37,5,0
304,6,5,0,22,21,27,31,31,1,0,31,6,0
304,1,0,0,25,14,39,32,39,0,1,14,0,1
304,3,0,2,19,12,36,39,36,0,1,12,0,3
304,4,0,3,19,15,36,36,36,0,1,15,0,4
304,5,0,4,18,14,34,37,34,0,1,14,0,5
304,6,0,5,22,21,27,31,27,0,1,21,0,6
305,1,0,0,13,8,40,38,38,1,0,38,1,0
305,3,2,0,13,11,40,33,33,1,0,33,3,0
305,4,3,0,16,18,40,40,40,1,0,40,4,0
305,5,4,0,14,17,40,37,37,1,0,37,5,0
305,6,5,0,16,19,40,37,37,1,0,37,6,0
305,1,0,0,13,8,40,38,40,0,1,8,0,1
305,3,0,2,13,11,40,33,40,0,1,11,0,3
305,4,0,3,16,18,40,40,40,0,1,18,0,4
305,5,0,4,14,17,40,37,40,0,1,17,0,5
305,6,0,5,16,19,40,37,40,0,1,19,0,6
306,1,0,0,22,9,39,37,37,1,0,37,1,0
306,3,2,0,23,24,39,34,34,1,0,34,3,0
306,4,3,0,20,25,40,35,35,1,0,35,4,0
306,5,4,0,24,19,37,37,37,1,0,37,5,0
306,6,5,0,27,21,33,36,36,1,0,36,6,0
306,1,0,0,22,9,39,37,39,0,1,9,0,1
306,3,0,2,23,24,39,34,39,0,1,24,0,3
306,4,0,3,20,25,40,35,40,0,1,25,0,4
306,5,0,4,24,19,37,37,37,0,1,19,0,5
306,6,0,5,27,21,33,36,33,0,1,21,0,6
307,1,0,0,16,-999999,39,-999999,-999999,1,0,-999999,1,0
307,3,2,0,14,-999999,39,-999999,-999999,1,0,-999999,3,0
307,4,3,0,16,-999999,40,-999999,-999999,1,0,-999999,4,0
307,5,4,0,15,-999999,38,-999999,-999999,1,0,-999999,5,0
307,6,5,0,10,-999999,40,-999999,-999999,1,0,-999999,6,0
307,1,0,0,16,-999999,39,-999999,39,0,1,-999999,0,1
307,3,0,2,14,-999999,39,-999999,39,0,1,-999999,0,3
307,4,0,3,16,-999999,40,-999999,40,0,1,-999999,0,4
307,5,0,4,15,-999999,38,-999999,38,0,1,-999999,0,5
307,6,0,5,10,-999999,40,-999999,40,0,1,-999999,0,6
308,3,2,0,19,25,33,32,32,1,0,32,3,0
308,4,3,0,10,22,40,35,35,1,0,35,4,0
308,5,4,0,13,14,38,34,34,1,0,34,5,0
308,6,5,0,19,16,37,35,35,1,0,35,6,0
308,3,0,2,19,25,33,32,33,0,1,25,0,3
308,4,0,3,10,22,40,35,40,0,1,22,0,4
308,5,0,4,13,14,38,34,38,0,1,14,0,5
308,6,0,5,19,16,37,35,37,0,1,16,0,6
309,1,0,0,13,19,33,39,39,1,0,39,1,0
309,3,2,0,17,11,32,36,36,1,0,36,3,0
309,4,3,0,11,-999999,33,-999999,-999999,1,0,-999999,4,0
309,5,4,0,9,12,32,34,34,1,0,34,5,0
309,6,5,0,15,-999999,34,-999999,-999999,1,0,-999999,6,0
309,1,0,0,13,19,33,39,33,0,1,19,0,1
309,3,0,2,17,11,32,36,32,0,1,11,0,3
309,4,0,3,11,-999999,33,-999999,33,0,1,-999999,0,4
309,5,0,4,9,12,32,34,32,0,1,12,0,5
309,6,0,5,15,-999999,34,-999999,34,0,1,-999999,0,6
310,3,2,0,10,12,38,39,39,1,0,39,3,0
310,4,3,0,11,17,36,39,39,1,0,39,4,0
310,5,4,0,14,15,36,-999999,-999999,1,0,-999999,5,0
310,6,5,0,11,19,37,40,40,1,0,40,6,0
310,3,0,2,10,12,38,39,38,0,1,12,0,3
310,4,0,3,11,17,36,39,36,0,1,17,0,4
310,5,0,4,14,15,36,-999999,36,0,1,15,0,5
310,6,0,5,11,19,37,40,37,0,1,19,0,6
311,1,0,0,16,12,40,37,37,1,0,37,1,0
311,3,2,0,20,-999999,38,-999999,-999999,1,0,-999999,3,0
311,4,3,0,15,-999999,38,-999999,-999999,1,0,-999999,4,0
311,5,4,0,15,13,34,33,33,1,0,33,5,0
311,6,5,0,14,-999999,35,-999999,-999999,1,0,-999999,6,0
311,1,0,0,16,12,40,37,40,0,1,12,0,1
311,3,0,2,20,-999999,38,-999999,38,0,1,-999999,0,3
311,4,0,3,15,-999999,38,-999999,38,0,1,-999999,0,4
311,5,0,4,15,13,34,33,34,0,1,13,0,5
311,6,0,5,14,-999999,35,-999999,35,0,1,-999999,0,6
312,1,0,0,32,-999999,39,-999999,-999999,1,0,-999999,1,0
312,4,3,0,22,-999999,33,-999999,-999999,1,0,-999999,4,0
312,6,5,0,26,-999999,33,-999999,-999999,1,0,-999999,6,0
312,1,0,0,32,-999999,39,-999999,39,0,1,-999999,0,1
312,4,0,3,22,-999999,33,-999999,33,0,1,-999999,0,4
312,6,0,5,26,-999999,33,-999999,33,0,1,-999999,0,6
313,4,3,0,21,-999999,35,-999999,-999999,1,0,-999999,4,0
313,5,4,0,16,-999999,40,-999999,-999999,1,0,-999999,5,0
313,6,5,0,21,-999999,23,-999999,-999999,1,0,-999999,6,0
313,4,0,3,21,-999999,35,-999999,35,0,1,-999999,0,4
313,5,0,4,16,-999999,40,-999999,40,0,1,-999999,0,5
313,6,0,5,21,-999999,23,-999999,23,0,1,-999999,0,6
314,1,0,0,11,9,39,40,40,1,0,40,1,0
314,3,2,0,18,18,35,39,39,1,0,39,3,0
314,4,3,0,11,14,40,37,37,1,0,37,4,0
314,5,4,0,17,14,33,37,37,1,0,37,5,0
314,6,5,0,21,18,37,36,36,1,0,36,6,0
314,1,0,0,11,9,39,40,39,0,1,9,0,1
314,3,0,2,18,18,35,39,35,0,1,18,0,3
314,4,0,3,11,14,40,37,40,0,1,14,0,4
314,5,0,4,17,14,33,37,33,0,1,14,0,5
314,6,0,5,21,18,37,36,37,0,1,18,0,6
315,1,0,0,20,18,34,33,33,1,0,33,1,0
315,3,2,0,21,28,36,30,30,1,0,30,3,0
315,4,3,0,18,27,36,26,26,1,0,26,4,0
315,5,4,0,20,29,36,30,30,1,0,30,5,0
315,6,5,0,18,28,36,29,29,1,0,29,6,0
315,1,0,0,20,18,34,33,34,0,1,18,0,1
315,3,0,2,21,28,36,30,36,0,1,28,0,3
315,4,0,3,18,27,36,26,36,0,1,27,0,4
315,5,0,4,20,29,36,30,36,0,1,29,0,5
315,6,0,5,18,28,36,29,36,0,1,28,0,6
316,1,0,0,15,10,35,37,37,1,0,37,1,0
316,3,2,0,20,20,35,38,38,1,0,38,3,0
316,4,3,0,26,16,34,37,37,1,0,37,4,0
316,5,4,0,26,15,33,36,36,1,0,36,5,0
316,6,5,0,24,13,32,32,32,1,0,32,6,0
316,1,0,0,15,10,35,37,35,0,1,10,0,1
316,3,0,2,20,20,35,38,35,0,1,20,0,3
316,4,0,3,26,16,34,37,34,0,1,16,0,4
316,5,0,4,26,15,33,36,33,0,1,15,0,5
316,6,0,5,24,13,32,32,32,0,1,13,0,6
317,1,0,0,15,20,40,13,13,1,0,13,1,0
317,3,2,0,13,-999999,40,-999999,-999999,1,0,-999999,3,0
317,4,3,0,11,16,40,18,18,1,0,18,4,0
317,5,4,0,10,16,39,14,14,1,0,14,5,0
317,6,5,0,12,20,40,23,23,1,0,23,6,0
317,1,0,0,15,20,40,13,40,0,1,20,0,1
317,3,0,2,13,-999999,40,-999999,40,0,1,-999999,0,3
317,4,0,3,11,16,40,18,40,0,1,16,0,4
317,5,0,4,10,16,39,14,39,0,1,16,0,5
317,6,0,5,12,20,40,23,40,0,1,20,0,6
318,1,0,0,14,10,37,35,35,1,0,35,1,0
318,3,2,0,14,-999999,38,-999999,-999999,1,0,-999999,3,0
318,4,3,0,15,-999999,38,-999999,-999999,1,0,-999999,4,0
318,5,4,0,11,-999999,40,-999999,-999999,1,0,-999999,5,0
318,6,5,0,18,-999999,38,-999999,-999999,1,0,-999999,6,0
318,1,0,0,14,10,37,35,37,0,1,10,0,1
318,3,0,2,14,-999999,38,-999999,38,0,1,-999999,0,3
318,4,0,3,15,-999999,38,-999999,38,0,1,-999999,0,4
318,5,0,4,11,-999999,40,-999999,40,0,1,-999999,0,5
318,6,0,5,18,-999999,38,-999999,38,0,1,-999999,0,6
319,1,0,0,11,-999999,40,-999999,-999999,1,0,-999999,1,0
319,3,2,0,17,22,38,35,35,1,0,35,3,0
319,4,3,0,15,-999999,40,-999999,-999999,1,0,-999999,4,0
319,6,5,0,15,-999999,38,-999999,-999999,1,0,-999999,6,0
319,1,0,0,11,-999999,40,-999999,40,0,1,-999999,0,1
319,3,0,2,17,22,38,35,38,0,1,22,0,3
319,4,0,3,15,-999999,40,-999999,40,0,1,-999999,0,4
319,6,0,5,15,-999999,38,-999999,38,0,1,-999999,0,6
320,1,0,0,10,20,40,36,36,1,0,36,1,0
320,3,2,0,16,-999999,38,-999999,-999999,1,0,-999999,3,0
320,4,3,0,12,-999999,33,-999999,-999999,1,0,-999999,4,0
320,5,4,0,11,-999999,38,-999999,-999999,1,0,-999999,5,0
320,6,5,0,28,-999999,20,-999999,-999999,1,0,-999999,6,0
320,1,0,0,10,20,40,36,40,0,1,20,0,1
320,3,0,2,16,-999999,38,-999999,38,0,1,-999999,0,3
320,4,0,3,12,-999999,33,-999999,33,0,1,-999999,0,4
320,5,0,4,11,-999999,38,-999999,38,0,1,-999999,0,5
320,6,0,5,28,-999999,20,-999999,20,0,1,-999999,0,6
321,1,0,0,27,15,35,37,37,1,0,37,1,0
321,3,2,0,22,23,28,29,29,1,0,29,3,0
321,4,3,0,24,22,35,31,31,1,0,31,4,0
321,5,4,0,28,16,30,28,28,1,0,28,5,0
321,6,5,0,19,-999999,34,-999999,-999999,1,0,-999999,6,0
321,1,0,0,27,15,35,37,35,0,1,15,0,1
321,3,0,2,22,23,28,29,28,0,1,23,0,3
321,4,0,3,24,22,35,31,35,0,1,22,0,4
321,5,0,4,28,16,30,28,30,0,1,16,0,5
321,6,0,5,19,-999999,34,-999999,34,0,1,-999999,0,6
322,1,0,0,22,26,38,37,37,1,0,37,1,0
322,3,2,0,14,-999999,40,-999999,-999999,1,0,-999999,3,0
322,4,3,0,23,-999999,38,-999999,-999999,1,0,-999999,4,0
322,5,4,0,24,-999999,40,-999999,-999999,1,0,-999999,5,0
322,6,5,0,25,-999999,40,-999999,-999999,1,0,-999999,6,0
322,1,0,0,22,26,38,37,38,0,1,26,0,1
322,3,0,2,14,-999999,40,-999999,40,0,1,-999999,0,3
322,4,0,3,23,-999999,38,-999999,38,0,1,-999999,0,4
322,5,0,4,24,-999999,40,-999999,40,0,1,-999999,0,5
322,6,0,5,25,-999999,40,-999999,40,0,1,-999999,0,6
323,1,0,0,15,17,38,40,40,1,0,40,1,0
323,3,2,0,16,11,38,39,39,1,0,39,3,0
323,4,3,0,16,19,36,37,37,1,0,37,4,0
323,5,4,0,18,22,35,39,39,1,0,39,5,0
323,6,5,0,17,22,35,34,34,1,0,34,6,0
323,1,0,0,15,17,38,40,38,0,1,17,0,1
323,3,0,2,16,11,38,39,38,0,1,11,0,3
323,4,0,3,16,19,36,37,36,0,1,19,0,4
323,5,0,4,18,22,35,39,35,0,1,22,0,5
323,6,0,5,17,22,35,34,35,0,1,22,0,6
324,1,0,0,16,-999999,38,-999999,-999999,1,0,-999999,1,0
324,3,2,0,14,-999999,38,-999999,-999999,1,0,-999999,3,0
324,4,3,0,16,-999999,39,-999999,-999999,1,0,-999999,4,0
324,5,4,0,18,-999999,36,-999999,-999999,1,0,-999999,5,0
324,6,5,0,14,-999999,38,-999999,-999999,1,0,-999999,6,0
324,1,0,0,16,-999999,38,-999999,38,0,1,-999999,0,1
324,3,0,2,14,-999999,38,-999999,38,0,1,-999999,0,3
324,4,0,3,16,-999999,39,-999999,39,0,1,-999999,0,4
324,5,0,4,18,-999999,36,-999999,36,0,1,-999999,0,5
324,6,0,5,14,-999999,38,-999999,38,0,1,-999999,0,6
325,1,0,0,8,15,40,39,39,1,0,39,1,0
325,6,5,0,9,-999999,40,-999999,-999999,1,0,-999999,6,0
325,1,0,0,8,15,40,39,40,0,1,15,0,1
325,6,0,5,9,-999999,40,-999999,40,0,1,-999999,0,6
326,1,0,0,12,12,32,32,32,1,0,32,1,0
326,4,3,0,19,17,33,34,34,1,0,34,4,0
326,1,0,0,12,12,32,32,32,0,1,12,0,1
326,4,0,3,19,17,33,34,33,0,1,17,0,4
327,1,0,0,7,-999999,40,-999999,-999999,1,0,-999999,1,0
327,3,2,0,8,-999999,40,-999999,-999999,1,0,-999999,3,0
327,4,3,0,8,-999999,40,-999999,-999999,1,0,-999999,4,0
327,5,4,0,7,-999999,40,-999999,-999999,1,0,-999999,5,0
327,6,5,0,11,-999999,40,-999999,-999999,1,0,-999999,6,0
327,1,0,0,7,-999999,40,-999999,40,0,1,-999999,0,1
327,3,0,2,8,-999999,40,-999999,40,0,1,-999999,0,3
327,4,0,3,8,-999999,40,-999999,40,0,1,-999999,0,4
327,5,0,4,7,-999999,40,-999999,40,0,1,-999999,0,5
327,6,0,5,11,-999999,40,-999999,40,0,1,-999999,0,6
328,1,0,0,27,-999999,27,-999999,-999999,1,0,-999999,1,0
328,3,2,0,13,-999999,39,-999999,-999999,1,0,-999999,3,0
328,1,0,0,27,-999999,27,-999999,27,0,1,-999999,0,1
328,3,0,2,13,-999999,39,-999999,39,0,1,-999999,0,3
329,1,0,0,14,7,37,39,39,1,0,39,1,0
329,3,2,0,9,8,40,36,36,1,0,36,3,0
329,4,3,0,8,7,40,36,36,1,0,36,4,0
329,5,4,0,11,7,40,36,36,1,0,36,5,0
329,6,5,0,10,-999999,38,-999999,-999999,1,0,-999999,6,0
329,1,0,0,14,7,37,39,37,0,1,7,0,1
329,3,0,2,9,8,40,36,40,0,1,8,0,3
329,4,0,3,8,7,40,36,40,0,1,7,0,4
329,5,0,4,11,7,40,36,40,0,1,7,0,5
329,6,0,5,10,-999999,38,-999999,38,0,1,-999999,0,6
330,1,0,0,9,12,40,39,39,1,0,39,1,0
330,3,2,0,10,14,40,37,37,1,0,37,3,0
330,4,3,0,10,18,39,40,40,1,0,40,4,0
330,5,4,0,11,14,39,38,38,1,0,38,5,0
330,6,5,0,9,15,39,35,35,1,0,35,6,0
330,1,0,0,9,12,40,39,40,0,1,12,0,1
330,3,0,2,10,14,40,37,40,0,1,14,0,3
330,4,0,3,10,18,39,40,39,0,1,18,0,4
330,5,0,4,11,14,39,38,39,0,1,14,0,5
330,6,0,5,9,15,39,35,39,0,1,15,0,6
331,1,0,0,10,20,40,36,36,1,0,36,1,0
331,3,2,0,8,16,39,38,38,1,0,38,3,0
331,4,3,0,12,-999999,40,-999999,-999999,1,0,-999999,4,0
331,5,4,0,15,16,38,35,35,1,0,35,5,0
331,6,5,0,12,-999999,37,-999999,-999999,1,0,-999999,6,0
331,1,0,0,10,20,40,36,40,0,1,20,0,1
331,3,0,2,8,16,39,38,39,0,1,16,0,3
331,4,0,3,12,-999999,40,-999999,40,0,1,-999999,0,4
331,5,0,4,15,16,38,35,38,0,1,16,0,5
331,6,0,5,12,-999999,37,-999999,37,0,1,-999999,0,6
332,1,0,0,24,14,37,36,36,1,0,36,1,0
332,3,2,0,13,17,37,31,31,1,0,31,3,0
332,4,3,0,22,12,38,25,25,1,0,25,4,0
332,5,4,0,19,-999999,37,-999999,-999999,1,0,-999999,5,0
332,6,5,0,16,24,36,28,28,1,0,28,6,0
332,1,0,0,24,14,37,36,37,0,1,14,0,1
332,3,0,2,13,17,37,31,37,0,1,17,0,3
332,4,0,3,22,12,38,25,38,0,1,12,0,4
332,5,0,4,19,-999999,37,-999999,37,0,1,-999999,0,5
332,6,0,5,16,24,36,28,36,0,1,24,0,6
333,1,0,0,11,8,40,38,38,1,0,38,1,0
333,3,2,0,13,19,37,39,39,1,0,39,3,0
333,4,3,0,10,13,37,38,38,1,0,38,4,0
333,5,4,0,11,13,38,39,39,1,0,39,5,0
333,6,5,0,15,18,36,35,35,1,0,35,6,0
333,1,0,0,11,8,40,38,40,0,1,8,0,1
333,3,0,2,13,19,37,39,37,0,1,19,0,3
333,4,0,3,10,13,37,38,37,0,1,13,0,4
333,5,0,4,11,13,38,39,38,0,1,13,0,5
333,6,0,5,15,18,36,35,36,0,1,18,0,6
334,1,0,0,15,12,36,35,35,1,0,35,1,0
334,3,2,0,20,17,34,31,31,1,0,31,3,0
334,4,3,0,19,17,35,33,33,1,0,33,4,0
334,5,4,0,19,-999999,33,-999999,-999999,1,0,-999999,5,0
334,6,5,0,21,19,35,25,25,1,0,25,6,0
334,1,0,0,15,12,36,35,36,0,1,12,0,1
334,3,0,2,20,17,34,31,34,0,1,17,0,3
334,4,0,3,19,17,35,33,35,0,1,17,0,4
334,5,0,4,19,-999999,33,-999999,33,0,1,-999999,0,5
334,6,0,5,21,19,35,25,35,0,1,19,0,6
335,1,0,0,11,18,39,35,35,1,0,35,1,0
335,3,2,0,13,22,36,35,35,1,0,35,3,0
335,4,3,0,9,9,38,37,37,1,0,37,4,0
335,5,4,0,11,8,39,37,37,1,0,37,5,0
335,6,5,0,12,12,40,33,33,1,0,33,6,0
335,1,0,0,11,18,39,35,39,0,1,18,0,1
335,3,0,2,13,22,36,35,36,0,1,22,0,3
335,4,0,3,9,9,38,37,38,0,1,9,0,4
335,5,0,4,11,8,39,37,39,0,1,8,0,5
335,6,0,5,12,12,40,33,40,0,1,12,0,6
336,1,0,0,10,14,39,33,33,1,0,33,1,0
336,3,2,0,17,13,40,32,32,1,0,32,3,0
336,4,3,0,17,15,39,35,35,1,0,35,4,0
336,5,4,0,14,13,38,36,36,1,0,36,5,0
336,6,5,0,18,11,37,36,36,1,0,36,6,0
336,1,0,0,10,14,39,33,39,0,1,14,0,1
336,3,0,2,17,13,40,32,40,0,1,13,0,3
336,4,0,3,17,15,39,35,39,0,1,15,0,4
336,5,0,4,14,13,38,36,38,0,1,13,0,5
336,6,0,5,18,11,37,36,37,0,1,11,0,6
337,1,0,0,7,-999999,40,-999999,-999999,1,0,-999999,1,0
337,3,2,0,14,-999999,40,-999999,-999999,1,0,-999999,3,0
337,4,3,0,9,-999999,40,-999999,-999999,1,0,-999999,4,0
337,5,4,0,20,-999999,39,-999999,-999999,1,0,-999999,5,0
337,6,5,0,29,-999999,36,-999999,-999999,1,0,-999999,6,0
337,1,0,0,7,-999999,40,-999999,40,0,1,-999999,0,1
337,3,0,2,14,-999999,40,-999999,40,0,1,-999999,0,3
337,4,0,3,9,-999999,40,-999999,40,0,1,-999999,0,4
337,5,0,4,20,-999999,39,-999999,39,0,1,-999999,0,5
337,6,0,5,29,-999999,36,-999999,36,0,1,-999999,0,6
338,3,2,0,7,19,37,37,37,1,0,37,3,0
338,4,3,0,8,-999999,39,-999999,-999999,1,0,-999999,4,0
338,3,0,2,7,19,37,37,37,0,1,19,0,3
338,4,0,3,8,-999999,39,-999999,39,0,1,-999999,0,4
339,1,0,0,14,22,33,35,35,1,0,35,1,0
339,3,2,0,31,31,29,29,29,1,0,29,3,0
339,4,3,0,31,-999999,33,-999999,-999999,1,0,-999999,4,0
339,5,4,0,24,24,32,36,36,1,0,36,5,0
339,6,5,0,27,19,25,39,39,1,0,39,6,0
339,1,0,0,14,22,33,35,33,0,1,22,0,1
339,3,0,2,31,31,29,29,29,0,1,31,0,3
339,4,0,3,31,-999999,33,-999999,33,0,1,-999999,0,4
339,5,0,4,24,24,32,36,32,0,1,24,0,5
339,6,0,5,27,19,25,39,25,0,1,19,0,6
340,1,0,0,19,19,34,35,35,1,0,35,1,0
340,3,2,0,23,21,40,35,35,1,0,35,3,0
340,4,3,0,19,15,40,37,37,1,0,37,4,0
340,5,4,0,13,16,40,32,32,1,0,32,5,0
340,6,5,0,20,13,40,40,40,1,0,40,6,0
340,1,0,0,19,19,34,35,34,0,1,19,0,1
340,3,0,2,23,21,40,35,40,0,1,21,0,3
340,4,0,3,19,15,40,37,40,0,1,15,0,4
340,5,0,4,13,16,40,32,40,0,1,16,0,5
340,6,0,5,20,13,40,40,40,0,1,13,0,6
341,1,0,0,16,14,40,39,39,1,0,39,1,0
341,3,2,0,11,-999999,32,-999999,-999999,1,0,-999999,3,0
341,4,3,0,11,-999999,37,-999999,-999999,1,0,-999999,4,0
341,5,4,0,7,-999999,36,-999999,-999999,1,0,-999999,5,0
341,6,5,0,13,-999999,37,-999999,-999999,1,0,-999999,6,0
341,1,0,0,16,14,40,39,40,0,1,14,0,1
341,3,0,2,11,-999999,32,-999999,32,0,1,-999999,0,3
341,4,0,3,11,-999999,37,-999999,37,0,1,-999999,0,4
341,5,0,4,7,-999999,36,-999999,36,0,1,-999999,0,5
341,6,0,5,13,-999999,37,-999999,37,0,1,-999999,0,6
342,1,0,0,24,-999999,37,-999999,-999999,1,0,-999999,1,0
342,3,2,0,24,-999999,37,-999999,-999999,1,0,-999999,3,0
342,4,3,0,24,-999999,38,-999999,-999999,1,0,-999999,4,0
342,5,4,0,29,-999999,36,-999999,-999999,1,0,-999999,5,0
342,6,5,0,26,-999999,40,-999999,-999999,1,0,-999999,6,0
342,1,0,0,24,-999999,37,-999999,37,0,1,-999999,0,1
342,3,0,2,24,-999999,37,-999999,37,0,1,-999999,0,3
342,4,0,3,24,-999999,38,-999999,38,0,1,-999999,0,4
342,5,0,4,29,-999999,36,-999999,36,0,1,-999999,0,5
342,6,0,5,26,-999999,40,-999999,40,0,1,-999999,0,6
343,1,0,0,7,9,39,40,40,1,0,40,1,0
343,4,3,0,10,10,40,40,40,1,0,40,4,0
343,5,4,0,7,13,36,39,39,1,0,39,5,0
343,6,5,0,10,14,35,36,36,1,0,36,6,0
343,1,0,0,7,9,39,40,39,0,1,9,0,1
343,4,0,3,10,10,40,40,40,0,1,10,0,4
343,5,0,4,7,13,36,39,36,0,1,13,0,5
343,6,0,5,10,14,35,36,35,0,1,14,0,6
344,1,0,0,9,28,40,35,35,1,0,35,1,0
344,3,2,0,21,25,40,36,36,1,0,36,3,0
344,4,3,0,18,21,40,31,31,1,0,31,4,0
344,5,4,0,16,-999999,39,-999999,-999999,1,0,-999999,5,0
344,6,5,0,16,21,36,33,33,1,0,33,6,0
344,1,0,0,9,28,40,35,40,0,1,28,0,1
344,3,0,2,21,25,40,36,40,0,1,25,0,3
344,4,0,3,18,21,40,31,40,0,1,21,0,4
344,5,0,4,16,-999999,39,-999999,39,0,1,-999999,0,5
344,6,0,5,16,21,36,33,36,0,1,21,0,6
345,1,0,0,9,9,40,38,38,1,0,38,1,0
345,3,2,0,18,9,39,38,38,1,0,38,3,0
345,4,3,0,17,15,39,38,38,1,0,38,4,0
345,5,4,0,16,15,40,37,37,1,0,37,5,0
345,6,5,0,16,14,40,36,36,1,0,36,6,0
345,1,0,0,9,9,40,38,40,0,1,9,0,1
345,3,0,2,18,9,39,38,39,0,1,9,0,3
345,4,0,3,17,15,39,38,39,0,1,15,0,4
345,5,0,4,16,15,40,37,40,0,1,15,0,5
345,6,0,5,16,14,40,36,40,0,1,14,0,6
346,1,0,0,16,-999999,40,-999999,-999999,1,0,-999999,1,0
346,3,2,0,24,26,36,38,38,1,0,38,3,0
346,4,3,0,25,31,29,35,35,1,0,35,4,0
346,5,4,0,23,33,34,36,36,1,0,36,5,0
346,6,5,0,31,26,27,33,33,1,0,33,6,0
346,1,0,0,16,-999999,40,-999999,40,0,1,-999999,0,1
346,3,0,2,24,26,36,38,36,0,1,26,0,3
346,4,0,3,25,31,29,35,29,0,1,31,0,4
346,5,0,4,23,33,34,36,34,0,1,33,0,5
346,6,0,5,31,26,27,33,27,0,1,26,0,6
347,1,0,0,20,-999999,39,-999999,-999999,1,0,-999999,1,0
347,3,2,0,25,-999999,39,-999999,-999999,1,0,-999999,3,0
347,4,3,0,19,-999999,38,-999999,-999999,1,0,-999999,4,0
347,5,4,0,17,-999999,36,-999999,-999999,1,0,-999999,5,0
347,6,5,0,15,-999999,36,-999999,-999999,1,0,-999999,6,0
347,1,0,0,20,-999999,39,-999999,39,0,1,-999999,0,1
347,3,0,2,25,-999999,39,-999999,39,0,1,-999999,0,3
347,4,0,3,19,-999999,38,-999999,38,0,1,-999999,0,4
347,5,0,4,17,-999999,36,-999999,36,0,1,-999999,0,5
347,6,0,5,15,-999999,36,-999999,36,0,1,-999999,0,6
348,1,0,0,12,8,38,39,39,1,0,39,1,0
348,3,2,0,16,-999999,39,-999999,-999999,1,0,-999999,3,0
348,4,3,0,14,-999999,37,-999999,-999999,1,0,-999999,4,0
348,5,4,0,14,19,37,33,33,1,0,33,5,0
348,6,5,0,17,-999999,37,-999999,-999999,1,0,-999999,6,0
348,1,0,0,12,8,38,39,38,0,1,8,0,1
348,3,0,2,16,-999999,39,-999999,39,0,1,-999999,0,3
348,4,0,3,14,-999999,37,-999999,37,0,1,-999999,0,4
348,5,0,4,14,19,37,33,37,0,1,19,0,5
348,6,0,5,17,-999999,37,-999999,37,0,1,-999999,0,6
349,1,0,0,30,22,36,35,35,1,0,35,1,0
349,5,4,0,25,23,39,35,35,1,0,35,5,0
349,6,5,0,27,22,39,37,37,1,0,37,6,0
349,1,0,0,30,22,36,35,36,0,1,22,0,1
349,5,0,4,25,23,39,35,39,0,1,23,0,5
349,6,0,5,27,22,39,37,39,0,1,22,0,6
350,3,2,0,20,-999999,38,-999999,-999999,1,0,-999999,3,0
350,4,3,0,27,-999999,34,-999999,-999999,1,0,-999999,4,0
350,5,4,0,26,-999999,32,-999999,-999999,1,0,-999999,5,0
350,6,5,0,24,25,30,25,25,1,0,25,6,0
350,3,0,2,20,-999999,38,-999999,38,0,1,-999999,0,3
350,4,0,3,27,-999999,34,-999999,34,0,1,-999999,0,4
350,5,0,4,26,-999999,32,-999999,32,0,1,-999999,0,5
350,6,0,5,24,25,30,25,30,0,1,25,0,6
351,1,0,0,12,10,38,39,39,1,0,39,1,0
351,3,2,0,12,8,36,39,39,1,0,39,3,0
351,4,3,0,9,10,40,38,38,1,0,38,4,0
351,5,4,0,10,12,40,38,38,1,0,38,5,0
351,6,5,0,9,18,38,36,36,1,0,36,6,0
351,1,0,0,12,10,38,39,38,0,1,10,0,1
351,3,0,2,12,8,36,39,36,0,1,8,0,3
351,4,0,3,9,10,40,38,40,0,1,10,0,4
351,5,0,4,10,12,40,38,40,0,1,12,0,5
351,6,0,5,9,18,38,36,38,0,1,18,0,6
352,1,0,0,21,14,40,40,40,1,0,40,1,0
352,3,2,0,21,14,36,39,39,1,0,39,3,0
352,4,3,0,19,18,36,37,37,1,0,37,4,0
352,5,4,0,22,15,40,35,35,1,0,35,5,0
352,6,5,0,18,11,39,38,38,1,0,38,6,0
352,1,0,0,21,14,40,40,40,0,1,14,0,1
352,3,0,2,21,14,36,39,36,0,1,14,0,3
352,4,0,3,19,18,36,37,36,0,1,18,0,4
352,5,0,4,22,15,40,35,40,0,1,15,0,5
352,6,0,5,18,11,39,38,39,0,1,11,0,6
353,1,0,0,12,17,40,31,31,1,0,31,1,0
353,3,2,0,23,17,38,34,34,1,0,34,3,0
353,4,3,0,23,13,39,33,33,1,0,33,4,0
353,5,4,0,15,20,39,36,36,1,0,36,5,0
353,6,5,0,12,17,38,35,35,1,0,35,6,0
353,1,0,0,12,17,40,31,40,0,1,17,0,1
353,3,0,2,23,17,38,34,38,0,1,17,0,3
353,4,0,3,23,13,39,33,39,0,1,13,0,4
353,5,0,4,15,20,39,36,39,0,1,20,0,5
353,6,0,5,12,17,38,35,38,0,1,17,0,6
354,1,0,0,16,19,40,36,36,1,0,36,1,0
354,3,2,0,20,17,40,35,35,1,0,35,3,0
354,4,3,0,18,18,36,32,32,1,0,32,4,0
354,5,4,0,23,20,37,34,34,1,0,34,5,0
354,6,5,0,22,22,35,34,34,1,0,34,6,0
354,1,0,0,16,19,40,36,40,0,1,19,0,1
354,3,0,2,20,17,40,35,40,0,1,17,0,3
354,4,0,3,18,18,36,32,36,0,1,18,0,4
354,5,0,4,23,20,37,34,37,0,1,20,0,5
354,6,0,5,22,22,35,34,35,0,1,22,0,6
355,1,0,0,11,-999999,38,-999999,-999999,1,0,-999999,1,0
355,3,2,0,11,-999999,38,-999999,-999999,1,0,-999999,3,0
355,4,3,0,14,-999999,34,-999999,-999999,1,0,-999999,4,0
355,5,4,0,13,-999999,39,-999999,-999999,1,0,-999999,5,0
355,6,5,0,14,-999999,36,-999999,-999999,1,0,-999999,6,0
355,1,0,0,11,-999999,38,-999999,38,0,1,-999999,0,1
355,3,0,2,11,-999999,38,-999999,38,0,1,-999999,0,3
355,4,0,3,14,-999999,34,-999999,34,0,1,-999999,0,4
355,5,0,4,13,-999999,39,-999999,39,0,1,-999999,0,5
355,6,0,5,14,-999999,36,-999999,36,0,1,-999999,0,6
356,1,0,0,15,10,40,39,39,1,0,39,1,0
356,3,2,0,14,15,37,35,35,1,0,35,3,0
356,4,3,0,10,12,40,35,35,1,0,35,4,0
356,5,4,0,15,11,38,29,29,1,0,29,5,0
356,6,5,0,15,14,31,34,34,1,0,34,6,0
356,1,0,0,15,10,40,39,40,0,1,10,0,1
356,3,0,2,14,15,37,35,37,0,1,15,0,3
356,4,0,3,10,12,40,35,40,0,1,12,0,4
356,5,0,4,15,11,38,29,38,0,1,11,0,5
356,6,0,5,15,14,31,34,31,0,1,14,0,6
357,1,0,0,22,9,36,37,37,1,0,37,1,0
357,3,2,0,14,9,36,37,37,1,0,37,3,0
357,4,3,0,17,11,36,37,37,1,0,37,4,0
357,5,4,0,16,17,37,37,37,1,0,37,5,0
357,6,5,0,12,16,34,34,34,1,0,34,6,0
357,1,0,0,22,9,36,37,36,0,1,9,0,1
357,3,0,2,14,9,36,37,36,0,1,9,0,3
357,4,0,3,17,11,36,37,36,0,1,11,0,4
357,5,0,4,16,17,37,37,37,0,1,17,0,5
357,6,0,5,12,16,34,34,34,0,1,16,0,6
358,1,0,0,16,-999999,40,-999999,-999999,1,0,-999999,1,0
358,3,2,0,11,20,40,39,39,1,0,39,3,0
358,4,3,0,14,-999999,40,-999999,-999999,1,0,-999999,4,0
358,5,4,0,12,-999999,39,-999999,-999999,1,0,-999999,5,0
358,6,5,0,10,16,38,32,32,1,0,32,6,0
358,1,0,0,16,-999999,40,-999999,40,0,1,-999999,0,1
358,3,0,2,11,20,40,39,40,0,1,20,0,3
358,4,0,3,14,-999999,40,-999999,40,0,1,-999999,0,4
358,5,0,4,12,-999999,39,-999999,39,0,1,-999999,0,5
358,6,0,5,10,16,38,32,38,0,1,16,0,6
359,3,2,0,17,19,36,31,31,1,0,31,3,0
359,4,3,0,21,18,36,35,35,1,0,35,4,0
359,5,4,0,12,17,34,33,33,1,0,33,5,0
359,6,5,0,17,18,34,35,35,1,0,35,6,0
359,3,0,2,17,19,36,31,36,0,1,19,0,3
359,4,0,3,21,18,36,35,36,0,1,18,0,4
359,5,0,4,12,17,34,33,34,0,1,17,0,5
359,6,0,5,17,18,34,35,34,0,1,18,0,6
360,1,0,0,13,17,40,39,39,1,0,39,1,0
360,3,2,0,10,18,40,37,37,1,0,37,3,0
360,4,3,0,12,-999999,40,-999999,-999999,1,0,-999999,4,0
360,5,4,0,17,21,40,38,38,1,0,38,5,0
360,6,5,0,10,23,40,30,30,1,0,30,6,0
360,1,0,0,13,17,40,39,40,0,1,17,0,1
360,3,0,2,10,18,40,37,40,0,1,18,0,3
360,4,0,3,12,-999999,40,-999999,40,0,1,-999999,0,4
360,5,0,4,17,21,40,38,40,0,1,21,0,5
360,6,0,5,10,23,40,30,40,0,1,23,0,6
361,1,0,0,9,9,40,38,38,1,0,38,1,0
361,3,2,0,9,10,40,38,38,1,0,38,3,0
361,4,3,0,10,11,39,40,40,1,0,40,4,0
361,5,4,0,11,12,38,39,39,1,0,39,5,0
361,6,5,0,9,10,40,38,38,1,0,38,6,0
361,1,0,0,9,9,40,38,40,0,1,9,0,1
361,3,0,2,9,10,40,38,40,0,1,10,0,3
361,4,0,3,10,11,39,40,39,0,1,11,0,4
361,5,0,4,11,12,38,39,38,0,1,12,0,5
361,6,0,5,9,10,40,38,40,0,1,10,0,6
362,1,0,0,14,15,40,40,40,1,0,40,1,0
362,3,2,0,14,-999999,35,-999999,-999999,1,0,-999999,3,0
362,4,3,0,19,-999999,33,-999999,-999999,1,0,-999999,4,0
362,5,4,0,20,31,36,32,32,1,0,32,5,0
362,6,5,0,22,21,30,37,37,1,0,37,6,0
362,1,0,0,14,15,40,40,40,0,1,15,0,1
362,3,0,2,14,-999999,35,-999999,35,0,1,-999999,0,3
362,4,0,3,19,-999999,33,-999999,33,0,1,-999999,0,4
362,5,0,4,20,31,36,32,36,0,1,31,0,5
362,6,0,5,22,21,30,37,30,0,1,21,0,6
363,1,0,0,10,7,39,39,39,1,0,39,1,0
363,3,2,0,15,12,35,37,37,1,0,37,3,0
363,4,3,0,13,-999999,31,-999999,-999999,1,0,-999999,4,0
363,5,4,0,13,12,39,36,36,1,0,36,5,0
363,6,5,0,15,-999999,36,-999999,-999999,1,0,-999999,6,0
363,1,0,0,10,7,39,39,39,0,1,7,0,1
363,3,0,2,15,12,35,37,35,0,1,12,0,3
363,4,0,3,13,-999999,31,-999999,31,0,1,-999999,0,4
363,5,0,4,13,12,39,36,39,0,1,12,0,5
363,6,0,5,15,-999999,36,-999999,36,0,1,-999999,0,6
364,1,0,0,12,-999999,36,-999999,-999999,1,0,-999999,1,0
364,3,2,0,11,9,35,38,38,1,0,38,3,0
364,4,3,0,9,-999999,33,-999999,-999999,1,0,-999999,4,0
364,5,4,0,9,9,33,36,36,1,0,36,5,0
364,6,5,0,11,-999999,28,-999999,-999999,1,0,-999999,6,0
364,1,0,0,12,-999999,36,-999999,36,0,1,-999999,0,1
364,3,0,2,11,9,35,38,35,0,1,9,0,3
364,4,0,3,9,-999999,33,-999999,33,0,1,-999999,0,4
364,5,0,4,9,9,33,36,33,0,1,9,0,5
364,6,0,5,11,-999999,28,-999999,28,0,1,-999999,0,6
365,1,0,0,9,17,40,37,37,1,0,37,1,0
365,3,2,0,17,18,38,35,35,1,0,35,3,0
365,4,3,0,11,21,36,33,33,1,0,33,4,0
365,5,4,0,15,21,40,29,29,1,0,29,5,0
365,6,5,0,17.5,23,37,31,31,1,0,31,6,0
365,1,0,0,9,17,40,37,40,0,1,17,0,1
365,3,0,2,17,18,38,35,38,0,1,18,0,3
365,4,0,3,11,21,36,33,36,0,1,21,0,4
365,5,0,4,15,21,40,29,40,0,1,21,0,5
365,6,0,5,17.5,23,37,31,37,0,1,23,0,6
366,1,0,0,15,-999999,39,-999999,-999999,1,0,-999999,1,0
366,3,2,0,13,8,39,39,39,1,0,39,3,0
366,4,3,0,12,7,39,40,40,1,0,40,4,0
366,5,4,0,20,7,40,40,40,1,0,40,5,0
366,6,5,0,16,7,38,40,40,1,0,40,6,0
366,1,0,0,15,-999999,39,-999999,39,0,1,-999999,0,1
366,3,0,2,13,8,39,39,39,0,1,8,0,3
366,4,0,3,12,7,39,40,39,0,1,7,0,4
366,5,0,4,20,7,40,40,40,0,1,7,0,5
366,6,0,5,16,7,38,40,38,0,1,7,0,6
367,1,0,0,16,8,40,39,39,1,0,39,1,0
367,3,2,0,16,12,38,37,37,1,0,37,3,0
367,4,3,0,24,24,40,32,32,1,0,32,4,0
367,5,4,0,19,20,40,26,26,1,0,26,5,0
367,6,5,0,24,24,38,32,32,1,0,32,6,0
367,1,0,0,16,8,40,39,40,0,1,8,0,1
367,3,0,2,16,12,38,37,38,0,1,12,0,3
367,4,0,3,24,24,40,32,40,0,1,24,0,4
367,5,0,4,19,20,40,26,40,0,1,20,0,5
367,6,0,5,24,24,38,32,38,0,1,24,0,6
368,1,0,0,33,26,32,38,38,1,0,38,1,0
368,3,2,0,32,-999999,34,-999999,-999999,1,0,-999999,3,0
368,4,3,0,32,13,33,23,23,1,0,23,4,0
368,5,4,0,34,15,28,27,27,1,0,27,5,0
368,6,5,0,33,14,25,31,31,1,0,31,6,0
368,1,0,0,33,26,32,38,32,0,1,26,0,1
368,3,0,2,32,-999999,34,-999999,34,0,1,-999999,0,3
368,4,0,3,32,13,33,23,33,0,1,13,0,4
368,5,0,4,34,15,28,27,28,0,1,15,0,5
368,6,0,5,33,14,25,31,25,0,1,14,0,6
369,1,0,0,21,19,38,33,33,1,0,33,1,0
369,3,2,0,25,-999999,39,-999999,-999999,1,0,-999999,3,0
369,4,3,0,24,14,38,36,36,1,0,36,4,0
369,5,4,0,23,17,37,36,36,1,0,36,5,0
369,6,5,0,26,-999999,39,-999999,-999999,1,0,-999999,6,0
369,1,0,0,21,19,38,33,38,0,1,19,0,1
369,3,0,2,25,-999999,39,-999999,39,0,1,-999999,0,3
369,4,0,3,24,14,38,36,38,0,1,14,0,4
369,5,0,4,23,17,37,36,37,0,1,17,0,5
369,6,0,5,26,-999999,39,-999999,39,0,1,-999999,0,6
370,1,0,0,9,14,39,32,32,1,0,32,1,0
370,3,2,0,14,17,40,30,30,1,0,30,3,0
370,1,0,0,9,14,39,32,39,0,1,14,0,1
370,3,0,2,14,17,40,30,40,0,1,17,0,3
371,1,0,0,10,13,39,35,35,1,0,35,1,0
371,3,2,0,16,-999999,39,-999999,-999999,1,0,-999999,3,0
371,4,3,0,20,15,39,37,37,1,0,37,4,0
371,5,4,0,19,14,38,34,34,1,0,34,5,0
371,6,5,0,17,13,37,35,35,1,0,35,6,0
371,1,0,0,10,13,39,35,39,0,1,13,0,1
371,3,0,2,16,-999999,39,-999999,39,0,1,-999999,0,3
371,4,0,3,20,15,39,37,39,0,1,15,0,4
371,5,0,4,19,14,38,34,38,0,1,14,0,5
371,6,0,5,17,13,37,35,37,0,1,13,0,6
372,1,0,0,12,26,40,35,35,1,0,35,1,0
372,3,2,0,23,-999999,39,-999999,-999999,1,0,-999999,3,0
372,4,3,0,19,26,40,38,38,1,0,38,4,0
372,5,4,0,23,26,38,32,32,1,0,32,5,0
372,6,5,0,25,-999999,37,-999999,-999999,1,0,-999999,6,0
372,1,0,0,12,26,40,35,40,0,1,26,0,1
372,3,0,2,23,-999999,39,-999999,39,0,1,-999999,0,3
372,4,0,3,19,26,40,38,40,0,1,26,0,4
372,5,0,4,23,26,38,32,38,0,1,26,0,5
372,6,0,5,25,-999999,37,-999999,37,0,1,-999999,0,6
373,1,0,0,27,-999999,26,-999999,-999999,1,0,-999999,1,0
373,3,2,0,20,-999999,35,-999999,-999999,1,0,-999999,3,0
373,4,3,0,16,-999999,37,-999999,-999999,1,0,-999999,4,0
373,5,4,0,31,-999999,28,-999999,-999999,1,0,-999999,5,0
373,6,5,0,26,26,28,28,28,1,0,28,6,0
373,1,0,0,27,-999999,26,-999999,26,0,1,-999999,0,1
373,3,0,2,20,-999999,35,-999999,35,0,1,-999999,0,3
373,4,0,3,16,-999999,37,-999999,37,0,1,-999999,0,4
373,5,0,4,31,-999999,28,-999999,28,0,1,-999999,0,5
373,6,0,5,26,26,28,28,28,0,1,26,0,6
374,1,0,0,20,11,38,38,38,1,0,38,1,0
374,3,2,0,13,20,37,33,33,1,0,33,3,0
374,4,3,0,11,9,36,39,39,1,0,39,4,0
374,5,4,0,20,-999999,37,-999999,-999999,1,0,-999999,5,0
374,6,5,0,24,22,35,33,33,1,0,33,6,0
374,1,0,0,20,11,38,38,38,0,1,11,0,1
374,3,0,2,13,20,37,33,37,0,1,20,0,3
374,4,0,3,11,9,36,39,36,0,1,9,0,4
374,5,0,4,20,-999999,37,-999999,37,0,1,-999999,0,5
374,6,0,5,24,22,35,33,35,0,1,22,0,6
375,1,0,0,23,18,38,38,38,1,0,38,1,0
375,3,2,0,18,18,37,35,35,1,0,35,3,0
375,4,3,0,24,17,38,37,37,1,0,37,4,0
375,5,4,0,16,14,39,32,32,1,0,32,5,0
375,6,5,0,24,20,39,33,33,1,0,33,6,0
375,1,0,0,23,18,38,38,38,0,1,18,0,1
375,3,0,2,18,18,37,35,37,0,1,18,0,3
375,4,0,3,24,17,38,37,38,0,1,17,0,4
375,5,0,4,16,14,39,32,39,0,1,14,0,5
375,6,0,5,24,20,39,33,39,0,1,20,0,6
376,1,0,0,9,-999999,35,-999999,-999999,1,0,-999999,1,0
376,1,0,0,9,-999999,35,-999999,35,0,1,-999999,0,1
377,1,0,0,18,23,40,33,33,1,0,33,1,0
377,3,2,0,10,17,40,31,31,1,0,31,3,0
377,4,3,0,16,16,40,34,34,1,0,34,4,0
377,5,4,0,23,18,40,36,36,1,0,36,5,0
377,6,5,0,16,17,40,32,32,1,0,32,6,0
377,1,0,0,18,23,40,33,40,0,1,23,0,1
377,3,0,2,10,17,40,31,40,0,1,17,0,3
377,4,0,3,16,16,40,34,40,0,1,16,0,4
377,5,0,4,23,18,40,36,40,0,1,18,0,5
377,6,0,5,16,17,40,32,40,0,1,17,0,6
378,1,0,0,8,-999999,40,-999999,-999999,1,0,-999999,1,0
378,3,2,0,10,-999999,40,-999999,-999999,1,0,-999999,3,0
378,5,4,0,9,13,40,34,34,1,0,34,5,0
378,6,5,0,12,-999999,40,-999999,-999999,1,0,-999999,6,0
378,1,0,0,8,-999999,40,-999999,40,0,1,-999999,0,1
378,3,0,2,10,-999999,40,-999999,40,0,1,-999999,0,3
378,5,0,4,9,13,40,34,40,0,1,13,0,5
378,6,0,5,12,-999999,40,-999999,40,0,1,-999999,0,6
379,1,0,0,10,-999999,39,-999999,-999999,1,0,-999999,1,0
379,3,2,0,16,-999999,37,-999999,-999999,1,0,-999999,3,0
379,4,3,0,8,-999999,40,-999999,-999999,1,0,-999999,4,0
379,5,4,0,9,-999999,40,-999999,-999999,1,0,-999999,5,0
379,6,5,0,17,-999999,37,-999999,-999999,1,0,-999999,6,0
379,1,0,0,10,-999999,39,-999999,39,0,1,-999999,0,1
379,3,0,2,16,-999999,37,-999999,37,0,1,-999999,0,3
379,4,0,3,8,-999999,40,-999999,40,0,1,-999999,0,4
379,5,0,4,9,-999999,40,-999999,40,0,1,-999999,0,5
379,6,0,5,17,-999999,37,-999999,37,0,1,-999999,0,6
380,1,0,0,25,17,39,37,37,1,0,37,1,0
380,3,2,0,19,21,36,36,36,1,0,36,3,0
380,4,3,0,22,20,37,37,37,1,0,37,4,0
380,5,4,0,24,23,36,34,34,1,0,34,5,0
380,6,5,0,24,22,38,37,37,1,0,37,6,0
380,1,0,0,25,17,39,37,39,0,1,17,0,1
380,3,0,2,19,21,36,36,36,0,1,21,0,3
380,4,0,3,22,20,37,37,37,0,1,20,0,4
380,5,0,4,24,23,36,34,36,0,1,23,0,5
380,6,0,5,24,22,38,37,38,0,1,22,0,6
381,3,2,0,19,13,39,33,33,1,0,33,3,0
381,4,3,0,15,10,36,31,31,1,0,31,4,0
381,5,4,0,16,14,36,29,29,1,0,29,5,0
381,6,5,0,16,14,35,36,36,1,0,36,6,0
381,3,0,2,19,13,39,33,39,0,1,13,0,3
381,4,0,3,15,10,36,31,36,0,1,10,0,4
381,5,0,4,16,14,36,29,36,0,1,14,0,5
381,6,0,5,16,14,35,36,35,0,1,14,0,6
382,1,0,0,13,24,40,40,40,1,0,40,1,0
382,3,2,0,24,16,40,39,39,1,0,39,3,0
382,4,3,0,16,14,40,40,40,1,0,40,4,0
382,5,4,0,27,18,36,35,35,1,0,35,5,0
382,6,5,0,28,22,38,33,33,1,0,33,6,0
382,1,0,0,13,24,40,40,40,0,1,24,0,1
382,3,0,2,24,16,40,39,40,0,1,16,0,3
382,4,0,3,16,14,40,40,40,0,1,14,0,4
382,5,0,4,27,18,36,35,36,0,1,18,0,5
382,6,0,5,28,22,38,33,38,0,1,22,0,6
383,1,0,0,23,19,34,40,40,1,0,40,1,0
383,3,2,0,28,16,36,34,34,1,0,34,3,0
383,4,3,0,28,-999999,36,-999999,-999999,1,0,-999999,4,0
383,5,4,0,26,-999999,38,-999999,-999999,1,0,-999999,5,0
383,6,5,0,26,9,37,37,37,1,0,37,6,0
383,1,0,0,23,19,34,40,34,0,1,19,0,1
383,3,0,2,28,16,36,34,36,0,1,16,0,3
383,4,0,3,28,-999999,36,-999999,36,0,1,-999999,0,4
383,5,0,4,26,-999999,38,-999999,38,0,1,-999999,0,5
383,6,0,5,26,9,37,37,37,0,1,9,0,6
384,1,0,0,14,15,38,37,37,1,0,37,1,0
384,3,2,0,28,21,31,36,36,1,0,36,3,0
384,4,3,0,24,13,33,36,36,1,0,36,4,0
384,5,4,0,26,17,27,34,34,1,0,34,5,0
384,6,5,0,24,19,30,28,28,1,0,28,6,0
384,1,0,0,14,15,38,37,38,0,1,15,0,1
384,3,0,2,28,21,31,36,31,0,1,21,0,3
384,4,0,3,24,13,33,36,33,0,1,13,0,4
384,5,0,4,26,17,27,34,27,0,1,17,0,5
384,6,0,5,24,19,30,28,30,0,1,19,0,6
385,1,0,0,7,-999999,40,-999999,-999999,1,0,-999999,1,0
385,3,2,0,7,-999999,40,-999999,-999999,1,0,-999999,3,0
385,4,3,0,11,-999999,40,-999999,-999999,1,0,-999999,4,0
385,5,4,0,7,-999999,40,-999999,-999999,1,0,-999999,5,0
385,6,5,0,7,-999999,40,-999999,-999999,1,0,-999999,6,0
385,1,0,0,7,-999999,40,-999999,40,0,1,-999999,0,1
385,3,0,2,7,-999999,40,-999999,40,0,1,-999999,0,3
385,4,0,3,11,-999999,40,-999999,40,0,1,-999999,0,4
385,5,0,4,7,-999999,40,-999999,40,0,1,-999999,0,5
385,6,0,5,7,-999999,40,-999999,40,0,1,-999999,0,6
386,1,0,0,7,9,37,35,35,1,0,35,1,0
386,3,2,0,14,18,34,27,27,1,0,27,3,0
386,4,3,0,16,16,35,25,25,1,0,25,4,0
386,6,5,0,12,16,34,32,32,1,0,32,6,0
386,1,0,0,7,9,37,35,37,0,1,9,0,1
386,3,0,2,14,18,34,27,34,0,1,18,0,3
386,4,0,3,16,16,35,25,35,0,1,16,0,4
386,6,0,5,12,16,34,32,34,0,1,16,0,6
387,1,0,0,20,16,39,36,36,1,0,36,1,0
387,3,2,0,23,14,33,32,32,1,0,32,3,0
387,4,3,0,21,16,35,32,32,1,0,32,4,0
387,5,4,0,24,13,40,34,34,1,0,34,5,0
387,6,5,0,20,12,38,34,34,1,0,34,6,0
387,1,0,0,20,16,39,36,39,0,1,16,0,1
387,3,0,2,23,14,33,32,33,0,1,14,0,3
387,4,0,3,21,16,35,32,35,0,1,16,0,4
387,5,0,4,24,13,40,34,40,0,1,13,0,5
387,6,0,5,20,12,38,34,38,0,1,12,0,6
388,4,3,0,11,-999999,38,-999999,-999999,1,0,-999999,4,0
388,4,0,3,11,-999999,38,-999999,38,0,1,-999999,0,4
389,1,0,0,10,7,36,39,39,1,0,39,1,0
389,1,0,0,10,7,36,39,36,0,1,7,0,1
390,1,0,0,23,18,40,33,33,1,0,33,1,0
390,3,2,0,10,17,38,35,35,1,0,35,3,0
390,4,3,0,20,13,36,35,35,1,0,35,4,0
390,5,4,0,14,15,35,34,34,1,0,34,5,0
390,6,5,0,21,17,35,36,36,1,0,36,6,0
390,1,0,0,23,18,40,33,40,0,1,18,0,1
390,3,0,2,10,17,38,35,38,0,1,17,0,3
390,4,0,3,20,13,36,35,36,0,1,13,0,4
390,5,0,4,14,15,35,34,35,0,1,15,0,5
390,6,0,5,21,17,35,36,35,0,1,17,0,6
391,1,0,0,13,-999999,35,-999999,-999999,1,0,-999999,1,0
391,3,2,0,10,11,37,36,36,1,0,36,3,0
391,4,3,0,17,17,36,35,35,1,0,35,4,0
391,5,4,0,7,18,38,35,35,1,0,35,5,0
391,1,0,0,13,-999999,35,-999999,35,0,1,-999999,0,1
391,3,0,2,10,11,37,36,37,0,1,11,0,3
391,4,0,3,17,17,36,35,36,0,1,17,0,4
391,5,0,4,7,18,38,35,38,0,1,18,0,5
392,1,0,0,10,17,40,36,36,1,0,36,1,0
392,3,2,0,22,23,40,34,34,1,0,34,3,0
392,4,3,0,16,20,40,32,32,1,0,32,4,0
392,5,4,0,20,19,40,30,30,1,0,30,5,0
392,6,5,0,20,25,40,34,34,1,0,34,6,0
392,1,0,0,10,17,40,36,40,0,1,17,0,1
392,3,0,2,22,23,40,34,40,0,1,23,0,3
392,4,0,3,16,20,40,32,40,0,1,20,0,4
392,5,0,4,20,19,40,30,40,0,1,19,0,5
392,6,0,5,20,25,40,34,40,0,1,25,0,6
393,1,0,0,9,11,35,39,39,1,0,39,1,0
393,3,2,0,10,9,38,35,35,1,0,35,3,0
393,4,3,0,12,8,38,36,36,1,0,36,4,0
393,5,4,0,12,10,37,38,38,1,0,38,5,0
393,6,5,0,8,8,35,39,39,1,0,39,6,0
393,1,0,0,9,11,35,39,35,0,1,11,0,1
393,3,0,2,10,9,38,35,38,0,1,9,0,3
393,4,0,3,12,8,38,36,38,0,1,8,0,4
393,5,0,4,12,10,37,38,37,0,1,10,0,5
393,6,0,5,8,8,35,39,35,0,1,8,0,6
394,1,0,0,18,18,40,39,39,1,0,39,1,0
394,3,2,0,13,14,36,36,36,1,0,36,3,0
394,4,3,0,17,-999999,37,-999999,-999999,1,0,-999999,4,0
394,5,4,0,15,16,36,37,37,1,0,37,5,0
394,6,5,0,19,-999999,38,-999999,-999999,1,0,-999999,6,0
394,1,0,0,18,18,40,39,40,0,1,18,0,1
394,3,0,2,13,14,36,36,36,0,1,14,0,3
394,4,0,3,17,-999999,37,-999999,37,0,1,-999999,0,4
394,5,0,4,15,16,36,37,36,0,1,16,0,5
394,6,0,5,19,-999999,38,-999999,38,0,1,-999999,0,6
395,1,0,0,16,14,40,40,40,1,0,40,1,0
395,3,2,0,15,17,39,40,40,1,0,40,3,0
395,4,3,0,12,-999999,37,-999999,-999999,1,0,-999999,4,0
395,5,4,0,10,14,40,39,39,1,0,39,5,0
395,6,5,0,8,9,38,35,35,1,0,35,6,0
395,1,0,0,16,14,40,40,40,0,1,14,0,1
395,3,0,2,15,17,39,40,39,0,1,17,0,3
395,4,0,3,12,-999999,37,-999999,37,0,1,-999999,0,4
395,5,0,4,10,14,40,39,40,0,1,14,0,5
395,6,0,5,8,9,38,35,38,0,1,9,0,6
396,1,0,0,20,10,40,40,40,1,0,40,1,0
396,3,2,0,20,7,38,40,40,1,0,40,3,0
396,4,3,0,24,10,39,38,38,1,0,38,4,0
396,5,4,0,18,25,37,39,39,1,0,39,5,0
396,6,5,0,17,14,38,38,38,1,0,38,6,0
396,1,0,0,20,10,40,40,40,0,1,10,0,1
396,3,0,2,20,7,38,40,38,0,1,7,0,3
396,4,0,3,24,10,39,38,39,0,1,10,0,4
396,5,0,4,18,25,37,39,37,0,1,25,0,5
396,6,0,5,17,14,38,38,38,0,1,14,0,6
397,1,0,0,8,14,35,38,38,1,0,38,1,0
397,3,2,0,8,12,40,36,36,1,0,36,3,0
397,4,3,0,11,-999999,37,-999999,-999999,1,0,-999999,4,0
397,5,4,0,10,11,36,37,37,1,0,37,5,0
397,6,5,0,10,13,38,35,35,1,0,35,6,0
397,1,0,0,8,14,35,38,35,0,1,14,0,1
397,3,0,2,8,12,40,36,40,0,1,12,0,3
397,4,0,3,11,-999999,37,-999999,37,0,1,-999999,0,4
397,5,0,4,10,11,36,37,36,0,1,11,0,5
397,6,0,5,10,13,38,35,38,0,1,13,0,6
398,1,0,0,24,16,38,38,38,1,0,38,1,0
398,3,2,0,32,20,27,35,35,1,0,35,3,0
398,4,3,0,27,20,30,35,35,1,0,35,4,0
398,5,4,0,30,26,33,36,36,1,0,36,5,0
398,6,5,0,30,-999999,32,-999999,-999999,1,0,-999999,6,0
398,1,0,0,24,16,38,38,38,0,1,16,0,1
398,3,0,2,32,20,27,35,27,0,1,20,0,3
398,4,0,3,27,20,30,35,30,0,1,20,0,4
398,5,0,4,30,26,33,36,33,0,1,26,0,5
398,6,0,5,30,-999999,32,-999999,32,0,1,-999999,0,6
399,1,0,0,16,-999999,40,-999999,-999999,1,0,-999999,1,0
399,3,2,0,15,8,39,34,34,1,0,34,3,0
399,4,3,0,13,11,39,30,30,1,0,30,4,0
399,5,4,0,15,10,35,32,32,1,0,32,5,0
399,6,5,0,17,17,35,27,27,1,0,27,6,0
399,1,0,0,16,-999999,40,-999999,40,0,1,-999999,0,1
399,3,0,2,15,8,39,34,39,0,1,8,0,3
399,4,0,3,13,11,39,30,39,0,1,11,0,4
399,5,0,4,15,10,35,32,35,0,1,10,0,5
399,6,0,5,17,17,35,27,35,0,1,17,0,6
400,1,0,0,23,-999999,33,-999999,-999999,1,0,-999999,1,0
400,3,2,0,10,-999999,34,-999999,-999999,1,0,-999999,3,0
400,4,3,0,13,-999999,35,-999999,-999999,1,0,-999999,4,0
400,5,4,0,17,-999999,36,-999999,-999999,1,0,-999999,5,0
400,6,5,0,10,-999999,36,-999999,-999999,1,0,-999999,6,0
400,1,0,0,23,-999999,33,-999999,33,0,1,-999999,0,1
400,3,0,2,10,-999999,34,-999999,34,0,1,-999999,0,3
400,4,0,3,13,-999999,35,-999999,35,0,1,-999999,0,4
400,5,0,4,17,-999999,36,-999999,36,0,1,-999999,0,5
400,6,0,5,10,-999999,36,-999999,36,0,1,-999999,0,6
401,1,0,0,12,-999999,39,-999999,-999999,1,0,-999999,1,0
401,3,2,0,8,-999999,36,16,16,1,0,16,3,0
401,4,3,0,11,12,39,36,36,1,0,36,4,0
401,6,5,0,15,9,40,40,40,1,0,40,6,0
401,1,0,0,12,-999999,39,-999999,39,0,1,-999999,0,1
401,3,0,2,8,-999999,36,16,36,0,1,-999999,0,3
401,4,0,3,11,12,39,36,39,0,1,12,0,4
401,6,0,5,15,9,40,40,40,0,1,9,0,6
402,1,0,0,14,7,39,34,34,1,0,34,1,0
402,3,2,0,20,10,36,35,35,1,0,35,3,0
402,4,3,0,20,26,35,26,26,1,0,26,4,0
402,5,4,0,20,18,30,35,35,1,0,35,5,0
402,6,5,0,16,16,32,32,32,1,0,32,6,0
402,1,0,0,14,7,39,34,39,0,1,7,0,1
402,3,0,2,20,10,36,35,36,0,1,10,0,3
402,4,0,3,20,26,35,26,35,0,1,26,0,4
402,5,0,4,20,18,30,35,30,0,1,18,0,5
402,6,0,5,16,16,32,32,32,0,1,16,0,6
403,1,0,0,17,-999999,38,-999999,-999999,1,0,-999999,1,0
403,3,2,0,7,-999999,39,-999999,-999999,1,0,-999999,3,0
403,4,3,0,9,-999999,40,-999999,-999999,1,0,-999999,4,0
403,5,4,0,14,-999999,40,-999999,-999999,1,0,-999999,5,0
403,6,5,0,9,13,39,32,32,1,0,32,6,0
403,1,0,0,17,-999999,38,-999999,38,0,1,-999999,0,1
403,3,0,2,7,-999999,39,-999999,39,0,1,-999999,0,3
403,4,0,3,9,-999999,40,-999999,40,0,1,-999999,0,4
403,5,0,4,14,-999999,40,-999999,40,0,1,-999999,0,5
403,6,0,5,9,13,39,32,39,0,1,13,0,6
404,1,0,0,20,12,39,33,33,1,0,33,1,0
404,3,2,0,15,12,32,31,31,1,0,31,3,0
404,4,3,0,21,15,36,32,32,1,0,32,4,0
404,5,4,0,20,10,34,28,28,1,0,28,5,0
404,1,0,0,20,12,39,33,39,0,1,12,0,1
404,3,0,2,15,12,32,31,32,0,1,12,0,3
404,4,0,3,21,15,36,32,36,0,1,15,0,4
404,5,0,4,20,10,34,28,34,0,1,10,0,5
405,1,0,0,12,-999999,40,-999999,-999999,1,0,-999999,1,0
405,3,2,0,11,-999999,40,-999999,-999999,1,0,-999999,3,0
405,4,3,0,16,-999999,40,-999999,-999999,1,0,-999999,4,0
405,5,4,0,13,-999999,38,-999999,-999999,1,0,-999999,5,0
405,6,5,0,14,-999999,40,-999999,-999999,1,0,-999999,6,0
405,1,0,0,12,-999999,40,-999999,40,0,1,-999999,0,1
405,3,0,2,11,-999999,40,-999999,40,0,1,-999999,0,3
405,4,0,3,16,-999999,40,-999999,40,0,1,-999999,0,4
405,5,0,4,13,-999999,38,-999999,38,0,1,-999999,0,5
405,6,0,5,14,-999999,40,-999999,40,0,1,-999999,0,6
406,1,0,0,25,23,37,39,39,1,0,39,1,0
406,3,2,0,25,27,39,39,39,1,0,39,3,0
406,4,3,0,28,21,37,38,38,1,0,38,4,0
406,5,4,0,24,23,35,37,37,1,0,37,5,0
406,6,5,0,21,20,36,37,37,1,0,37,6,0
406,1,0,0,25,23,37,39,37,0,1,23,0,1
406,3,0,2,25,27,39,39,39,0,1,27,0,3
406,4,0,3,28,21,37,38,37,0,1,21,0,4
406,5,0,4,24,23,35,37,35,0,1,23,0,5
406,6,0,5,21,20,36,37,36,0,1,20,0,6
407,1,0,0,17,14,39,35,35,1,0,35,1,0
407,3,2,0,19,14,39,38,38,1,0,38,3,0
407,4,3,0,24,18,35,28,28,1,0,28,4,0
407,5,4,0,24,20,39,33,33,1,0,33,5,0
407,6,5,0,10,21,39,37,37,1,0,37,6,0
407,1,0,0,17,14,39,35,39,0,1,14,0,1
407,3,0,2,19,14,39,38,39,0,1,14,0,3
407,4,0,3,24,18,35,28,35,0,1,18,0,4
407,5,0,4,24,20,39,33,39,0,1,20,0,5
407,6,0,5,10,21,39,37,39,0,1,21,0,6
408,1,0,0,10,23,40,39,39,1,0,39,1,0
408,5,4,0,-999999,9,-999999,40,40,1,0,40,5,0
408,6,5,0,10,-999999,37,-999999,-999999,1,0,-999999,6,0
408,1,0,0,10,23,40,39,40,0,1,23,0,1
408,5,0,4,-999999,9,-999999,40,-999999,0,1,9,0,5
408,6,0,5,10,-999999,37,-999999,37,0,1,-999999,0,6
409,1,0,0,11,-999999,40,-999999,-999999,1,0,-999999,1,0
409,3,2,0,11,-999999,39,-999999,-999999,1,0,-999999,3,0
409,4,3,0,12,-999999,39,-999999,-999999,1,0,-999999,4,0
409,5,4,0,9,11,39,36,36,1,0,36,5,0
409,6,5,0,8,9,40,39,39,1,0,39,6,0
409,1,0,0,11,-999999,40,-999999,40,0,1,-999999,0,1
409,3,0,2,11,-999999,39,-999999,39,0,1,-999999,0,3
409,4,0,3,12,-999999,39,-999999,39,0,1,-999999,0,4
409,5,0,4,9,11,39,36,39,0,1,11,0,5
409,6,0,5,8,9,40,39,40,0,1,9,0,6
410,3,2,0,17,-999999,37,-999999,-999999,1,0,-999999,3,0
410,4,3,0,16,-999999,40,-999999,-999999,1,0,-999999,4,0
410,5,4,0,20,-999999,34,-999999,-999999,1,0,-999999,5,0
410,6,5,0,10,-999999,36,-999999,-999999,1,0,-999999,6,0
410,3,0,2,17,-999999,37,-999999,37,0,1,-999999,0,3
410,4,0,3,16,-999999,40,-999999,40,0,1,-999999,0,4
410,5,0,4,20,-999999,34,-999999,34,0,1,-999999,0,5
410,6,0,5,10,-999999,36,-999999,36,0,1,-999999,0,6
411,1,0,0,20,16,40,37,37,1,0,37,1,0
411,3,2,0,10,14,40,36,36,1,0,36,3,0
411,4,3,0,15,-999999,40,-999999,-999999,1,0,-999999,4,0
411,5,4,0,21,-999999,37,-999999,-999999,1,0,-999999,5,0
411,6,5,0,20,-999999,33,-999999,-999999,1,0,-999999,6,0
411,1,0,0,20,16,40,37,40,0,1,16,0,1
411,3,0,2,10,14,40,36,40,0,1,14,0,3
411,4,0,3,15,-999999,40,-999999,40,0,1,-999999,0,4
411,5,0,4,21,-999999,37,-999999,37,0,1,-999999,0,5
411,6,0,5,20,-999999,33,-999999,33,0,1,-999999,0,6
412,1,0,0,11,16,40,37,37,1,0,37,1,0
412,3,2,0,10,13,40,33,33,1,0,33,3,0
412,4,3,0,7,14,40,32,32,1,0,32,4,0
412,5,4,0,9,11,40,35,35,1,0,35,5,0
412,6,5,0,7,17,39,38,38,1,0,38,6,0
412,1,0,0,11,16,40,37,40,0,1,16,0,1
412,3,0,2,10,13,40,33,40,0,1,13,0,3
412,4,0,3,7,14,40,32,40,0,1,14,0,4
412,5,0,4,9,11,40,35,40,0,1,11,0,5
412,6,0,5,7,17,39,38,39,0,1,17,0,6
413,1,0,0,7,21,39,31,31,1,0,31,1,0
413,3,2,0,15,22,40,30,30,1,0,30,3,0
413,4,3,0,24,24,31,23,23,1,0,23,4,0
413,5,4,0,22,28,36,25,25,1,0,25,5,0
413,6,5,0,18,25,34,29,29,1,0,29,6,0
413,1,0,0,7,21,39,31,39,0,1,21,0,1
413,3,0,2,15,22,40,30,40,0,1,22,0,3
413,4,0,3,24,24,31,23,31,0,1,24,0,4
413,5,0,4,22,28,36,25,36,0,1,28,0,5
413,6,0,5,18,25,34,29,34,0,1,25,0,6
414,1,0,0,23,-999999,36,-999999,-999999,1,0,-999999,1,0
414,3,2,0,14,-999999,40,-999999,-999999,1,0,-999999,3,0
414,4,3,0,17,12,40,32,32,1,0,32,4,0
414,5,4,0,23,-999999,39,-999999,-999999,1,0,-999999,5,0
414,6,5,0,30,-999999,34,-999999,-999999,1,0,-999999,6,0
414,1,0,0,23,-999999,36,-999999,36,0,1,-999999,0,1
414,3,0,2,14,-999999,40,-999999,40,0,1,-999999,0,3
414,4,0,3,17,12,40,32,40,0,1,12,0,4
414,5,0,4,23,-999999,39,-999999,39,0,1,-999999,0,5
414,6,0,5,30,-999999,34,-999999,34,0,1,-999999,0,6
415,3,2,0,16,-999999,38,-999999,-999999,1,0,-999999,3,0
415,4,3,0,25,-999999,33,-999999,-999999,1,0,-999999,4,0
415,5,4,0,24,-999999,37,-999999,-999999,1,0,-999999,5,0
415,6,5,0,20,25,40,18,18,1,0,18,6,0
415,3,0,2,16,-999999,38,-999999,38,0,1,-999999,0,3
415,4,0,3,25,-999999,33,-999999,33,0,1,-999999,0,4
415,5,0,4,24,-999999,37,-999999,37,0,1,-999999,0,5
415,6,0,5,20,25,40,18,40,0,1,25,0,6
416,1,0,0,16,9,39,38,38,1,0,38,1,0
416,3,2,0,18,15,39,39,39,1,0,39,3,0
416,4,3,0,-999999,14,-999999,38,38,1,0,38,4,0
416,5,4,0,24,15,40,39,39,1,0,39,5,0
416,6,5,0,24,17,40,39,39,1,0,39,6,0
416,1,0,0,16,9,39,38,39,0,1,9,0,1
416,3,0,2,18,15,39,39,39,0,1,15,0,3
416,4,0,3,-999999,14,-999999,38,-999999,0,1,14,0,4
416,5,0,4,24,15,40,39,40,0,1,15,0,5
416,6,0,5,24,17,40,39,40,0,1,17,0,6
417,1,0,0,10,8,40,38,38,1,0,38,1,0
417,3,2,0,17,8,36,38,38,1,0,38,3,0
417,4,3,0,9,18,40,39,39,1,0,39,4,0
417,5,4,0,15,9,40,36,36,1,0,36,5,0
417,6,5,0,-999999,13,-999999,36,36,1,0,36,6,0
417,1,0,0,10,8,40,38,40,0,1,8,0,1
417,3,0,2,17,8,36,38,36,0,1,8,0,3
417,4,0,3,9,18,40,39,40,0,1,18,0,4
417,5,0,4,15,9,40,36,40,0,1,9,0,5
417,6,0,5,-999999,13,-999999,36,-999999,0,1,13,0,6
418,3,2,0,19,15,37,38,38,1,0,38,3,0
418,4,3,0,21,-999999,37,-999999,-999999,1,0,-999999,4,0
418,5,4,0,15,24,38,37,37,1,0,37,5,0
418,6,5,0,26,30,31,37,37,1,0,37,6,0
418,3,0,2,19,15,37,38,37,0,1,15,0,3
418,4,0,3,21,-999999,37,-999999,37,0,1,-999999,0,4
418,5,0,4,15,24,38,37,38,0,1,24,0,5
418,6,0,5,26,30,31,37,31,0,1,30,0,6
419,1,0,0,16,-999999,40,-999999,-999999,1,0,-999999,1,0
419,3,2,0,15,-999999,40,-999999,-999999,1,0,-999999,3,0
419,4,3,0,14,-999999,40,-999999,-999999,1,0,-999999,4,0
419,5,4,0,19,-999999,40,-999999,-999999,1,0,-999999,5,0
419,6,5,0,13,-999999,37,-999999,-999999,1,0,-999999,6,0
419,1,0,0,16,-999999,40,-999999,40,0,1,-999999,0,1
419,3,0,2,15,-999999,40,-999999,40,0,1,-999999,0,3
419,4,0,3,14,-999999,40,-999999,40,0,1,-999999,0,4
419,5,0,4,19,-999999,40,-999999,40,0,1,-999999,0,5
419,6,0,5,13,-999999,37,-999999,37,0,1,-999999,0,6
420,1,0,0,16,-999999,38,-999999,-999999,1,0,-999999,1,0
420,3,2,0,20,-999999,37,-999999,-999999,1,0,-999999,3,0
420,4,3,0,16,-999999,36,-999999,-999999,1,0,-999999,4,0
420,5,4,0,18,9,37,29,29,1,0,29,5,0
420,6,5,0,15,-999999,35,-999999,-999999,1,0,-999999,6,0
420,1,0,0,16,-999999,38,-999999,38,0,1,-999999,0,1
420,3,0,2,20,-999999,37,-999999,37,0,1,-999999,0,3
420,4,0,3,16,-999999,36,-999999,36,0,1,-999999,0,4
420,5,0,4,18,9,37,29,37,0,1,9,0,5
420,6,0,5,15,-999999,35,-999999,35,0,1,-999999,0,6
421,1,0,0,14,8,37,39,39,1,0,39,1,0
421,3,2,0,18,18,38,37,37,1,0,37,3,0
421,4,3,0,12,-999999,33,-999999,-999999,1,0,-999999,4,0
421,6,5,0,20,18,38,34,34,1,0,34,6,0
421,1,0,0,14,8,37,39,37,0,1,8,0,1
421,3,0,2,18,18,38,37,38,0,1,18,0,3
421,4,0,3,12,-999999,33,-999999,33,0,1,-999999,0,4
421,6,0,5,20,18,38,34,38,0,1,18,0,6
422,1,0,0,20,24,38,37,37,1,0,37,1,0
422,3,2,0,22,17,32,31,31,1,0,31,3,0
422,4,3,0,24,19,34,36,36,1,0,36,4,0
422,5,4,0,20,17,36,33,33,1,0,33,5,0
422,6,5,0,22,16,33,32,32,1,0,32,6,0
422,1,0,0,20,24,38,37,38,0,1,24,0,1
422,3,0,2,22,17,32,31,32,0,1,17,0,3
422,4,0,3,24,19,34,36,34,0,1,19,0,4
422,5,0,4,20,17,36,33,36,0,1,17,0,5
422,6,0,5,22,16,33,32,33,0,1,16,0,6
423,1,0,0,10,11,36,40,40,1,0,40,1,0
423,3,2,0,9,8,39,39,39,1,0,39,3,0
423,4,3,0,9,10,40,38,38,1,0,38,4,0
423,5,4,0,10,8,40,37,37,1,0,37,5,0
423,6,5,0,9,10,40,36,36,1,0,36,6,0
423,1,0,0,10,11,36,40,36,0,1,11,0,1
423,3,0,2,9,8,39,39,39,0,1,8,0,3
423,4,0,3,9,10,40,38,40,0,1,10,0,4
423,5,0,4,10,8,40,37,40,0,1,8,0,5
423,6,0,5,9,10,40,36,40,0,1,10,0,6
424,1,0,0,8,11,39,38,38,1,0,38,1,0
424,3,2,0,10,14,39,37,37,1,0,37,3,0
424,4,3,0,7,15,39,36,36,1,0,36,4,0
424,5,4,0,12,21,35,33,33,1,0,33,5,0
424,6,5,0,9,15,38,32,32,1,0,32,6,0
424,1,0,0,8,11,39,38,39,0,1,11,0,1
424,3,0,2,10,14,39,37,39,0,1,14,0,3
424,4,0,3,7,15,39,36,39,0,1,15,0,4
424,5,0,4,12,21,35,33,35,0,1,21,0,5
424,6,0,5,9,15,38,32,38,0,1,15,0,6
425,4,3,0,11,-999999,32,-999999,-999999,1,0,-999999,4,0
425,5,4,0,17,-999999,32,-999999,-999999,1,0,-999999,5,0
425,6,5,0,18,-999999,31,-999999,-999999,1,0,-999999,6,0
425,4,0,3,11,-999999,32,-999999,32,0,1,-999999,0,4
425,5,0,4,17,-999999,32,-999999,32,0,1,-999999,0,5
425,6,0,5,18,-999999,31,-999999,31,0,1,-999999,0,6
426,1,0,0,21,20,40,37,37,1,0,37,1,0
426,3,2,0,27,18,40,32,32,1,0,32,3,0
426,4,3,0,30,26,40,29,29,1,0,29,4,0
426,5,4,0,30,20,36,32,32,1,0,32,5,0
426,6,5,0,30,-999999,35,-999999,-999999,1,0,-999999,6,0
426,1,0,0,21,20,40,37,40,0,1,20,0,1
426,3,0,2,27,18,40,32,40,0,1,18,0,3
426,4,0,3,30,26,40,29,40,0,1,26,0,4
426,5,0,4,30,20,36,32,36,0,1,20,0,5
426,6,0,5,30,-999999,35,-999999,35,0,1,-999999,0,6
427,1,0,0,19,18,39,38,38,1,0,38,1,0
427,3,2,0,19,18,37,39,39,1,0,39,3,0
427,4,3,0,21,19,36,39,39,1,0,39,4,0
427,5,4,0,19,18,37,35,35,1,0,35,5,0
427,6,5,0,24,25,34,35,35,1,0,35,6,0
427,1,0,0,19,18,39,38,39,0,1,18,0,1
427,3,0,2,19,18,37,39,37,0,1,18,0,3
427,4,0,3,21,19,36,39,36,0,1,19,0,4
427,5,0,4,19,18,37,35,37,0,1,18,0,5
427,6,0,5,24,25,34,35,34,0,1,25,0,6
428,1,0,0,11,8,40,36,36,1,0,36,1,0
428,3,2,0,10,-999999,37,-999999,-999999,1,0,-999999,3,0
428,4,3,0,8,-999999,38,-999999,-999999,1,0,-999999,4,0
428,5,4,0,10,-999999,38,-999999,-999999,1,0,-999999,5,0
428,6,5,0,15,-999999,37,-999999,-999999,1,0,-999999,6,0
428,1,0,0,11,8,40,36,40,0,1,8,0,1
428,3,0,2,10,-999999,37,-999999,37,0,1,-999999,0,3
428,4,0,3,8,-999999,38,-999999,38,0,1,-999999,0,4
428,5,0,4,10,-999999,38,-999999,38,0,1,-999999,0,5
428,6,0,5,15,-999999,37,-999999,37,0,1,-999999,0,6
429,1,0,0,9,13,39,37,37,1,0,37,1,0
429,3,2,0,12,-999999,38,-999999,-999999,1,0,-999999,3,0
429,4,3,0,12,9,38,40,40,1,0,40,4,0
429,5,4,0,11,17,37,39,39,1,0,39,5,0
429,6,5,0,12,16,37,40,40,1,0,40,6,0
429,1,0,0,9,13,39,37,39,0,1,13,0,1
429,3,0,2,12,-999999,38,-999999,38,0,1,-999999,0,3
429,4,0,3,12,9,38,40,38,0,1,9,0,4
429,5,0,4,11,17,37,39,37,0,1,17,0,5
429,6,0,5,12,16,37,40,37,0,1,16,0,6
430,1,0,0,15,18,40,34,34,1,0,34,1,0
430,3,2,0,16,24,40,37,37,1,0,37,3,0
430,4,3,0,17,28,40,30,30,1,0,30,4,0
430,5,4,0,15,17,36,37,37,1,0,37,5,0
430,6,5,0,22,24,39,36,36,1,0,36,6,0
430,1,0,0,15,18,40,34,40,0,1,18,0,1
430,3,0,2,16,24,40,37,40,0,1,24,0,3
430,4,0,3,17,28,40,30,40,0,1,28,0,4
430,5,0,4,15,17,36,37,36,0,1,17,0,5
430,6,0,5,22,24,39,36,39,0,1,24,0,6
431,3,2,0,11,12,40,36,36,1,0,36,3,0
431,4,3,0,8,-999999,40,-999999,-999999,1,0,-999999,4,0
431,5,4,0,14,12,39,34,34,1,0,34,5,0
431,6,5,0,10,11,40,35,35,1,0,35,6,0
431,3,0,2,11,12,40,36,40,0,1,12,0,3
431,4,0,3,8,-999999,40,-999999,40,0,1,-999999,0,4
431,5,0,4,14,12,39,34,39,0,1,12,0,5
431,6,0,5,10,11,40,35,40,0,1,11,0,6
432,1,0,0,27,16,34,34,34,1,0,34,1,0
432,3,2,0,23,22,38,32,32,1,0,32,3,0
432,4,3,0,24,17,39,35,35,1,0,35,4,0
432,5,4,0,26,20,34,33,33,1,0,33,5,0
432,6,5,0,22,16,30,34,34,1,0,34,6,0
432,1,0,0,27,16,34,34,34,0,1,16,0,1
432,3,0,2,23,22,38,32,38,0,1,22,0,3
432,4,0,3,24,17,39,35,39,0,1,17,0,4
432,5,0,4,26,20,34,33,34,0,1,20,0,5
432,6,0,5,22,16,30,34,30,0,1,16,0,6
433,1,0,0,8,8,39,38,38,1,0,38,1,0
433,3,2,0,7,10,40,38,38,1,0,38,3,0
433,4,3,0,12,11,40,40,40,1,0,40,4,0
433,5,4,0,7,10,40,40,40,1,0,40,5,0
433,6,5,0,7,11,40,36,36,1,0,36,6,0
433,1,0,0,8,8,39,38,39,0,1,8,0,1
433,3,0,2,7,10,40,38,40,0,1,10,0,3
433,4,0,3,12,11,40,40,40,0,1,11,0,4
433,5,0,4,7,10,40,40,40,0,1,10,0,5
433,6,0,5,7,11,40,36,40,0,1,11,0,6
434,5,4,0,24,18,33.142857,31,31,1,0,31,5,0
434,6,5,0,24,24,35,32,32,1,0,32,6,0
434,5,0,4,24,18,33.142857,31,33.142857,0,1,18,0,5
434,6,0,5,24,24,35,32,35,0,1,24,0,6
435,1,0,0,27,17,35,38,38,1,0,38,1,0
435,3,2,0,16,17,38,35,35,1,0,35,3,0
435,4,3,0,16,20,38,36,36,1,0,36,4,0
435,5,4,0,22,22,32,37,37,1,0,37,5,0
435,6,5,0,28,25,33,37,37,1,0,37,6,0
435,1,0,0,27,17,35,38,35,0,1,17,0,1
435,3,0,2,16,17,38,35,38,0,1,17,0,3
435,4,0,3,16,20,38,36,38,0,1,20,0,4
435,5,0,4,22,22,32,37,32,0,1,22,0,5
435,6,0,5,28,25,33,37,33,0,1,25,0,6
436,1,0,0,7,7,40,36,36,1,0,36,1,0
436,3,2,0,7,13,40,29,29,1,0,29,3,0
436,4,3,0,10,-999999,38,-999999,-999999,1,0,-999999,4,0
436,5,4,0,8,11,40,32,32,1,0,32,5,0
436,6,5,0,14,-999999,39,-999999,-999999,1,0,-999999,6,0
436,1,0,0,7,7,40,36,40,0,1,7,0,1
436,3,0,2,7,13,40,29,40,0,1,13,0,3
436,4,0,3,10,-999999,38,-999999,38,0,1,-999999,0,4
436,5,0,4,8,11,40,32,40,0,1,11,0,5
436,6,0,5,14,-999999,39,-999999,39,0,1,-999999,0,6
437,3,2,0,11,-999999,40,-999999,-999999,1,0,-999999,3,0
437,4,3,0,15,-999999,40,-999999,-999999,1,0,-999999,4,0
437,5,4,0,21,22,39,24,24,1,0,24,5,0
437,6,5,0,17,-999999,35,-999999,-999999,1,0,-999999,6,0
437,3,0,2,11,-999999,40,-999999,40,0,1,-999999,0,3
437,4,0,3,15,-999999,40,-999999,40,0,1,-999999,0,4
437,5,0,4,21,22,39,24,39,0,1,22,0,5
437,6,0,5,17,-999999,35,-999999,35,0,1,-999999,0,6
438,1,0,0,8,9,40,38,38,1,0,38,1,0
438,3,2,0,10,15,40,27,27,1,0,27,3,0
438,4,3,0,17,13,40,31,31,1,0,31,4,0
438,5,4,0,16,13,40,31,31,1,0,31,5,0
438,6,5,0,8,20,40,17,17,1,0,17,6,0
438,1,0,0,8,9,40,38,40,0,1,9,0,1
438,3,0,2,10,15,40,27,40,0,1,15,0,3
438,4,0,3,17,13,40,31,40,0,1,13,0,4
438,5,0,4,16,13,40,31,40,0,1,13,0,5
438,6,0,5,8,20,40,17,40,0,1,20,0,6
439,1,0,0,26,9,38,40,40,1,0,40,1,0
439,3,2,0,29,14,37,39,39,1,0,39,3,0
439,4,3,0,27,19,36,39,39,1,0,39,4,0
439,5,4,0,29,15,33,38,38,1,0,38,5,0
439,6,5,0,30,19,29,34,34,1,0,34,6,0
439,1,0,0,26,9,38,40,38,0,1,9,0,1
439,3,0,2,29,14,37,39,37,0,1,14,0,3
439,4,0,3,27,19,36,39,36,0,1,19,0,4
439,5,0,4,29,15,33,38,33,0,1,15,0,5
439,6,0,5,30,19,29,34,29,0,1,19,0,6
440,1,0,0,21,17,38,35,35,1,0,35,1,0
440,3,2,0,19,15,36,32,32,1,0,32,3,0
440,4,3,0,19,14,37,36,36,1,0,36,4,0
440,5,4,0,17,18,31,31,31,1,0,31,5,0
440,6,5,0,18,15,35,35,35,1,0,35,6,0
440,1,0,0,21,17,38,35,38,0,1,17,0,1
440,3,0,2,19,15,36,32,36,0,1,15,0,3
440,4,0,3,19,14,37,36,37,0,1,14,0,4
440,5,0,4,17,18,31,31,31,0,1,18,0,5
440,6,0,5,18,15,35,35,35,0,1,15,0,6
441,1,0,0,19,-999999,38,-999999,-999999,1,0,-999999,1,0
441,3,2,0,30,-999999,37,-999999,-999999,1,0,-999999,3,0
441,4,3,0,26,-999999,37,-999999,-999999,1,0,-999999,4,0
441,5,4,0,28,-999999,36,-999999,-999999,1,0,-999999,5,0
441,6,5,0,27,-999999,40,-999999,-999999,1,0,-999999,6,0
441,1,0,0,19,-999999,38,-999999,38,0,1,-999999,0,1
441,3,0,2,30,-999999,37,-999999,37,0,1,-999999,0,3
441,4,0,3,26,-999999,37,-999999,37,0,1,-999999,0,4
441,5,0,4,28,-999999,36,-999999,36,0,1,-999999,0,5
441,6,0,5,27,-999999,40,-999999,40,0,1,-999999,0,6
442,1,0,0,12,9,40,36,36,1,0,36,1,0
442,3,2,0,14,-999999,39,-999999,-999999,1,0,-999999,3,0
442,4,3,0,14,10,39,30,30,1,0,30,4,0
442,5,4,0,17,11,38,35,35,1,0,35,5,0
442,6,5,0,9,17,40,34,34,1,0,34,6,0
442,1,0,0,12,9,40,36,40,0,1,9,0,1
442,3,0,2,14,-999999,39,-999999,39,0,1,-999999,0,3
442,4,0,3,14,10,39,30,39,0,1,10,0,4
442,5,0,4,17,11,38,35,38,0,1,11,0,5
442,6,0,5,9,17,40,34,40,0,1,17,0,6
443,1,0,0,14,11,40,39,39,1,0,39,1,0
443,3,2,0,17,-999999,38,-999999,-999999,1,0,-999999,3,0
443,4,3,0,20,28,39,32,32,1,0,32,4,0
443,5,4,0,17,22,39,33,33,1,0,33,5,0
443,6,5,0,19,30,34,28,28,1,0,28,6,0
443,1,0,0,14,11,40,39,40,0,1,11,0,1
443,3,0,2,17,-999999,38,-999999,38,0,1,-999999,0,3
443,4,0,3,20,28,39,32,39,0,1,28,0,4
443,5,0,4,17,22,39,33,39,0,1,22,0,5
443,6,0,5,19,30,34,28,34,0,1,30,0,6
444,1,0,0,17,16,38,39,39,1,0,39,1,0
444,3,2,0,19,17,38,40,40,1,0,40,3,0
444,4,3,0,17,16,29,37,37,1,0,37,4,0
444,5,4,0,17,16,33,37,37,1,0,37,5,0
444,6,5,0,19,17,37,36,36,1,0,36,6,0
444,1,0,0,17,16,38,39,38,0,1,16,0,1
444,3,0,2,19,17,38,40,38,0,1,17,0,3
444,4,0,3,17,16,29,37,29,0,1,16,0,4
444,5,0,4,17,16,33,37,33,0,1,16,0,5
444,6,0,5,19,17,37,36,37,0,1,17,0,6
445,1,0,0,13,15,40,37,37,1,0,37,1,0
445,3,2,0,16,10,40,36,36,1,0,36,3,0
445,4,3,0,18,11,39,31,31,1,0,31,4,0
445,5,4,0,24,-999999,38,-999999,-999999,1,0,-999999,5,0
445,6,5,0,22,-999999,39,-999999,-999999,1,0,-999999,6,0
445,1,0,0,13,15,40,37,40,0,1,15,0,1
445,3,0,2,16,10,40,36,40,0,1,10,0,3
445,4,0,3,18,11,39,31,39,0,1,11,0,4
445,5,0,4,24,-999999,38,-999999,38,0,1,-999999,0,5
445,6,0,5,22,-999999,39,-999999,39,0,1,-999999,0,6
446,1,0,0,9,9,40,38,38,1,0,38,1,0
446,3,2,0,17,9,38,36,36,1,0,36,3,0
446,4,3,0,12,8,40,38,38,1,0,38,4,0
446,5,4,0,15,15,40,34,34,1,0,34,5,0
446,6,5,0,11,9,36,36,36,1,0,36,6,0
446,1,0,0,9,9,40,38,40,0,1,9,0,1
446,3,0,2,17,9,38,36,38,0,1,9,0,3
446,4,0,3,12,8,40,38,40,0,1,8,0,4
446,5,0,4,15,15,40,34,40,0,1,15,0,5
446,6,0,5,11,9,36,36,36,0,1,9,0,6
447,1,0,0,10,10,38,34,34,1,0,34,1,0
447,3,2,0,16,-999999,34,-999999,-999999,1,0,-999999,3,0
447,4,3,0,17,-999999,36,-999999,-999999,1,0,-999999,4,0
447,5,4,0,15,-999999,32,-999999,-999999,1,0,-999999,5,0
447,6,5,0,15,-999999,32,-999999,-999999,1,0,-999999,6,0
447,1,0,0,10,10,38,34,38,0,1,10,0,1
447,3,0,2,16,-999999,34,-999999,34,0,1,-999999,0,3
447,4,0,3,17,-999999,36,-999999,36,0,1,-999999,0,4
447,5,0,4,15,-999999,32,-999999,32,0,1,-999999,0,5
447,6,0,5,15,-999999,32,-999999,32,0,1,-999999,0,6
448,1,0,0,10,8,40,32,32,1,0,32,1,0
448,3,2,0,10,-999999,19,-999999,-999999,1,0,-999999,3,0
448,4,3,0,7,-999999,12,-999999,-999999,1,0,-999999,4,0
448,5,4,0,18,-999999,30,-999999,-999999,1,0,-999999,5,0
448,6,5,0,16,-999999,30,-999999,-999999,1,0,-999999,6,0
448,1,0,0,10,8,40,32,40,0,1,8,0,1
448,3,0,2,10,-999999,19,-999999,19,0,1,-999999,0,3
448,4,0,3,7,-999999,12,-999999,12,0,1,-999999,0,4
448,5,0,4,18,-999999,30,-999999,30,0,1,-999999,0,5
448,6,0,5,16,-999999,30,-999999,30,0,1,-999999,0,6
449,1,0,0,-999999,16,-999999,33,33,1,0,33,1,0
449,3,2,0,23,-999999,37,-999999,-999999,1,0,-999999,3,0
449,4,3,0,7,-999999,40,-999999,-999999,1,0,-999999,4,0
449,5,4,0,9,-999999,40,-999999,-999999,1,0,-999999,5,0
449,6,5,0,7,-999999,40,-999999,-999999,1,0,-999999,6,0
449,1,0,0,-999999,16,-999999,33,-999999,0,1,16,0,1
449,3,0,2,23,-999999,37,-999999,37,0,1,-999999,0,3
449,4,0,3,7,-999999,40,-999999,40,0,1,-999999,0,4
449,5,0,4,9,-999999,40,-999999,40,0,1,-999999,0,5
449,6,0,5,7,-999999,40,-999999,40,0,1,-999999,0,6
450,1,0,0,28,-999999,39,-999999,-999999,1,0,-999999,1,0
450,3,2,0,27,18,37,30,30,1,0,30,3,0
450,4,3,0,24,23,36,27,27,1,0,27,4,0
450,5,4,0,24,27,37,29,29,1,0,29,5,0
450,6,5,0,28,25,39,32,32,1,0,32,6,0
450,1,0,0,28,-999999,39,-999999,39,0,1,-999999,0,1
450,3,0,2,27,18,37,30,37,0,1,18,0,3
450,4,0,3,24,23,36,27,36,0,1,23,0,4
450,5,0,4,24,27,37,29,37,0,1,27,0,5
450,6,0,5,28,25,39,32,39,0,1,25,0,6
451,1,0,0,8,11,39,36,36,1,0,36,1,0
451,3,2,0,9,-999999,36,-999999,-999999,1,0,-999999,3,0
451,4,3,0,12,16,38,35,35,1,0,35,4,0
451,5,4,0,12,21,33,35,35,1,0,35,5,0
451,6,5,0,11,21,34,36,36,1,0,36,6,0
451,1,0,0,8,11,39,36,39,0,1,11,0,1
451,3,0,2,9,-999999,36,-999999,36,0,1,-999999,0,3
451,4,0,3,12,16,38,35,38,0,1,16,0,4
451,5,0,4,12,21,33,35,33,0,1,21,0,5
451,6,0,5,11,21,34,36,34,0,1,21,0,6
452,1,0,0,25,18,33,37,37,1,0,37,1,0
452,3,2,0,27,19,37,32,32,1,0,32,3,0
452,4,3,0,20,19,32,33,33,1,0,33,4,0
452,5,4,0,21,-999999,38,-999999,-999999,1,0,-999999,5,0
452,6,5,0,15,27,38,26,26,1,0,26,6,0
452,1,0,0,25,18,33,37,33,0,1,18,0,1
452,3,0,2,27,19,37,32,37,0,1,19,0,3
452,4,0,3,20,19,32,33,32,0,1,19,0,4
452,5,0,4,21,-999999,38,-999999,38,0,1,-999999,0,5
452,6,0,5,15,27,38,26,38,0,1,27,0,6
453,1,0,0,15,13,39,40,40,1,0,40,1,0
453,3,2,0,12,13,39,40,40,1,0,40,3,0
453,4,3,0,12,10,39,39,39,1,0,39,4,0
453,5,4,0,15,12,37.714286,36,36,1,0,36,5,0
453,6,5,0,13,10,36,38,38,1,0,38,6,0
453,1,0,0,15,13,39,40,39,0,1,13,0,1
453,3,0,2,12,13,39,40,39,0,1,13,0,3
453,4,0,3,12,10,39,39,39,0,1,10,0,4
453,5,0,4,15,12,37.714286,36,37.714286,0,1,12,0,5
453,6,0,5,13,10,36,38,36,0,1,10,0,6
454,1,0,0,15,14,40,36,36,1,0,36,1,0
454,3,2,0,18,20,38,35,35,1,0,35,3,0
454,4,3,0,22,17,39,37,37,1,0,37,4,0
454,5,4,0,20,15,33,34,34,1,0,34,5,0
454,6,5,0,26,16,34,29,29,1,0,29,6,0
454,1,0,0,15,14,40,36,40,0,1,14,0,1
454,3,0,2,18,20,38,35,38,0,1,20,0,3
454,4,0,3,22,17,39,37,39,0,1,17,0,4
454,5,0,4,20,15,33,34,33,0,1,15,0,5
454,6,0,5,26,16,34,29,34,0,1,16,0,6
455,1,0,0,15,10,33,38,38,1,0,38,1,0
455,3,2,0,13,11,37,38,38,1,0,38,3,0
455,4,3,0,17,10,36,38,38,1,0,38,4,0
455,5,4,0,20,12,38,38,38,1,0,38,5,0
455,6,5,0,18,10,39,34,34,1,0,34,6,0
455,1,0,0,15,10,33,38,33,0,1,10,0,1
455,3,0,2,13,11,37,38,37,0,1,11,0,3
455,4,0,3,17,10,36,38,36,0,1,10,0,4
455,5,0,4,20,12,38,38,38,0,1,12,0,5
455,6,0,5,18,10,39,34,39,0,1,10,0,6
456,1,0,0,15,19,40,34,34,1,0,34,1,0
456,3,2,0,16,16,40,39,39,1,0,39,3,0
456,4,3,0,15,22,40,34,34,1,0,34,4,0
456,5,4,0,21,27,40,19,19,1,0,19,5,0
456,6,5,0,18,22,39,22,22,1,0,22,6,0
456,1,0,0,15,19,40,34,40,0,1,19,0,1
456,3,0,2,16,16,40,39,40,0,1,16,0,3
456,4,0,3,15,22,40,34,40,0,1,22,0,4
456,5,0,4,21,27,40,19,40,0,1,27,0,5
456,6,0,5,18,22,39,22,39,0,1,22,0,6
457,1,0,0,13,15,40,39,39,1,0,39,1,0
457,3,2,0,14,12,40,38,38,1,0,38,3,0
457,4,3,0,11,10,40,38,38,1,0,38,4,0
457,5,4,0,13,14,37,35,35,1,0,35,5,0
457,6,5,0,15,10,40,36,36,1,0,36,6,0
457,1,0,0,13,15,40,39,40,0,1,15,0,1
457,3,0,2,14,12,40,38,40,0,1,12,0,3
457,4,0,3,11,10,40,38,40,0,1,10,0,4
457,5,0,4,13,14,37,35,37,0,1,14,0,5
457,6,0,5,15,10,40,36,40,0,1,10,0,6
458,1,0,0,8,15,38,40,40,1,0,40,1,0
458,3,2,0,11,17,39,38,38,1,0,38,3,0
458,4,3,0,11,14,40,35,35,1,0,35,4,0
458,5,4,0,9,24,35,36,36,1,0,36,5,0
458,6,5,0,10,-999999,39,-999999,-999999,1,0,-999999,6,0
458,1,0,0,8,15,38,40,38,0,1,15,0,1
458,3,0,2,11,17,39,38,39,0,1,17,0,3
458,4,0,3,11,14,40,35,40,0,1,14,0,4
458,5,0,4,9,24,35,36,35,0,1,24,0,5
458,6,0,5,10,-999999,39,-999999,39,0,1,-999999,0,6
459,3,2,0,17,21,40,36,36,1,0,36,3,0
459,4,3,0,23,22,40,38,38,1,0,38,4,0
459,5,4,0,14,21,38,37,37,1,0,37,5,0
459,6,5,0,16,22,39,37,37,1,0,37,6,0
459,3,0,2,17,21,40,36,40,0,1,21,0,3
459,4,0,3,23,22,40,38,40,0,1,22,0,4
459,5,0,4,14,21,38,37,38,0,1,21,0,5
459,6,0,5,16,22,39,37,39,0,1,22,0,6
460,1,0,0,26,-999999,40,-999999,-999999,1,0,-999999,1,0
460,3,2,0,24,21,39,31,31,1,0,31,3,0
460,4,3,0,20,17,40,33,33,1,0,33,4,0
460,5,4,0,20,21,40,32,32,1,0,32,5,0
460,6,5,0,20,20,40,34,34,1,0,34,6,0
460,1,0,0,26,-999999,40,-999999,40,0,1,-999999,0,1
460,3,0,2,24,21,39,31,39,0,1,21,0,3
460,4,0,3,20,17,40,33,40,0,1,17,0,4
460,5,0,4,20,21,40,32,40,0,1,21,0,5
460,6,0,5,20,20,40,34,40,0,1,20,0,6
461,1,0,0,11,7,39,34,34,1,0,34,1,0
461,3,2,0,28,14,38,37,37,1,0,37,3,0
461,4,3,0,24,14,40,39,39,1,0,39,4,0
461,5,4,0,22,13,40,35,35,1,0,35,5,0
461,6,5,0,26,15,39,36,36,1,0,36,6,0
461,1,0,0,11,7,39,34,39,0,1,7,0,1
461,3,0,2,28,14,38,37,38,0,1,14,0,3
461,4,0,3,24,14,40,39,40,0,1,14,0,4
461,5,0,4,22,13,40,35,40,0,1,13,0,5
461,6,0,5,26,15,39,36,39,0,1,15,0,6
462,1,0,0,29,22,39,38,38,1,0,38,1,0
462,1,0,0,29,22,39,38,39,0,1,22,0,1
463,1,0,0,7,15,40,37,37,1,0,37,1,0
463,3,2,0,7,-999999,40,-999999,-999999,1,0,-999999,3,0
463,4,3,0,8,-999999,40,-999999,-999999,1,0,-999999,4,0
463,5,4,0,7,-999999,40,-999999,-999999,1,0,-999999,5,0
463,6,5,0,7,-999999,37,-999999,-999999,1,0,-999999,6,0
463,1,0,0,7,15,40,37,40,0,1,15,0,1
463,3,0,2,7,-999999,40,-999999,40,0,1,-999999,0,3
463,4,0,3,8,-999999,40,-999999,40,0,1,-999999,0,4
463,5,0,4,7,-999999,40,-999999,40,0,1,-999999,0,5
463,6,0,5,7,-999999,37,-999999,37,0,1,-999999,0,6
464,4,3,0,13,12,39,39,39,1,0,39,4,0
464,5,4,0,8,-999999,40,-999999,-999999,1,0,-999999,5,0
464,6,5,0,16,11,40,36,36,1,0,36,6,0
464,4,0,3,13,12,39,39,39,0,1,12,0,4
464,5,0,4,8,-999999,40,-999999,40,0,1,-999999,0,5
464,6,0,5,16,11,40,36,40,0,1,11,0,6
465,1,0,0,9,14,40,35,35,1,0,35,1,0
465,3,2,0,20,17,39,34,34,1,0,34,3,0
465,4,3,0,14,19,40,32,32,1,0,32,4,0
465,5,4,0,14,18,39,32,32,1,0,32,5,0
465,6,5,0,22,21,40,34,34,1,0,34,6,0
465,1,0,0,9,14,40,35,40,0,1,14,0,1
465,3,0,2,20,17,39,34,39,0,1,17,0,3
465,4,0,3,14,19,40,32,40,0,1,19,0,4
465,5,0,4,14,18,39,32,39,0,1,18,0,5
465,6,0,5,22,21,40,34,40,0,1,21,0,6
466,1,0,0,11,19,39,37,37,1,0,37,1,0
466,3,2,0,15,20,39,35,35,1,0,35,3,0
466,4,3,0,13,17,40,39,39,1,0,39,4,0
466,5,4,0,10,16,38,36,36,1,0,36,5,0
466,6,5,0,14,13,40,39,39,1,0,39,6,0
466,1,0,0,11,19,39,37,39,0,1,19,0,1
466,3,0,2,15,20,39,35,39,0,1,20,0,3
466,4,0,3,13,17,40,39,40,0,1,17,0,4
466,5,0,4,10,16,38,36,38,0,1,16,0,5
466,6,0,5,14,13,40,39,40,0,1,13,0,6
467,1,0,0,23,9,39,40,40,1,0,40,1,0
467,4,3,0,15,17,38,39,39,1,0,39,4,0
467,5,4,0,22,15,37,37,37,1,0,37,5,0
467,6,5,0,21,15,37,38,38,1,0,38,6,0
467,1,0,0,23,9,39,40,39,0,1,9,0,1
467,4,0,3,15,17,38,39,38,0,1,17,0,4
467,5,0,4,22,15,37,37,37,0,1,15,0,5
467,6,0,5,21,15,37,38,37,0,1,15,0,6
468,1,0,0,7,16,40,39,39,1,0,39,1,0
468,3,2,0,7,11,40,38,38,1,0,38,3,0
468,4,3,0,7,11,40,38,38,1,0,38,4,0
468,5,4,0,7,12,40,37,37,1,0,37,5,0
468,6,5,0,7,9,40,37,37,1,0,37,6,0
468,1,0,0,7,16,40,39,40,0,1,16,0,1
468,3,0,2,7,11,40,38,40,0,1,11,0,3
468,4,0,3,7,11,40,38,40,0,1,11,0,4
468,5,0,4,7,12,40,37,40,0,1,12,0,5
468,6,0,5,7,9,40,37,40,0,1,9,0,6
469,4,3,0,15,-999999,38,-999999,-999999,1,0,-999999,4,0
469,5,4,0,12,-999999,38,-999999,-999999,1,0,-999999,5,0
469,6,5,0,9,13,40,40,40,1,0,40,6,0
469,4,0,3,15,-999999,38,-999999,38,0,1,-999999,0,4
469,5,0,4,12,-999999,38,-999999,38,0,1,-999999,0,5
469,6,0,5,9,13,40,40,40,0,1,13,0,6
470,1,0,0,24,15,36,36,36,1,0,36,1,0
470,3,2,0,31,22,32,35,35,1,0,35,3,0
470,4,3,0,32,25,35,32,32,1,0,32,4,0
470,5,4,0,32,29,34,35,35,1,0,35,5,0
470,6,5,0,26,21,35,35,35,1,0,35,6,0
470,1,0,0,24,15,36,36,36,0,1,15,0,1
470,3,0,2,31,22,32,35,32,0,1,22,0,3
470,4,0,3,32,25,35,32,35,0,1,25,0,4
470,5,0,4,32,29,34,35,34,0,1,29,0,5
470,6,0,5,26,21,35,35,35,0,1,21,0,6
471,1,0,0,18,11,40,31,31,1,0,31,1,0
471,3,2,0,22,-999999,39,-999999,-999999,1,0,-999999,3,0
471,4,3,0,20,-999999,39,-999999,-999999,1,0,-999999,4,0
471,5,4,0,19,-999999,38,-999999,-999999,1,0,-999999,5,0
471,6,5,0,19,-999999,35,-999999,-999999,1,0,-999999,6,0
471,1,0,0,18,11,40,31,40,0,1,11,0,1
471,3,0,2,22,-999999,39,-999999,39,0,1,-999999,0,3
471,4,0,3,20,-999999,39,-999999,39,0,1,-999999,0,4
471,5,0,4,19,-999999,38,-999999,38,0,1,-999999,0,5
471,6,0,5,19,-999999,35,-999999,35,0,1,-999999,0,6
472,1,0,0,15,-999999,37,-999999,-999999,1,0,-999999,1,0
472,3,2,0,14,15,36,31,31,1,0,31,3,0
472,4,3,0,13,16,34,34,34,1,0,34,4,0
472,5,4,0,12,-999999,38,-999999,-999999,1,0,-999999,5,0
472,6,5,0,14,24,36,31,31,1,0,31,6,0
472,1,0,0,15,-999999,37,-999999,37,0,1,-999999,0,1
472,3,0,2,14,15,36,31,36,0,1,15,0,3
472,4,0,3,13,16,34,34,34,0,1,16,0,4
472,5,0,4,12,-999999,38,-999999,38,0,1,-999999,0,5
472,6,0,5,14,24,36,31,36,0,1,24,0,6
473,1,0,0,10,15,40,40,40,1,0,40,1,0
473,3,2,0,12,8,40,40,40,1,0,40,3,0
473,4,3,0,19,8,40,38,38,1,0,38,4,0
473,5,4,0,11,14,39,39,39,1,0,39,5,0
473,6,5,0,12,7,40,39,39,1,0,39,6,0
473,1,0,0,10,15,40,40,40,0,1,15,0,1
473,3,0,2,12,8,40,40,40,0,1,8,0,3
473,4,0,3,19,8,40,38,40,0,1,8,0,4
473,5,0,4,11,14,39,39,39,0,1,14,0,5
473,6,0,5,12,7,40,39,40,0,1,7,0,6
474,3,2,0,8,15,38,37,37,1,0,37,3,0
474,4,3,0,8,14,39,37,37,1,0,37,4,0
474,5,4,0,13,13,38,36,36,1,0,36,5,0
474,3,0,2,8,15,38,37,38,0,1,15,0,3
474,4,0,3,8,14,39,37,39,0,1,14,0,4
474,5,0,4,13,13,38,36,38,0,1,13,0,5
475,1,0,0,9,14,39,36,36,1,0,36,1,0
475,3,2,0,7,13,37,40,40,1,0,40,3,0
475,4,3,0,9,11,38,40,40,1,0,40,4,0
475,5,4,0,8,13,34,39,39,1,0,39,5,0
475,6,5,0,12,9,37,39,39,1,0,39,6,0
475,1,0,0,9,14,39,36,39,0,1,14,0,1
475,3,0,2,7,13,37,40,37,0,1,13,0,3
475,4,0,3,9,11,38,40,38,0,1,11,0,4
475,5,0,4,8,13,34,39,34,0,1,13,0,5
475,6,0,5,12,9,37,39,37,0,1,9,0,6
476,1,0,0,17,-999999,34,-999999,-999999,1,0,-999999,1,0
476,3,2,0,21,-999999,40,-999999,-999999,1,0,-999999,3,0
476,4,3,0,14,-999999,35,-999999,-999999,1,0,-999999,4,0
476,5,4,0,18,-999999,35,-999999,-999999,1,0,-999999,5,0
476,6,5,0,20,-999999,39,-999999,-999999,1,0,-999999,6,0
476,1,0,0,17,-999999,34,-999999,34,0,1,-999999,0,1
476,3,0,2,21,-999999,40,-999999,40,0,1,-999999,0,3
476,4,0,3,14,-999999,35,-999999,35,0,1,-999999,0,4
476,5,0,4,18,-999999,35,-999999,35,0,1,-999999,0,5
476,6,0,5,20,-999999,39,-999999,39,0,1,-999999,0,6
477,1,0,0,21,22,38,37,37,1,0,37,1,0
477,3,2,0,17,22,38,36,36,1,0,36,3,0
477,4,3,0,17,16,39,37,37,1,0,37,4,0
477,5,4,0,16,20,39,34,34,1,0,34,5,0
477,6,5,0,14,16,39,37,37,1,0,37,6,0
477,1,0,0,21,22,38,37,38,0,1,22,0,1
477,3,0,2,17,22,38,36,38,0,1,22,0,3
477,4,0,3,17,16,39,37,39,0,1,16,0,4
477,5,0,4,16,20,39,34,39,0,1,20,0,5
477,6,0,5,14,16,39,37,39,0,1,16,0,6
478,1,0,0,17,23,37,36,36,1,0,36,1,0
478,3,2,0,29,26,34,33,33,1,0,33,3,0
478,4,3,0,18,12,39,40,40,1,0,40,4,0
478,5,4,0,20,14,35,38,38,1,0,38,5,0
478,6,5,0,27,17,34,34,34,1,0,34,6,0
478,1,0,0,17,23,37,36,37,0,1,23,0,1
478,3,0,2,29,26,34,33,34,0,1,26,0,3
478,4,0,3,18,12,39,40,39,0,1,12,0,4
478,5,0,4,20,14,35,38,35,0,1,14,0,5
478,6,0,5,27,17,34,34,34,0,1,17,0,6
479,1,0,0,12,-999999,40,-999999,-999999,1,0,-999999,1,0
479,3,2,0,15,7,39,38,38,1,0,38,3,0
479,4,3,0,17,7,39,39,39,1,0,39,4,0
479,5,4,0,13,8,40,40,40,1,0,40,5,0
479,6,5,0,18,9,39,40,40,1,0,40,6,0
479,1,0,0,12,-999999,40,-999999,40,0,1,-999999,0,1
479,3,0,2,15,7,39,38,39,0,1,7,0,3
479,4,0,3,17,7,39,39,39,0,1,7,0,4
479,5,0,4,13,8,40,40,40,0,1,8,0,5
479,6,0,5,18,9,39,40,39,0,1,9,0,6
480,1,0,0,10,19,40,33,33,1,0,33,1,0
480,1,0,0,10,19,40,33,40,0,1,19,0,1
481,1,0,0,26,13,37,39,39,1,0,39,1,0
481,3,2,0,26,-999999,37,-999999,-999999,1,0,-999999,3,0
481,4,3,0,26,-999999,38,-999999,-999999,1,0,-999999,4,0
481,5,4,0,23,-999999,37,-999999,-999999,1,0,-999999,5,0
481,6,5,0,26,-999999,38,-999999,-999999,1,0,-999999,6,0
481,1,0,0,26,13,37,39,37,0,1,13,0,1
481,3,0,2,26,-999999,37,-999999,37,0,1,-999999,0,3
481,4,0,3,26,-999999,38,-999999,38,0,1,-999999,0,4
481,5,0,4,23,-999999,37,-999999,37,0,1,-999999,0,5
481,6,0,5,26,-999999,38,-999999,38,0,1,-999999,0,6
482,1,0,0,7,8,40,39,39,1,0,39,1,0
482,3,2,0,8,14,39,36,36,1,0,36,3,0
482,4,3,0,7,12,39,39,39,1,0,39,4,0
482,5,4,0,9,9,40,36,36,1,0,36,5,0
482,6,5,0,8,10,39,35,35,1,0,35,6,0
482,1,0,0,7,8,40,39,40,0,1,8,0,1
482,3,0,2,8,14,39,36,39,0,1,14,0,3
482,4,0,3,7,12,39,39,39,0,1,12,0,4
482,5,0,4,9,9,40,36,40,0,1,9,0,5
482,6,0,5,8,10,39,35,39,0,1,10,0,6
483,4,3,0,25,23,36,33,33,1,0,33,4,0
483,5,4,0,19,14,33,27,27,1,0,27,5,0
483,4,0,3,25,23,36,33,36,0,1,23,0,4
483,5,0,4,19,14,33,27,33,0,1,14,0,5
484,1,0,0,18,11,40,38,38,1,0,38,1,0
484,3,2,0,12,14,39,40,40,1,0,40,3,0
484,4,3,0,16,14,40,32,32,1,0,32,4,0
484,5,4,0,20,11,37,34,34,1,0,34,5,0
484,6,5,0,10,12,38,34,34,1,0,34,6,0
484,1,0,0,18,11,40,38,40,0,1,11,0,1
484,3,0,2,12,14,39,40,39,0,1,14,0,3
484,4,0,3,16,14,40,32,40,0,1,14,0,4
484,5,0,4,20,11,37,34,37,0,1,11,0,5
484,6,0,5,10,12,38,34,38,0,1,12,0,6
485,1,0,0,20,-999999,34,-999999,-999999,1,0,-999999,1,0
485,3,2,0,17,-999999,28,-999999,-999999,1,0,-999999,3,0
485,4,3,0,18,-999999,32,-999999,-999999,1,0,-999999,4,0
485,5,4,0,19,-999999,30,-999999,-999999,1,0,-999999,5,0
485,6,5,0,17,-999999,29,-999999,-999999,1,0,-999999,6,0
485,1,0,0,20,-999999,34,-999999,34,0,1,-999999,0,1
485,3,0,2,17,-999999,28,-999999,28,0,1,-999999,0,3
485,4,0,3,18,-999999,32,-999999,32,0,1,-999999,0,4
485,5,0,4,19,-999999,30,-999999,30,0,1,-999999,0,5
485,6,0,5,17,-999999,29,-999999,29,0,1,-999999,0,6
486,3,2,0,18,-999999,40,-999999,-999999,1,0,-999999,3,0
486,4,3,0,17,-999999,38,-999999,-999999,1,0,-999999,4,0
486,6,5,0,26,26,36,29,29,1,0,29,6,0
486,3,0,2,18,-999999,40,-999999,40,0,1,-999999,0,3
486,4,0,3,17,-999999,38,-999999,38,0,1,-999999,0,4
486,6,0,5,26,26,36,29,36,0,1,26,0,6
487,1,0,0,8,20,40,38,38,1,0,38,1,0
487,3,2,0,18,-999999,37,-999999,-999999,1,0,-999999,3,0
487,4,3,0,13,18,39,22,22,1,0,22,4,0
487,6,5,0,24,14,36,38,38,1,0,38,6,0
487,1,0,0,8,20,40,38,40,0,1,20,0,1
487,3,0,2,18,-999999,37,-999999,37,0,1,-999999,0,3
487,4,0,3,13,18,39,22,39,0,1,18,0,4
487,6,0,5,24,14,36,38,36,0,1,14,0,6
488,1,0,0,8,-999999,40,-999999,-999999,1,0,-999999,1,0
488,3,2,0,15,-999999,39,-999999,-999999,1,0,-999999,3,0
488,5,4,0,25,-999999,35,-999999,-999999,1,0,-999999,5,0
488,6,5,0,16,22,37,38,38,1,0,38,6,0
488,1,0,0,8,-999999,40,-999999,40,0,1,-999999,0,1
488,3,0,2,15,-999999,39,-999999,39,0,1,-999999,0,3
488,5,0,4,25,-999999,35,-999999,35,0,1,-999999,0,5
488,6,0,5,16,22,37,38,37,0,1,22,0,6
489,1,0,0,22,15,38,38,38,1,0,38,1,0
489,3,2,0,20,20,38,36,36,1,0,36,3,0
489,4,3,0,14,18,37,38,38,1,0,38,4,0
489,6,5,0,17,-999999,39,-999999,-999999,1,0,-999999,6,0
489,1,0,0,22,15,38,38,38,0,1,15,0,1
489,3,0,2,20,20,38,36,38,0,1,20,0,3
489,4,0,3,14,18,37,38,37,0,1,18,0,4
489,6,0,5,17,-999999,39,-999999,39,0,1,-999999,0,6
490,1,0,0,16,17,40,38,38,1,0,38,1,0
490,3,2,0,13,21,38,31,31,1,0,31,3,0
490,4,3,0,15,21,37,31,31,1,0,31,4,0
490,5,4,0,14,24,39,29,29,1,0,29,5,0
490,6,5,0,14,-999999,36,-999999,-999999,1,0,-999999,6,0
490,1,0,0,16,17,40,38,40,0,1,17,0,1
490,3,0,2,13,21,38,31,38,0,1,21,0,3
490,4,0,3,15,21,37,31,37,0,1,21,0,4
490,5,0,4,14,24,39,29,39,0,1,24,0,5
490,6,0,5,14,-999999,36,-999999,36,0,1,-999999,0,6
491,3,2,0,15,-999999,39,-999999,-999999,1,0,-999999,3,0
491,4,3,0,17,-999999,40,-999999,-999999,1,0,-999999,4,0
491,5,4,0,14,-999999,36,-999999,-999999,1,0,-999999,5,0
491,6,5,0,17,-999999,38,-999999,-999999,1,0,-999999,6,0
491,3,0,2,15,-999999,39,-999999,39,0,1,-999999,0,3
491,4,0,3,17,-999999,40,-999999,40,0,1,-999999,0,4
491,5,0,4,14,-999999,36,-999999,36,0,1,-999999,0,5
491,6,0,5,17,-999999,38,-999999,38,0,1,-999999,0,6
492,1,0,0,13,15,40,39,39,1,0,39,1,0
492,3,2,0,23,-999999,37,-999999,-999999,1,0,-999999,3,0
492,4,3,0,24,-999999,38,-999999,-999999,1,0,-999999,4,0
492,5,4,0,24,15,38,35,35,1,0,35,5,0
492,6,5,0,16,-999999,39,-999999,-999999,1,0,-999999,6,0
492,1,0,0,13,15,40,39,40,0,1,15,0,1
492,3,0,2,23,-999999,37,-999999,37,0,1,-999999,0,3
492,4,0,3,24,-999999,38,-999999,38,0,1,-999999,0,4
492,5,0,4,24,15,38,35,38,0,1,15,0,5
492,6,0,5,16,-999999,39,-999999,39,0,1,-999999,0,6
493,1,0,0,19,11,30,38,38,1,0,38,1,0
493,3,2,0,25,18,31,36,36,1,0,36,3,0
493,4,3,0,18,14,34,38,38,1,0,38,4,0
493,5,4,0,24,15,35,35,35,1,0,35,5,0
493,6,5,0,17,20,37,37,37,1,0,37,6,0
493,1,0,0,19,11,30,38,30,0,1,11,0,1
493,3,0,2,25,18,31,36,31,0,1,18,0,3
493,4,0,3,18,14,34,38,34,0,1,14,0,4
493,5,0,4,24,15,35,35,35,0,1,15,0,5
493,6,0,5,17,20,37,37,37,0,1,20,0,6
494,1,0,0,24,20,36,37,37,1,0,37,1,0
494,1,0,0,24,20,36,37,36,0,1,20,0,1
495,1,0,0,14,15,39,29,29,1,0,29,1,0
495,3,2,0,26,24,40,21,21,1,0,21,3,0
495,4,3,0,25,25,39,22,22,1,0,22,4,0
495,5,4,0,24,26,39,16,16,1,0,16,5,0
495,6,5,0,28,-999999,37,-999999,-999999,1,0,-999999,6,0
495,1,0,0,14,15,39,29,39,0,1,15,0,1
495,3,0,2,26,24,40,21,40,0,1,24,0,3
495,4,0,3,25,25,39,22,39,0,1,25,0,4
495,5,0,4,24,26,39,16,39,0,1,26,0,5
495,6,0,5,28,-999999,37,-999999,37,0,1,-999999,0,6
496,1,0,0,21,14,38,40,40,1,0,40,1,0
496,3,2,0,20,19,39,39,39,1,0,39,3,0
496,4,3,0,16,14,40,40,40,1,0,40,4,0
496,5,4,0,17,15,35,38,38,1,0,38,5,0
496,6,5,0,22,18,36,39,39,1,0,39,6,0
496,1,0,0,21,14,38,40,38,0,1,14,0,1
496,3,0,2,20,19,39,39,39,0,1,19,0,3
496,4,0,3,16,14,40,40,40,0,1,14,0,4
496,5,0,4,17,15,35,38,35,0,1,15,0,5
496,6,0,5,22,18,36,39,36,0,1,18,0,6
497,1,0,0,14,8,40,26,26,1,0,26,1,0
497,3,2,0,15,7,35,29,29,1,0,29,3,0
497,4,3,0,16,8,34,31,31,1,0,31,4,0
497,5,4,0,14,-999999,36,-999999,-999999,1,0,-999999,5,0
497,6,5,0,12,-999999,36,-999999,-999999,1,0,-999999,6,0
497,1,0,0,14,8,40,26,40,0,1,8,0,1
497,3,0,2,15,7,35,29,35,0,1,7,0,3
497,4,0,3,16,8,34,31,34,0,1,8,0,4
497,5,0,4,14,-999999,36,-999999,36,0,1,-999999,0,5
497,6,0,5,12,-999999,36,-999999,36,0,1,-999999,0,6
498,1,0,0,21,-999999,40,-999999,-999999,1,0,-999999,1,0
498,3,2,0,19,-999999,39,-999999,-999999,1,0,-999999,3,0
498,4,3,0,14,-999999,40,-999999,-999999,1,0,-999999,4,0
498,5,4,0,13,15,40,40,40,1,0,40,5,0
498,6,5,0,9,-999999,39,-999999,-999999,1,0,-999999,6,0
498,1,0,0,21,-999999,40,-999999,40,0,1,-999999,0,1
498,3,0,2,19,-999999,39,-999999,39,0,1,-999999,0,3
498,4,0,3,14,-999999,40,-999999,40,0,1,-999999,0,4
498,5,0,4,13,15,40,40,40,0,1,15,0,5
498,6,0,5,9,-999999,39,-999999,39,0,1,-999999,0,6
499,1,0,0,10,24,40,33,33,1,0,33,1,0
499,3,2,0,21,22,39,37,37,1,0,37,3,0
499,4,3,0,19,18,38,35,35,1,0,35,4,0
499,5,4,0,17,16,38,36,36,1,0,36,5,0
499,6,5,0,13,16,38,34,34,1,0,34,6,0
499,1,0,0,10,24,40,33,40,0,1,24,0,1
499,3,0,2,21,22,39,37,39,0,1,22,0,3
499,4,0,3,19,18,38,35,38,0,1,18,0,4
499,5,0,4,17,16,38,36,38,0,1,16,0,5
499,6,0,5,13,16,38,34,38,0,1,16,0,6
500,1,0,0,14,17,38,38,38,1,0,38,1,0
500,3,2,0,14,13,40,36,36,1,0,36,3,0
500,4,3,0,12,12,39,38,38,1,0,38,4,0
500,5,4,0,15,16,38,34,34,1,0,34,5,0
500,6,5,0,16,16,39,35,35,1,0,35,6,0
500,1,0,0,14,17,38,38,38,0,1,17,0,1
500,3,0,2,14,13,40,36,40,0,1,13,0,3
500,4,0,3,12,12,39,38,39,0,1,12,0,4
500,5,0,4,15,16,38,34,38,0,1,16,0,5
500,6,0,5,16,16,39,35,39,0,1,16,0,6
501,3,2,0,24,15,36,36,36,1,0,36,3,0
501,4,3,0,30,-999999,29,-999999,-999999,1,0,-999999,4,0
501,5,4,0,18,21,34,25,25,1,0,25,5,0
501,6,5,0,17,19,33,30,30,1,0,30,6,0
501,3,0,2,24,15,36,36,36,0,1,15,0,3
501,4,0,3,30,-999999,29,-999999,29,0,1,-999999,0,4
501,5,0,4,18,21,34,25,34,0,1,21,0,5
501,6,0,5,17,19,33,30,33,0,1,19,0,6
502,1,0,0,9,13,36,36,36,1,0,36,1,0
502,3,2,0,11,13,37,39,39,1,0,39,3,0
502,4,3,0,7,7,37,37,37,1,0,37,4,0
502,5,4,0,7,9,37,38,38,1,0,38,5,0
502,6,5,0,8,-999999,37,-999999,-999999,1,0,-999999,6,0
502,1,0,0,9,13,36,36,36,0,1,13,0,1
502,3,0,2,11,13,37,39,37,0,1,13,0,3
502,4,0,3,7,7,37,37,37,0,1,7,0,4
502,5,0,4,7,9,37,38,37,0,1,9,0,5
502,6,0,5,8,-999999,37,-999999,37,0,1,-999999,0,6
503,1,0,0,10,8,38,40,40,1,0,40,1,0
503,3,2,0,19,-999999,33,-999999,-999999,1,0,-999999,3,0
503,4,3,0,8,8,40,40,40,1,0,40,4,0
503,5,4,0,15,-999999,36,-999999,-999999,1,0,-999999,5,0
503,6,5,0,14,10,37,39,39,1,0,39,6,0
503,1,0,0,10,8,38,40,38,0,1,8,0,1
503,3,0,2,19,-999999,33,-999999,33,0,1,-999999,0,3
503,4,0,3,8,8,40,40,40,0,1,8,0,4
503,5,0,4,15,-999999,36,-999999,36,0,1,-999999,0,5
503,6,0,5,14,10,37,39,37,0,1,10,0,6
504,1,0,0,20,-999999,37,-999999,-999999,1,0,-999999,1,0
504,3,2,0,19,-999999,37,-999999,-999999,1,0,-999999,3,0
504,4,3,0,18,-999999,37,-999999,-999999,1,0,-999999,4,0
504,5,4,0,14,-999999,39,-999999,-999999,1,0,-999999,5,0
504,6,5,0,11,-999999,36,-999999,-999999,1,0,-999999,6,0
504,1,0,0,20,-999999,37,-999999,37,0,1,-999999,0,1
504,3,0,2,19,-999999,37,-999999,37,0,1,-999999,0,3
504,4,0,3,18,-999999,37,-999999,37,0,1,-999999,0,4
504,5,0,4,14,-999999,39,-999999,39,0,1,-999999,0,5
504,6,0,5,11,-999999,36,-999999,36,0,1,-999999,0,6
505,1,0,0,16,8,40,40,40,1,0,40,1,0
505,3,2,0,20,-999999,36,-999999,-999999,1,0,-999999,3,0
505,4,3,0,20,9,37,36,36,1,0,36,4,0
505,5,4,0,17,9,39,40,40,1,0,40,5,0
505,6,5,0,23,10,34,38,38,1,0,38,6,0
505,1,0,0,16,8,40,40,40,0,1,8,0,1
505,3,0,2,20,-999999,36,-999999,36,0,1,-999999,0,3
505,4,0,3,20,9,37,36,37,0,1,9,0,4
505,5,0,4,17,9,39,40,39,0,1,9,0,5
505,6,0,5,23,10,34,38,34,0,1,10,0,6
506,3,2,0,13,-999999,37,-999999,-999999,1,0,-999999,3,0
506,3,0,2,13,-999999,37,-999999,37,0,1,-999999,0,3
507,1,0,0,11,16,40,40,40,1,0,40,1,0
507,3,2,0,11,12,38,38,38,1,0,38,3,0
507,4,3,0,9,9,39,35,35,1,0,35,4,0
507,5,4,0,11,13,39,33,33,1,0,33,5,0
507,6,5,0,10,14,39,36,36,1,0,36,6,0
507,1,0,0,11,16,40,40,40,0,1,16,0,1
507,3,0,2,11,12,38,38,38,0,1,12,0,3
507,4,0,3,9,9,39,35,39,0,1,9,0,4
507,5,0,4,11,13,39,33,39,0,1,13,0,5
507,6,0,5,10,14,39,36,39,0,1,14,0,6
508,1,0,0,10,-999999,39,-999999,-999999,1,0,-999999,1,0
508,3,2,0,12,11,40,37,37,1,0,37,3,0
508,4,3,0,13,13,37,37,37,1,0,37,4,0
508,5,4,0,22,18,38,35,35,1,0,35,5,0
508,6,5,0,20,16,37,37,37,1,0,37,6,0
508,1,0,0,10,-999999,39,-999999,39,0,1,-999999,0,1
508,3,0,2,12,11,40,37,40,0,1,11,0,3
508,4,0,3,13,13,37,37,37,0,1,13,0,4
508,5,0,4,22,18,38,35,38,0,1,18,0,5
508,6,0,5,20,16,37,37,37,0,1,16,0,6
509,1,0,0,15,7,32,35,35,1,0,35,1,0
509,3,2,0,13,7,36,34,34,1,0,34,3,0
509,4,3,0,18,8,31,37,37,1,0,37,4,0
509,5,4,0,15,7,29,32,32,1,0,32,5,0
509,6,5,0,13,9,34,30,30,1,0,30,6,0
509,1,0,0,15,7,32,35,32,0,1,7,0,1
509,3,0,2,13,7,36,34,36,0,1,7,0,3
509,4,0,3,18,8,31,37,31,0,1,8,0,4
509,5,0,4,15,7,29,32,29,0,1,7,0,5
509,6,0,5,13,9,34,30,34,0,1,9,0,6
510,1,0,0,29,14,32,38,38,1,0,38,1,0
510,1,0,0,29,14,32,38,32,0,1,14,0,1
511,1,0,0,15,11,38,36,36,1,0,36,1,0
511,3,2,0,17,15,35,36,36,1,0,36,3,0
511,4,3,0,21,-999999,38,-999999,-999999,1,0,-999999,4,0
511,5,4,0,24,-999999,33,-999999,-999999,1,0,-999999,5,0
511,6,5,0,23,-999999,34,-999999,-999999,1,0,-999999,6,0
511,1,0,0,15,11,38,36,38,0,1,11,0,1
511,3,0,2,17,15,35,36,35,0,1,15,0,3
511,4,0,3,21,-999999,38,-999999,38,0,1,-999999,0,4
511,5,0,4,24,-999999,33,-999999,33,0,1,-999999,0,5
511,6,0,5,23,-999999,34,-999999,34,0,1,-999999,0,6
512,1,0,0,8,10,40,36,36,1,0,36,1,0
512,3,2,0,22,-999999,40,-999999,-999999,1,0,-999999,3,0
512,4,3,0,18,-999999,40,-999999,-999999,1,0,-999999,4,0
512,5,4,0,20,10,38,34,34,1,0,34,5,0
512,6,5,0,16,-999999,40,-999999,-999999,1,0,-999999,6,0
512,1,0,0,8,10,40,36,40,0,1,10,0,1
512,3,0,2,22,-999999,40,-999999,40,0,1,-999999,0,3
512,4,0,3,18,-999999,40,-999999,40,0,1,-999999,0,4
512,5,0,4,20,10,38,34,38,0,1,10,0,5
512,6,0,5,16,-999999,40,-999999,40,0,1,-999999,0,6
513,1,0,0,11,15,40,37,37,1,0,37,1,0
513,3,2,0,11,14,39,36,36,1,0,36,3,0
513,4,3,0,19,13,37,35,35,1,0,35,4,0
513,5,4,0,21,18,37,34,34,1,0,34,5,0
513,6,5,0,25,17,40,36,36,1,0,36,6,0
513,1,0,0,11,15,40,37,40,0,1,15,0,1
513,3,0,2,11,14,39,36,39,0,1,14,0,3
513,4,0,3,19,13,37,35,37,0,1,13,0,4
513,5,0,4,21,18,37,34,37,0,1,18,0,5
513,6,0,5,25,17,40,36,40,0,1,17,0,6
514,1,0,0,16,22,37,29,29,1,0,29,1,0
514,3,2,0,24,27,30,22,22,1,0,22,3,0
514,4,3,0,16,29,36,29,29,1,0,29,4,0
514,5,4,0,20,30,29,25,25,1,0,25,5,0
514,6,5,0,24,29,36,16,16,1,0,16,6,0
514,1,0,0,16,22,37,29,37,0,1,22,0,1
514,3,0,2,24,27,30,22,30,0,1,27,0,3
514,4,0,3,16,29,36,29,36,0,1,29,0,4
514,5,0,4,20,30,29,25,29,0,1,30,0,5
514,6,0,5,24,29,36,16,36,0,1,29,0,6
515,1,0,0,-999999,20,-999999,37,37,1,0,37,1,0
515,3,2,0,12,18,37,26,26,1,0,26,3,0
515,4,3,0,10,21,37,29,29,1,0,29,4,0
515,5,4,0,10,29,37,27,27,1,0,27,5,0
515,6,5,0,10,-999999,36,-999999,-999999,1,0,-999999,6,0
515,1,0,0,-999999,20,-999999,37,-999999,0,1,20,0,1
515,3,0,2,12,18,37,26,37,0,1,18,0,3
515,4,0,3,10,21,37,29,37,0,1,21,0,4
515,5,0,4,10,29,37,27,37,0,1,29,0,5
515,6,0,5,10,-999999,36,-999999,36,0,1,-999999,0,6
516,1,0,0,17,-999999,40,-999999,-999999,1,0,-999999,1,0
516,1,0,0,17,-999999,40,-999999,40,0,1,-999999,0,1
517,1,0,0,8,8,39,38,38,1,0,38,1,0
517,3,2,0,7,9,40,40,40,1,0,40,3,0
517,4,3,0,9,11,40,38,38,1,0,38,4,0
517,5,4,0,11,8,40,38,38,1,0,38,5,0
517,6,5,0,7,9,36,34,34,1,0,34,6,0
517,1,0,0,8,8,39,38,39,0,1,8,0,1
517,3,0,2,7,9,40,40,40,0,1,9,0,3
517,4,0,3,9,11,40,38,40,0,1,11,0,4
517,5,0,4,11,8,40,38,40,0,1,8,0,5
517,6,0,5,7,9,36,34,36,0,1,9,0,6
518,1,0,0,7,15,38,37,37,1,0,37,1,0
518,3,2,0,10,22,38,34,34,1,0,34,3,0
518,4,3,0,16,18,36,33,33,1,0,33,4,0
518,5,4,0,16,-999999,36,-999999,-999999,1,0,-999999,5,0
518,6,5,0,15,-999999,37,-999999,-999999,1,0,-999999,6,0
518,1,0,0,7,15,38,37,38,0,1,15,0,1
518,3,0,2,10,22,38,34,38,0,1,22,0,3
518,4,0,3,16,18,36,33,36,0,1,18,0,4
518,5,0,4,16,-999999,36,-999999,36,0,1,-999999,0,5
518,6,0,5,15,-999999,37,-999999,37,0,1,-999999,0,6
519,1,0,0,24,15,40,39,39,1,0,39,1,0
519,3,2,0,21,14,40,35,35,1,0,35,3,0
519,5,4,0,15,24,38,32,32,1,0,32,5,0
519,6,5,0,14,24,36,33,33,1,0,33,6,0
519,1,0,0,24,15,40,39,40,0,1,15,0,1
519,3,0,2,21,14,40,35,40,0,1,14,0,3
519,5,0,4,15,24,38,32,38,0,1,24,0,5
519,6,0,5,14,24,36,33,36,0,1,24,0,6
520,1,0,0,20,16,37,34,34,1,0,34,1,0
520,3,2,0,19,19,40,32,32,1,0,32,3,0
520,4,3,0,23,20,40,33,33,1,0,33,4,0
520,5,4,0,20,22,37,31,31,1,0,31,5,0
520,6,5,0,18,14,40,34,34,1,0,34,6,0
520,1,0,0,20,16,37,34,37,0,1,16,0,1
520,3,0,2,19,19,40,32,40,0,1,19,0,3
520,4,0,3,23,20,40,33,40,0,1,20,0,4
520,5,0,4,20,22,37,31,37,0,1,22,0,5
520,6,0,5,18,14,40,34,40,0,1,14,0,6
521,1,0,0,20,20,39,33,33,1,0,33,1,0
521,3,2,0,25,20,39,35,35,1,0,35,3,0
521,4,3,0,25,23,40,39,39,1,0,39,4,0
521,5,4,0,25,23,40,27,27,1,0,27,5,0
521,6,5,0,22,-999999,35,-999999,-999999,1,0,-999999,6,0
521,1,0,0,20,20,39,33,39,0,1,20,0,1
521,3,0,2,25,20,39,35,39,0,1,20,0,3
521,4,0,3,25,23,40,39,40,0,1,23,0,4
521,5,0,4,25,23,40,27,40,0,1,23,0,5
521,6,0,5,22,-999999,35,-999999,35,0,1,-999999,0,6
522,1,0,0,18,-999999,37,-999999,-999999,1,0,-999999,1,0
522,3,2,0,17,16,36,40,40,1,0,40,3,0
522,4,3,0,17,17,36,36,36,1,0,36,4,0
522,5,4,0,22,16,39,37,37,1,0,37,5,0
522,6,5,0,17,17,31,38,38,1,0,38,6,0
522,1,0,0,18,-999999,37,-999999,37,0,1,-999999,0,1
522,3,0,2,17,16,36,40,36,0,1,16,0,3
522,4,0,3,17,17,36,36,36,0,1,17,0,4
522,5,0,4,22,16,39,37,39,0,1,16,0,5
522,6,0,5,17,17,31,38,31,0,1,17,0,6
523,1,0,0,11,12,36,37,37,1,0,37,1,0
523,3,2,0,16,11,31,36,36,1,0,36,3,0
523,4,3,0,12,12,33,36,36,1,0,36,4,0
523,5,4,0,15,10,35,33,33,1,0,33,5,0
523,6,5,0,12,14,34,35,35,1,0,35,6,0
523,1,0,0,11,12,36,37,36,0,1,12,0,1
523,3,0,2,16,11,31,36,31,0,1,11,0,3
523,4,0,3,12,12,33,36,33,0,1,12,0,4
523,5,0,4,15,10,35,33,35,0,1,10,0,5
523,6,0,5,12,14,34,35,34,0,1,14,0,6
524,4,3,0,35,-999999,31,-999999,-999999,1,0,-999999,4,0
524,5,4,0,35,-999999,27,-999999,-999999,1,0,-999999,5,0
524,6,5,0,18,27,39,39,39,1,0,39,6,0
524,4,0,3,35,-999999,31,-999999,31,0,1,-999999,0,4
524,5,0,4,35,-999999,27,-999999,27,0,1,-999999,0,5
524,6,0,5,18,27,39,39,39,0,1,27,0,6
525,1,0,0,9,-999999,39,-999999,-999999,1,0,-999999,1,0
525,3,2,0,10,-999999,34,-999999,-999999,1,0,-999999,3,0
525,4,3,0,13,-999999,33,-999999,-999999,1,0,-999999,4,0
525,5,4,0,13,15,35,32,32,1,0,32,5,0
525,6,5,0,12,-999999,34,-999999,-999999,1,0,-999999,6,0
525,1,0,0,9,-999999,39,-999999,39,0,1,-999999,0,1
525,3,0,2,10,-999999,34,-999999,34,0,1,-999999,0,3
525,4,0,3,13,-999999,33,-999999,33,0,1,-999999,0,4
525,5,0,4,13,15,35,32,35,0,1,15,0,5
525,6,0,5,12,-999999,34,-999999,34,0,1,-999999,0,6
526,1,0,0,9,20,40,39,39,1,0,39,1,0
526,3,2,0,16,15,40,37,37,1,0,37,3,0
526,4,3,0,10,16,40,37,37,1,0,37,4,0
526,5,4,0,18,16,36,36,36,1,0,36,5,0
526,6,5,0,18,17,38,35,35,1,0,35,6,0
526,1,0,0,9,20,40,39,40,0,1,20,0,1
526,3,0,2,16,15,40,37,40,0,1,15,0,3
526,4,0,3,10,16,40,37,40,0,1,16,0,4
526,5,0,4,18,16,36,36,36,0,1,16,0,5
526,6,0,5,18,17,38,35,38,0,1,17,0,6
527,1,0,0,24,14,36,34,34,1,0,34,1,0
527,3,2,0,19,13,34,38,38,1,0,38,3,0
527,4,3,0,27,25,34,31,31,1,0,31,4,0
527,5,4,0,27,17,35,36,36,1,0,36,5,0
527,6,5,0,24,16,36,31,31,1,0,31,6,0
527,1,0,0,24,14,36,34,36,0,1,14,0,1
527,3,0,2,19,13,34,38,34,0,1,13,0,3
527,4,0,3,27,25,34,31,34,0,1,25,0,4
527,5,0,4,27,17,35,36,35,0,1,17,0,5
527,6,0,5,24,16,36,31,36,0,1,16,0,6
528,1,0,0,12,-999999,36,-999999,-999999,1,0,-999999,1,0
528,1,0,0,12,-999999,36,-999999,36,0,1,-999999,0,1
529,1,0,0,14,-999999,35,-999999,-999999,1,0,-999999,1,0
529,3,2,0,18,10,35,35,35,1,0,35,3,0
529,4,3,0,19,-999999,35,-999999,-999999,1,0,-999999,4,0
529,5,4,0,14,10,34,32,32,1,0,32,5,0
529,6,5,0,14,12,35,25,25,1,0,25,6,0
529,1,0,0,14,-999999,35,-999999,35,0,1,-999999,0,1
529,3,0,2,18,10,35,35,35,0,1,10,0,3
529,4,0,3,19,-999999,35,-999999,35,0,1,-999999,0,4
529,5,0,4,14,10,34,32,34,0,1,10,0,5
529,6,0,5,14,12,35,25,35,0,1,12,0,6
530,1,0,0,-999999,23,-999999,38,38,1,0,38,1,0
530,3,2,0,11,22,37,38,38,1,0,38,3,0
530,4,3,0,15,18,35,40,40,1,0,40,4,0
530,5,4,0,12,11,36,36,36,1,0,36,5,0
530,6,5,0,23,15,39,39,39,1,0,39,6,0
530,1,0,0,-999999,23,-999999,38,-999999,0,1,23,0,1
530,3,0,2,11,22,37,38,37,0,1,22,0,3
530,4,0,3,15,18,35,40,35,0,1,18,0,4
530,5,0,4,12,11,36,36,36,0,1,11,0,5
530,6,0,5,23,15,39,39,39,0,1,15,0,6
531,1,0,0,16,9,40,38,38,1,0,38,1,0
531,3,2,0,11,12,38,36,36,1,0,36,3,0
531,4,3,0,12,12,37,38,38,1,0,38,4,0
531,5,4,0,11,16,33,37,37,1,0,37,5,0
531,6,5,0,13,13,31,38,38,1,0,38,6,0
531,1,0,0,16,9,40,38,40,0,1,9,0,1
531,3,0,2,11,12,38,36,38,0,1,12,0,3
531,4,0,3,12,12,37,38,37,0,1,12,0,4
531,5,0,4,11,16,33,37,33,0,1,16,0,5
531,6,0,5,13,13,31,38,31,0,1,13,0,6
532,1,0,0,15,19,40,37,37,1,0,37,1,0
532,3,2,0,22,17,39,36,36,1,0,36,3,0
532,4,3,0,12,-999999,39,-999999,-999999,1,0,-999999,4,0
532,5,4,0,19,24,38,33,33,1,0,33,5,0
532,6,5,0,22,27,40,24,24,1,0,24,6,0
532,1,0,0,15,19,40,37,40,0,1,19,0,1
532,3,0,2,22,17,39,36,39,0,1,17,0,3
532,4,0,3,12,-999999,39,-999999,39,0,1,-999999,0,4
532,5,0,4,19,24,38,33,38,0,1,24,0,5
532,6,0,5,22,27,40,24,40,0,1,27,0,6
533,1,0,0,16,21,39,35,35,1,0,35,1,0
533,3,2,0,15,13,38,35,35,1,0,35,3,0
533,4,3,0,19,17,37,37,37,1,0,37,4,0
533,5,4,0,17,20,37,30,30,1,0,30,5,0
533,6,5,0,20,17,37,30,30,1,0,30,6,0
533,1,0,0,16,21,39,35,39,0,1,21,0,1
533,3,0,2,15,13,38,35,38,0,1,13,0,3
533,4,0,3,19,17,37,37,37,0,1,17,0,4
533,5,0,4,17,20,37,30,37,0,1,20,0,5
533,6,0,5,20,17,37,30,37,0,1,17,0,6
534,1,0,0,19,-999999,38,-999999,-999999,1,0,-999999,1,0
534,3,2,0,29,-999999,37,-999999,-999999,1,0,-999999,3,0
534,4,3,0,26,-999999,37,-999999,-999999,1,0,-999999,4,0
534,5,4,0,32,-999999,28,-999999,-999999,1,0,-999999,5,0
534,6,5,0,27,-999999,30,-999999,-999999,1,0,-999999,6,0
534,1,0,0,19,-999999,38,-999999,38,0,1,-999999,0,1
534,3,0,2,29,-999999,37,-999999,37,0,1,-999999,0,3
534,4,0,3,26,-999999,37,-999999,37,0,1,-999999,0,4
534,5,0,4,32,-999999,28,-999999,28,0,1,-999999,0,5
534,6,0,5,27,-999999,30,-999999,30,0,1,-999999,0,6
535,1,0,0,18,10,39,25,25,1,0,25,1,0
535,3,2,0,13,7,40,40,40,1,0,40,3,0
535,4,3,0,16,7,40,28,28,1,0,28,4,0
535,5,4,0,13,13,40,36,36,1,0,36,5,0
535,6,5,0,22,9,39,39,39,1,0,39,6,0
535,1,0,0,18,10,39,25,39,0,1,10,0,1
535,3,0,2,13,7,40,40,40,0,1,7,0,3
535,4,0,3,16,7,40,28,40,0,1,7,0,4
535,5,0,4,13,13,40,36,40,0,1,13,0,5
535,6,0,5,22,9,39,39,39,0,1,9,0,6
536,1,0,0,11,14,34,31,31,1,0,31,1,0
536,3,2,0,7,15,39,31,31,1,0,31,3,0
536,4,3,0,8,-999999,36,-999999,-999999,1,0,-999999,4,0
536,5,4,0,7,-999999,35,-999999,-999999,1,0,-999999,5,0
536,6,5,0,7,-999999,36,-999999,-999999,1,0,-999999,6,0
536,1,0,0,11,14,34,31,34,0,1,14,0,1
536,3,0,2,7,15,39,31,39,0,1,15,0,3
536,4,0,3,8,-999999,36,-999999,36,0,1,-999999,0,4
536,5,0,4,7,-999999,35,-999999,35,0,1,-999999,0,5
536,6,0,5,7,-999999,36,-999999,36,0,1,-999999,0,6
537,1,0,0,25,-999999,38,-999999,-999999,1,0,-999999,1,0
537,3,2,0,21,-999999,38,-999999,-999999,1,0,-999999,3,0
537,4,3,0,26,-999999,37,-999999,-999999,1,0,-999999,4,0
537,5,4,0,27,-999999,36,-999999,-999999,1,0,-999999,5,0
537,6,5,0,26,-999999,35,-999999,-999999,1,0,-999999,6,0
537,1,0,0,25,-999999,38,-999999,38,0,1,-999999,0,1
537,3,0,2,21,-999999,38,-999999,38,0,1,-999999,0,3
537,4,0,3,26,-999999,37,-999999,37,0,1,-999999,0,4
537,5,0,4,27,-999999,36,-999999,36,0,1,-999999,0,5
537,6,0,5,26,-999999,35,-999999,35,0,1,-999999,0,6
538,1,0,0,8,9,36,38,38,1,0,38,1,0
538,3,2,0,10,8,37,39,39,1,0,39,3,0
538,4,3,0,9,8,37,36,36,1,0,36,4,0
538,5,4,0,13,12,35,36,36,1,0,36,5,0
538,6,5,0,15,11,35,35,35,1,0,35,6,0
538,1,0,0,8,9,36,38,36,0,1,9,0,1
538,3,0,2,10,8,37,39,37,0,1,8,0,3
538,4,0,3,9,8,37,36,37,0,1,8,0,4
538,5,0,4,13,12,35,36,35,0,1,12,0,5
538,6,0,5,15,11,35,35,35,0,1,11,0,6
539,1,0,0,9,12,39,37,37,1,0,37,1,0
539,5,4,0,12,15,40,34,34,1,0,34,5,0
539,6,5,0,9,16,37,34,34,1,0,34,6,0
539,1,0,0,9,12,39,37,39,0,1,12,0,1
539,5,0,4,12,15,40,34,40,0,1,15,0,5
539,6,0,5,9,16,37,34,37,0,1,16,0,6
540,1,0,0,17,-999999,40,-999999,-999999,1,0,-999999,1,0
540,3,2,0,14,13,39,38,38,1,0,38,3,0
540,4,3,0,14,11,40,38,38,1,0,38,4,0
540,5,4,0,18,14,40,31,31,1,0,31,5,0
540,6,5,0,17,8,40,40,40,1,0,40,6,0
540,1,0,0,17,-999999,40,-999999,40,0,1,-999999,0,1
540,3,0,2,14,13,39,38,39,0,1,13,0,3
540,4,0,3,14,11,40,38,40,0,1,11,0,4
540,5,0,4,18,14,40,31,40,0,1,14,0,5
540,6,0,5,17,8,40,40,40,0,1,8,0,6
541,1,0,0,20,17,37,32,32,1,0,32,1,0
541,3,2,0,20,15,30,32,32,1,0,32,3,0
541,1,0,0,20,17,37,32,37,0,1,17,0,1
541,3,0,2,20,15,30,32,30,0,1,15,0,3
542,1,0,0,18,10,39,34,34,1,0,34,1,0
542,3,2,0,20,-999999,36,-999999,-999999,1,0,-999999,3,0
542,4,3,0,13,14,40,39,39,1,0,39,4,0
542,5,4,0,18,-999999,38,-999999,-999999,1,0,-999999,5,0
542,6,5,0,18,-999999,39,-999999,-999999,1,0,-999999,6,0
542,1,0,0,18,10,39,34,39,0,1,10,0,1
542,3,0,2,20,-999999,36,-999999,36,0,1,-999999,0,3
542,4,0,3,13,14,40,39,40,0,1,14,0,4
542,5,0,4,18,-999999,38,-999999,38,0,1,-999999,0,5
542,6,0,5,18,-999999,39,-999999,39,0,1,-999999,0,6
543,1,0,0,27,-999999,37,-999999,-999999,1,0,-999999,1,0
543,3,2,0,27,-999999,38,-999999,-999999,1,0,-999999,3,0
543,4,3,0,22,27,32,37,37,1,0,37,4,0
543,5,4,0,27,-999999,31,-999999,-999999,1,0,-999999,5,0
543,6,5,0,25,26,38,38,38,1,0,38,6,0
543,1,0,0,27,-999999,37,-999999,37,0,1,-999999,0,1
543,3,0,2,27,-999999,38,-999999,38,0,1,-999999,0,3
543,4,0,3,22,27,32,37,32,0,1,27,0,4
543,5,0,4,27,-999999,31,-999999,31,0,1,-999999,0,5
543,6,0,5,25,26,38,38,38,0,1,26,0,6
544,1,0,0,20,9,40,37,37,1,0,37,1,0
544,3,2,0,17,13,40,37,37,1,0,37,3,0
544,4,3,0,13,12,40,38,38,1,0,38,4,0
544,5,4,0,11,9,40,36,36,1,0,36,5,0
544,6,5,0,20,8,39,38,38,1,0,38,6,0
544,1,0,0,20,9,40,37,40,0,1,9,0,1
544,3,0,2,17,13,40,37,40,0,1,13,0,3
544,4,0,3,13,12,40,38,40,0,1,12,0,4
544,5,0,4,11,9,40,36,40,0,1,9,0,5
544,6,0,5,20,8,39,38,39,0,1,8,0,6
545,1,0,0,13,10,36,32,32,1,0,32,1,0
545,3,2,0,13,18,37,27,27,1,0,27,3,0
545,4,3,0,9,11,36,24,24,1,0,24,4,0
545,5,4,0,11,12,29,25,25,1,0,25,5,0
545,6,5,0,15,14,27,27,27,1,0,27,6,0
545,1,0,0,13,10,36,32,36,0,1,10,0,1
545,3,0,2,13,18,37,27,37,0,1,18,0,3
545,4,0,3,9,11,36,24,36,0,1,11,0,4
545,5,0,4,11,12,29,25,29,0,1,12,0,5
545,6,0,5,15,14,27,27,27,0,1,14,0,6
546,1,0,0,18,-999999,39,-999999,-999999,1,0,-999999,1,0
546,3,2,0,22,-999999,38,-999999,-999999,1,0,-999999,3,0
546,4,3,0,23,-999999,36,-999999,-999999,1,0,-999999,4,0
546,5,4,0,17,-999999,39,-999999,-999999,1,0,-999999,5,0
546,6,5,0,16,-999999,39,-999999,-999999,1,0,-999999,6,0
546,1,0,0,18,-999999,39,-999999,39,0,1,-999999,0,1
546,3,0,2,22,-999999,38,-999999,38,0,1,-999999,0,3
546,4,0,3,23,-999999,36,-999999,36,0,1,-999999,0,4
546,5,0,4,17,-999999,39,-999999,39,0,1,-999999,0,5
546,6,0,5,16,-999999,39,-999999,39,0,1,-999999,0,6
547,1,0,0,9,18,40,40,40,1,0,40,1,0
547,3,2,0,18,14,40,37,37,1,0,37,3,0
547,6,5,0,18,14,33,36,36,1,0,36,6,0
547,1,0,0,9,18,40,40,40,0,1,18,0,1
547,3,0,2,18,14,40,37,40,0,1,14,0,3
547,6,0,5,18,14,33,36,33,0,1,14,0,6
548,1,0,0,11,9,37,40,40,1,0,40,1,0
548,3,2,0,12,13,34,39,39,1,0,39,3,0
548,4,3,0,11,11,33,36,36,1,0,36,4,0
548,5,4,0,15,14,30,34,34,1,0,34,5,0
548,6,5,0,12,10,30,38,38,1,0,38,6,0
548,1,0,0,11,9,37,40,37,0,1,9,0,1
548,3,0,2,12,13,34,39,34,0,1,13,0,3
548,4,0,3,11,11,33,36,33,0,1,11,0,4
548,5,0,4,15,14,30,34,30,0,1,14,0,5
548,6,0,5,12,10,30,38,30,0,1,10,0,6
549,1,0,0,18,14,39,34,34,1,0,34,1,0
549,4,3,0,20,-999999,32,-999999,-999999,1,0,-999999,4,0
549,5,4,0,14,-999999,37,-999999,-999999,1,0,-999999,5,0
549,6,5,0,14,15,35,37,37,1,0,37,6,0
549,1,0,0,18,14,39,34,39,0,1,14,0,1
549,4,0,3,20,-999999,32,-999999,32,0,1,-999999,0,4
549,5,0,4,14,-999999,37,-999999,37,0,1,-999999,0,5
549,6,0,5,14,15,35,37,35,0,1,15,0,6
550,1,0,0,14,15,39,39,39,1,0,39,1,0
550,3,2,0,14,-999999,37,-999999,-999999,1,0,-999999,3,0
550,4,3,0,16,-999999,39,-999999,-999999,1,0,-999999,4,0
550,5,4,0,20,-999999,32,-999999,-999999,1,0,-999999,5,0
550,1,0,0,14,15,39,39,39,0,1,15,0,1
550,3,0,2,14,-999999,37,-999999,37,0,1,-999999,0,3
550,4,0,3,16,-999999,39,-999999,39,0,1,-999999,0,4
550,5,0,4,20,-999999,32,-999999,32,0,1,-999999,0,5
551,1,0,0,22,14,39,38,38,1,0,38,1,0
551,3,2,0,18,12,35,34,34,1,0,34,3,0
551,4,3,0,17,-999999,38,-999999,-999999,1,0,-999999,4,0
551,5,4,0,22,17,38,39,39,1,0,39,5,0
551,6,5,0,22,-999999,32,-999999,-999999,1,0,-999999,6,0
551,1,0,0,22,14,39,38,39,0,1,14,0,1
551,3,0,2,18,12,35,34,35,0,1,12,0,3
551,4,0,3,17,-999999,38,-999999,38,0,1,-999999,0,4
551,5,0,4,22,17,38,39,38,0,1,17,0,5
551,6,0,5,22,-999999,32,-999999,32,0,1,-999999,0,6
552,1,0,0,24,14,38,38,38,1,0,38,1,0
552,3,2,0,22,7,39,36,36,1,0,36,3,0
552,4,3,0,24,10,39,32,32,1,0,32,4,0
552,5,4,0,22,14,36,33,33,1,0,33,5,0
552,6,5,0,24,8,37,32,32,1,0,32,6,0
552,1,0,0,24,14,38,38,38,0,1,14,0,1
552,3,0,2,22,7,39,36,39,0,1,7,0,3
552,4,0,3,24,10,39,32,39,0,1,10,0,4
552,5,0,4,22,14,36,33,36,0,1,14,0,5
552,6,0,5,24,8,37,32,37,0,1,8,0,6
553,1,0,0,12,-999999,37,-999999,-999999,1,0,-999999,1,0
553,3,2,0,12,-999999,36,-999999,-999999,1,0,-999999,3,0
553,4,3,0,12,-999999,36,-999999,-999999,1,0,-999999,4,0
553,5,4,0,13,-999999,36,-999999,-999999,1,0,-999999,5,0
553,6,5,0,11,-999999,35,-999999,-999999,1,0,-999999,6,0
553,1,0,0,12,-999999,37,-999999,37,0,1,-999999,0,1
553,3,0,2,12,-999999,36,-999999,36,0,1,-999999,0,3
553,4,0,3,12,-999999,36,-999999,36,0,1,-999999,0,4
553,5,0,4,13,-999999,36,-999999,36,0,1,-999999,0,5
553,6,0,5,11,-999999,35,-999999,35,0,1,-999999,0,6
554,1,0,0,9,12,40,38,38,1,0,38,1,0
554,3,2,0,9,11,37,36,36,1,0,36,3,0
554,4,3,0,10,11,39,36,36,1,0,36,4,0
554,5,4,0,9,14,35,37,37,1,0,37,5,0
554,6,5,0,13,14,36,35,35,1,0,35,6,0
554,1,0,0,9,12,40,38,40,0,1,12,0,1
554,3,0,2,9,11,37,36,37,0,1,11,0,3
554,4,0,3,10,11,39,36,39,0,1,11,0,4
554,5,0,4,9,14,35,37,35,0,1,14,0,5
554,6,0,5,13,14,36,35,36,0,1,14,0,6
555,3,2,0,12,-999999,40,-999999,-999999,1,0,-999999,3,0
555,4,3,0,14,-999999,36,-999999,-999999,1,0,-999999,4,0
555,5,4,0,8,-999999,40,-999999,-999999,1,0,-999999,5,0
555,6,5,0,13,-999999,40,-999999,-999999,1,0,-999999,6,0
555,3,0,2,12,-999999,40,-999999,40,0,1,-999999,0,3
555,4,0,3,14,-999999,36,-999999,36,0,1,-999999,0,4
555,5,0,4,8,-999999,40,-999999,40,0,1,-999999,0,5
555,6,0,5,13,-999999,40,-999999,40,0,1,-999999,0,6
556,1,0,0,26,7,38,36,36,1,0,36,1,0
556,3,2,0,21,7,39,40,40,1,0,40,3,0
556,4,3,0,18,7,40,32,32,1,0,32,4,0
556,5,4,0,17,7,40,37,37,1,0,37,5,0
556,6,5,0,16,7,40,39,39,1,0,39,6,0
556,1,0,0,26,7,38,36,38,0,1,7,0,1
556,3,0,2,21,7,39,40,39,0,1,7,0,3
556,4,0,3,18,7,40,32,40,0,1,7,0,4
556,5,0,4,17,7,40,37,40,0,1,7,0,5
556,6,0,5,16,7,40,39,40,0,1,7,0,6
557,1,0,0,11,14,39,38,38,1,0,38,1,0
557,3,2,0,11,9,39,33,33,1,0,33,3,0
557,4,3,0,7,16,36,33,33,1,0,33,4,0
557,5,4,0,11,11,36,35,35,1,0,35,5,0
557,1,0,0,11,14,39,38,39,0,1,14,0,1
557,3,0,2,11,9,39,33,39,0,1,9,0,3
557,4,0,3,7,16,36,33,36,0,1,16,0,4
557,5,0,4,11,11,36,35,36,0,1,11,0,5
558,1,0,0,22,8,35,37,37,1,0,37,1,0
558,3,2,0,22,14,37,34,34,1,0,34,3,0
558,4,3,0,18,-999999,37,-999999,-999999,1,0,-999999,4,0
558,5,4,0,22,21,38,33,33,1,0,33,5,0
558,6,5,0,22,21,38,34,34,1,0,34,6,0
558,1,0,0,22,8,35,37,35,0,1,8,0,1
558,3,0,2,22,14,37,34,37,0,1,14,0,3
558,4,0,3,18,-999999,37,-999999,37,0,1,-999999,0,4
558,5,0,4,22,21,38,33,38,0,1,21,0,5
558,6,0,5,22,21,38,34,38,0,1,21,0,6
559,1,0,0,7,17,40,33,33,1,0,33,1,0
559,3,2,0,9,-999999,30,-999999,-999999,1,0,-999999,3,0
559,4,3,0,7,19,38,23,23,1,0,23,4,0
559,6,5,0,9,26,35,19,19,1,0,19,6,0
559,1,0,0,7,17,40,33,40,0,1,17,0,1
559,3,0,2,9,-999999,30,-999999,30,0,1,-999999,0,3
559,4,0,3,7,19,38,23,38,0,1,19,0,4
559,6,0,5,9,26,35,19,35,0,1,26,0,6
560,1,0,0,9,-999999,40,-999999,-999999,1,0,-999999,1,0
560,3,2,0,11,-999999,40,-999999,-999999,1,0,-999999,3,0
560,4,3,0,14,21,40,32,32,1,0,32,4,0
560,5,4,0,12,16,40,31,31,1,0,31,5,0
560,6,5,0,9,19,40,34,34,1,0,34,6,0
560,1,0,0,9,-999999,40,-999999,40,0,1,-999999,0,1
560,3,0,2,11,-999999,40,-999999,40,0,1,-999999,0,3
560,4,0,3,14,21,40,32,40,0,1,21,0,4
560,5,0,4,12,16,40,31,40,0,1,16,0,5
560,6,0,5,9,19,40,34,40,0,1,19,0,6
561,1,0,0,10,12,36,38,38,1,0,38,1,0
561,3,2,0,20,15,34,35,35,1,0,35,3,0
561,4,3,0,23,23,38,33,33,1,0,33,4,0
561,5,4,0,18,12,39,29,29,1,0,29,5,0
561,6,5,0,16,16,39,36,36,1,0,36,6,0
561,1,0,0,10,12,36,38,36,0,1,12,0,1
561,3,0,2,20,15,34,35,34,0,1,15,0,3
561,4,0,3,23,23,38,33,38,0,1,23,0,4
561,5,0,4,18,12,39,29,39,0,1,12,0,5
561,6,0,5,16,16,39,36,39,0,1,16,0,6
562,1,0,0,7,16,40,27,27,1,0,27,1,0
562,3,2,0,9,14,39,23,23,1,0,23,3,0
562,4,3,0,12,18,36,26,26,1,0,26,4,0
562,5,4,0,18,15,33,22,22,1,0,22,5,0
562,6,5,0,8,13,39,29,29,1,0,29,6,0
562,1,0,0,7,16,40,27,40,0,1,16,0,1
562,3,0,2,9,14,39,23,39,0,1,14,0,3
562,4,0,3,12,18,36,26,36,0,1,18,0,4
562,5,0,4,18,15,33,22,33,0,1,15,0,5
562,6,0,5,8,13,39,29,39,0,1,13,0,6
563,1,0,0,15,19,40,31,31,1,0,31,1,0
563,3,2,0,24,24,39,31,31,1,0,31,3,0
563,4,3,0,13,14,40,33,33,1,0,33,4,0
563,5,4,0,16,16,40,32,32,1,0,32,5,0
563,6,5,0,11,18,35,29,29,1,0,29,6,0
563,1,0,0,15,19,40,31,40,0,1,19,0,1
563,3,0,2,24,24,39,31,39,0,1,24,0,3
563,4,0,3,13,14,40,33,40,0,1,14,0,4
563,5,0,4,16,16,40,32,40,0,1,16,0,5
563,6,0,5,11,18,35,29,35,0,1,18,0,6
564,1,0,0,17,19,37,30,30,1,0,30,1,0
564,5,4,0,15,-999999,39,-999999,-999999,1,0,-999999,5,0
564,6,5,0,22,-999999,34,-999999,-999999,1,0,-999999,6,0
564,1,0,0,17,19,37,30,37,0,1,19,0,1
564,5,0,4,15,-999999,39,-999999,39,0,1,-999999,0,5
564,6,0,5,22,-999999,34,-999999,34,0,1,-999999,0,6
565,1,0,0,12,8,36,40,40,1,0,40,1,0
565,3,2,0,11,7,35,40,40,1,0,40,3,0
565,4,3,0,9,10,31,40,40,1,0,40,4,0
565,5,4,0,14,10,31,39,39,1,0,39,5,0
565,6,5,0,11,7,34,40,40,1,0,40,6,0
565,1,0,0,12,8,36,40,36,0,1,8,0,1
565,3,0,2,11,7,35,40,35,0,1,7,0,3
565,4,0,3,9,10,31,40,31,0,1,10,0,4
565,5,0,4,14,10,31,39,31,0,1,10,0,5
565,6,0,5,11,7,34,40,34,0,1,7,0,6
566,1,0,0,12,20,35,37,37,1,0,37,1,0
566,3,2,0,16,18,37,40,40,1,0,40,3,0
566,1,0,0,12,20,35,37,35,0,1,20,0,1
566,3,0,2,16,18,37,40,37,0,1,18,0,3
567,1,0,0,18,13,34,31,31,1,0,31,1,0
567,3,2,0,26,15,38,27,27,1,0,27,3,0
567,4,3,0,20,17,37,21,21,1,0,21,4,0
567,5,4,0,25,23,38,30,30,1,0,30,5,0
567,6,5,0,27,24,34,30.857143,30.857143,1,0,30.857143,6,0
567,1,0,0,18,13,34,31,34,0,1,13,0,1
567,3,0,2,26,15,38,27,38,0,1,15,0,3
567,4,0,3,20,17,37,21,37,0,1,17,0,4
567,5,0,4,25,23,38,30,38,0,1,23,0,5
567,6,0,5,27,24,34,30.857143,34,0,1,24,0,6
568,1,0,0,17,-999999,22,-999999,-999999,1,0,-999999,1,0
568,4,3,0,15,-999999,34,-999999,-999999,1,0,-999999,4,0
568,5,4,0,12,-999999,34,-999999,-999999,1,0,-999999,5,0
568,6,5,0,22,-999999,28,-999999,-999999,1,0,-999999,6,0
568,1,0,0,17,-999999,22,-999999,22,0,1,-999999,0,1
568,4,0,3,15,-999999,34,-999999,34,0,1,-999999,0,4
568,5,0,4,12,-999999,34,-999999,34,0,1,-999999,0,5
568,6,0,5,22,-999999,28,-999999,28,0,1,-999999,0,6
569,1,0,0,15,10,36,36,36,1,0,36,1,0
569,3,2,0,10,7,38,37,37,1,0,37,3,0
569,4,3,0,10,-999999,35,-999999,-999999,1,0,-999999,4,0
569,5,4,0,7,9,32,36,36,1,0,36,5,0
569,6,5,0,7,-999999,37,-999999,-999999,1,0,-999999,6,0
569,1,0,0,15,10,36,36,36,0,1,10,0,1
569,3,0,2,10,7,38,37,38,0,1,7,0,3
569,4,0,3,10,-999999,35,-999999,35,0,1,-999999,0,4
569,5,0,4,7,9,32,36,32,0,1,9,0,5
569,6,0,5,7,-999999,37,-999999,37,0,1,-999999,0,6
570,1,0,0,13,14,40,39,39,1,0,39,1,0
570,3,2,0,11,15,39,34,34,1,0,34,3,0
570,4,3,0,13,16,40,35,35,1,0,35,4,0
570,5,4,0,9,20,40,36,36,1,0,36,5,0
570,6,5,0,23,26,36,35,35,1,0,35,6,0
570,1,0,0,13,14,40,39,40,0,1,14,0,1
570,3,0,2,11,15,39,34,39,0,1,15,0,3
570,4,0,3,13,16,40,35,40,0,1,16,0,4
570,5,0,4,9,20,40,36,40,0,1,20,0,5
570,6,0,5,23,26,36,35,36,0,1,26,0,6
571,1,0,0,23,9,39,28,28,1,0,28,1,0
571,3,2,0,32,20,40,37,37,1,0,37,3,0
571,4,3,0,26,13,40,34,34,1,0,34,4,0
571,5,4,0,26,9,39,40,40,1,0,40,5,0
571,6,5,0,32,11,36,40,40,1,0,40,6,0
571,1,0,0,23,9,39,28,39,0,1,9,0,1
571,3,0,2,32,20,40,37,40,0,1,20,0,3
571,4,0,3,26,13,40,34,40,0,1,13,0,4
571,5,0,4,26,9,39,40,39,0,1,9,0,5
571,6,0,5,32,11,36,40,36,0,1,11,0,6
572,1,0,0,9,15,40,36,36,1,0,36,1,0
572,3,2,0,9,7,40,37,37,1,0,37,3,0
572,4,3,0,8,12,40,35,35,1,0,35,4,0
572,5,4,0,8,-999999,40,-999999,-999999,1,0,-999999,5,0
572,6,5,0,7,9,40,39,39,1,0,39,6,0
572,1,0,0,9,15,40,36,40,0,1,15,0,1
572,3,0,2,9,7,40,37,40,0,1,7,0,3
572,4,0,3,8,12,40,35,40,0,1,12,0,4
572,5,0,4,8,-999999,40,-999999,40,0,1,-999999,0,5
572,6,0,5,7,9,40,39,40,0,1,9,0,6
573,1,0,0,15,16,39,38,38,1,0,38,1,0
573,3,2,0,15,9,37,34,34,1,0,34,3,0
573,4,3,0,18,10,39,35,35,1,0,35,4,0
573,5,4,0,16,-999999,38,-999999,-999999,1,0,-999999,5,0
573,6,5,0,15,-999999,38,-999999,-999999,1,0,-999999,6,0
573,1,0,0,15,16,39,38,39,0,1,16,0,1
573,3,0,2,15,9,37,34,37,0,1,9,0,3
573,4,0,3,18,10,39,35,39,0,1,10,0,4
573,5,0,4,16,-999999,38,-999999,38,0,1,-999999,0,5
573,6,0,5,15,-999999,38,-999999,38,0,1,-999999,0,6
574,1,0,0,22,15,36,35,35,1,0,35,1,0
574,3,2,0,21,20,35,33,33,1,0,33,3,0
574,4,3,0,23,11,36,28,28,1,0,28,4,0
574,5,4,0,29,18,35,32,32,1,0,32,5,0
574,6,5,0,26,18,37,28,28,1,0,28,6,0
574,1,0,0,22,15,36,35,36,0,1,15,0,1
574,3,0,2,21,20,35,33,35,0,1,20,0,3
574,4,0,3,23,11,36,28,36,0,1,11,0,4
574,5,0,4,29,18,35,32,35,0,1,18,0,5
574,6,0,5,26,18,37,28,37,0,1,18,0,6
575,1,0,0,13,14,40,40,40,1,0,40,1,0
575,3,2,0,12,23,39,35,35,1,0,35,3,0
575,4,3,0,7,19,39,38,38,1,0,38,4,0
575,5,4,0,7,23,38,31,31,1,0,31,5,0
575,6,5,0,12,16,37,33,33,1,0,33,6,0
575,1,0,0,13,14,40,40,40,0,1,14,0,1
575,3,0,2,12,23,39,35,39,0,1,23,0,3
575,4,0,3,7,19,39,38,39,0,1,19,0,4
575,5,0,4,7,23,38,31,38,0,1,23,0,5
575,6,0,5,12,16,37,33,37,0,1,16,0,6
576,1,0,0,9,15,40,34,34,1,0,34,1,0
576,3,2,0,7,9,36,35,35,1,0,35,3,0
576,4,3,0,14,-999999,36,-999999,-999999,1,0,-999999,4,0
576,5,4,0,13,-999999,35,-999999,-999999,1,0,-999999,5,0
576,6,5,0,28,11,36,37,37,1,0,37,6,0
576,1,0,0,9,15,40,34,40,0,1,15,0,1
576,3,0,2,7,9,36,35,36,0,1,9,0,3
576,4,0,3,14,-999999,36,-999999,36,0,1,-999999,0,4
576,5,0,4,13,-999999,35,-999999,35,0,1,-999999,0,5
576,6,0,5,28,11,36,37,36,0,1,11,0,6
577,1,0,0,7,11,40,38,38,1,0,38,1,0
577,3,2,0,9,14,37,35,35,1,0,35,3,0
577,4,3,0,9,-999999,38,-999999,-999999,1,0,-999999,4,0
577,5,4,0,14,12,28,36,36,1,0,36,5,0
577,6,5,0,14,8,36,35,35,1,0,35,6,0
577,1,0,0,7,11,40,38,40,0,1,11,0,1
577,3,0,2,9,14,37,35,37,0,1,14,0,3
577,4,0,3,9,-999999,38,-999999,38,0,1,-999999,0,4
577,5,0,4,14,12,28,36,28,0,1,12,0,5
577,6,0,5,14,8,36,35,36,0,1,8,0,6
578,1,0,0,11,9,38,37,37,1,0,37,1,0
578,3,2,0,19,15,39,34,34,1,0,34,3,0
578,4,3,0,12,14,38,35,35,1,0,35,4,0
578,5,4,0,7,14,40,33,33,1,0,33,5,0
578,6,5,0,10,18,38,36,36,1,0,36,6,0
578,1,0,0,11,9,38,37,38,0,1,9,0,1
578,3,0,2,19,15,39,34,39,0,1,15,0,3
578,4,0,3,12,14,38,35,38,0,1,14,0,4
578,5,0,4,7,14,40,33,40,0,1,14,0,5
578,6,0,5,10,18,38,36,38,0,1,18,0,6
579,1,0,0,9,12,37,37,37,1,0,37,1,0
579,3,2,0,9,14,36,36,36,1,0,36,3,0
579,4,3,0,9,-999999,36,-999999,-999999,1,0,-999999,4,0
579,5,4,0,8,-999999,36,-999999,-999999,1,0,-999999,5,0
579,6,5,0,10,-999999,34,-999999,-999999,1,0,-999999,6,0
579,1,0,0,9,12,37,37,37,0,1,12,0,1
579,3,0,2,9,14,36,36,36,0,1,14,0,3
579,4,0,3,9,-999999,36,-999999,36,0,1,-999999,0,4
579,5,0,4,8,-999999,36,-999999,36,0,1,-999999,0,5
579,6,0,5,10,-999999,34,-999999,34,0,1,-999999,0,6
580,1,0,0,11,8,39,38,38,1,0,38,1,0
580,3,2,0,11,9,40,34,34,1,0,34,3,0
580,4,3,0,15,8,39,36,36,1,0,36,4,0
580,5,4,0,18,10,36,36,36,1,0,36,5,0
580,6,5,0,11,-999999,39,-999999,-999999,1,0,-999999,6,0
580,1,0,0,11,8,39,38,39,0,1,8,0,1
580,3,0,2,11,9,40,34,40,0,1,9,0,3
580,4,0,3,15,8,39,36,39,0,1,8,0,4
580,5,0,4,18,10,36,36,36,0,1,10,0,5
580,6,0,5,11,-999999,39,-999999,39,0,1,-999999,0,6
581,1,0,0,11,10,39,39,39,1,0,39,1,0
581,3,2,0,11,9,38,38,38,1,0,38,3,0
581,4,3,0,13,11,38,39,39,1,0,39,4,0
581,5,4,0,12,8,38,37,37,1,0,37,5,0
581,6,5,0,10,10,37,37,37,1,0,37,6,0
581,1,0,0,11,10,39,39,39,0,1,10,0,1
581,3,0,2,11,9,38,38,38,0,1,9,0,3
581,4,0,3,13,11,38,39,38,0,1,11,0,4
581,5,0,4,12,8,38,37,38,0,1,8,0,5
581,6,0,5,10,10,37,37,37,0,1,10,0,6
582,1,0,0,10,12,39,33,33,1,0,33,1,0
582,3,2,0,9,12,37,34,34,1,0,34,3,0
582,4,3,0,12,17,37,30,30,1,0,30,4,0
582,5,4,0,12,14,37,35,35,1,0,35,5,0
582,6,5,0,11,19,37,28,28,1,0,28,6,0
582,1,0,0,10,12,39,33,39,0,1,12,0,1
582,3,0,2,9,12,37,34,37,0,1,12,0,3
582,4,0,3,12,17,37,30,37,0,1,17,0,4
582,5,0,4,12,14,37,35,37,0,1,14,0,5
582,6,0,5,11,19,37,28,37,0,1,19,0,6
583,1,0,0,8,20,40,32,32,1,0,32,1,0
583,3,2,0,8,13,39,36,36,1,0,36,3,0
583,4,3,0,7,13,39,36,36,1,0,36,4,0
583,5,4,0,8,14,40,35,35,1,0,35,5,0
583,6,5,0,10,11,34,37,37,1,0,37,6,0
583,1,0,0,8,20,40,32,40,0,1,20,0,1
583,3,0,2,8,13,39,36,39,0,1,13,0,3
583,4,0,3,7,13,39,36,39,0,1,13,0,4
583,5,0,4,8,14,40,35,40,0,1,14,0,5
583,6,0,5,10,11,34,37,34,0,1,11,0,6
584,1,0,0,22,-999999,36,-999999,-999999,1,0,-999999,1,0
584,1,0,0,22,-999999,36,-999999,36,0,1,-999999,0,1
585,1,0,0,19,15,39,39,39,1,0,39,1,0
585,3,2,0,17,11,35,38,38,1,0,38,3,0
585,4,3,0,16,12,35,38,38,1,0,38,4,0
585,5,4,0,-999999,12,31,37,37,1,0,37,5,0
585,6,5,0,22,11,33,37,37,1,0,37,6,0
585,1,0,0,19,15,39,39,39,0,1,15,0,1
585,3,0,2,17,11,35,38,35,0,1,11,0,3
585,4,0,3,16,12,35,38,35,0,1,12,0,4
585,5,0,4,-999999,12,31,37,31,0,1,12,0,5
585,6,0,5,22,11,33,37,33,0,1,11,0,6
586,1,0,0,10,7,40,40,40,1,0,40,1,0
586,3,2,0,9,7,40,37,37,1,0,37,3,0
586,4,3,0,11,-999999,38,-999999,-999999,1,0,-999999,4,0
586,5,4,0,10,-999999,37,-999999,-999999,1,0,-999999,5,0
586,6,5,0,14,9,37,36,36,1,0,36,6,0
586,1,0,0,10,7,40,40,40,0,1,7,0,1
586,3,0,2,9,7,40,37,40,0,1,7,0,3
586,4,0,3,11,-999999,38,-999999,38,0,1,-999999,0,4
586,5,0,4,10,-999999,37,-999999,37,0,1,-999999,0,5
586,6,0,5,14,9,37,36,37,0,1,9,0,6
587,1,0,0,26,18,36,33,33,1,0,33,1,0
587,3,2,0,14,19,39,30,30,1,0,30,3,0
587,4,3,0,15,19,37,34,34,1,0,34,4,0
587,5,4,0,12,14,38,32,32,1,0,32,5,0
587,6,5,0,21,15,39,31,31,1,0,31,6,0
587,1,0,0,26,18,36,33,36,0,1,18,0,1
587,3,0,2,14,19,39,30,39,0,1,19,0,3
587,4,0,3,15,19,37,34,37,0,1,19,0,4
587,5,0,4,12,14,38,32,38,0,1,14,0,5
587,6,0,5,21,15,39,31,39,0,1,15,0,6
588,1,0,0,10,11,40,40,40,1,0,40,1,0
588,3,2,0,8,9,37,40,40,1,0,40,3,0
588,4,3,0,9,8,34,40,40,1,0,40,4,0
588,5,4,0,7,12,40,39,39,1,0,39,5,0
588,6,5,0,7,11,40,39,39,1,0,39,6,0
588,1,0,0,10,11,40,40,40,0,1,11,0,1
588,3,0,2,8,9,37,40,37,0,1,9,0,3
588,4,0,3,9,8,34,40,34,0,1,8,0,4
588,5,0,4,7,12,40,39,40,0,1,12,0,5
588,6,0,5,7,11,40,39,40,0,1,11,0,6
589,3,2,0,12,12,32,30,30,1,0,30,3,0
589,4,3,0,10,22,35,31,31,1,0,31,4,0
589,5,4,0,-999999,13,-999999,27,27,1,0,27,5,0
589,6,5,0,20,20,38,35,35,1,0,35,6,0
589,3,0,2,12,12,32,30,32,0,1,12,0,3
589,4,0,3,10,22,35,31,35,0,1,22,0,4
589,5,0,4,-999999,13,-999999,27,-999999,0,1,13,0,5
589,6,0,5,20,20,38,35,38,0,1,20,0,6
590,1,0,0,17,8,40,40,40,1,0,40,1,0
590,3,2,0,23,10,39,40,40,1,0,40,3,0
590,4,3,0,25,10,38,40,40,1,0,40,4,0
590,5,4,0,22,13,39,40,40,1,0,40,5,0
590,6,5,0,25,14,38,40,40,1,0,40,6,0
590,1,0,0,17,8,40,40,40,0,1,8,0,1
590,3,0,2,23,10,39,40,39,0,1,10,0,3
590,4,0,3,25,10,38,40,38,0,1,10,0,4
590,5,0,4,22,13,39,40,39,0,1,13,0,5
590,6,0,5,25,14,38,40,38,0,1,14,0,6
591,1,0,0,13,-999999,38,-999999,-999999,1,0,-999999,1,0
591,3,2,0,10,-999999,37,-999999,-999999,1,0,-999999,3,0
591,4,3,0,8,-999999,36,-999999,-999999,1,0,-999999,4,0
591,5,4,0,10,-999999,36,-999999,-999999,1,0,-999999,5,0
591,6,5,0,9,-999999,30,-999999,-999999,1,0,-999999,6,0
591,1,0,0,13,-999999,38,-999999,38,0,1,-999999,0,1
591,3,0,2,10,-999999,37,-999999,37,0,1,-999999,0,3
591,4,0,3,8,-999999,36,-999999,36,0,1,-999999,0,4
591,5,0,4,10,-999999,36,-999999,36,0,1,-999999,0,5
591,6,0,5,9,-999999,30,-999999,30,0,1,-999999,0,6
592,1,0,0,19,27,39,32,32,1,0,32,1,0
592,3,2,0,16,26,40,29,29,1,0,29,3,0
592,4,3,0,14,-999999,39,-999999,-999999,1,0,-999999,4,0
592,5,4,0,28,21,32,28,28,1,0,28,5,0
592,6,5,0,22,23,25,26,26,1,0,26,6,0
592,1,0,0,19,27,39,32,39,0,1,27,0,1
592,3,0,2,16,26,40,29,40,0,1,26,0,3
592,4,0,3,14,-999999,39,-999999,39,0,1,-999999,0,4
592,5,0,4,28,21,32,28,32,0,1,21,0,5
592,6,0,5,22,23,25,26,25,0,1,23,0,6
593,1,0,0,28,14,36,38,38,1,0,38,1,0
593,3,2,0,27,16,31,34,34,1,0,34,3,0
593,4,3,0,23,19,33,37,37,1,0,37,4,0
593,5,4,0,21,13,36,40,40,1,0,40,5,0
593,6,5,0,22,14,36,38,38,1,0,38,6,0
593,1,0,0,28,14,36,38,36,0,1,14,0,1
593,3,0,2,27,16,31,34,31,0,1,16,0,3
593,4,0,3,23,19,33,37,33,0,1,19,0,4
593,5,0,4,21,13,36,40,36,0,1,13,0,5
593,6,0,5,22,14,36,38,36,0,1,14,0,6
594,1,0,0,23,-999999,37,-999999,-999999,1,0,-999999,1,0
594,4,3,0,18,-999999,35,-999999,-999999,1,0,-999999,4,0
594,5,4,0,-999999,19,37.714286,33,33,1,0,33,5,0
594,6,5,0,21,-999999,37,-999999,-999999,1,0,-999999,6,0
594,1,0,0,23,-999999,37,-999999,37,0,1,-999999,0,1
594,4,0,3,18,-999999,35,-999999,35,0,1,-999999,0,4
594,5,0,4,-999999,19,37.714286,33,37.714286,0,1,19,0,5
594,6,0,5,21,-999999,37,-999999,37,0,1,-999999,0,6
595,1,0,0,18,16,38,37,37,1,0,37,1,0
595,3,2,0,20,17,39,39,39,1,0,39,3,0
595,4,3,0,17,11,38,38,38,1,0,38,4,0
595,5,4,0,17,16,34,38,38,1,0,38,5,0
595,6,5,0,20,18,33,39,39,1,0,39,6,0
595,1,0,0,18,16,38,37,38,0,1,16,0,1
595,3,0,2,20,17,39,39,39,0,1,17,0,3
595,4,0,3,17,11,38,38,38,0,1,11,0,4
595,5,0,4,17,16,34,38,34,0,1,16,0,5
595,6,0,5,20,18,33,39,33,0,1,18,0,6
596,1,0,0,18,8,40,40,40,1,0,40,1,0
596,3,2,0,16,-999999,35,-999999,-999999,1,0,-999999,3,0
596,4,3,0,20,-999999,38,-999999,-999999,1,0,-999999,4,0
596,5,4,0,17,16,38,37,37,1,0,37,5,0
596,6,5,0,17,19,36,39,39,1,0,39,6,0
596,1,0,0,18,8,40,40,40,0,1,8,0,1
596,3,0,2,16,-999999,35,-999999,35,0,1,-999999,0,3
596,4,0,3,20,-999999,38,-999999,38,0,1,-999999,0,4
596,5,0,4,17,16,38,37,38,0,1,16,0,5
596,6,0,5,17,19,36,39,36,0,1,19,0,6
597,1,0,0,8,12,38,37,37,1,0,37,1,0
597,3,2,0,16,21,40,33,33,1,0,33,3,0
597,4,3,0,15,19,37,29,29,1,0,29,4,0
597,5,4,0,14,-999999,37,-999999,-999999,1,0,-999999,5,0
597,6,5,0,15,-999999,36,-999999,-999999,1,0,-999999,6,0
597,1,0,0,8,12,38,37,38,0,1,12,0,1
597,3,0,2,16,21,40,33,40,0,1,21,0,3
597,4,0,3,15,19,37,29,37,0,1,19,0,4
597,5,0,4,14,-999999,37,-999999,37,0,1,-999999,0,5
597,6,0,5,15,-999999,36,-999999,36,0,1,-999999,0,6
598,1,0,0,22,-999999,36,-999999,-999999,1,0,-999999,1,0
598,3,2,0,20,-999999,37,-999999,-999999,1,0,-999999,3,0
598,4,3,0,18,22,36,25,25,1,0,25,4,0
598,5,4,0,22,-999999,34,-999999,-999999,1,0,-999999,5,0
598,1,0,0,22,-999999,36,-999999,36,0,1,-999999,0,1
598,3,0,2,20,-999999,37,-999999,37,0,1,-999999,0,3
598,4,0,3,18,22,36,25,36,0,1,22,0,4
598,5,0,4,22,-999999,34,-999999,34,0,1,-999999,0,5
599,1,0,0,17,22,40,34,34,1,0,34,1,0
599,3,2,0,22,22,36,28,28,1,0,28,3,0
599,4,3,0,21,18,33,34,34,1,0,34,4,0
599,5,4,0,27,22,30,28,28,1,0,28,5,0
599,6,5,0,22,16,31,30,30,1,0,30,6,0
599,1,0,0,17,22,40,34,40,0,1,22,0,1
599,3,0,2,22,22,36,28,36,0,1,22,0,3
599,4,0,3,21,18,33,34,33,0,1,18,0,4
599,5,0,4,27,22,30,28,30,0,1,22,0,5
599,6,0,5,22,16,31,30,31,0,1,16,0,6
600,1,0,0,14,-999999,36,-999999,-999999,1,0,-999999,1,0
600,3,2,0,16,-999999,36,-999999,-999999,1,0,-999999,3,0
600,4,3,0,15,-999999,38,-999999,-999999,1,0,-999999,4,0
600,5,4,0,15,-999999,36,-999999,-999999,1,0,-999999,5,0
600,6,5,0,15,-999999,33,-999999,-999999,1,0,-999999,6,0
600,1,0,0,14,-999999,36,-999999,36,0,1,-999999,0,1
600,3,0,2,16,-999999,36,-999999,36,0,1,-999999,0,3
600,4,0,3,15,-999999,38,-999999,38,0,1,-999999,0,4
600,5,0,4,15,-999999,36,-999999,36,0,1,-999999,0,5
600,6,0,5,15,-999999,33,-999999,33,0,1,-999999,0,6
601,1,0,0,15,20,40,31,31,1,0,31,1,0
601,3,2,0,13,12,40,34,34,1,0,34,3,0
601,4,3,0,18,9,36,38,38,1,0,38,4,0
601,5,4,0,15,11,40,38,38,1,0,38,5,0
601,6,5,0,18,16,39,39,39,1,0,39,6,0
601,1,0,0,15,20,40,31,40,0,1,20,0,1
601,3,0,2,13,12,40,34,40,0,1,12,0,3
601,4,0,3,18,9,36,38,36,0,1,9,0,4
601,5,0,4,15,11,40,38,40,0,1,11,0,5
601,6,0,5,18,16,39,39,39,0,1,16,0,6
602,1,0,0,10,14,35,40,40,1,0,40,1,0
602,3,2,0,16,-999999,40,-999999,-999999,1,0,-999999,3,0
602,4,3,0,15,14,39,33,33,1,0,33,4,0
602,5,4,0,16,15,40,33,33,1,0,33,5,0
602,6,5,0,20,14,40,34,34,1,0,34,6,0
602,1,0,0,10,14,35,40,35,0,1,14,0,1
602,3,0,2,16,-999999,40,-999999,40,0,1,-999999,0,3
602,4,0,3,15,14,39,33,39,0,1,14,0,4
602,5,0,4,16,15,40,33,40,0,1,15,0,5
602,6,0,5,20,14,40,34,40,0,1,14,0,6
603,3,2,0,23,19,31,38,38,1,0,38,3,0
603,4,3,0,15,22,34,34,34,1,0,34,4,0
603,5,4,0,17,16,30,36,36,1,0,36,5,0
603,6,5,0,12,18,39,36,36,1,0,36,6,0
603,3,0,2,23,19,31,38,31,0,1,19,0,3
603,4,0,3,15,22,34,34,34,0,1,22,0,4
603,5,0,4,17,16,30,36,30,0,1,16,0,5
603,6,0,5,12,18,39,36,39,0,1,18,0,6
604,1,0,0,9,17,40,37,37,1,0,37,1,0
604,3,2,0,9,21,36,35,35,1,0,35,3,0
604,4,3,0,12,14,38,37,37,1,0,37,4,0
604,5,4,0,7,17,39,34,34,1,0,34,5,0
604,6,5,0,8,17,40,35,35,1,0,35,6,0
604,1,0,0,9,17,40,37,40,0,1,17,0,1
604,3,0,2,9,21,36,35,36,0,1,21,0,3
604,4,0,3,12,14,38,37,38,0,1,14,0,4
604,5,0,4,7,17,39,34,39,0,1,17,0,5
604,6,0,5,8,17,40,35,40,0,1,17,0,6
605,1,0,0,14,-999999,35,-999999,-999999,1,0,-999999,1,0
605,3,2,0,13,-999999,31,-999999,-999999,1,0,-999999,3,0
605,4,3,0,13,-999999,37,-999999,-999999,1,0,-999999,4,0
605,5,4,0,13,-999999,36,-999999,-999999,1,0,-999999,5,0
605,6,5,0,30,-999999,32,-999999,-999999,1,0,-999999,6,0
605,1,0,0,14,-999999,35,-999999,35,0,1,-999999,0,1
605,3,0,2,13,-999999,31,-999999,31,0,1,-999999,0,3
605,4,0,3,13,-999999,37,-999999,37,0,1,-999999,0,4
605,5,0,4,13,-999999,36,-999999,36,0,1,-999999,0,5
605,6,0,5,30,-999999,32,-999999,32,0,1,-999999,0,6
606,1,0,0,15,-999999,39,-999999,-999999,1,0,-999999,1,0
606,3,2,0,9,-999999,37,-999999,-999999,1,0,-999999,3,0
606,4,3,0,8,-999999,40,-999999,-999999,1,0,-999999,4,0
606,5,4,0,9,-999999,39,-999999,-999999,1,0,-999999,5,0
606,6,5,0,7,-999999,40,-999999,-999999,1,0,-999999,6,0
606,1,0,0,15,-999999,39,-999999,39,0,1,-999999,0,1
606,3,0,2,9,-999999,37,-999999,37,0,1,-999999,0,3
606,4,0,3,8,-999999,40,-999999,40,0,1,-999999,0,4
606,5,0,4,9,-999999,39,-999999,39,0,1,-999999,0,5
606,6,0,5,7,-999999,40,-999999,40,0,1,-999999,0,6
607,1,0,0,22,10,39,40,40,1,0,40,1,0
607,3,2,0,23,-999999,39,-999999,-999999,1,0,-999999,3,0
607,4,3,0,17,19,37,34,34,1,0,34,4,0
607,5,4,0,17,9,38,40,40,1,0,40,5,0
607,6,5,0,26,21,36,28,28,1,0,28,6,0
607,1,0,0,22,10,39,40,39,0,1,10,0,1
607,3,0,2,23,-999999,39,-999999,39,0,1,-999999,0,3
607,4,0,3,17,19,37,34,37,0,1,19,0,4
607,5,0,4,17,9,38,40,38,0,1,9,0,5
607,6,0,5,26,21,36,28,36,0,1,21,0,6
608,1,0,0,19,-999999,33,-999999,-999999,1,0,-999999,1,0
608,3,2,0,23,-999999,29,-999999,-999999,1,0,-999999,3,0
608,4,3,0,15,-999999,27,-999999,-999999,1,0,-999999,4,0
608,5,4,0,19,-999999,27,-999999,-999999,1,0,-999999,5,0
608,1,0,0,19,-999999,33,-999999,33,0,1,-999999,0,1
608,3,0,2,23,-999999,29,-999999,29,0,1,-999999,0,3
608,4,0,3,15,-999999,27,-999999,27,0,1,-999999,0,4
608,5,0,4,19,-999999,27,-999999,27,0,1,-999999,0,5
609,4,3,0,16,-999999,40,-999999,-999999,1,0,-999999,4,0
609,5,4,0,21,-999999,37,-999999,-999999,1,0,-999999,5,0
609,6,5,0,21,-999999,38,-999999,-999999,1,0,-999999,6,0
609,4,0,3,16,-999999,40,-999999,40,0,1,-999999,0,4
609,5,0,4,21,-999999,37,-999999,37,0,1,-999999,0,5
609,6,0,5,21,-999999,38,-999999,38,0,1,-999999,0,6
610,1,0,0,14,13,38,39,39,1,0,39,1,0
610,3,2,0,18,16,38,36,36,1,0,36,3,0
610,4,3,0,14,11,39,40,40,1,0,40,4,0
610,5,4,0,11,13,40,39,39,1,0,39,5,0
610,6,5,0,18,16,33,39,39,1,0,39,6,0
610,1,0,0,14,13,38,39,38,0,1,13,0,1
610,3,0,2,18,16,38,36,38,0,1,16,0,3
610,4,0,3,14,11,39,40,39,0,1,11,0,4
610,5,0,4,11,13,40,39,40,0,1,13,0,5
610,6,0,5,18,16,33,39,33,0,1,16,0,6
611,1,0,0,22,-999999,39,-999999,-999999,1,0,-999999,1,0
611,3,2,0,24,-999999,37,-999999,-999999,1,0,-999999,3,0
611,4,3,0,24,25,39,35,35,1,0,35,4,0
611,5,4,0,24,25,37,35,35,1,0,35,5,0
611,6,5,0,14,18,40,35,35,1,0,35,6,0
611,1,0,0,22,-999999,39,-999999,39,0,1,-999999,0,1
611,3,0,2,24,-999999,37,-999999,37,0,1,-999999,0,3
611,4,0,3,24,25,39,35,39,0,1,25,0,4
611,5,0,4,24,25,37,35,37,0,1,25,0,5
611,6,0,5,14,18,40,35,40,0,1,18,0,6
612,3,2,0,11,8,39,40,40,1,0,40,3,0
612,4,3,0,10,-999999,40,-999999,-999999,1,0,-999999,4,0
612,5,4,0,14,8,40,39,39,1,0,39,5,0
612,6,5,0,18,8,40,40,40,1,0,40,6,0
612,3,0,2,11,8,39,40,39,0,1,8,0,3
612,4,0,3,10,-999999,40,-999999,40,0,1,-999999,0,4
612,5,0,4,14,8,40,39,40,0,1,8,0,5
612,6,0,5,18,8,40,40,40,0,1,8,0,6
613,1,0,0,8,-999999,39,-999999,-999999,1,0,-999999,1,0
613,3,2,0,21,18,40,32,32,1,0,32,3,0
613,4,3,0,22,18,40,33,33,1,0,33,4,0
613,5,4,0,16,15,40,33,33,1,0,33,5,0
613,6,5,0,23,-999999,39,-999999,-999999,1,0,-999999,6,0
613,1,0,0,8,-999999,39,-999999,39,0,1,-999999,0,1
613,3,0,2,21,18,40,32,40,0,1,18,0,3
613,4,0,3,22,18,40,33,40,0,1,18,0,4
613,5,0,4,16,15,40,33,40,0,1,15,0,5
613,6,0,5,23,-999999,39,-999999,39,0,1,-999999,0,6
614,1,0,0,16,13,40,40,40,1,0,40,1,0
614,3,2,0,17,15,35,39,39,1,0,39,3,0
614,4,3,0,17,14,35,40,40,1,0,40,4,0
614,5,4,0,27,18,31,35,35,1,0,35,5,0
614,6,5,0,28,21,31,36,36,1,0,36,6,0
614,1,0,0,16,13,40,40,40,0,1,13,0,1
614,3,0,2,17,15,35,39,35,0,1,15,0,3
614,4,0,3,17,14,35,40,35,0,1,14,0,4
614,5,0,4,27,18,31,35,31,0,1,18,0,5
614,6,0,5,28,21,31,36,31,0,1,21,0,6
615,1,0,0,15,12,40,36,36,1,0,36,1,0
615,3,2,0,13,14,39,38,38,1,0,38,3,0
615,4,3,0,12,9,38,35,35,1,0,35,4,0
615,5,4,0,18,11,36,37,37,1,0,37,5,0
615,6,5,0,16,16,35,29,29,1,0,29,6,0
615,1,0,0,15,12,40,36,40,0,1,12,0,1
615,3,0,2,13,14,39,38,39,0,1,14,0,3
615,4,0,3,12,9,38,35,38,0,1,9,0,4
615,5,0,4,18,11,36,37,36,0,1,11,0,5
615,6,0,5,16,16,35,29,35,0,1,16,0,6
616,1,0,0,11,12,38,31,31,1,0,31,1,0
616,3,2,0,7,14,33,30,30,1,0,30,3,0
616,4,3,0,10,11,34,33,33,1,0,33,4,0
616,5,4,0,11,17,35,36,36,1,0,36,5,0
616,6,5,0,9,13,36,36,36,1,0,36,6,0
616,1,0,0,11,12,38,31,38,0,1,12,0,1
616,3,0,2,7,14,33,30,33,0,1,14,0,3
616,4,0,3,10,11,34,33,34,0,1,11,0,4
616,5,0,4,11,17,35,36,35,0,1,17,0,5
616,6,0,5,9,13,36,36,36,0,1,13,0,6
617,1,0,0,21,9,37,38,38,1,0,38,1,0
617,3,2,0,21,9,40,35,35,1,0,35,3,0
617,4,3,0,17,10,39,38,38,1,0,38,4,0
617,5,4,0,21,11,37,38,38,1,0,38,5,0
617,6,5,0,16,10,36,35,35,1,0,35,6,0
617,1,0,0,21,9,37,38,37,0,1,9,0,1
617,3,0,2,21,9,40,35,40,0,1,9,0,3
617,4,0,3,17,10,39,38,39,0,1,10,0,4
617,5,0,4,21,11,37,38,37,0,1,11,0,5
617,6,0,5,16,10,36,35,36,0,1,10,0,6
618,3,2,0,15,8,38,33,33,1,0,33,3,0
618,4,3,0,11,8,37,29,29,1,0,29,4,0
618,5,4,0,11,8,36,33,33,1,0,33,5,0
618,6,5,0,12,9,40,32,32,1,0,32,6,0
618,3,0,2,15,8,38,33,38,0,1,8,0,3
618,4,0,3,11,8,37,29,37,0,1,8,0,4
618,5,0,4,11,8,36,33,36,0,1,8,0,5
618,6,0,5,12,9,40,32,40,0,1,9,0,6
619,1,0,0,17,7,38,39,39,1,0,39,1,0
619,3,2,0,13,22,36,36,36,1,0,36,3,0
619,4,3,0,12,12,36,37,37,1,0,37,4,0
619,5,4,0,16,13,36,34,34,1,0,34,5,0
619,1,0,0,17,7,38,39,38,0,1,7,0,1
619,3,0,2,13,22,36,36,36,0,1,22,0,3
619,4,0,3,12,12,36,37,36,0,1,12,0,4
619,5,0,4,16,13,36,34,36,0,1,13,0,5
620,1,0,0,17,-999999,40,-999999,-999999,1,0,-999999,1,0
620,4,3,0,13,9,38,22,22,1,0,22,4,0
620,5,4,0,17,14,38,25,25,1,0,25,5,0
620,6,5,0,18,16,38,18,18,1,0,18,6,0
620,1,0,0,17,-999999,40,-999999,40,0,1,-999999,0,1
620,4,0,3,13,9,38,22,38,0,1,9,0,4
620,5,0,4,17,14,38,25,38,0,1,14,0,5
620,6,0,5,18,16,38,18,38,0,1,16,0,6
621,1,0,0,18,14,39,36,36,1,0,36,1,0
621,3,2,0,24,19,35,29,29,1,0,29,3,0
621,4,3,0,12,22,39,30,30,1,0,30,4,0
621,5,4,0,14,-999999,39,-999999,-999999,1,0,-999999,5,0
621,6,5,0,28,22,36,32,32,1,0,32,6,0
621,1,0,0,18,14,39,36,39,0,1,14,0,1
621,3,0,2,24,19,35,29,35,0,1,19,0,3
621,4,0,3,12,22,39,30,39,0,1,22,0,4
621,5,0,4,14,-999999,39,-999999,39,0,1,-999999,0,5
621,6,0,5,28,22,36,32,36,0,1,22,0,6
622,3,2,0,22,-999999,29,-999999,-999999,1,0,-999999,3,0
622,4,3,0,22,-999999,27,-999999,-999999,1,0,-999999,4,0
622,5,4,0,26,-999999,30,-999999,-999999,1,0,-999999,5,0
622,6,5,0,18,-999999,27,-999999,-999999,1,0,-999999,6,0
622,3,0,2,22,-999999,29,-999999,29,0,1,-999999,0,3
622,4,0,3,22,-999999,27,-999999,27,0,1,-999999,0,4
622,5,0,4,26,-999999,30,-999999,30,0,1,-999999,0,5
622,6,0,5,18,-999999,27,-999999,27,0,1,-999999,0,6
623,1,0,0,21,-999999,40,-999999,-999999,1,0,-999999,1,0
623,3,2,0,18,-999999,39,-999999,-999999,1,0,-999999,3,0
623,4,3,0,15,-999999,39,-999999,-999999,1,0,-999999,4,0
623,5,4,0,21,-999999,40,-999999,-999999,1,0,-999999,5,0
623,6,5,0,24,26,36,27,27,1,0,27,6,0
623,1,0,0,21,-999999,40,-999999,40,0,1,-999999,0,1
623,3,0,2,18,-999999,39,-999999,39,0,1,-999999,0,3
623,4,0,3,15,-999999,39,-999999,39,0,1,-999999,0,4
623,5,0,4,21,-999999,40,-999999,40,0,1,-999999,0,5
623,6,0,5,24,26,36,27,36,0,1,26,0,6
624,1,0,0,10,-999999,37,-999999,-999999,1,0,-999999,1,0
624,3,2,0,18,12,38,38,38,1,0,38,3,0
624,6,5,0,18,11,38,36,36,1,0,36,6,0
624,1,0,0,10,-999999,37,-999999,37,0,1,-999999,0,1
624,3,0,2,18,12,38,38,38,0,1,12,0,3
624,6,0,5,18,11,38,36,38,0,1,11,0,6
625,1,0,0,10,-999999,37,-999999,-999999,1,0,-999999,1,0
625,3,2,0,8,24,36,39,39,1,0,39,3,0
625,4,3,0,10,20,32,38,38,1,0,38,4,0
625,5,4,0,13,27,30,32,32,1,0,32,5,0
625,6,5,0,19,25,30,36,36,1,0,36,6,0
625,1,0,0,10,-999999,37,-999999,37,0,1,-999999,0,1
625,3,0,2,8,24,36,39,36,0,1,24,0,3
625,4,0,3,10,20,32,38,32,0,1,20,0,4
625,5,0,4,13,27,30,32,30,0,1,27,0,5
625,6,0,5,19,25,30,36,30,0,1,25,0,6
626,1,0,0,16,10,40,38,38,1,0,38,1,0
626,4,3,0,18,13,37,33,33,1,0,33,4,0
626,5,4,0,16,-999999,37,-999999,-999999,1,0,-999999,5,0
626,6,5,0,12,13,38,32,32,1,0,32,6,0
626,1,0,0,16,10,40,38,40,0,1,10,0,1
626,4,0,3,18,13,37,33,37,0,1,13,0,4
626,5,0,4,16,-999999,37,-999999,37,0,1,-999999,0,5
626,6,0,5,12,13,38,32,38,0,1,13,0,6
627,1,0,0,14,12,36,40,40,1,0,40,1,0
627,3,2,0,14,9,37,39,39,1,0,39,3,0
627,4,3,0,16,8,40,39,39,1,0,39,4,0
627,5,4,0,13,9,36,40,40,1,0,40,5,0
627,6,5,0,17,7,36,40,40,1,0,40,6,0
627,1,0,0,14,12,36,40,36,0,1,12,0,1
627,3,0,2,14,9,37,39,37,0,1,9,0,3
627,4,0,3,16,8,40,39,40,0,1,8,0,4
627,5,0,4,13,9,36,40,36,0,1,9,0,5
627,6,0,5,17,7,36,40,36,0,1,7,0,6
628,1,0,0,22,15,37,35,35,1,0,35,1,0
628,3,2,0,16,20,36,35,35,1,0,35,3,0
628,4,3,0,23,28,38,33,33,1,0,33,4,0
628,5,4,0,21,22,37,32,32,1,0,32,5,0
628,6,5,0,23,26,32,34,34,1,0,34,6,0
628,1,0,0,22,15,37,35,37,0,1,15,0,1
628,3,0,2,16,20,36,35,36,0,1,20,0,3
628,4,0,3,23,28,38,33,38,0,1,28,0,4
628,5,0,4,21,22,37,32,37,0,1,22,0,5
628,6,0,5,23,26,32,34,32,0,1,26,0,6
629,1,0,0,12,16,34,40,40,1,0,40,1,0
629,3,2,0,23,18,32,40,40,1,0,40,3,0
629,4,3,0,20,19,31,37,37,1,0,37,4,0
629,5,4,0,24,19,36,38,38,1,0,38,5,0
629,6,5,0,13,25,36,37,37,1,0,37,6,0
629,1,0,0,12,16,34,40,34,0,1,16,0,1
629,3,0,2,23,18,32,40,32,0,1,18,0,3
629,4,0,3,20,19,31,37,31,0,1,19,0,4
629,5,0,4,24,19,36,38,36,0,1,19,0,5
629,6,0,5,13,25,36,37,36,0,1,25,0,6
630,1,0,0,24,19,37,38,38,1,0,38,1,0
630,3,2,0,24,22,38,38,38,1,0,38,3,0
630,4,3,0,21,18,36,40,40,1,0,40,4,0
630,5,4,0,23,18,38,39,39,1,0,39,5,0
630,6,5,0,17,22,35,38,38,1,0,38,6,0
630,1,0,0,24,19,37,38,37,0,1,19,0,1
630,3,0,2,24,22,38,38,38,0,1,22,0,3
630,4,0,3,21,18,36,40,36,0,1,18,0,4
630,5,0,4,23,18,38,39,38,0,1,18,0,5
630,6,0,5,17,22,35,38,35,0,1,22,0,6
631,1,0,0,9,7,40,40,40,1,0,40,1,0
631,3,2,0,10,8,40,38,38,1,0,38,3,0
631,4,3,0,9,8,40,39,39,1,0,39,4,0
631,5,4,0,12,12,40,40,40,1,0,40,5,0
631,6,5,0,12,7,40,38,38,1,0,38,6,0
631,1,0,0,9,7,40,40,40,0,1,7,0,1
631,3,0,2,10,8,40,38,40,0,1,8,0,3
631,4,0,3,9,8,40,39,40,0,1,8,0,4
631,5,0,4,12,12,40,40,40,0,1,12,0,5
631,6,0,5,12,7,40,38,40,0,1,7,0,6
632,1,0,0,14,10,37,39,39,1,0,39,1,0
632,3,2,0,12,8,37,34,34,1,0,34,3,0
632,4,3,0,12,11,38,39,39,1,0,39,4,0
632,5,4,0,11,11,32,37,37,1,0,37,5,0
632,6,5,0,16,15,34,35,35,1,0,35,6,0
632,1,0,0,14,10,37,39,37,0,1,10,0,1
632,3,0,2,12,8,37,34,37,0,1,8,0,3
632,4,0,3,12,11,38,39,38,0,1,11,0,4
632,5,0,4,11,11,32,37,32,0,1,11,0,5
632,6,0,5,16,15,34,35,34,0,1,15,0,6
633,3,2,0,10,-999999,38,-999999,-999999,1,0,-999999,3,0
633,4,3,0,10,-999999,37,-999999,-999999,1,0,-999999,4,0
633,5,4,0,9,-999999,37,-999999,-999999,1,0,-999999,5,0
633,6,5,0,8,-999999,39,-999999,-999999,1,0,-999999,6,0
633,3,0,2,10,-999999,38,-999999,38,0,1,-999999,0,3
633,4,0,3,10,-999999,37,-999999,37,0,1,-999999,0,4
633,5,0,4,9,-999999,37,-999999,37,0,1,-999999,0,5
633,6,0,5,8,-999999,39,-999999,39,0,1,-999999,0,6
634,1,0,0,10,7,40,40,40,1,0,40,1,0
634,3,2,0,10,7,40,40,40,1,0,40,3,0
634,4,3,0,13,9,40,40,40,1,0,40,4,0
634,5,4,0,12,13,40,38,38,1,0,38,5,0
634,6,5,0,13,8,40,38,38,1,0,38,6,0
634,1,0,0,10,7,40,40,40,0,1,7,0,1
634,3,0,2,10,7,40,40,40,0,1,7,0,3
634,4,0,3,13,9,40,40,40,0,1,9,0,4
634,5,0,4,12,13,40,38,40,0,1,13,0,5
634,6,0,5,13,8,40,38,40,0,1,8,0,6
635,1,0,0,8,18,36,38,38,1,0,38,1,0
635,3,2,0,9,13,37,35,35,1,0,35,3,0
635,4,3,0,8,16,36,35,35,1,0,35,4,0
635,5,4,0,9,18,36,35,35,1,0,35,5,0
635,6,5,0,9,15,36,36,36,1,0,36,6,0
635,1,0,0,8,18,36,38,36,0,1,18,0,1
635,3,0,2,9,13,37,35,37,0,1,13,0,3
635,4,0,3,8,16,36,35,36,0,1,16,0,4
635,5,0,4,9,18,36,35,36,0,1,18,0,5
635,6,0,5,9,15,36,36,36,0,1,15,0,6
636,1,0,0,14,11,35,33,33,1,0,33,1,0
636,3,2,0,13,13,39,32,32,1,0,32,3,0
636,4,3,0,12,12,33,33,33,1,0,33,4,0
636,5,4,0,23,21,36,31,31,1,0,31,5,0
636,6,5,0,19,19,36,35,35,1,0,35,6,0
636,1,0,0,14,11,35,33,35,0,1,11,0,1
636,3,0,2,13,13,39,32,39,0,1,13,0,3
636,4,0,3,12,12,33,33,33,0,1,12,0,4
636,5,0,4,23,21,36,31,36,0,1,21,0,5
636,6,0,5,19,19,36,35,36,0,1,19,0,6
637,1,0,0,21,14,37,34,34,1,0,34,1,0
637,3,2,0,14,10,40,36,36,1,0,36,3,0
637,4,3,0,15,11,40,36,36,1,0,36,4,0
637,5,4,0,15,14,40,32,32,1,0,32,5,0
637,6,5,0,20,11,38,37,37,1,0,37,6,0
637,1,0,0,21,14,37,34,37,0,1,14,0,1
637,3,0,2,14,10,40,36,40,0,1,10,0,3
637,4,0,3,15,11,40,36,40,0,1,11,0,4
637,5,0,4,15,14,40,32,40,0,1,14,0,5
637,6,0,5,20,11,38,37,38,0,1,11,0,6
638,1,0,0,9,-999999,38,-999999,-999999,1,0,-999999,1,0
638,3,2,0,14,-999999,36,-999999,-999999,1,0,-999999,3,0
638,4,3,0,14,16,40,35,35,1,0,35,4,0
638,5,4,0,13,-999999,39,-999999,-999999,1,0,-999999,5,0
638,6,5,0,9,17,35,32,32,1,0,32,6,0
638,1,0,0,9,-999999,38,-999999,38,0,1,-999999,0,1
638,3,0,2,14,-999999,36,-999999,36,0,1,-999999,0,3
638,4,0,3,14,16,40,35,40,0,1,16,0,4
638,5,0,4,13,-999999,39,-999999,39,0,1,-999999,0,5
638,6,0,5,9,17,35,32,35,0,1,17,0,6
639,4,3,0,11,14,40,30,30,1,0,30,4,0
639,5,4,0,18,-999999,40,-999999,-999999,1,0,-999999,5,0
639,6,5,0,21,-999999,40,-999999,-999999,1,0,-999999,6,0
639,4,0,3,11,14,40,30,40,0,1,14,0,4
639,5,0,4,18,-999999,40,-999999,40,0,1,-999999,0,5
639,6,0,5,21,-999999,40,-999999,40,0,1,-999999,0,6
640,1,0,0,8,8,40,38,38,1,0,38,1,0
640,3,2,0,10,12,40,37,37,1,0,37,3,0
640,4,3,0,7,17,40,32,32,1,0,32,4,0
640,5,4,0,8,14,40,36,36,1,0,36,5,0
640,6,5,0,7,16,40,32,32,1,0,32,6,0
640,1,0,0,8,8,40,38,40,0,1,8,0,1
640,3,0,2,10,12,40,37,40,0,1,12,0,3
640,4,0,3,7,17,40,32,40,0,1,17,0,4
640,5,0,4,8,14,40,36,40,0,1,14,0,5
640,6,0,5,7,16,40,32,40,0,1,16,0,6
641,1,0,0,15,21,39,36,36,1,0,36,1,0
641,3,2,0,24,21,38,36,36,1,0,36,3,0
641,4,3,0,20,21,37,34,34,1,0,34,4,0
641,5,4,0,17,22,31,33,33,1,0,33,5,0
641,6,5,0,18,23,27,26,26,1,0,26,6,0
641,1,0,0,15,21,39,36,39,0,1,21,0,1
641,3,0,2,24,21,38,36,38,0,1,21,0,3
641,4,0,3,20,21,37,34,37,0,1,21,0,4
641,5,0,4,17,22,31,33,31,0,1,22,0,5
641,6,0,5,18,23,27,26,27,0,1,23,0,6
642,1,0,0,7,13,40,36,36,1,0,36,1,0
642,3,2,0,10,15,38,39,39,1,0,39,3,0
642,4,3,0,13,17,39,37,37,1,0,37,4,0
642,5,4,0,18,19,39,31,31,1,0,31,5,0
642,6,5,0,8,18,40,37,37,1,0,37,6,0
642,1,0,0,7,13,40,36,40,0,1,13,0,1
642,3,0,2,10,15,38,39,38,0,1,15,0,3
642,4,0,3,13,17,39,37,39,0,1,17,0,4
642,5,0,4,18,19,39,31,39,0,1,19,0,5
642,6,0,5,8,18,40,37,40,0,1,18,0,6
643,1,0,0,9,11,40,40,40,1,0,40,1,0
643,3,2,0,9,9,39,40,40,1,0,40,3,0
643,4,3,0,9,7,37,40,40,1,0,40,4,0
643,5,4,0,12,12,40,36,36,1,0,36,5,0
643,6,5,0,16,18,35,37,37,1,0,37,6,0
643,1,0,0,9,11,40,40,40,0,1,11,0,1
643,3,0,2,9,9,39,40,39,0,1,9,0,3
643,4,0,3,9,7,37,40,37,0,1,7,0,4
643,5,0,4,12,12,40,36,40,0,1,12,0,5
643,6,0,5,16,18,35,37,35,0,1,18,0,6
644,1,0,0,14,7,40,39,39,1,0,39,1,0
644,3,2,0,-999999,21,-999999,39,39,1,0,39,3,0
644,4,3,0,20,7,38,39,39,1,0,39,4,0
644,5,4,0,12,8,36,40,40,1,0,40,5,0
644,6,5,0,19,10,35,40,40,1,0,40,6,0
644,1,0,0,14,7,40,39,40,0,1,7,0,1
644,3,0,2,-999999,21,-999999,39,-999999,0,1,21,0,3
644,4,0,3,20,7,38,39,38,0,1,7,0,4
644,5,0,4,12,8,36,40,36,0,1,8,0,5
644,6,0,5,19,10,35,40,35,0,1,10,0,6
645,1,0,0,25,-999999,40,-999999,-999999,1,0,-999999,1,0
645,3,2,0,20,-999999,39,-999999,-999999,1,0,-999999,3,0
645,4,3,0,23,-999999,39,-999999,-999999,1,0,-999999,4,0
645,5,4,0,25,-999999,38,-999999,-999999,1,0,-999999,5,0
645,6,5,0,25,-999999,35,-999999,-999999,1,0,-999999,6,0
645,1,0,0,25,-999999,40,-999999,40,0,1,-999999,0,1
645,3,0,2,20,-999999,39,-999999,39,0,1,-999999,0,3
645,4,0,3,23,-999999,39,-999999,39,0,1,-999999,0,4
645,5,0,4,25,-999999,38,-999999,38,0,1,-999999,0,5
645,6,0,5,25,-999999,35,-999999,35,0,1,-999999,0,6
646,1,0,0,14,-999999,40,-999999,-999999,1,0,-999999,1,0
646,3,2,0,22,-999999,39,-999999,-999999,1,0,-999999,3,0
646,4,3,0,12,-999999,39,-999999,-999999,1,0,-999999,4,0
646,5,4,0,27,-999999,39,-999999,-999999,1,0,-999999,5,0
646,6,5,0,15,-999999,39,-999999,-999999,1,0,-999999,6,0
646,1,0,0,14,-999999,40,-999999,40,0,1,-999999,0,1
646,3,0,2,22,-999999,39,-999999,39,0,1,-999999,0,3
646,4,0,3,12,-999999,39,-999999,39,0,1,-999999,0,4
646,5,0,4,27,-999999,39,-999999,39,0,1,-999999,0,5
646,6,0,5,15,-999999,39,-999999,39,0,1,-999999,0,6
647,1,0,0,8,10,40,39,39,1,0,39,1,0
647,3,2,0,9,14,39,38,38,1,0,38,3,0
647,4,3,0,12,15,38,39,39,1,0,39,4,0
647,5,4,0,8,12,36,33,33,1,0,33,5,0
647,6,5,0,9,-999999,38,-999999,-999999,1,0,-999999,6,0
647,1,0,0,8,10,40,39,40,0,1,10,0,1
647,3,0,2,9,14,39,38,39,0,1,14,0,3
647,4,0,3,12,15,38,39,38,0,1,15,0,4
647,5,0,4,8,12,36,33,36,0,1,12,0,5
647,6,0,5,9,-999999,38,-999999,38,0,1,-999999,0,6
648,1,0,0,8,10,39,40,40,1,0,40,1,0
648,3,2,0,10,13,40,39,39,1,0,39,3,0
648,4,3,0,7,-999999,39,-999999,-999999,1,0,-999999,4,0
648,5,4,0,8,18,40,37,37,1,0,37,5,0
648,6,5,0,8,14,40,38,38,1,0,38,6,0
648,1,0,0,8,10,39,40,39,0,1,10,0,1
648,3,0,2,10,13,40,39,40,0,1,13,0,3
648,4,0,3,7,-999999,39,-999999,39,0,1,-999999,0,4
648,5,0,4,8,18,40,37,40,0,1,18,0,5
648,6,0,5,8,14,40,38,40,0,1,14,0,6
649,1,0,0,8,18,40,37,37,1,0,37,1,0
649,3,2,0,12,17,37,34,34,1,0,34,3,0
649,4,3,0,17,18,37,32,32,1,0,32,4,0
649,5,4,0,15,19,37,35,35,1,0,35,5,0
649,6,5,0,17,23,36,34,34,1,0,34,6,0
649,1,0,0,8,18,40,37,40,0,1,18,0,1
649,3,0,2,12,17,37,34,37,0,1,17,0,3
649,4,0,3,17,18,37,32,37,0,1,18,0,4
649,5,0,4,15,19,37,35,37,0,1,19,0,5
649,6,0,5,17,23,36,34,36,0,1,23,0,6
650,1,0,0,21,23,38,36,36,1,0,36,1,0
650,1,0,0,21,23,38,36,38,0,1,23,0,1
651,1,0,0,21,10,34,37,37,1,0,37,1,0
651,3,2,0,22,16,35,26.285714,26.285714,1,0,26.285714,3,0
651,4,3,0,21,16,36,38,38,1,0,38,4,0
651,5,4,0,17,15,39,36,36,1,0,36,5,0
651,6,5,0,20,14,36,39,39,1,0,39,6,0
651,1,0,0,21,10,34,37,34,0,1,10,0,1
651,3,0,2,22,16,35,26.285714,35,0,1,16,0,3
651,4,0,3,21,16,36,38,36,0,1,16,0,4
651,5,0,4,17,15,39,36,39,0,1,15,0,5
651,6,0,5,20,14,36,39,36,0,1,14,0,6
652,1,0,0,11,-999999,40,-999999,-999999,1,0,-999999,1,0
652,3,2,0,16,-999999,38,-999999,-999999,1,0,-999999,3,0
652,4,3,0,11,-999999,40,-999999,-999999,1,0,-999999,4,0
652,5,4,0,16,-999999,40,-999999,-999999,1,0,-999999,5,0
652,6,5,0,15,-999999,39,-999999,-999999,1,0,-999999,6,0
652,1,0,0,11,-999999,40,-999999,40,0,1,-999999,0,1
652,3,0,2,16,-999999,38,-999999,38,0,1,-999999,0,3
652,4,0,3,11,-999999,40,-999999,40,0,1,-999999,0,4
652,5,0,4,16,-999999,40,-999999,40,0,1,-999999,0,5
652,6,0,5,15,-999999,39,-999999,39,0,1,-999999,0,6
653,3,2,0,7,9,37,39,39,1,0,39,3,0
653,4,3,0,7,10,40,40,40,1,0,40,4,0
653,5,4,0,7,11,39,39,39,1,0,39,5,0
653,6,5,0,12,7,35,38,38,1,0,38,6,0
653,3,0,2,7,9,37,39,37,0,1,9,0,3
653,4,0,3,7,10,40,40,40,0,1,10,0,4
653,5,0,4,7,11,39,39,39,0,1,11,0,5
653,6,0,5,12,7,35,38,35,0,1,7,0,6
654,1,0,0,19,13,38,35,35,1,0,35,1,0
654,3,2,0,15,14,39,30,30,1,0,30,3,0
654,4,3,0,21,14,36,33,33,1,0,33,4,0
654,5,4,0,15,15,33,26,26,1,0,26,5,0
654,6,5,0,11,-999999,34,-999999,-999999,1,0,-999999,6,0
654,1,0,0,19,13,38,35,38,0,1,13,0,1
654,3,0,2,15,14,39,30,39,0,1,14,0,3
654,4,0,3,21,14,36,33,36,0,1,14,0,4
654,5,0,4,15,15,33,26,33,0,1,15,0,5
654,6,0,5,11,-999999,34,-999999,34,0,1,-999999,0,6
655,1,0,0,20,10,33,37,37,1,0,37,1,0
655,3,2,0,22,13,36,40,40,1,0,40,3,0
655,4,3,0,21,17,32,37,37,1,0,37,4,0
655,5,4,0,19,14,32,40,40,1,0,40,5,0
655,6,5,0,20,14,31,34,34,1,0,34,6,0
655,1,0,0,20,10,33,37,33,0,1,10,0,1
655,3,0,2,22,13,36,40,36,0,1,13,0,3
655,4,0,3,21,17,32,37,32,0,1,17,0,4
655,5,0,4,19,14,32,40,32,0,1,14,0,5
655,6,0,5,20,14,31,34,31,0,1,14,0,6
656,1,0,0,25,22,37,37,37,1,0,37,1,0
656,3,2,0,24,19,34,34,34,1,0,34,3,0
656,4,3,0,20,21,31,36,36,1,0,36,4,0
656,5,4,0,18,22,32,31,31,1,0,31,5,0
656,6,5,0,19,25,29,32,32,1,0,32,6,0
656,1,0,0,25,22,37,37,37,0,1,22,0,1
656,3,0,2,24,19,34,34,34,0,1,19,0,3
656,4,0,3,20,21,31,36,31,0,1,21,0,4
656,5,0,4,18,22,32,31,32,0,1,22,0,5
656,6,0,5,19,25,29,32,29,0,1,25,0,6
657,1,0,0,9,14,34,36,36,1,0,36,1,0
657,3,2,0,11,15,37,34,34,1,0,34,3,0
657,4,3,0,16,13,38,34,34,1,0,34,4,0
657,5,4,0,14,19,36,32,32,1,0,32,5,0
657,6,5,0,13,16,35,29,29,1,0,29,6,0
657,1,0,0,9,14,34,36,34,0,1,14,0,1
657,3,0,2,11,15,37,34,37,0,1,15,0,3
657,4,0,3,16,13,38,34,38,0,1,13,0,4
657,5,0,4,14,19,36,32,36,0,1,19,0,5
657,6,0,5,13,16,35,29,35,0,1,16,0,6
658,1,0,0,21,19,35,38,38,1,0,38,1,0
658,3,2,0,12,16,38,33,33,1,0,33,3,0
658,4,3,0,16,19,36,39,39,1,0,39,4,0
658,5,4,0,17,20,38,34,34,1,0,34,5,0
658,6,5,0,20,20,36,34,34,1,0,34,6,0
658,1,0,0,21,19,35,38,35,0,1,19,0,1
658,3,0,2,12,16,38,33,38,0,1,16,0,3
658,4,0,3,16,19,36,39,36,0,1,19,0,4
658,5,0,4,17,20,38,34,38,0,1,20,0,5
658,6,0,5,20,20,36,34,36,0,1,20,0,6
659,1,0,0,21,-999999,40,-999999,-999999,1,0,-999999,1,0
659,3,2,0,31,-999999,33,-999999,-999999,1,0,-999999,3,0
659,4,3,0,21,-999999,37,-999999,-999999,1,0,-999999,4,0
659,5,4,0,26,-999999,37,-999999,-999999,1,0,-999999,5,0
659,6,5,0,20,-999999,28,-999999,-999999,1,0,-999999,6,0
659,1,0,0,21,-999999,40,-999999,40,0,1,-999999,0,1
659,3,0,2,31,-999999,33,-999999,33,0,1,-999999,0,3
659,4,0,3,21,-999999,37,-999999,37,0,1,-999999,0,4
659,5,0,4,26,-999999,37,-999999,37,0,1,-999999,0,5
659,6,0,5,20,-999999,28,-999999,28,0,1,-999999,0,6
660,1,0,0,16,7,39,38,38,1,0,38,1,0
660,3,2,0,15,-999999,36,-999999,-999999,1,0,-999999,3,0
660,4,3,0,26,-999999,36,-999999,-999999,1,0,-999999,4,0
660,5,4,0,21,-999999,34,-999999,-999999,1,0,-999999,5,0
660,6,5,0,25,-999999,33,-999999,-999999,1,0,-999999,6,0
660,1,0,0,16,7,39,38,39,0,1,7,0,1
660,3,0,2,15,-999999,36,-999999,36,0,1,-999999,0,3
660,4,0,3,26,-999999,36,-999999,36,0,1,-999999,0,4
660,5,0,4,21,-999999,34,-999999,34,0,1,-999999,0,5
660,6,0,5,25,-999999,33,-999999,33,0,1,-999999,0,6
661,1,0,0,16,-999999,40,-999999,-999999,1,0,-999999,1,0
661,1,0,0,16,-999999,40,-999999,40,0,1,-999999,0,1
662,1,0,0,7,7,40,40,40,1,0,40,1,0
662,3,2,0,8,8,38,40,40,1,0,40,3,0
662,4,3,0,10,8,38,39,39,1,0,39,4,0
662,5,4,0,10,11,39,39,39,1,0,39,5,0
662,6,5,0,13,11,37,35,35,1,0,35,6,0
662,1,0,0,7,7,40,40,40,0,1,7,0,1
662,3,0,2,8,8,38,40,38,0,1,8,0,3
662,4,0,3,10,8,38,39,38,0,1,8,0,4
662,5,0,4,10,11,39,39,39,0,1,11,0,5
662,6,0,5,13,11,37,35,37,0,1,11,0,6
663,1,0,0,17,10,38,35,35,1,0,35,1,0
663,3,2,0,17,10,33,33,33,1,0,33,3,0
663,4,3,0,16,8,35,33,33,1,0,33,4,0
663,5,4,0,15,10,32,32,32,1,0,32,5,0
663,6,5,0,18,-999999,32,-999999,-999999,1,0,-999999,6,0
663,1,0,0,17,10,38,35,38,0,1,10,0,1
663,3,0,2,17,10,33,33,33,0,1,10,0,3
663,4,0,3,16,8,35,33,35,0,1,8,0,4
663,5,0,4,15,10,32,32,32,0,1,10,0,5
663,6,0,5,18,-999999,32,-999999,32,0,1,-999999,0,6
664,1,0,0,21,14,38,40,40,1,0,40,1,0
664,3,2,0,25,15,39,36,36,1,0,36,3,0
664,4,3,0,16,18,35,34,34,1,0,34,4,0
664,5,4,0,15,16,37,36,36,1,0,36,5,0
664,6,5,0,18,12,30,35,35,1,0,35,6,0
664,1,0,0,21,14,38,40,38,0,1,14,0,1
664,3,0,2,25,15,39,36,39,0,1,15,0,3
664,4,0,3,16,18,35,34,35,0,1,18,0,4
664,5,0,4,15,16,37,36,37,0,1,16,0,5
664,6,0,5,18,12,30,35,30,0,1,12,0,6
665,1,0,0,18,13,38,39,39,1,0,39,1,0
665,3,2,0,12,14,37,36,36,1,0,36,3,0
665,4,3,0,17,-999999,35,-999999,-999999,1,0,-999999,4,0
665,5,4,0,10,-999999,39,-999999,-999999,1,0,-999999,5,0
665,6,5,0,15,-999999,36,-999999,-999999,1,0,-999999,6,0
665,1,0,0,18,13,38,39,38,0,1,13,0,1
665,3,0,2,12,14,37,36,37,0,1,14,0,3
665,4,0,3,17,-999999,35,-999999,35,0,1,-999999,0,4
665,5,0,4,10,-999999,39,-999999,39,0,1,-999999,0,5
665,6,0,5,15,-999999,36,-999999,36,0,1,-999999,0,6
666,1,0,0,10,11,40,39,39,1,0,39,1,0
666,3,2,0,10,12,40,37,37,1,0,37,3,0
666,4,3,0,17,14,40,40,40,1,0,40,4,0
666,5,4,0,13,15,39,34,34,1,0,34,5,0
666,6,5,0,11,17,37,38,38,1,0,38,6,0
666,1,0,0,10,11,40,39,40,0,1,11,0,1
666,3,0,2,10,12,40,37,40,0,1,12,0,3
666,4,0,3,17,14,40,40,40,0,1,14,0,4
666,5,0,4,13,15,39,34,39,0,1,15,0,5
666,6,0,5,11,17,37,38,37,0,1,17,0,6
667,1,0,0,17,17,37,36,36,1,0,36,1,0
667,3,2,0,18,22,38,37,37,1,0,37,3,0
667,4,3,0,18,19,34,31,31,1,0,31,4,0
667,5,4,0,17,15,32,37,37,1,0,37,5,0
667,6,5,0,21,23,36,34,34,1,0,34,6,0
667,1,0,0,17,17,37,36,37,0,1,17,0,1
667,3,0,2,18,22,38,37,38,0,1,22,0,3
667,4,0,3,18,19,34,31,34,0,1,19,0,4
667,5,0,4,17,15,32,37,32,0,1,15,0,5
667,6,0,5,21,23,36,34,36,0,1,23,0,6
668,1,0,0,23,13,36,35,35,1,0,35,1,0
668,3,2,0,23,-999999,39,-999999,-999999,1,0,-999999,3,0
668,4,3,0,21,21,39,40,40,1,0,40,4,0
668,5,4,0,21,-999999,38,-999999,-999999,1,0,-999999,5,0
668,6,5,0,24,19,38,36,36,1,0,36,6,0
668,1,0,0,23,13,36,35,36,0,1,13,0,1
668,3,0,2,23,-999999,39,-999999,39,0,1,-999999,0,3
668,4,0,3,21,21,39,40,39,0,1,21,0,4
668,5,0,4,21,-999999,38,-999999,38,0,1,-999999,0,5
668,6,0,5,24,19,38,36,38,0,1,19,0,6
669,1,0,0,21,13,38,32,32,1,0,32,1,0
669,5,4,0,22,-999999,32,-999999,-999999,1,0,-999999,5,0
669,6,5,0,15,-999999,35,-999999,-999999,1,0,-999999,6,0
669,1,0,0,21,13,38,32,38,0,1,13,0,1
669,5,0,4,22,-999999,32,-999999,32,0,1,-999999,0,5
669,6,0,5,15,-999999,35,-999999,35,0,1,-999999,0,6
670,1,0,0,7,-999999,40,-999999,-999999,1,0,-999999,1,0
670,3,2,0,8,-999999,40,-999999,-999999,1,0,-999999,3,0
670,4,3,0,7,7,40,39,39,1,0,39,4,0
670,5,4,0,7,-999999,40,-999999,-999999,1,0,-999999,5,0
670,6,5,0,11,-999999,37,-999999,-999999,1,0,-999999,6,0
670,1,0,0,7,-999999,40,-999999,40,0,1,-999999,0,1
670,3,0,2,8,-999999,40,-999999,40,0,1,-999999,0,3
670,4,0,3,7,7,40,39,40,0,1,7,0,4
670,5,0,4,7,-999999,40,-999999,40,0,1,-999999,0,5
670,6,0,5,11,-999999,37,-999999,37,0,1,-999999,0,6
671,1,0,0,9,15,35,38,38,1,0,38,1,0
671,3,2,0,17,15,37,40,40,1,0,40,3,0
671,4,3,0,14,13,36,39,39,1,0,39,4,0
671,5,4,0,11,13,28,39,39,1,0,39,5,0
671,6,5,0,10,9,36,38,38,1,0,38,6,0
671,1,0,0,9,15,35,38,35,0,1,15,0,1
671,3,0,2,17,15,37,40,37,0,1,15,0,3
671,4,0,3,14,13,36,39,36,0,1,13,0,4
671,5,0,4,11,13,28,39,28,0,1,13,0,5
671,6,0,5,10,9,36,38,36,0,1,9,0,6
672,1,0,0,8,15,40,39,39,1,0,39,1,0
672,3,2,0,13,14,40,39,39,1,0,39,3,0
672,4,3,0,10,15,40,38,38,1,0,38,4,0
672,5,4,0,7,-999999,40,-999999,-999999,1,0,-999999,5,0
672,6,5,0,8,-999999,40,-999999,-999999,1,0,-999999,6,0
672,1,0,0,8,15,40,39,40,0,1,15,0,1
672,3,0,2,13,14,40,39,40,0,1,14,0,3
672,4,0,3,10,15,40,38,40,0,1,15,0,4
672,5,0,4,7,-999999,40,-999999,40,0,1,-999999,0,5
672,6,0,5,8,-999999,40,-999999,40,0,1,-999999,0,6
673,6,5,0,10,-999999,40,-999999,-999999,1,0,-999999,6,0
673,6,0,5,10,-999999,40,-999999,40,0,1,-999999,0,6
674,1,0,0,11,16,37,35,35,1,0,35,1,0
674,3,2,0,11,16,37,37,37,1,0,37,3,0
674,4,3,0,10,25,37,33,33,1,0,33,4,0
674,5,4,0,12,22,37,36,36,1,0,36,5,0
674,6,5,0,8,27,35,32,32,1,0,32,6,0
674,1,0,0,11,16,37,35,37,0,1,16,0,1
674,3,0,2,11,16,37,37,37,0,1,16,0,3
674,4,0,3,10,25,37,33,37,0,1,25,0,4
674,5,0,4,12,22,37,36,37,0,1,22,0,5
674,6,0,5,8,27,35,32,35,0,1,27,0,6
675,1,0,0,8,9,40,38,38,1,0,38,1,0
675,3,2,0,10,11,40,39,39,1,0,39,3,0
675,4,3,0,8,10,40,40,40,1,0,40,4,0
675,5,4,0,10,12,40,37,37,1,0,37,5,0
675,6,5,0,7,8,40,39,39,1,0,39,6,0
675,1,0,0,8,9,40,38,40,0,1,9,0,1
675,3,0,2,10,11,40,39,40,0,1,11,0,3
675,4,0,3,8,10,40,40,40,0,1,10,0,4
675,5,0,4,10,12,40,37,40,0,1,12,0,5
675,6,0,5,7,8,40,39,40,0,1,8,0,6
676,1,0,0,11,-999999,35,-999999,-999999,1,0,-999999,1,0
676,3,2,0,18,15,39,35,35,1,0,35,3,0
676,4,3,0,13,14,40,39,39,1,0,39,4,0
676,5,4,0,13,13,39,34,34,1,0,34,5,0
676,6,5,0,12,11,38,36,36,1,0,36,6,0
676,1,0,0,11,-999999,35,-999999,35,0,1,-999999,0,1
676,3,0,2,18,15,39,35,39,0,1,15,0,3
676,4,0,3,13,14,40,39,40,0,1,14,0,4
676,5,0,4,13,13,39,34,39,0,1,13,0,5
676,6,0,5,12,11,38,36,38,0,1,11,0,6
677,3,2,0,23,-999999,39,-999999,-999999,1,0,-999999,3,0
677,4,3,0,20,-999999,40,-999999,-999999,1,0,-999999,4,0
677,5,4,0,24,-999999,40,-999999,-999999,1,0,-999999,5,0
677,6,5,0,-999999,-999999,40,-999999,-999999,1,0,-999999,6,0
677,3,0,2,23,-999999,39,-999999,39,0,1,-999999,0,3
677,4,0,3,20,-999999,40,-999999,40,0,1,-999999,0,4
677,5,0,4,24,-999999,40,-999999,40,0,1,-999999,0,5
677,6,0,5,-999999,-999999,40,-999999,40,0,1,-999999,0,6
678,1,0,0,9,13,40,40,40,1,0,40,1,0
678,3,2,0,21,17,35,36,36,1,0,36,3,0
678,4,3,0,25,17,39,39,39,1,0,39,4,0
678,5,4,0,24,14,39,40,40,1,0,40,5,0
678,6,5,0,30,23,36,36,36,1,0,36,6,0
678,1,0,0,9,13,40,40,40,0,1,13,0,1
678,3,0,2,21,17,35,36,35,0,1,17,0,3
678,4,0,3,25,17,39,39,39,0,1,17,0,4
678,5,0,4,24,14,39,40,39,0,1,14,0,5
678,6,0,5,30,23,36,36,36,0,1,23,0,6
679,1,0,0,9,-999999,32,-999999,-999999,1,0,-999999,1,0
679,3,2,0,12,-999999,37,-999999,-999999,1,0,-999999,3,0
679,4,3,0,8,-999999,39,-999999,-999999,1,0,-999999,4,0
679,5,4,0,18,-999999,31,-999999,-999999,1,0,-999999,5,0
679,6,5,0,16,-999999,36,-999999,-999999,1,0,-999999,6,0
679,1,0,0,9,-999999,32,-999999,32,0,1,-999999,0,1
679,3,0,2,12,-999999,37,-999999,37,0,1,-999999,0,3
679,4,0,3,8,-999999,39,-999999,39,0,1,-999999,0,4
679,5,0,4,18,-999999,31,-999999,31,0,1,-999999,0,5
679,6,0,5,16,-999999,36,-999999,36,0,1,-999999,0,6
680,1,0,0,17,-999999,33,-999999,-999999,1,0,-999999,1,0
680,3,2,0,17,10,33,34,34,1,0,34,3,0
680,4,3,0,19,-999999,31,-999999,-999999,1,0,-999999,4,0
680,5,4,0,13,-999999,35,-999999,-999999,1,0,-999999,5,0
680,6,5,0,16,-999999,30,-999999,-999999,1,0,-999999,6,0
680,1,0,0,17,-999999,33,-999999,33,0,1,-999999,0,1
680,3,0,2,17,10,33,34,33,0,1,10,0,3
680,4,0,3,19,-999999,31,-999999,31,0,1,-999999,0,4
680,5,0,4,13,-999999,35,-999999,35,0,1,-999999,0,5
680,6,0,5,16,-999999,30,-999999,30,0,1,-999999,0,6
681,1,0,0,11,19,40,35,35,1,0,35,1,0
681,3,2,0,15,16,39,34,34,1,0,34,3,0
681,4,3,0,16,22,38,30,30,1,0,30,4,0
681,5,4,0,12,-999999,38,-999999,-999999,1,0,-999999,5,0
681,6,5,0,17,25,40,31,31,1,0,31,6,0
681,1,0,0,11,19,40,35,40,0,1,19,0,1
681,3,0,2,15,16,39,34,39,0,1,16,0,3
681,4,0,3,16,22,38,30,38,0,1,22,0,4
681,5,0,4,12,-999999,38,-999999,38,0,1,-999999,0,5
681,6,0,5,17,25,40,31,40,0,1,25,0,6
682,1,0,0,23,-999999,40,-999999,-999999,1,0,-999999,1,0
682,1,0,0,23,-999999,40,-999999,40,0,1,-999999,0,1
683,3,2,0,31,27,27,32,32,1,0,32,3,0
683,3,0,2,31,27,27,32,27,0,1,27,0,3
684,1,0,0,8,10,40,39,39,1,0,39,1,0
684,3,2,0,7,10,40,34,34,1,0,34,3,0
684,4,3,0,7,9,40,36,36,1,0,36,4,0
684,5,4,0,7,12,39,34,34,1,0,34,5,0
684,6,5,0,8,11,36,27,27,1,0,27,6,0
684,1,0,0,8,10,40,39,40,0,1,10,0,1
684,3,0,2,7,10,40,34,40,0,1,10,0,3
684,4,0,3,7,9,40,36,40,0,1,9,0,4
684,5,0,4,7,12,39,34,39,0,1,12,0,5
684,6,0,5,8,11,36,27,36,0,1,11,0,6
685,1,0,0,18,13,40,40,40,1,0,40,1,0
685,3,2,0,16,16,40,24,24,1,0,24,3,0
685,4,3,0,17,14,38,40,40,1,0,40,4,0
685,5,4,0,25,16,37,39,39,1,0,39,5,0
685,6,5,0,22,16,39,40,40,1,0,40,6,0
685,1,0,0,18,13,40,40,40,0,1,13,0,1
685,3,0,2,16,16,40,24,40,0,1,16,0,3
685,4,0,3,17,14,38,40,38,0,1,14,0,4
685,5,0,4,25,16,37,39,37,0,1,16,0,5
685,6,0,5,22,16,39,40,39,0,1,16,0,6
686,1,0,0,11,9,39,40,40,1,0,40,1,0
686,3,2,0,13,-999999,38,-999999,-999999,1,0,-999999,3,0
686,4,3,0,13,-999999,35,-999999,-999999,1,0,-999999,4,0
686,5,4,0,13,-999999,35,-999999,-999999,1,0,-999999,5,0
686,6,5,0,17,-999999,36,-999999,-999999,1,0,-999999,6,0
686,1,0,0,11,9,39,40,39,0,1,9,0,1
686,3,0,2,13,-999999,38,-999999,38,0,1,-999999,0,3
686,4,0,3,13,-999999,35,-999999,35,0,1,-999999,0,4
686,5,0,4,13,-999999,35,-999999,35,0,1,-999999,0,5
686,6,0,5,17,-999999,36,-999999,36,0,1,-999999,0,6
687,1,0,0,27,11,38,40,40,1,0,40,1,0
687,3,2,0,21,16,37,37,37,1,0,37,3,0
687,1,0,0,27,11,38,40,38,0,1,11,0,1
687,3,0,2,21,16,37,37,37,0,1,16,0,3
688,1,0,0,11,13,38,36,36,1,0,36,1,0
688,3,2,0,12,11,36,37,37,1,0,37,3,0
688,4,3,0,8,11,39,39,39,1,0,39,4,0
688,5,4,0,12,16,33,37,37,1,0,37,5,0
688,6,5,0,10,14,36,39,39,1,0,39,6,0
688,1,0,0,11,13,38,36,38,0,1,13,0,1
688,3,0,2,12,11,36,37,36,0,1,11,0,3
688,4,0,3,8,11,39,39,39,0,1,11,0,4
688,5,0,4,12,16,33,37,33,0,1,16,0,5
688,6,0,5,10,14,36,39,36,0,1,14,0,6
689,3,2,0,15,-999999,38,-999999,-999999,1,0,-999999,3,0
689,4,3,0,17,-999999,38,-999999,-999999,1,0,-999999,4,0
689,5,4,0,23,-999999,37,-999999,-999999,1,0,-999999,5,0
689,6,5,0,16,-999999,36,-999999,-999999,1,0,-999999,6,0
689,3,0,2,15,-999999,38,-999999,38,0,1,-999999,0,3
689,4,0,3,17,-999999,38,-999999,38,0,1,-999999,0,4
689,5,0,4,23,-999999,37,-999999,37,0,1,-999999,0,5
689,6,0,5,16,-999999,36,-999999,36,0,1,-999999,0,6
690,3,2,0,10,-999999,39,-999999,-999999,1,0,-999999,3,0
690,4,3,0,13,-999999,38,-999999,-999999,1,0,-999999,4,0
690,5,4,0,14,-999999,36,-999999,-999999,1,0,-999999,5,0
690,6,5,0,12,-999999,35,-999999,-999999,1,0,-999999,6,0
690,3,0,2,10,-999999,39,-999999,39,0,1,-999999,0,3
690,4,0,3,13,-999999,38,-999999,38,0,1,-999999,0,4
690,5,0,4,14,-999999,36,-999999,36,0,1,-999999,0,5
690,6,0,5,12,-999999,35,-999999,35,0,1,-999999,0,6
691,1,0,0,17,22,40,36,36,1,0,36,1,0
691,3,2,0,18,16,40,37,37,1,0,37,3,0
691,4,3,0,14,25,40,38,38,1,0,38,4,0
691,5,4,0,19,18,36,35,35,1,0,35,5,0
691,6,5,0,12,13,40,37,37,1,0,37,6,0
691,1,0,0,17,22,40,36,40,0,1,22,0,1
691,3,0,2,18,16,40,37,40,0,1,16,0,3
691,4,0,3,14,25,40,38,40,0,1,25,0,4
691,5,0,4,19,18,36,35,36,0,1,18,0,5
691,6,0,5,12,13,40,37,40,0,1,13,0,6
692,1,0,0,8,10,40,39,39,1,0,39,1,0
692,3,2,0,8,8,40,37,37,1,0,37,3,0
692,4,3,0,8,7,36,39,39,1,0,39,4,0
692,5,4,0,9,-999999,38,-999999,-999999,1,0,-999999,5,0
692,6,5,0,14,-999999,38,-999999,-999999,1,0,-999999,6,0
692,1,0,0,8,10,40,39,40,0,1,10,0,1
692,3,0,2,8,8,40,37,40,0,1,8,0,3
692,4,0,3,8,7,36,39,36,0,1,7,0,4
692,5,0,4,9,-999999,38,-999999,38,0,1,-999999,0,5
692,6,0,5,14,-999999,38,-999999,38,0,1,-999999,0,6
693,1,0,0,8,9,40,40,40,1,0,40,1,0
693,3,2,0,8,8,40,38,38,1,0,38,3,0
693,4,3,0,7,10,40,31,31,1,0,31,4,0
693,5,4,0,9,8,38,38,38,1,0,38,5,0
693,6,5,0,10,13,40,38,38,1,0,38,6,0
693,1,0,0,8,9,40,40,40,0,1,9,0,1
693,3,0,2,8,8,40,38,40,0,1,8,0,3
693,4,0,3,7,10,40,31,40,0,1,10,0,4
693,5,0,4,9,8,38,38,38,0,1,8,0,5
693,6,0,5,10,13,40,38,40,0,1,13,0,6
694,1,0,0,19,-999999,40,-999999,-999999,1,0,-999999,1,0
694,1,0,0,19,-999999,40,-999999,40,0,1,-999999,0,1
695,1,0,0,18,19,35,36,36,1,0,36,1,0
695,3,2,0,15,21,36,40,40,1,0,40,3,0
695,4,3,0,13,12,32,36,36,1,0,36,4,0
695,5,4,0,13,18,36,37,37,1,0,37,5,0
695,6,5,0,8,12,37,39,39,1,0,39,6,0
695,1,0,0,18,19,35,36,35,0,1,19,0,1
695,3,0,2,15,21,36,40,36,0,1,21,0,3
695,4,0,3,13,12,32,36,32,0,1,12,0,4
695,5,0,4,13,18,36,37,36,0,1,18,0,5
695,6,0,5,8,12,37,39,37,0,1,12,0,6
696,1,0,0,10,15,37,39,39,1,0,39,1,0
696,1,0,0,10,15,37,39,37,0,1,15,0,1
697,1,0,0,26,13,34,37,37,1,0,37,1,0
697,3,2,0,22,12,30,35,35,1,0,35,3,0
697,4,3,0,18,13,33,39,39,1,0,39,4,0
697,5,4,0,18,18,31,35,35,1,0,35,5,0
697,6,5,0,15,14,36,36,36,1,0,36,6,0
697,1,0,0,26,13,34,37,34,0,1,13,0,1
697,3,0,2,22,12,30,35,30,0,1,12,0,3
697,4,0,3,18,13,33,39,33,0,1,13,0,4
697,5,0,4,18,18,31,35,31,0,1,18,0,5
697,6,0,5,15,14,36,36,36,0,1,14,0,6
698,3,2,0,20,17,40,35,35,1,0,35,3,0
698,4,3,0,13,15,39,40,40,1,0,40,4,0
698,5,4,0,22,12,40,39,39,1,0,39,5,0
698,6,5,0,22,15,40,40,40,1,0,40,6,0
698,3,0,2,20,17,40,35,40,0,1,17,0,3
698,4,0,3,13,15,39,40,39,0,1,15,0,4
698,5,0,4,22,12,40,39,40,0,1,12,0,5
698,6,0,5,22,15,40,40,40,0,1,15,0,6
699,1,0,0,7,11,39,36,36,1,0,36,1,0
699,3,2,0,10,14,37,37,37,1,0,37,3,0
699,4,3,0,9,10,38,38,38,1,0,38,4,0
699,5,4,0,14,11,37,37,37,1,0,37,5,0
699,6,5,0,9,14,40,35,35,1,0,35,6,0
699,1,0,0,7,11,39,36,39,0,1,11,0,1
699,3,0,2,10,14,37,37,37,0,1,14,0,3
699,4,0,3,9,10,38,38,38,0,1,10,0,4
699,5,0,4,14,11,37,37,37,0,1,11,0,5
699,6,0,5,9,14,40,35,40,0,1,14,0,6
700,1,0,0,20,20,38,37,37,1,0,37,1,0
700,3,2,0,14,24,38,35,35,1,0,35,3,0
700,4,3,0,13,21,39,37,37,1,0,37,4,0
700,5,4,0,13,18,36,31,31,1,0,31,5,0
700,6,5,0,14,27,38,36,36,1,0,36,6,0
700,1,0,0,20,20,38,37,38,0,1,20,0,1
700,3,0,2,14,24,38,35,38,0,1,24,0,3
700,4,0,3,13,21,39,37,39,0,1,21,0,4
700,5,0,4,13,18,36,31,36,0,1,18,0,5
700,6,0,5,14,27,38,36,38,0,1,27,0,6
701,1,0,0,14,-999999,37,-999999,-999999,1,0,-999999,1,0
701,3,2,0,14,-999999,37,-999999,-999999,1,0,-999999,3,0
701,4,3,0,11,-999999,38,-999999,-999999,1,0,-999999,4,0
701,5,4,0,17,-999999,38,-999999,-999999,1,0,-999999,5,0
701,6,5,0,15,-999999,37,-999999,-999999,1,0,-999999,6,0
701,1,0,0,14,-999999,37,-999999,37,0,1,-999999,0,1
701,3,0,2,14,-999999,37,-999999,37,0,1,-999999,0,3
701,4,0,3,11,-999999,38,-999999,38,0,1,-999999,0,4
701,5,0,4,17,-999999,38,-999999,38,0,1,-999999,0,5
701,6,0,5,15,-999999,37,-999999,37,0,1,-999999,0,6
702,1,0,0,9,-999999,34,-999999,-999999,1,0,-999999,1,0
702,3,2,0,31,-999999,34,-999999,-999999,1,0,-999999,3,0
702,5,4,0,8,-999999,36,-999999,-999999,1,0,-999999,5,0
702,6,5,0,13,-999999,39,-999999,-999999,1,0,-999999,6,0
702,1,0,0,9,-999999,34,-999999,34,0,1,-999999,0,1
702,3,0,2,31,-999999,34,-999999,34,0,1,-999999,0,3
702,5,0,4,8,-999999,36,-999999,36,0,1,-999999,0,5
702,6,0,5,13,-999999,39,-999999,39,0,1,-999999,0,6
703,4,3,0,11,8,39,35,35,1,0,35,4,0
703,5,4,0,7,17,40,32,32,1,0,32,5,0
703,6,5,0,20,-999999,33,-999999,-999999,1,0,-999999,6,0
703,4,0,3,11,8,39,35,39,0,1,8,0,4
703,5,0,4,7,17,40,32,40,0,1,17,0,5
703,6,0,5,20,-999999,33,-999999,33,0,1,-999999,0,6
704,1,0,0,12,9,35,40,40,1,0,40,1,0
704,3,2,0,11,9,36,39,39,1,0,39,3,0
704,4,3,0,10,8,40,37,37,1,0,37,4,0
704,5,4,0,11,10,39,38,38,1,0,38,5,0
704,6,5,0,13,8,38,39,39,1,0,39,6,0
704,1,0,0,12,9,35,40,35,0,1,9,0,1
704,3,0,2,11,9,36,39,36,0,1,9,0,3
704,4,0,3,10,8,40,37,40,0,1,8,0,4
704,5,0,4,11,10,39,38,39,0,1,10,0,5
704,6,0,5,13,8,38,39,38,0,1,8,0,6
705,1,0,0,8,14,36,36,36,1,0,36,1,0
705,3,2,0,16,16,39,35,35,1,0,35,3,0
705,4,3,0,8,16,40,32,32,1,0,32,4,0
705,5,4,0,7,15,38,34,34,1,0,34,5,0
705,6,5,0,12,14,37,34,34,1,0,34,6,0
705,1,0,0,8,14,36,36,36,0,1,14,0,1
705,3,0,2,16,16,39,35,39,0,1,16,0,3
705,4,0,3,8,16,40,32,40,0,1,16,0,4
705,5,0,4,7,15,38,34,38,0,1,15,0,5
705,6,0,5,12,14,37,34,37,0,1,14,0,6
706,3,2,0,16,16,36,36,36,1,0,36,3,0
706,4,3,0,16,15,37,37,37,1,0,37,4,0
706,5,4,0,24,-999999,37,-999999,-999999,1,0,-999999,5,0
706,6,5,0,11,11,37,37,37,1,0,37,6,0
706,3,0,2,16,16,36,36,36,0,1,16,0,3
706,4,0,3,16,15,37,37,37,0,1,15,0,4
706,5,0,4,24,-999999,37,-999999,37,0,1,-999999,0,5
706,6,0,5,11,11,37,37,37,0,1,11,0,6
707,1,0,0,7,12,34,37,37,1,0,37,1,0
707,3,2,0,10,8,34,39,39,1,0,39,3,0
707,1,0,0,7,12,34,37,34,0,1,12,0,1
707,3,0,2,10,8,34,39,34,0,1,8,0,3
708,1,0,0,16,20,40,36,36,1,0,36,1,0
708,3,2,0,17,21,39,37,37,1,0,37,3,0
708,4,3,0,19,-999999,39,-999999,-999999,1,0,-999999,4,0
708,5,4,0,16,18,40,33,33,1,0,33,5,0
708,6,5,0,20,21,40,38,38,1,0,38,6,0
708,1,0,0,16,20,40,36,40,0,1,20,0,1
708,3,0,2,17,21,39,37,39,0,1,21,0,3
708,4,0,3,19,-999999,39,-999999,39,0,1,-999999,0,4
708,5,0,4,16,18,40,33,40,0,1,18,0,5
708,6,0,5,20,21,40,38,40,0,1,21,0,6
709,1,0,0,10,13,40,34,34,1,0,34,1,0
709,3,2,0,10,14,40,36,36,1,0,36,3,0
709,1,0,0,10,13,40,34,40,0,1,13,0,1
709,3,0,2,10,14,40,36,40,0,1,14,0,3
710,1,0,0,9,10,40,34,34,1,0,34,1,0
710,3,2,0,19,8,39,36,36,1,0,36,3,0
710,4,3,0,8,13,40,39,39,1,0,39,4,0
710,5,4,0,9,9,40,34,34,1,0,34,5,0
710,1,0,0,9,10,40,34,40,0,1,10,0,1
710,3,0,2,19,8,39,36,39,0,1,8,0,3
710,4,0,3,8,13,40,39,40,0,1,13,0,4
710,5,0,4,9,9,40,34,40,0,1,9,0,5
711,1,0,0,12,19,37,30,30,1,0,30,1,0
711,3,2,0,14,20,38,36,36,1,0,36,3,0
711,4,3,0,20,18,38,35,35,1,0,35,4,0
711,5,4,0,13,14,38,33,33,1,0,33,5,0
711,6,5,0,20,15,40,33,33,1,0,33,6,0
711,1,0,0,12,19,37,30,37,0,1,19,0,1
711,3,0,2,14,20,38,36,38,0,1,20,0,3
711,4,0,3,20,18,38,35,38,0,1,18,0,4
711,5,0,4,13,14,38,33,38,0,1,14,0,5
711,6,0,5,20,15,40,33,40,0,1,15,0,6
712,1,0,0,26,-999999,38,-999999,-999999,1,0,-999999,1,0
712,3,2,0,19,-999999,37,-999999,-999999,1,0,-999999,3,0
712,4,3,0,22,23,36,20,20,1,0,20,4,0
712,6,5,0,28,-999999,33,-999999,-999999,1,0,-999999,6,0
712,1,0,0,26,-999999,38,-999999,38,0,1,-999999,0,1
712,3,0,2,19,-999999,37,-999999,37,0,1,-999999,0,3
712,4,0,3,22,23,36,20,36,0,1,23,0,4
712,6,0,5,28,-999999,33,-999999,33,0,1,-999999,0,6
713,1,0,0,19,-999999,35,-999999,-999999,1,0,-999999,1,0
713,3,2,0,15,20,37,40,40,1,0,40,3,0
713,6,5,0,21,23,39,40,40,1,0,40,6,0
713,1,0,0,19,-999999,35,-999999,35,0,1,-999999,0,1
713,3,0,2,15,20,37,40,37,0,1,20,0,3
713,6,0,5,21,23,39,40,39,0,1,23,0,6
714,1,0,0,8,10,40,36,36,1,0,36,1,0
714,3,2,0,15,10,40,38,38,1,0,38,3,0
714,4,3,0,11,9,40,40,40,1,0,40,4,0
714,5,4,0,10,12,39,38,38,1,0,38,5,0
714,6,5,0,8,12,40,36,36,1,0,36,6,0
714,1,0,0,8,10,40,36,40,0,1,10,0,1
714,3,0,2,15,10,40,38,40,0,1,10,0,3
714,4,0,3,11,9,40,40,40,0,1,9,0,4
714,5,0,4,10,12,39,38,39,0,1,12,0,5
714,6,0,5,8,12,40,36,40,0,1,12,0,6
715,1,0,0,16,11,37,39,39,1,0,39,1,0
715,3,2,0,20,14,38,37,37,1,0,37,3,0
715,4,3,0,22,12,36,37,37,1,0,37,4,0
715,5,4,0,22,15,35,33,33,1,0,33,5,0
715,6,5,0,24,18,27,33,33,1,0,33,6,0
715,1,0,0,16,11,37,39,37,0,1,11,0,1
715,3,0,2,20,14,38,37,38,0,1,14,0,3
715,4,0,3,22,12,36,37,36,0,1,12,0,4
715,5,0,4,22,15,35,33,35,0,1,15,0,5
715,6,0,5,24,18,27,33,27,0,1,18,0,6
716,3,2,0,11,9,40,39,39,1,0,39,3,0
716,4,3,0,8,11,39,36,36,1,0,36,4,0
716,5,4,0,10,15,40,36,36,1,0,36,5,0
716,6,5,0,11,14,39,35,35,1,0,35,6,0
716,3,0,2,11,9,40,39,40,0,1,9,0,3
716,4,0,3,8,11,39,36,39,0,1,11,0,4
716,5,0,4,10,15,40,36,40,0,1,15,0,5
716,6,0,5,11,14,39,35,39,0,1,14,0,6
717,1,0,0,8,19,40,32,32,1,0,32,1,0
717,3,2,0,7,-999999,40,-999999,-999999,1,0,-999999,3,0
717,4,3,0,7,-999999,40,-999999,-999999,1,0,-999999,4,0
717,5,4,0,7,-999999,40,-999999,-999999,1,0,-999999,5,0
717,6,5,0,8,24,39,31,31,1,0,31,6,0
717,1,0,0,8,19,40,32,40,0,1,19,0,1
717,3,0,2,7,-999999,40,-999999,40,0,1,-999999,0,3
717,4,0,3,7,-999999,40,-999999,40,0,1,-999999,0,4
717,5,0,4,7,-999999,40,-999999,40,0,1,-999999,0,5
717,6,0,5,8,24,39,31,39,0,1,24,0,6
718,1,0,0,19,-999999,38,-999999,-999999,1,0,-999999,1,0
718,3,2,0,26,14,38,38,38,1,0,38,3,0
718,4,3,0,23,-999999,37,-999999,-999999,1,0,-999999,4,0
718,5,4,0,18,14,39,37,37,1,0,37,5,0
718,6,5,0,22,16,39,38,38,1,0,38,6,0
718,1,0,0,19,-999999,38,-999999,38,0,1,-999999,0,1
718,3,0,2,26,14,38,38,38,0,1,14,0,3
718,4,0,3,23,-999999,37,-999999,37,0,1,-999999,0,4
718,5,0,4,18,14,39,37,39,0,1,14,0,5
718,6,0,5,22,16,39,38,39,0,1,16,0,6
719,1,0,0,-999999,10,-999999,36,36,1,0,36,1,0
719,4,3,0,11,-999999,40,-999999,-999999,1,0,-999999,4,0
719,6,5,0,8,12,39,33,33,1,0,33,6,0
719,1,0,0,-999999,10,-999999,36,-999999,0,1,10,0,1
719,4,0,3,11,-999999,40,-999999,40,0,1,-999999,0,4
719,6,0,5,8,12,39,33,39,0,1,12,0,6
720,1,0,0,8,16,40,33,33,1,0,33,1,0
720,3,2,0,9,10,37,29,29,1,0,29,3,0
720,4,3,0,8,17,40,34,34,1,0,34,4,0
720,5,4,0,30,10,29,29,29,1,0,29,5,0
720,6,5,0,14,7,36,34,34,1,0,34,6,0
720,1,0,0,8,16,40,33,40,0,1,16,0,1
720,3,0,2,9,10,37,29,37,0,1,10,0,3
720,4,0,3,8,17,40,34,40,0,1,17,0,4
720,5,0,4,30,10,29,29,29,0,1,10,0,5
720,6,0,5,14,7,36,34,36,0,1,7,0,6
721,1,0,0,8,-999999,40,-999999,-999999,1,0,-999999,1,0
721,3,2,0,9,-999999,40,-999999,-999999,1,0,-999999,3,0
721,4,3,0,7,-999999,40,-999999,-999999,1,0,-999999,4,0
721,5,4,0,7,-999999,40,-999999,-999999,1,0,-999999,5,0
721,6,5,0,12,-999999,40,-999999,-999999,1,0,-999999,6,0
721,1,0,0,8,-999999,40,-999999,40,0,1,-999999,0,1
721,3,0,2,9,-999999,40,-999999,40,0,1,-999999,0,3
721,4,0,3,7,-999999,40,-999999,40,0,1,-999999,0,4
721,5,0,4,7,-999999,40,-999999,40,0,1,-999999,0,5
721,6,0,5,12,-999999,40,-999999,40,0,1,-999999,0,6
722,1,0,0,18,-999999,38,-999999,-999999,1,0,-999999,1,0
722,3,2,0,18,-999999,38,-999999,-999999,1,0,-999999,3,0
722,4,3,0,15,-999999,40,-999999,-999999,1,0,-999999,4,0
722,5,4,0,10,-999999,38,-999999,-999999,1,0,-999999,5,0
722,6,5,0,16,-999999,37,-999999,-999999,1,0,-999999,6,0
722,1,0,0,18,-999999,38,-999999,38,0,1,-999999,0,1
722,3,0,2,18,-999999,38,-999999,38,0,1,-999999,0,3
722,4,0,3,15,-999999,40,-999999,40,0,1,-999999,0,4
722,5,0,4,10,-999999,38,-999999,38,0,1,-999999,0,5
722,6,0,5,16,-999999,37,-999999,37,0,1,-999999,0,6
723,5,4,0,11,-999999,38,-999999,-999999,1,0,-999999,5,0
723,6,5,0,13,-999999,36,-999999,-999999,1,0,-999999,6,0
723,5,0,4,11,-999999,38,-999999,38,0,1,-999999,0,5
723,6,0,5,13,-999999,36,-999999,36,0,1,-999999,0,6
724,1,0,0,-999999,12,-999999,39,39,1,0,39,1,0
724,1,0,0,-999999,12,-999999,39,-999999,0,1,12,0,1
725,1,0,0,22,13,40,37,37,1,0,37,1,0
725,3,2,0,21,9,40,38,38,1,0,38,3,0
725,4,3,0,21,15,39,37,37,1,0,37,4,0
725,1,0,0,22,13,40,37,40,0,1,13,0,1
725,3,0,2,21,9,40,38,40,0,1,9,0,3
725,4,0,3,21,15,39,37,39,0,1,15,0,4
726,1,0,0,15,-999999,36,-999999,-999999,1,0,-999999,1,0
726,3,2,0,20,19,36,31,31,1,0,31,3,0
726,4,3,0,20,14,37,37,37,1,0,37,4,0
726,5,4,0,21,23,30,26,26,1,0,26,5,0
726,6,5,0,20,-999999,31,-999999,-999999,1,0,-999999,6,0
726,1,0,0,15,-999999,36,-999999,36,0,1,-999999,0,1
726,3,0,2,20,19,36,31,36,0,1,19,0,3
726,4,0,3,20,14,37,37,37,0,1,14,0,4
726,5,0,4,21,23,30,26,30,0,1,23,0,5
726,6,0,5,20,-999999,31,-999999,31,0,1,-999999,0,6
727,1,0,0,12,18,38,36,36,1,0,36,1,0
727,3,2,0,10,12,38,36,36,1,0,36,3,0
727,4,3,0,15,23,34,30,30,1,0,30,4,0
727,5,4,0,24,26,28,22,22,1,0,22,5,0
727,6,5,0,22,25,32,25,25,1,0,25,6,0
727,1,0,0,12,18,38,36,38,0,1,18,0,1
727,3,0,2,10,12,38,36,38,0,1,12,0,3
727,4,0,3,15,23,34,30,34,0,1,23,0,4
727,5,0,4,24,26,28,22,28,0,1,26,0,5
727,6,0,5,22,25,32,25,32,0,1,25,0,6
728,1,0,0,21,-999999,38,-999999,-999999,1,0,-999999,1,0
728,3,2,0,12,-999999,38,-999999,-999999,1,0,-999999,3,0
728,1,0,0,21,-999999,38,-999999,38,0,1,-999999,0,1
728,3,0,2,12,-999999,38,-999999,38,0,1,-999999,0,3
729,1,0,0,23,18,40,38,38,1,0,38,1,0
729,3,2,0,27,20,39,37,37,1,0,37,3,0
729,4,3,0,28,16,39,38,38,1,0,38,4,0
729,5,4,0,19,-999999,38,-999999,-999999,1,0,-999999,5,0
729,6,5,0,26,21,36,36,36,1,0,36,6,0
729,1,0,0,23,18,40,38,40,0,1,18,0,1
729,3,0,2,27,20,39,37,39,0,1,20,0,3
729,4,0,3,28,16,39,38,39,0,1,16,0,4
729,5,0,4,19,-999999,38,-999999,38,0,1,-999999,0,5
729,6,0,5,26,21,36,36,36,0,1,21,0,6
730,1,0,0,17,22,40,38,38,1,0,38,1,0
730,3,2,0,23,16,37,38,38,1,0,38,3,0
730,4,3,0,15,18,39,38,38,1,0,38,4,0
730,5,4,0,13,13,37,37,37,1,0,37,5,0
730,6,5,0,20,18,35,39,39,1,0,39,6,0
730,1,0,0,17,22,40,38,40,0,1,22,0,1
730,3,0,2,23,16,37,38,37,0,1,16,0,3
730,4,0,3,15,18,39,38,39,0,1,18,0,4
730,5,0,4,13,13,37,37,37,0,1,13,0,5
730,6,0,5,20,18,35,39,35,0,1,18,0,6
731,1,0,0,7,-999999,39,-999999,-999999,1,0,-999999,1,0
731,3,2,0,7,8,40,39,39,1,0,39,3,0
731,4,3,0,7,9,38,34,34,1,0,34,4,0
731,5,4,0,10,11,36,35,35,1,0,35,5,0
731,6,5,0,9,9,35,33,33,1,0,33,6,0
731,1,0,0,7,-999999,39,-999999,39,0,1,-999999,0,1
731,3,0,2,7,8,40,39,40,0,1,8,0,3
731,4,0,3,7,9,38,34,38,0,1,9,0,4
731,5,0,4,10,11,36,35,36,0,1,11,0,5
731,6,0,5,9,9,35,33,35,0,1,9,0,6
732,1,0,0,8,13,40,35,35,1,0,35,1,0
732,3,2,0,8,12,40,36,36,1,0,36,3,0
732,4,3,0,7,15,40,35,35,1,0,35,4,0
732,5,4,0,8,12,40,36,36,1,0,36,5,0
732,6,5,0,8,11,40,36,36,1,0,36,6,0
732,1,0,0,8,13,40,35,40,0,1,13,0,1
732,3,0,2,8,12,40,36,40,0,1,12,0,3
732,4,0,3,7,15,40,35,40,0,1,15,0,4
732,5,0,4,8,12,40,36,40,0,1,12,0,5
732,6,0,5,8,11,40,36,40,0,1,11,0,6
733,1,0,0,22,20,37,37,37,1,0,37,1,0
733,3,2,0,20,18,37,30,30,1,0,30,3,0
733,4,3,0,20,20,36,25,25,1,0,25,4,0
733,5,4,0,20,20,38,27,27,1,0,27,5,0
733,6,5,0,18,19,35,24,24,1,0,24,6,0
733,1,0,0,22,20,37,37,37,0,1,20,0,1
733,3,0,2,20,18,37,30,37,0,1,18,0,3
733,4,0,3,20,20,36,25,36,0,1,20,0,4
733,5,0,4,20,20,38,27,38,0,1,20,0,5
733,6,0,5,18,19,35,24,35,0,1,19,0,6
734,1,0,0,7,-999999,40,-999999,-999999,1,0,-999999,1,0
734,3,2,0,12,14,39,27,27,1,0,27,3,0
734,4,3,0,7,12,40,33,33,1,0,33,4,0
734,5,4,0,11,13,40,32,32,1,0,32,5,0
734,6,5,0,8,13,40,31,31,1,0,31,6,0
734,1,0,0,7,-999999,40,-999999,40,0,1,-999999,0,1
734,3,0,2,12,14,39,27,39,0,1,14,0,3
734,4,0,3,7,12,40,33,40,0,1,12,0,4
734,5,0,4,11,13,40,32,40,0,1,13,0,5
734,6,0,5,8,13,40,31,40,0,1,13,0,6
735,1,0,0,16,25,39,33,33,1,0,33,1,0
735,3,2,0,26,25,36,31,31,1,0,31,3,0
735,4,3,0,19,-999999,38,-999999,-999999,1,0,-999999,4,0
735,5,4,0,10,23,40,35,35,1,0,35,5,0
735,6,5,0,10,26,40,36,36,1,0,36,6,0
735,1,0,0,16,25,39,33,39,0,1,25,0,1
735,3,0,2,26,25,36,31,36,0,1,25,0,3
735,4,0,3,19,-999999,38,-999999,38,0,1,-999999,0,4
735,5,0,4,10,23,40,35,40,0,1,23,0,5
735,6,0,5,10,26,40,36,40,0,1,26,0,6
736,1,0,0,20,14,34,39,39,1,0,39,1,0
736,3,2,0,27,13,22,35,35,1,0,35,3,0
736,4,3,0,27,11,22,38,38,1,0,38,4,0
736,5,4,0,27,11,25,36,36,1,0,36,5,0
736,6,5,0,24,11,12,37,37,1,0,37,6,0
736,1,0,0,20,14,34,39,34,0,1,14,0,1
736,3,0,2,27,13,22,35,22,0,1,13,0,3
736,4,0,3,27,11,22,38,22,0,1,11,0,4
736,5,0,4,27,11,25,36,25,0,1,11,0,5
736,6,0,5,24,11,12,37,12,0,1,11,0,6
737,1,0,0,22,14,37,39,39,1,0,39,1,0
737,3,2,0,28,14,30,33,33,1,0,33,3,0
737,4,3,0,28,23,31,30,30,1,0,30,4,0
737,5,4,0,28,12,28,36,36,1,0,36,5,0
737,6,5,0,26,22,30,29,29,1,0,29,6,0
737,1,0,0,22,14,37,39,37,0,1,14,0,1
737,3,0,2,28,14,30,33,30,0,1,14,0,3
737,4,0,3,28,23,31,30,31,0,1,23,0,4
737,5,0,4,28,12,28,36,28,0,1,12,0,5
737,6,0,5,26,22,30,29,30,0,1,22,0,6
738,1,0,0,12,10,39,38,38,1,0,38,1,0
738,3,2,0,12,10,40,39,39,1,0,39,3,0
738,4,3,0,14,16,40,33,33,1,0,33,4,0
738,5,4,0,10,16,38,36,36,1,0,36,5,0
738,6,5,0,10,-999999,37,-999999,-999999,1,0,-999999,6,0
738,1,0,0,12,10,39,38,39,0,1,10,0,1
738,3,0,2,12,10,40,39,40,0,1,10,0,3
738,4,0,3,14,16,40,33,40,0,1,16,0,4
738,5,0,4,10,16,38,36,38,0,1,16,0,5
738,6,0,5,10,-999999,37,-999999,37,0,1,-999999,0,6
739,1,0,0,24,19,39,33,33,1,0,33,1,0
739,3,2,0,23,12,40,33,33,1,0,33,3,0
739,5,4,0,24,-999999,38,-999999,-999999,1,0,-999999,5,0
739,6,5,0,-999999,18,-999999,32,32,1,0,32,6,0
739,1,0,0,24,19,39,33,39,0,1,19,0,1
739,3,0,2,23,12,40,33,40,0,1,12,0,3
739,5,0,4,24,-999999,38,-999999,38,0,1,-999999,0,5
739,6,0,5,-999999,18,-999999,32,-999999,0,1,18,0,6
740,1,0,0,24,-999999,36,-999999,-999999,1,0,-999999,1,0
740,3,2,0,18,13,36,38,38,1,0,38,3,0
740,4,3,0,19,-999999,34,-999999,-999999,1,0,-999999,4,0
740,5,4,0,20,13,34,35,35,1,0,35,5,0
740,6,5,0,26,16,37,35,35,1,0,35,6,0
740,1,0,0,24,-999999,36,-999999,36,0,1,-999999,0,1
740,3,0,2,18,13,36,38,36,0,1,13,0,3
740,4,0,3,19,-999999,34,-999999,34,0,1,-999999,0,4
740,5,0,4,20,13,34,35,34,0,1,13,0,5
740,6,0,5,26,16,37,35,37,0,1,16,0,6
741,1,0,0,17,7,36,40,40,1,0,40,1,0
741,3,2,0,17,7,36,40,40,1,0,40,3,0
741,4,3,0,17,11,35,39,39,1,0,39,4,0
741,5,4,0,11,8,35,38,38,1,0,38,5,0
741,6,5,0,12,7,37,39,39,1,0,39,6,0
741,1,0,0,17,7,36,40,36,0,1,7,0,1
741,3,0,2,17,7,36,40,36,0,1,7,0,3
741,4,0,3,17,11,35,39,35,0,1,11,0,4
741,5,0,4,11,8,35,38,35,0,1,8,0,5
741,6,0,5,12,7,37,39,37,0,1,7,0,6
742,1,0,0,16,18,39,39,39,1,0,39,1,0
742,3,2,0,17,14,36,37,37,1,0,37,3,0
742,4,3,0,19,20,38,36,36,1,0,36,4,0
742,5,4,0,16,17,36,37,37,1,0,37,5,0
742,6,5,0,16,16,37,36,36,1,0,36,6,0
742,1,0,0,16,18,39,39,39,0,1,18,0,1
742,3,0,2,17,14,36,37,36,0,1,14,0,3
742,4,0,3,19,20,38,36,38,0,1,20,0,4
742,5,0,4,16,17,36,37,36,0,1,17,0,5
742,6,0,5,16,16,37,36,37,0,1,16,0,6
743,1,0,0,19,-999999,39,-999999,-999999,1,0,-999999,1,0
743,3,2,0,20,18,38,33,33,1,0,33,3,0
743,4,3,0,18,16,40,34,34,1,0,34,4,0
743,5,4,0,18,18,40,31,31,1,0,31,5,0
743,6,5,0,16,22,40,35,35,1,0,35,6,0
743,1,0,0,19,-999999,39,-999999,39,0,1,-999999,0,1
743,3,0,2,20,18,38,33,38,0,1,18,0,3
743,4,0,3,18,16,40,34,40,0,1,16,0,4
743,5,0,4,18,18,40,31,40,0,1,18,0,5
743,6,0,5,16,22,40,35,40,0,1,22,0,6
744,1,0,0,18,-999999,40,-999999,-999999,1,0,-999999,1,0
744,3,2,0,15,-999999,38,-999999,-999999,1,0,-999999,3,0
744,4,3,0,10,-999999,40,-999999,-999999,1,0,-999999,4,0
744,5,4,0,20,-999999,37,-999999,-999999,1,0,-999999,5,0
744,6,5,0,13,-999999,35,-999999,-999999,1,0,-999999,6,0
744,1,0,0,18,-999999,40,-999999,40,0,1,-999999,0,1
744,3,0,2,15,-999999,38,-999999,38,0,1,-999999,0,3
744,4,0,3,10,-999999,40,-999999,40,0,1,-999999,0,4
744,5,0,4,20,-999999,37,-999999,37,0,1,-999999,0,5
744,6,0,5,13,-999999,35,-999999,35,0,1,-999999,0,6
745,1,0,0,-999999,22,-999999,29,29,1,0,29,1,0
745,1,0,0,-999999,22,-999999,29,-999999,0,1,22,0,1
746,1,0,0,17,12,37,39,39,1,0,39,1,0
746,3,2,0,26,22,36,33,33,1,0,33,3,0
746,4,3,0,23,16,32,40,40,1,0,40,4,0
746,6,5,0,24,14,35,39,39,1,0,39,6,0
746,1,0,0,17,12,37,39,37,0,1,12,0,1
746,3,0,2,26,22,36,33,36,0,1,22,0,3
746,4,0,3,23,16,32,40,32,0,1,16,0,4
746,6,0,5,24,14,35,39,35,0,1,14,0,6
747,1,0,0,17,15,39,34,34,1,0,34,1,0
747,3,2,0,21,8,36,34,34,1,0,34,3,0
747,4,3,0,20,16,37,33,33,1,0,33,4,0
747,5,4,0,21,12,39,30,30,1,0,30,5,0
747,6,5,0,24,19,33,36,36,1,0,36,6,0
747,1,0,0,17,15,39,34,39,0,1,15,0,1
747,3,0,2,21,8,36,34,36,0,1,8,0,3
747,4,0,3,20,16,37,33,37,0,1,16,0,4
747,5,0,4,21,12,39,30,39,0,1,12,0,5
747,6,0,5,24,19,33,36,33,0,1,19,0,6
748,1,0,0,22,12,29,31,31,1,0,31,1,0
748,3,2,0,26,18,28,29,29,1,0,29,3,0
748,4,3,0,20,14,29,26,26,1,0,26,4,0
748,5,4,0,20,14,33,28,28,1,0,28,5,0
748,6,5,0,22,-999999,27,-999999,-999999,1,0,-999999,6,0
748,1,0,0,22,12,29,31,29,0,1,12,0,1
748,3,0,2,26,18,28,29,28,0,1,18,0,3
748,4,0,3,20,14,29,26,29,0,1,14,0,4
748,5,0,4,20,14,33,28,33,0,1,14,0,5
748,6,0,5,22,-999999,27,-999999,27,0,1,-999999,0,6
749,1,0,0,18,15,35,33,33,1,0,33,1,0
749,3,2,0,13,20,39,25,25,1,0,25,3,0
749,4,3,0,20,23,39,25,25,1,0,25,4,0
749,5,4,0,19,28,34,18,18,1,0,18,5,0
749,6,5,0,21,23,36,19,19,1,0,19,6,0
749,1,0,0,18,15,35,33,35,0,1,15,0,1
749,3,0,2,13,20,39,25,39,0,1,20,0,3
749,4,0,3,20,23,39,25,39,0,1,23,0,4
749,5,0,4,19,28,34,18,34,0,1,28,0,5
749,6,0,5,21,23,36,19,36,0,1,23,0,6
750,1,0,0,11,-999999,39,-999999,-999999,1,0,-999999,1,0
750,3,2,0,17,11,31,33,33,1,0,33,3,0
750,1,0,0,11,-999999,39,-999999,39,0,1,-999999,0,1
750,3,0,2,17,11,31,33,31,0,1,11,0,3
751,1,0,0,13,9,40,36,36,1,0,36,1,0
751,3,2,0,16,15,40,40,40,1,0,40,3,0
751,4,3,0,12,12,40,36,36,1,0,36,4,0
751,5,4,0,18,20,40,39,39,1,0,39,5,0
751,6,5,0,18,10,40,39,39,1,0,39,6,0
751,1,0,0,13,9,40,36,40,0,1,9,0,1
751,3,0,2,16,15,40,40,40,0,1,15,0,3
751,4,0,3,12,12,40,36,40,0,1,12,0,4
751,5,0,4,18,20,40,39,40,0,1,20,0,5
751,6,0,5,18,10,40,39,40,0,1,10,0,6
752,1,0,0,8,14,40,36,36,1,0,36,1,0
752,3,2,0,12,17,32,40,40,1,0,40,3,0
752,4,3,0,10,11,37,40,40,1,0,40,4,0
752,5,4,0,11,17,34,38,38,1,0,38,5,0
752,6,5,0,7,11,39,36,36,1,0,36,6,0
752,1,0,0,8,14,40,36,40,0,1,14,0,1
752,3,0,2,12,17,32,40,32,0,1,17,0,3
752,4,0,3,10,11,37,40,37,0,1,11,0,4
752,5,0,4,11,17,34,38,34,0,1,17,0,5
752,6,0,5,7,11,39,36,39,0,1,11,0,6
753,1,0,0,29,13,35,36,36,1,0,36,1,0
753,3,2,0,22,20,37,34,34,1,0,34,3,0
753,4,3,0,18,24,38,26,26,1,0,26,4,0
753,5,4,0,22,12,38,35,35,1,0,35,5,0
753,6,5,0,24,27,34,15,15,1,0,15,6,0
753,1,0,0,29,13,35,36,35,0,1,13,0,1
753,3,0,2,22,20,37,34,37,0,1,20,0,3
753,4,0,3,18,24,38,26,38,0,1,24,0,4
753,5,0,4,22,12,38,35,38,0,1,12,0,5
753,6,0,5,24,27,34,15,34,0,1,27,0,6
754,1,0,0,9,-999999,39,-999999,-999999,1,0,-999999,1,0
754,3,2,0,12,-999999,40,-999999,-999999,1,0,-999999,3,0
754,4,3,0,10,-999999,40,-999999,-999999,1,0,-999999,4,0
754,5,4,0,7,9,38,36,36,1,0,36,5,0
754,6,5,0,8,10,39,31,31,1,0,31,6,0
754,1,0,0,9,-999999,39,-999999,39,0,1,-999999,0,1
754,3,0,2,12,-999999,40,-999999,40,0,1,-999999,0,3
754,4,0,3,10,-999999,40,-999999,40,0,1,-999999,0,4
754,5,0,4,7,9,38,36,38,0,1,9,0,5
754,6,0,5,8,10,39,31,39,0,1,10,0,6
755,1,0,0,13,19,40,36,36,1,0,36,1,0
755,3,2,0,14,18,38,36,36,1,0,36,3,0
755,4,3,0,15,21,35,36,36,1,0,36,4,0
755,5,4,0,12,15,36,34,34,1,0,34,5,0
755,6,5,0,14,14,38,39,39,1,0,39,6,0
755,1,0,0,13,19,40,36,40,0,1,19,0,1
755,3,0,2,14,18,38,36,38,0,1,18,0,3
755,4,0,3,15,21,35,36,35,0,1,21,0,4
755,5,0,4,12,15,36,34,36,0,1,15,0,5
755,6,0,5,14,14,38,39,38,0,1,14,0,6
756,1,0,0,12,17,40,31,31,1,0,31,1,0
756,3,2,0,10,15,40,34,34,1,0,34,3,0
756,4,3,0,13,13,40,27,27,1,0,27,4,0
756,5,4,0,9,15,40,28,28,1,0,28,5,0
756,6,5,0,11,14,40,32,32,1,0,32,6,0
756,1,0,0,12,17,40,31,40,0,1,17,0,1
756,3,0,2,10,15,40,34,40,0,1,15,0,3
756,4,0,3,13,13,40,27,40,0,1,13,0,4
756,5,0,4,9,15,40,28,40,0,1,15,0,5
756,6,0,5,11,14,40,32,40,0,1,14,0,6
757,1,0,0,9,-999999,40,-999999,-999999,1,0,-999999,1,0
757,3,2,0,12,9,36,37,37,1,0,37,3,0
757,4,3,0,8,9,40,37,37,1,0,37,4,0
757,5,4,0,13,12,40,39,39,1,0,39,5,0
757,6,5,0,12,14,40,39,39,1,0,39,6,0
757,1,0,0,9,-999999,40,-999999,40,0,1,-999999,0,1
757,3,0,2,12,9,36,37,36,0,1,9,0,3
757,4,0,3,8,9,40,37,40,0,1,9,0,4
757,5,0,4,13,12,40,39,40,0,1,12,0,5
757,6,0,5,12,14,40,39,40,0,1,14,0,6
758,1,0,0,15,-999999,38,-999999,-999999,1,0,-999999,1,0
758,3,2,0,11,17,39,37,37,1,0,37,3,0
758,4,3,0,7,11,40,37,37,1,0,37,4,0
758,5,4,0,9,13,38,37,37,1,0,37,5,0
758,6,5,0,8,17,37,32,32,1,0,32,6,0
758,1,0,0,15,-999999,38,-999999,38,0,1,-999999,0,1
758,3,0,2,11,17,39,37,39,0,1,17,0,3
758,4,0,3,7,11,40,37,40,0,1,11,0,4
758,5,0,4,9,13,38,37,38,0,1,13,0,5
758,6,0,5,8,17,37,32,37,0,1,17,0,6
759,1,0,0,27,-999999,33,-999999,-999999,1,0,-999999,1,0
759,3,2,0,26,19,37,36,36,1,0,36,3,0
759,4,3,0,24,-999999,39,-999999,-999999,1,0,-999999,4,0
759,5,4,0,22,18,40,37,37,1,0,37,5,0
759,6,5,0,24,16,37,39,39,1,0,39,6,0
759,1,0,0,27,-999999,33,-999999,33,0,1,-999999,0,1
759,3,0,2,26,19,37,36,37,0,1,19,0,3
759,4,0,3,24,-999999,39,-999999,39,0,1,-999999,0,4
759,5,0,4,22,18,40,37,40,0,1,18,0,5
759,6,0,5,24,16,37,39,37,0,1,16,0,6
760,1,0,0,18,-999999,40,-999999,-999999,1,0,-999999,1,0
760,3,2,0,18,-999999,40,-999999,-999999,1,0,-999999,3,0
760,4,3,0,14,-999999,40,-999999,-999999,1,0,-999999,4,0
760,5,4,0,18,-999999,40,-999999,-999999,1,0,-999999,5,0
760,6,5,0,11,-999999,40,-999999,-999999,1,0,-999999,6,0
760,1,0,0,18,-999999,40,-999999,40,0,1,-999999,0,1
760,3,0,2,18,-999999,40,-999999,40,0,1,-999999,0,3
760,4,0,3,14,-999999,40,-999999,40,0,1,-999999,0,4
760,5,0,4,18,-999999,40,-999999,40,0,1,-999999,0,5
760,6,0,5,11,-999999,40,-999999,40,0,1,-999999,0,6
761,1,0,0,16,8,40,40,40,1,0,40,1,0
761,3,2,0,23,16,40,40,40,1,0,40,3,0
761,4,3,0,15,21,40,35,35,1,0,35,4,0
761,5,4,0,18,23,40,39,39,1,0,39,5,0
761,1,0,0,16,8,40,40,40,0,1,8,0,1
761,3,0,2,23,16,40,40,40,0,1,16,0,3
761,4,0,3,15,21,40,35,40,0,1,21,0,4
761,5,0,4,18,23,40,39,40,0,1,23,0,5
762,3,2,0,17,13,36,36,36,1,0,36,3,0
762,4,3,0,21,11,36,37,37,1,0,37,4,0
762,5,4,0,15,13,35,35,35,1,0,35,5,0
762,6,5,0,26,12,32,38,38,1,0,38,6,0
762,3,0,2,17,13,36,36,36,0,1,13,0,3
762,4,0,3,21,11,36,37,36,0,1,11,0,4
762,5,0,4,15,13,35,35,35,0,1,13,0,5
762,6,0,5,26,12,32,38,32,0,1,12,0,6
763,1,0,0,22,11,40,40,40,1,0,40,1,0
763,3,2,0,18,17,38,40,40,1,0,40,3,0
763,4,3,0,24,16,37,39,39,1,0,39,4,0
763,5,4,0,24,12,38,38,38,1,0,38,5,0
763,6,5,0,23,14,38,36,36,1,0,36,6,0
763,1,0,0,22,11,40,40,40,0,1,11,0,1
763,3,0,2,18,17,38,40,38,0,1,17,0,3
763,4,0,3,24,16,37,39,37,0,1,16,0,4
763,5,0,4,24,12,38,38,38,0,1,12,0,5
763,6,0,5,23,14,38,36,38,0,1,14,0,6
764,1,0,0,17,-999999,35,-999999,-999999,1,0,-999999,1,0
764,1,0,0,17,-999999,35,-999999,35,0,1,-999999,0,1
765,1,0,0,14,15,35,29,29,1,0,29,1,0
765,3,2,0,22,13,36,33,33,1,0,33,3,0
765,4,3,0,12,15,39,34,34,1,0,34,4,0
765,5,4,0,12,16,33,36,36,1,0,36,5,0
765,6,5,0,17,19,33,29,29,1,0,29,6,0
765,1,0,0,14,15,35,29,35,0,1,15,0,1
765,3,0,2,22,13,36,33,36,0,1,13,0,3
765,4,0,3,12,15,39,34,39,0,1,15,0,4
765,5,0,4,12,16,33,36,33,0,1,16,0,5
765,6,0,5,17,19,33,29,33,0,1,19,0,6
766,1,0,0,18,9,38,38,38,1,0,38,1,0
766,3,2,0,20,18,39,38,38,1,0,38,3,0
766,4,3,0,16,14,39,40,40,1,0,40,4,0
766,5,4,0,18,16,35,34,34,1,0,34,5,0
766,6,5,0,18,18,37,32,32,1,0,32,6,0
766,1,0,0,18,9,38,38,38,0,1,9,0,1
766,3,0,2,20,18,39,38,39,0,1,18,0,3
766,4,0,3,16,14,39,40,39,0,1,14,0,4
766,5,0,4,18,16,35,34,35,0,1,16,0,5
766,6,0,5,18,18,37,32,37,0,1,18,0,6
767,1,0,0,7,-999999,36,-999999,-999999,1,0,-999999,1,0
767,3,2,0,9,-999999,40,-999999,-999999,1,0,-999999,3,0
767,4,3,0,7,-999999,40,-999999,-999999,1,0,-999999,4,0
767,5,4,0,7,-999999,40,-999999,-999999,1,0,-999999,5,0
767,6,5,0,7,-999999,40,-999999,-999999,1,0,-999999,6,0
767,1,0,0,7,-999999,36,-999999,36,0,1,-999999,0,1
767,3,0,2,9,-999999,40,-999999,40,0,1,-999999,0,3
767,4,0,3,7,-999999,40,-999999,40,0,1,-999999,0,4
767,5,0,4,7,-999999,40,-999999,40,0,1,-999999,0,5
767,6,0,5,7,-999999,40,-999999,40,0,1,-999999,0,6
768,1,0,0,8,-999999,38,-999999,-999999,1,0,-999999,1,0
768,3,2,0,13,-999999,37,-999999,-999999,1,0,-999999,3,0
768,4,3,0,12,-999999,38,-999999,-999999,1,0,-999999,4,0
768,5,4,0,9,12,38,30,30,1,0,30,5,0
768,6,5,0,11,-999999,39,-999999,-999999,1,0,-999999,6,0
768,1,0,0,8,-999999,38,-999999,38,0,1,-999999,0,1
768,3,0,2,13,-999999,37,-999999,37,0,1,-999999,0,3
768,4,0,3,12,-999999,38,-999999,38,0,1,-999999,0,4
768,5,0,4,9,12,38,30,38,0,1,12,0,5
768,6,0,5,11,-999999,39,-999999,39,0,1,-999999,0,6
769,3,2,0,9,26,35,31,31,1,0,31,3,0
769,4,3,0,12,32,29,35,35,1,0,35,4,0
769,6,5,0,14,31,34,22,22,1,0,22,6,0
769,3,0,2,9,26,35,31,35,0,1,26,0,3
769,4,0,3,12,32,29,35,29,0,1,32,0,4
769,6,0,5,14,31,34,22,34,0,1,31,0,6
770,1,0,0,14,-999999,35,-999999,-999999,1,0,-999999,1,0
770,4,3,0,16,12,35,34,34,1,0,34,4,0
770,5,4,0,17,-999999,30,-999999,-999999,1,0,-999999,5,0
770,6,5,0,15,-999999,35,-999999,-999999,1,0,-999999,6,0
770,1,0,0,14,-999999,35,-999999,35,0,1,-999999,0,1
770,4,0,3,16,12,35,34,35,0,1,12,0,4
770,5,0,4,17,-999999,30,-999999,30,0,1,-999999,0,5
770,6,0,5,15,-999999,35,-999999,35,0,1,-999999,0,6
771,1,0,0,7,-999999,40,-999999,-999999,1,0,-999999,1,0
771,3,2,0,10,7,32,32,32,1,0,32,3,0
771,4,3,0,10,10,36,40,40,1,0,40,4,0
771,5,4,0,11,8,39,35,35,1,0,35,5,0
771,6,5,0,11,8,37,33,33,1,0,33,6,0
771,1,0,0,7,-999999,40,-999999,40,0,1,-999999,0,1
771,3,0,2,10,7,32,32,32,0,1,7,0,3
771,4,0,3,10,10,36,40,36,0,1,10,0,4
771,5,0,4,11,8,39,35,39,0,1,8,0,5
771,6,0,5,11,8,37,33,37,0,1,8,0,6
772,1,0,0,25,15,35,39,39,1,0,39,1,0
772,4,3,0,25,18,30,38,38,1,0,38,4,0
772,5,4,0,29,19,36,40,40,1,0,40,5,0
772,6,5,0,27,17,35,38,38,1,0,38,6,0
772,1,0,0,25,15,35,39,35,0,1,15,0,1
772,4,0,3,25,18,30,38,30,0,1,18,0,4
772,5,0,4,29,19,36,40,36,0,1,19,0,5
772,6,0,5,27,17,35,38,35,0,1,17,0,6
773,1,0,0,7,9,36,36,36,1,0,36,1,0
773,3,2,0,8,-999999,40,-999999,-999999,1,0,-999999,3,0
773,4,3,0,8,13,40,37,37,1,0,37,4,0
773,5,4,0,11,11,40,31,31,1,0,31,5,0
773,6,5,0,12,15,40,35,35,1,0,35,6,0
773,1,0,0,7,9,36,36,36,0,1,9,0,1
773,3,0,2,8,-999999,40,-999999,40,0,1,-999999,0,3
773,4,0,3,8,13,40,37,40,0,1,13,0,4
773,5,0,4,11,11,40,31,40,0,1,11,0,5
773,6,0,5,12,15,40,35,40,0,1,15,0,6
774,1,0,0,13,14,38,38,38,1,0,38,1,0
774,3,2,0,14,-999999,39,-999999,-999999,1,0,-999999,3,0
774,5,4,0,20,-999999,36,-999999,-999999,1,0,-999999,5,0
774,6,5,0,17,-999999,38,-999999,-999999,1,0,-999999,6,0
774,1,0,0,13,14,38,38,38,0,1,14,0,1
774,3,0,2,14,-999999,39,-999999,39,0,1,-999999,0,3
774,5,0,4,20,-999999,36,-999999,36,0,1,-999999,0,5
774,6,0,5,17,-999999,38,-999999,38,0,1,-999999,0,6
775,1,0,0,11,-999999,34,-999999,-999999,1,0,-999999,1,0
775,3,2,0,13,-999999,39,-999999,-999999,1,0,-999999,3,0
775,4,3,0,11,-999999,39,-999999,-999999,1,0,-999999,4,0
775,5,4,0,17,-999999,38,-999999,-999999,1,0,-999999,5,0
775,6,5,0,17,-999999,35,-999999,-999999,1,0,-999999,6,0
775,1,0,0,11,-999999,34,-999999,34,0,1,-999999,0,1
775,3,0,2,13,-999999,39,-999999,39,0,1,-999999,0,3
775,4,0,3,11,-999999,39,-999999,39,0,1,-999999,0,4
775,5,0,4,17,-999999,38,-999999,38,0,1,-999999,0,5
775,6,0,5,17,-999999,35,-999999,35,0,1,-999999,0,6
776,1,0,0,17,7,39,35,35,1,0,35,1,0
776,3,2,0,19,7,39,39,39,1,0,39,3,0
776,4,3,0,25,17,39,37,37,1,0,37,4,0
776,5,4,0,29,11,38,33,33,1,0,33,5,0
776,6,5,0,27,-999999,39,-999999,-999999,1,0,-999999,6,0
776,1,0,0,17,7,39,35,39,0,1,7,0,1
776,3,0,2,19,7,39,39,39,0,1,7,0,3
776,4,0,3,25,17,39,37,39,0,1,17,0,4
776,5,0,4,29,11,38,33,38,0,1,11,0,5
776,6,0,5,27,-999999,39,-999999,39,0,1,-999999,0,6
777,1,0,0,7,9,40,40,40,1,0,40,1,0
777,4,3,0,8,13,40,35,35,1,0,35,4,0
777,5,4,0,12,12,40,38,38,1,0,38,5,0
777,6,5,0,14,8,38,30,30,1,0,30,6,0
777,1,0,0,7,9,40,40,40,0,1,9,0,1
777,4,0,3,8,13,40,35,40,0,1,13,0,4
777,5,0,4,12,12,40,38,40,0,1,12,0,5
777,6,0,5,14,8,38,30,38,0,1,8,0,6
778,1,0,0,12,14,39,40,40,1,0,40,1,0
778,3,2,0,14,20,39,37,37,1,0,37,3,0
778,4,3,0,9,15,34,32,32,1,0,32,4,0
778,5,4,0,13,17,39,34,34,1,0,34,5,0
778,6,5,0,12,19,36,33,33,1,0,33,6,0
778,1,0,0,12,14,39,40,39,0,1,14,0,1
778,3,0,2,14,20,39,37,39,0,1,20,0,3
778,4,0,3,9,15,34,32,34,0,1,15,0,4
778,5,0,4,13,17,39,34,39,0,1,17,0,5
778,6,0,5,12,19,36,33,36,0,1,19,0,6
779,1,0,0,22,-999999,36,-999999,-999999,1,0,-999999,1,0
779,3,2,0,29,-999999,38,-999999,-999999,1,0,-999999,3,0
779,4,3,0,20,21,39,38,38,1,0,38,4,0
779,5,4,0,16,21,39,38,38,1,0,38,5,0
779,6,5,0,19,-999999,36,-999999,-999999,1,0,-999999,6,0
779,1,0,0,22,-999999,36,-999999,36,0,1,-999999,0,1
779,3,0,2,29,-999999,38,-999999,38,0,1,-999999,0,3
779,4,0,3,20,21,39,38,39,0,1,21,0,4
779,5,0,4,16,21,39,38,39,0,1,21,0,5
779,6,0,5,19,-999999,36,-999999,36,0,1,-999999,0,6
780,1,0,0,12,14,40,38,38,1,0,38,1,0
780,3,2,0,13,17,40,38,38,1,0,38,3,0
780,4,3,0,-999999,12,-999999,37,37,1,0,37,4,0
780,5,4,0,22,23,37,35,35,1,0,35,5,0
780,6,5,0,22,-999999,38,-999999,-999999,1,0,-999999,6,0
780,1,0,0,12,14,40,38,40,0,1,14,0,1
780,3,0,2,13,17,40,38,40,0,1,17,0,3
780,4,0,3,-999999,12,-999999,37,-999999,0,1,12,0,4
780,5,0,4,22,23,37,35,37,0,1,23,0,5
780,6,0,5,22,-999999,38,-999999,38,0,1,-999999,0,6
781,1,0,0,7,-999999,35,-999999,-999999,1,0,-999999,1,0
781,3,2,0,7,9,39,34,34,1,0,34,3,0
781,4,3,0,7,8,40,36,36,1,0,36,4,0
781,5,4,0,9,8,40,32,32,1,0,32,5,0
781,6,5,0,7,-999999,39,-999999,-999999,1,0,-999999,6,0
781,1,0,0,7,-999999,35,-999999,35,0,1,-999999,0,1
781,3,0,2,7,9,39,34,39,0,1,9,0,3
781,4,0,3,7,8,40,36,40,0,1,8,0,4
781,5,0,4,9,8,40,32,40,0,1,8,0,5
781,6,0,5,7,-999999,39,-999999,39,0,1,-999999,0,6
782,1,0,0,20,23,36,26,26,1,0,26,1,0
782,3,2,0,22,-999999,37,-999999,-999999,1,0,-999999,3,0
782,4,3,0,23,-999999,36,-999999,-999999,1,0,-999999,4,0
782,5,4,0,21,-999999,36,-999999,-999999,1,0,-999999,5,0
782,6,5,0,15,-999999,36,-999999,-999999,1,0,-999999,6,0
782,1,0,0,20,23,36,26,36,0,1,23,0,1
782,3,0,2,22,-999999,37,-999999,37,0,1,-999999,0,3
782,4,0,3,23,-999999,36,-999999,36,0,1,-999999,0,4
782,5,0,4,21,-999999,36,-999999,36,0,1,-999999,0,5
782,6,0,5,15,-999999,36,-999999,36,0,1,-999999,0,6
783,1,0,0,18,21,37,33,33,1,0,33,1,0
783,3,2,0,17,24,38,33,33,1,0,33,3,0
783,4,3,0,21,18,36,34,34,1,0,34,4,0
783,5,4,0,17,18,37,33,33,1,0,33,5,0
783,6,5,0,16,20,33,32,32,1,0,32,6,0
783,1,0,0,18,21,37,33,37,0,1,21,0,1
783,3,0,2,17,24,38,33,38,0,1,24,0,3
783,4,0,3,21,18,36,34,36,0,1,18,0,4
783,5,0,4,17,18,37,33,37,0,1,18,0,5
783,6,0,5,16,20,33,32,33,0,1,20,0,6
784,1,0,0,7,-999999,39,-999999,-999999,1,0,-999999,1,0
784,3,2,0,13,10,37,35,35,1,0,35,3,0
784,4,3,0,11,11,36,33,33,1,0,33,4,0
784,5,4,0,12,8,37,35,35,1,0,35,5,0
784,6,5,0,14,9,36,33,33,1,0,33,6,0
784,1,0,0,7,-999999,39,-999999,39,0,1,-999999,0,1
784,3,0,2,13,10,37,35,37,0,1,10,0,3
784,4,0,3,11,11,36,33,36,0,1,11,0,4
784,5,0,4,12,8,37,35,37,0,1,8,0,5
784,6,0,5,14,9,36,33,36,0,1,9,0,6
785,1,0,0,7,-999999,40,-999999,-999999,1,0,-999999,1,0
785,3,2,0,8,12,40,39,39,1,0,39,3,0
785,4,3,0,7,7,40,40,40,1,0,40,4,0
785,5,4,0,18,20,33.142857,35,35,1,0,35,5,0
785,6,5,0,10,20,40,35,35,1,0,35,6,0
785,1,0,0,7,-999999,40,-999999,40,0,1,-999999,0,1
785,3,0,2,8,12,40,39,40,0,1,12,0,3
785,4,0,3,7,7,40,40,40,0,1,7,0,4
785,5,0,4,18,20,33.142857,35,33.142857,0,1,20,0,5
785,6,0,5,10,20,40,35,40,0,1,20,0,6
786,1,0,0,26,-999999,38,-999999,-999999,1,0,-999999,1,0
786,3,2,0,27,-999999,35,-999999,-999999,1,0,-999999,3,0
786,4,3,0,24,-999999,38,-999999,-999999,1,0,-999999,4,0
786,5,4,0,23,15,35,38,38,1,0,38,5,0
786,6,5,0,23,23,37,36,36,1,0,36,6,0
786,1,0,0,26,-999999,38,-999999,38,0,1,-999999,0,1
786,3,0,2,27,-999999,35,-999999,35,0,1,-999999,0,3
786,4,0,3,24,-999999,38,-999999,38,0,1,-999999,0,4
786,5,0,4,23,15,35,38,35,0,1,15,0,5
786,6,0,5,23,23,37,36,37,0,1,23,0,6
787,1,0,0,22,15,40,38,38,1,0,38,1,0
787,3,2,0,24,13,36,38,38,1,0,38,3,0
787,4,3,0,20,12,34,36,36,1,0,36,4,0
787,5,4,0,27,11,33,34,34,1,0,34,5,0
787,6,5,0,26,14,32,34,34,1,0,34,6,0
787,1,0,0,22,15,40,38,40,0,1,15,0,1
787,3,0,2,24,13,36,38,36,0,1,13,0,3
787,4,0,3,20,12,34,36,34,0,1,12,0,4
787,5,0,4,27,11,33,34,33,0,1,11,0,5
787,6,0,5,26,14,32,34,32,0,1,14,0,6
788,1,0,0,21,7,40,40,40,1,0,40,1,0
788,3,2,0,15,9,40,40,40,1,0,40,3,0
788,5,4,0,23,13,38,39,39,1,0,39,5,0
788,6,5,0,24,13,40,38,38,1,0,38,6,0
788,1,0,0,21,7,40,40,40,0,1,7,0,1
788,3,0,2,15,9,40,40,40,0,1,9,0,3
788,5,0,4,23,13,38,39,38,0,1,13,0,5
788,6,0,5,24,13,40,38,40,0,1,13,0,6
789,1,0,0,12,9,39,37,37,1,0,37,1,0
789,3,2,0,11,8,38,38,38,1,0,38,3,0
789,4,3,0,9,11,39,36,36,1,0,36,4,0
789,5,4,0,20,16,34,36,36,1,0,36,5,0
789,6,5,0,10,-999999,40,-999999,-999999,1,0,-999999,6,0
789,1,0,0,12,9,39,37,39,0,1,9,0,1
789,3,0,2,11,8,38,38,38,0,1,8,0,3
789,4,0,3,9,11,39,36,39,0,1,11,0,4
789,5,0,4,20,16,34,36,34,0,1,16,0,5
789,6,0,5,10,-999999,40,-999999,40,0,1,-999999,0,6
790,1,0,0,13,-999999,39,-999999,-999999,1,0,-999999,1,0
790,3,2,0,7,-999999,39,-999999,-999999,1,0,-999999,3,0
790,4,3,0,7,11,39,31,31,1,0,31,4,0
790,5,4,0,7,-999999,40,-999999,-999999,1,0,-999999,5,0
790,6,5,0,11,8,36,35,35,1,0,35,6,0
790,1,0,0,13,-999999,39,-999999,39,0,1,-999999,0,1
790,3,0,2,7,-999999,39,-999999,39,0,1,-999999,0,3
790,4,0,3,7,11,39,31,39,0,1,11,0,4
790,5,0,4,7,-999999,40,-999999,40,0,1,-999999,0,5
790,6,0,5,11,8,36,35,36,0,1,8,0,6
791,1,0,0,16,-999999,40,-999999,-999999,1,0,-999999,1,0
791,3,2,0,14,-999999,40,-999999,-999999,1,0,-999999,3,0
791,4,3,0,7,-999999,40,-999999,-999999,1,0,-999999,4,0
791,5,4,0,11,-999999,35,-999999,-999999,1,0,-999999,5,0
791,6,5,0,14,-999999,38,-999999,-999999,1,0,-999999,6,0
791,1,0,0,16,-999999,40,-999999,40,0,1,-999999,0,1
791,3,0,2,14,-999999,40,-999999,40,0,1,-999999,0,3
791,4,0,3,7,-999999,40,-999999,40,0,1,-999999,0,4
791,5,0,4,11,-999999,35,-999999,35,0,1,-999999,0,5
791,6,0,5,14,-999999,38,-999999,38,0,1,-999999,0,6
792,1,0,0,12,-999999,40,-999999,-999999,1,0,-999999,1,0
792,3,2,0,13,-999999,38,-999999,-999999,1,0,-999999,3,0
792,4,3,0,15,-999999,36,-999999,-999999,1,0,-999999,4,0
792,6,5,0,11,-999999,39,-999999,-999999,1,0,-999999,6,0
792,1,0,0,12,-999999,40,-999999,40,0,1,-999999,0,1
792,3,0,2,13,-999999,38,-999999,38,0,1,-999999,0,3
792,4,0,3,15,-999999,36,-999999,36,0,1,-999999,0,4
792,6,0,5,11,-999999,39,-999999,39,0,1,-999999,0,6
793,3,2,0,12,13,35,40,40,1,0,40,3,0
793,4,3,0,9,8,40,37,37,1,0,37,4,0
793,5,4,0,10,13,38,37,37,1,0,37,5,0
793,6,5,0,11,9,38,35,35,1,0,35,6,0
793,3,0,2,12,13,35,40,35,0,1,13,0,3
793,4,0,3,9,8,40,37,40,0,1,8,0,4
793,5,0,4,10,13,38,37,38,0,1,13,0,5
793,6,0,5,11,9,38,35,38,0,1,9,0,6
794,1,0,0,13,16,40,37,37,1,0,37,1,0
794,3,2,0,8,18,40,35,35,1,0,35,3,0
794,4,3,0,9,11,40,36,36,1,0,36,4,0
794,5,4,0,17,13,40,37,37,1,0,37,5,0
794,6,5,0,13,12,40,38,38,1,0,38,6,0
794,1,0,0,13,16,40,37,40,0,1,16,0,1
794,3,0,2,8,18,40,35,40,0,1,18,0,3
794,4,0,3,9,11,40,36,40,0,1,11,0,4
794,5,0,4,17,13,40,37,40,0,1,13,0,5
794,6,0,5,13,12,40,38,40,0,1,12,0,6
795,1,0,0,14,-999999,36,-999999,-999999,1,0,-999999,1,0
795,3,2,0,13,-999999,36,-999999,-999999,1,0,-999999,3,0
795,4,3,0,11,11,37,37,37,1,0,37,4,0
795,5,4,0,21,-999999,39,-999999,-999999,1,0,-999999,5,0
795,6,5,0,23,-999999,34,-999999,-999999,1,0,-999999,6,0
795,1,0,0,14,-999999,36,-999999,36,0,1,-999999,0,1
795,3,0,2,13,-999999,36,-999999,36,0,1,-999999,0,3
795,4,0,3,11,11,37,37,37,0,1,11,0,4
795,5,0,4,21,-999999,39,-999999,39,0,1,-999999,0,5
795,6,0,5,23,-999999,34,-999999,34,0,1,-999999,0,6
796,1,0,0,-999999,13,-999999,34,34,1,0,34,1,0
796,1,0,0,-999999,13,-999999,34,-999999,0,1,13,0,1
797,1,0,0,7,-999999,39,-999999,-999999,1,0,-999999,1,0
797,1,0,0,7,-999999,39,-999999,39,0,1,-999999,0,1
798,1,0,0,14,20,40,37,37,1,0,37,1,0
798,3,2,0,29,27,34,35,35,1,0,35,3,0
798,4,3,0,35,-999999,30,-999999,-999999,1,0,-999999,4,0
798,5,4,0,22,26,33,34,34,1,0,34,5,0
798,6,5,0,28,24,39,31,31,1,0,31,6,0
798,1,0,0,14,20,40,37,40,0,1,20,0,1
798,3,0,2,29,27,34,35,34,0,1,27,0,3
798,4,0,3,35,-999999,30,-999999,30,0,1,-999999,0,4
798,5,0,4,22,26,33,34,33,0,1,26,0,5
798,6,0,5,28,24,39,31,39,0,1,24,0,6
799,3,2,0,16,10,38,39,39,1,0,39,3,0
799,4,3,0,9,11,38,31,31,1,0,31,4,0
799,6,5,0,15,13,37,33,33,1,0,33,6,0
799,3,0,2,16,10,38,39,38,0,1,10,0,3
799,4,0,3,9,11,38,31,38,0,1,11,0,4
799,6,0,5,15,13,37,33,37,0,1,13,0,6
800,1,0,0,11,9,39,40,40,1,0,40,1,0
800,3,2,0,15,7,37,40,40,1,0,40,3,0
800,4,3,0,14,7,36,39,39,1,0,39,4,0
800,5,4,0,17,11,34,39,39,1,0,39,5,0
800,6,5,0,21,8,34,38,38,1,0,38,6,0
800,1,0,0,11,9,39,40,39,0,1,9,0,1
800,3,0,2,15,7,37,40,37,0,1,7,0,3
800,4,0,3,14,7,36,39,36,0,1,7,0,4
800,5,0,4,17,11,34,39,34,0,1,11,0,5
800,6,0,5,21,8,34,38,34,0,1,8,0,6
801,1,0,0,15,12,36,39,39,1,0,39,1,0
801,3,2,0,9,10,38,36,36,1,0,36,3,0
801,4,3,0,16,-999999,38,-999999,-999999,1,0,-999999,4,0
801,5,4,0,15,-999999,38,-999999,-999999,1,0,-999999,5,0
801,6,5,0,16,-999999,39,-999999,-999999,1,0,-999999,6,0
801,1,0,0,15,12,36,39,36,0,1,12,0,1
801,3,0,2,9,10,38,36,38,0,1,10,0,3
801,4,0,3,16,-999999,38,-999999,38,0,1,-999999,0,4
801,5,0,4,15,-999999,38,-999999,38,0,1,-999999,0,5
801,6,0,5,16,-999999,39,-999999,39,0,1,-999999,0,6
802,1,0,0,8,9,38,36,36,1,0,36,1,0
802,3,2,0,11,14,34,32,32,1,0,32,3,0
802,4,3,0,10,-999999,36,-999999,-999999,1,0,-999999,4,0
802,5,4,0,10,12,34,31,31,1,0,31,5,0
802,6,5,0,8,14,38,35,35,1,0,35,6,0
802,1,0,0,8,9,38,36,38,0,1,9,0,1
802,3,0,2,11,14,34,32,34,0,1,14,0,3
802,4,0,3,10,-999999,36,-999999,36,0,1,-999999,0,4
802,5,0,4,10,12,34,31,34,0,1,12,0,5
802,6,0,5,8,14,38,35,38,0,1,14,0,6
803,1,0,0,14,-999999,36,-999999,-999999,1,0,-999999,1,0
803,3,2,0,18,-999999,32,-999999,-999999,1,0,-999999,3,0
803,4,3,0,20,-999999,30,-999999,-999999,1,0,-999999,4,0
803,5,4,0,22,-999999,29,-999999,-999999,1,0,-999999,5,0
803,6,5,0,22,-999999,25,-999999,-999999,1,0,-999999,6,0
803,1,0,0,14,-999999,36,-999999,36,0,1,-999999,0,1
803,3,0,2,18,-999999,32,-999999,32,0,1,-999999,0,3
803,4,0,3,20,-999999,30,-999999,30,0,1,-999999,0,4
803,5,0,4,22,-999999,29,-999999,29,0,1,-999999,0,5
803,6,0,5,22,-999999,25,-999999,25,0,1,-999999,0,6
804,1,0,0,11,12,40,39,39,1,0,39,1,0
804,3,2,0,15,14,40,40,40,1,0,40,3,0
804,4,3,0,12,12,40,40,40,1,0,40,4,0
804,5,4,0,12,11,36,36,36,1,0,36,5,0
804,6,5,0,11,16,40,37,37,1,0,37,6,0
804,1,0,0,11,12,40,39,40,0,1,12,0,1
804,3,0,2,15,14,40,40,40,0,1,14,0,3
804,4,0,3,12,12,40,40,40,0,1,12,0,4
804,5,0,4,12,11,36,36,36,0,1,11,0,5
804,6,0,5,11,16,40,37,40,0,1,16,0,6
805,1,0,0,-999999,8,-999999,40,40,1,0,40,1,0
805,3,2,0,13,-999999,38,-999999,-999999,1,0,-999999,3,0
805,4,3,0,11,11,40,40,40,1,0,40,4,0
805,5,4,0,15,13,37,38,38,1,0,38,5,0
805,6,5,0,13,12,40,39,39,1,0,39,6,0
805,1,0,0,-999999,8,-999999,40,-999999,0,1,8,0,1
805,3,0,2,13,-999999,38,-999999,38,0,1,-999999,0,3
805,4,0,3,11,11,40,40,40,0,1,11,0,4
805,5,0,4,15,13,37,38,37,0,1,13,0,5
805,6,0,5,13,12,40,39,40,0,1,12,0,6
806,1,0,0,22,13,34,37,37,1,0,37,1,0
806,3,2,0,24,-999999,37,-999999,-999999,1,0,-999999,3,0
806,4,3,0,21,16,35,35,35,1,0,35,4,0
806,5,4,0,22,20,34,34,34,1,0,34,5,0
806,6,5,0,23,18,33,32,32,1,0,32,6,0
806,1,0,0,22,13,34,37,34,0,1,13,0,1
806,3,0,2,24,-999999,37,-999999,37,0,1,-999999,0,3
806,4,0,3,21,16,35,35,35,0,1,16,0,4
806,5,0,4,22,20,34,34,34,0,1,20,0,5
806,6,0,5,23,18,33,32,33,0,1,18,0,6
807,1,0,0,23,14,33,36,36,1,0,36,1,0
807,3,2,0,20,-999999,30,-999999,-999999,1,0,-999999,3,0
807,1,0,0,23,14,33,36,33,0,1,14,0,1
807,3,0,2,20,-999999,30,-999999,30,0,1,-999999,0,3
808,1,0,0,7,8,35,39,39,1,0,39,1,0
808,3,2,0,7,7,33,39,39,1,0,39,3,0
808,4,3,0,7,9,40,39,39,1,0,39,4,0
808,5,4,0,7,10,40,36,36,1,0,36,5,0
808,6,5,0,7,9,39,37,37,1,0,37,6,0
808,1,0,0,7,8,35,39,35,0,1,8,0,1
808,3,0,2,7,7,33,39,33,0,1,7,0,3
808,4,0,3,7,9,40,39,40,0,1,9,0,4
808,5,0,4,7,10,40,36,40,0,1,10,0,5
808,6,0,5,7,9,39,37,39,0,1,9,0,6
809,1,0,0,17,19,39,36,36,1,0,36,1,0
809,3,2,0,15,12,36,36,36,1,0,36,3,0
809,4,3,0,8,14,39,37,37,1,0,37,4,0
809,5,4,0,13,14,39,35,35,1,0,35,5,0
809,6,5,0,16,14,35,37,37,1,0,37,6,0
809,1,0,0,17,19,39,36,39,0,1,19,0,1
809,3,0,2,15,12,36,36,36,0,1,12,0,3
809,4,0,3,8,14,39,37,39,0,1,14,0,4
809,5,0,4,13,14,39,35,39,0,1,14,0,5
809,6,0,5,16,14,35,37,35,0,1,14,0,6
810,1,0,0,18,13,38,36,36,1,0,36,1,0
810,3,2,0,15,15,35,35,35,1,0,35,3,0
810,4,3,0,-999999,14,-999999,38,38,1,0,38,4,0
810,5,4,0,15,11,35,34,34,1,0,34,5,0
810,6,5,0,11,16,37,34,34,1,0,34,6,0
810,1,0,0,18,13,38,36,38,0,1,13,0,1
810,3,0,2,15,15,35,35,35,0,1,15,0,3
810,4,0,3,-999999,14,-999999,38,-999999,0,1,14,0,4
810,5,0,4,15,11,35,34,35,0,1,11,0,5
810,6,0,5,11,16,37,34,37,0,1,16,0,6
811,1,0,0,12,14,36,37,37,1,0,37,1,0
811,3,2,0,9,16,37,38,38,1,0,38,3,0
811,4,3,0,16,10,39,36,36,1,0,36,4,0
811,5,4,0,15,15,35,32,32,1,0,32,5,0
811,6,5,0,12,13,35,36,36,1,0,36,6,0
811,1,0,0,12,14,36,37,36,0,1,14,0,1
811,3,0,2,9,16,37,38,37,0,1,16,0,3
811,4,0,3,16,10,39,36,39,0,1,10,0,4
811,5,0,4,15,15,35,32,35,0,1,15,0,5
811,6,0,5,12,13,35,36,35,0,1,13,0,6
812,1,0,0,15,10,34,40,40,1,0,40,1,0
812,3,2,0,8,12,36,38,38,1,0,38,3,0
812,4,3,0,15,-999999,31,-999999,-999999,1,0,-999999,4,0
812,5,4,0,14,-999999,28,-999999,-999999,1,0,-999999,5,0
812,6,5,0,18,-999999,27,-999999,-999999,1,0,-999999,6,0
812,1,0,0,15,10,34,40,34,0,1,10,0,1
812,3,0,2,8,12,36,38,36,0,1,12,0,3
812,4,0,3,15,-999999,31,-999999,31,0,1,-999999,0,4
812,5,0,4,14,-999999,28,-999999,28,0,1,-999999,0,5
812,6,0,5,18,-999999,27,-999999,27,0,1,-999999,0,6
813,1,0,0,8,8,38,38,38,1,0,38,1,0
813,3,2,0,9,16,36,35,35,1,0,35,3,0
813,4,3,0,12,14,31,35,35,1,0,35,4,0
813,5,4,0,16,9,36,34,34,1,0,34,5,0
813,6,5,0,15,11,34,33,33,1,0,33,6,0
813,1,0,0,8,8,38,38,38,0,1,8,0,1
813,3,0,2,9,16,36,35,36,0,1,16,0,3
813,4,0,3,12,14,31,35,31,0,1,14,0,4
813,5,0,4,16,9,36,34,36,0,1,9,0,5
813,6,0,5,15,11,34,33,34,0,1,11,0,6
814,1,0,0,11,25,36,35,35,1,0,35,1,0
814,3,2,0,-999999,16,-999999,32,32,1,0,32,3,0
814,1,0,0,11,25,36,35,36,0,1,25,0,1
814,3,0,2,-999999,16,-999999,32,-999999,0,1,16,0,3
815,1,0,0,26,20,37,22,22,1,0,22,1,0
815,3,2,0,25,18,36,28,28,1,0,28,3,0
815,4,3,0,25,-999999,35,-999999,-999999,1,0,-999999,4,0
815,5,4,0,26,12,37,29,29,1,0,29,5,0
815,6,5,0,19,-999999,36,-999999,-999999,1,0,-999999,6,0
815,1,0,0,26,20,37,22,37,0,1,20,0,1
815,3,0,2,25,18,36,28,36,0,1,18,0,3
815,4,0,3,25,-999999,35,-999999,35,0,1,-999999,0,4
815,5,0,4,26,12,37,29,37,0,1,12,0,5
815,6,0,5,19,-999999,36,-999999,36,0,1,-999999,0,6
816,1,0,0,16,24,39,32,32,1,0,32,1,0
816,3,2,0,16,23,39,29,29,1,0,29,3,0
816,4,3,0,19,23,39,27.428571,27.428571,1,0,27.428571,4,0
816,5,4,0,17,25,39,28,28,1,0,28,5,0
816,6,5,0,13,-999999,39,-999999,-999999,1,0,-999999,6,0
816,1,0,0,16,24,39,32,39,0,1,24,0,1
816,3,0,2,16,23,39,29,39,0,1,23,0,3
816,4,0,3,19,23,39,27.428571,39,0,1,23,0,4
816,5,0,4,17,25,39,28,39,0,1,25,0,5
816,6,0,5,13,-999999,39,-999999,39,0,1,-999999,0,6
817,1,0,0,19,-999999,38,-999999,-999999,1,0,-999999,1,0
817,3,2,0,11,-999999,36,-999999,-999999,1,0,-999999,3,0
817,4,3,0,17,-999999,37,-999999,-999999,1,0,-999999,4,0
817,5,4,0,17,-999999,36,-999999,-999999,1,0,-999999,5,0
817,6,5,0,12,-999999,36,-999999,-999999,1,0,-999999,6,0
817,1,0,0,19,-999999,38,-999999,38,0,1,-999999,0,1
817,3,0,2,11,-999999,36,-999999,36,0,1,-999999,0,3
817,4,0,3,17,-999999,37,-999999,37,0,1,-999999,0,4
817,5,0,4,17,-999999,36,-999999,36,0,1,-999999,0,5
817,6,0,5,12,-999999,36,-999999,36,0,1,-999999,0,6
818,1,0,0,17,-999999,36,-999999,-999999,1,0,-999999,1,0
818,3,2,0,11,-999999,38,-999999,-999999,1,0,-999999,3,0
818,4,3,0,14,-999999,37,-999999,-999999,1,0,-999999,4,0
818,5,4,0,12,-999999,32,-999999,-999999,1,0,-999999,5,0
818,6,5,0,15,-999999,31,-999999,-999999,1,0,-999999,6,0
818,1,0,0,17,-999999,36,-999999,36,0,1,-999999,0,1
818,3,0,2,11,-999999,38,-999999,38,0,1,-999999,0,3
818,4,0,3,14,-999999,37,-999999,37,0,1,-999999,0,4
818,5,0,4,12,-999999,32,-999999,32,0,1,-999999,0,5
818,6,0,5,15,-999999,31,-999999,31,0,1,-999999,0,6
819,1,0,0,27,-999999,34,-999999,-999999,1,0,-999999,1,0
819,3,2,0,18,-999999,38,-999999,-999999,1,0,-999999,3,0
819,4,3,0,10,-999999,37,-999999,-999999,1,0,-999999,4,0
819,5,4,0,22,9,32,28,28,1,0,28,5,0
819,6,5,0,25,-999999,36,-999999,-999999,1,0,-999999,6,0
819,1,0,0,27,-999999,34,-999999,34,0,1,-999999,0,1
819,3,0,2,18,-999999,38,-999999,38,0,1,-999999,0,3
819,4,0,3,10,-999999,37,-999999,37,0,1,-999999,0,4
819,5,0,4,22,9,32,28,32,0,1,9,0,5
819,6,0,5,25,-999999,36,-999999,36,0,1,-999999,0,6
820,1,0,0,11,20,40,33,33,1,0,33,1,0
820,3,2,0,18,16,37,29,29,1,0,29,3,0
820,4,3,0,16,15,37,25,25,1,0,25,4,0
820,5,4,0,20,14,34,30,30,1,0,30,5,0
820,6,5,0,16,13,37,29,29,1,0,29,6,0
820,1,0,0,11,20,40,33,40,0,1,20,0,1
820,3,0,2,18,16,37,29,37,0,1,16,0,3
820,4,0,3,16,15,37,25,37,0,1,15,0,4
820,5,0,4,20,14,34,30,34,0,1,14,0,5
820,6,0,5,16,13,37,29,37,0,1,13,0,6
821,1,0,0,14,8,38,40,40,1,0,40,1,0
821,3,2,0,8,12,40,40,40,1,0,40,3,0
821,4,3,0,21,9,40,39,39,1,0,39,4,0
821,5,4,0,13,9,39,38,38,1,0,38,5,0
821,6,5,0,11,14,39,40,40,1,0,40,6,0
821,1,0,0,14,8,38,40,38,0,1,8,0,1
821,3,0,2,8,12,40,40,40,0,1,12,0,3
821,4,0,3,21,9,40,39,40,0,1,9,0,4
821,5,0,4,13,9,39,38,39,0,1,9,0,5
821,6,0,5,11,14,39,40,39,0,1,14,0,6
822,1,0,0,15,9,38,38,38,1,0,38,1,0
822,3,2,0,17,-999999,36,-999999,-999999,1,0,-999999,3,0
822,4,3,0,15,13,37,37,37,1,0,37,4,0
822,5,4,0,17,11,32,36,36,1,0,36,5,0
822,6,5,0,15,12,33,37,37,1,0,37,6,0
822,1,0,0,15,9,38,38,38,0,1,9,0,1
822,3,0,2,17,-999999,36,-999999,36,0,1,-999999,0,3
822,4,0,3,15,13,37,37,37,0,1,13,0,4
822,5,0,4,17,11,32,36,32,0,1,11,0,5
822,6,0,5,15,12,33,37,33,0,1,12,0,6
823,1,0,0,14,14,38,38,38,1,0,38,1,0
823,3,2,0,17,16,37,36,36,1,0,36,3,0
823,4,3,0,18,13,35,40,40,1,0,40,4,0
823,5,4,0,16,16,37,35,35,1,0,35,5,0
823,6,5,0,18,21,36,37,37,1,0,37,6,0
823,1,0,0,14,14,38,38,38,0,1,14,0,1
823,3,0,2,17,16,37,36,37,0,1,16,0,3
823,4,0,3,18,13,35,40,35,0,1,13,0,4
823,5,0,4,16,16,37,35,37,0,1,16,0,5
823,6,0,5,18,21,36,37,36,0,1,21,0,6
824,1,0,0,7,7,39,31,31,1,0,31,1,0
824,3,2,0,7,-999999,40,-999999,-999999,1,0,-999999,3,0
824,4,3,0,7,-999999,39,-999999,-999999,1,0,-999999,4,0
824,5,4,0,7,17,40,39,39,1,0,39,5,0
824,6,5,0,7,-999999,40,-999999,-999999,1,0,-999999,6,0
824,1,0,0,7,7,39,31,39,0,1,7,0,1
824,3,0,2,7,-999999,40,-999999,40,0,1,-999999,0,3
824,4,0,3,7,-999999,39,-999999,39,0,1,-999999,0,4
824,5,0,4,7,17,40,39,40,0,1,17,0,5
824,6,0,5,7,-999999,40,-999999,40,0,1,-999999,0,6
825,3,2,0,23,-999999,29,-999999,-999999,1,0,-999999,3,0
825,4,3,0,17,-999999,19,-999999,-999999,1,0,-999999,4,0
825,5,4,0,20,19,20,28,28,1,0,28,5,0
825,6,5,0,21,12,38,38,38,1,0,38,6,0
825,3,0,2,23,-999999,29,-999999,29,0,1,-999999,0,3
825,4,0,3,17,-999999,19,-999999,19,0,1,-999999,0,4
825,5,0,4,20,19,20,28,20,0,1,19,0,5
825,6,0,5,21,12,38,38,38,0,1,12,0,6
826,1,0,0,16,20,40,36,36,1,0,36,1,0
826,3,2,0,16,16,38,35,35,1,0,35,3,0
826,4,3,0,14,19,39,35,35,1,0,35,4,0
826,5,4,0,23,17,37,28,28,1,0,28,5,0
826,6,5,0,21,18,36,32,32,1,0,32,6,0
826,1,0,0,16,20,40,36,40,0,1,20,0,1
826,3,0,2,16,16,38,35,38,0,1,16,0,3
826,4,0,3,14,19,39,35,39,0,1,19,0,4
826,5,0,4,23,17,37,28,37,0,1,17,0,5
826,6,0,5,21,18,36,32,36,0,1,18,0,6
827,1,0,0,14,-999999,39,-999999,-999999,1,0,-999999,1,0
827,3,2,0,13,14,34,32,32,1,0,32,3,0
827,5,4,0,17,-999999,38,-999999,-999999,1,0,-999999,5,0
827,1,0,0,14,-999999,39,-999999,39,0,1,-999999,0,1
827,3,0,2,13,14,34,32,34,0,1,14,0,3
827,5,0,4,17,-999999,38,-999999,38,0,1,-999999,0,5
828,1,0,0,20,-999999,28,-999999,-999999,1,0,-999999,1,0
828,3,2,0,13,15,35,29,29,1,0,29,3,0
828,4,3,0,16,16,29,35,35,1,0,35,4,0
828,5,4,0,20,21,32,22,22,1,0,22,5,0
828,6,5,0,22,16.333333,28,33,33,1,0,33,6,0
828,1,0,0,20,-999999,28,-999999,28,0,1,-999999,0,1
828,3,0,2,13,15,35,29,35,0,1,15,0,3
828,4,0,3,16,16,29,35,29,0,1,16,0,4
828,5,0,4,20,21,32,22,32,0,1,21,0,5
828,6,0,5,22,16.333333,28,33,28,0,1,16.333333,0,6
829,1,0,0,17,15,38,39,39,1,0,39,1,0
829,3,2,0,15,13,37,37,37,1,0,37,3,0
829,4,3,0,23,-999999,38,-999999,-999999,1,0,-999999,4,0
829,1,0,0,17,15,38,39,38,0,1,15,0,1
829,3,0,2,15,13,37,37,37,0,1,13,0,3
829,4,0,3,23,-999999,38,-999999,38,0,1,-999999,0,4
830,1,0,0,14,-999999,36,-999999,-999999,1,0,-999999,1,0
830,3,2,0,12,10,32,32,32,1,0,32,3,0
830,4,3,0,14,-999999,36,-999999,-999999,1,0,-999999,4,0
830,5,4,0,11,12,35,33,33,1,0,33,5,0
830,6,5,0,16,11,28,31,31,1,0,31,6,0
830,1,0,0,14,-999999,36,-999999,36,0,1,-999999,0,1
830,3,0,2,12,10,32,32,32,0,1,10,0,3
830,4,0,3,14,-999999,36,-999999,36,0,1,-999999,0,4
830,5,0,4,11,12,35,33,35,0,1,12,0,5
830,6,0,5,16,11,28,31,28,0,1,11,0,6
831,1,0,0,12,17,37,37,37,1,0,37,1,0
831,3,2,0,8,10,38,39,39,1,0,39,3,0
831,4,3,0,14,-999999,39,-999999,-999999,1,0,-999999,4,0
831,5,4,0,8,11,40,33,33,1,0,33,5,0
831,6,5,0,10,17,40,33,33,1,0,33,6,0
831,1,0,0,12,17,37,37,37,0,1,17,0,1
831,3,0,2,8,10,38,39,38,0,1,10,0,3
831,4,0,3,14,-999999,39,-999999,39,0,1,-999999,0,4
831,5,0,4,8,11,40,33,40,0,1,11,0,5
831,6,0,5,10,17,40,33,40,0,1,17,0,6
832,1,0,0,26,-999999,32,-999999,-999999,1,0,-999999,1,0
832,3,2,0,32,-999999,27,-999999,-999999,1,0,-999999,3,0
832,4,3,0,34,-999999,18,-999999,-999999,1,0,-999999,4,0
832,5,4,0,27,14,30,37,37,1,0,37,5,0
832,6,5,0,32,-999999,20,-999999,-999999,1,0,-999999,6,0
832,1,0,0,26,-999999,32,-999999,32,0,1,-999999,0,1
832,3,0,2,32,-999999,27,-999999,27,0,1,-999999,0,3
832,4,0,3,34,-999999,18,-999999,18,0,1,-999999,0,4
832,5,0,4,27,14,30,37,30,0,1,14,0,5
832,6,0,5,32,-999999,20,-999999,20,0,1,-999999,0,6
833,1,0,0,10,10,40,39,39,1,0,39,1,0
833,3,2,0,8,11,40,35,35,1,0,35,3,0
833,4,3,0,11,10,39,36,36,1,0,36,4,0
833,5,4,0,9,-999999,39,-999999,-999999,1,0,-999999,5,0
833,6,5,0,17,12,35,36,36,1,0,36,6,0
833,1,0,0,10,10,40,39,40,0,1,10,0,1
833,3,0,2,8,11,40,35,40,0,1,11,0,3
833,4,0,3,11,10,39,36,39,0,1,10,0,4
833,5,0,4,9,-999999,39,-999999,39,0,1,-999999,0,5
833,6,0,5,17,12,35,36,35,0,1,12,0,6
834,1,0,0,13,13,40,38,38,1,0,38,1,0
834,3,2,0,9,11,36,34,34,1,0,34,3,0
834,4,3,0,14,15,38,34,34,1,0,34,4,0
834,5,4,0,10,13,36,35,35,1,0,35,5,0
834,6,5,0,14,17,36,31,31,1,0,31,6,0
834,1,0,0,13,13,40,38,40,0,1,13,0,1
834,3,0,2,9,11,36,34,36,0,1,11,0,3
834,4,0,3,14,15,38,34,38,0,1,15,0,4
834,5,0,4,10,13,36,35,36,0,1,13,0,5
834,6,0,5,14,17,36,31,36,0,1,17,0,6
835,1,0,0,13,14,39,38,38,1,0,38,1,0
835,3,2,0,21,20,39,35,35,1,0,35,3,0
835,4,3,0,21,15,38,37,37,1,0,37,4,0
835,5,4,0,22,-999999,39,-999999,-999999,1,0,-999999,5,0
835,6,5,0,22,-999999,40,-999999,-999999,1,0,-999999,6,0
835,1,0,0,13,14,39,38,39,0,1,14,0,1
835,3,0,2,21,20,39,35,39,0,1,20,0,3
835,4,0,3,21,15,38,37,38,0,1,15,0,4
835,5,0,4,22,-999999,39,-999999,39,0,1,-999999,0,5
835,6,0,5,22,-999999,40,-999999,40,0,1,-999999,0,6
836,1,0,0,7,13,40,37,37,1,0,37,1,0
836,3,2,0,7,14,36,36,36,1,0,36,3,0
836,4,3,0,10,15,40,36,36,1,0,36,4,0
836,5,4,0,12,12,40,36,36,1,0,36,5,0
836,6,5,0,20,24,39,32,32,1,0,32,6,0
836,1,0,0,7,13,40,37,40,0,1,13,0,1
836,3,0,2,7,14,36,36,36,0,1,14,0,3
836,4,0,3,10,15,40,36,40,0,1,15,0,4
836,5,0,4,12,12,40,36,40,0,1,12,0,5
836,6,0,5,20,24,39,32,39,0,1,24,0,6
837,1,0,0,7,-999999,40,-999999,-999999,1,0,-999999,1,0
837,3,2,0,7,-999999,40,-999999,-999999,1,0,-999999,3,0
837,4,3,0,8,-999999,38,-999999,-999999,1,0,-999999,4,0
837,5,4,0,8,-999999,37,-999999,-999999,1,0,-999999,5,0
837,6,5,0,7,-999999,40,-999999,-999999,1,0,-999999,6,0
837,1,0,0,7,-999999,40,-999999,40,0,1,-999999,0,1
837,3,0,2,7,-999999,40,-999999,40,0,1,-999999,0,3
837,4,0,3,8,-999999,38,-999999,38,0,1,-999999,0,4
837,5,0,4,8,-999999,37,-999999,37,0,1,-999999,0,5
837,6,0,5,7,-999999,40,-999999,40,0,1,-999999,0,6
838,1,0,0,27,20,38,36,36,1,0,36,1,0
838,3,2,0,30,26,35,32,32,1,0,32,3,0
838,4,3,0,28,21,37,31,31,1,0,31,4,0
838,5,4,0,29,28,36,29,29,1,0,29,5,0
838,6,5,0,29,-999999,32,-999999,-999999,1,0,-999999,6,0
838,1,0,0,27,20,38,36,38,0,1,20,0,1
838,3,0,2,30,26,35,32,35,0,1,26,0,3
838,4,0,3,28,21,37,31,37,0,1,21,0,4
838,5,0,4,29,28,36,29,36,0,1,28,0,5
838,6,0,5,29,-999999,32,-999999,32,0,1,-999999,0,6
839,1,0,0,15,15,37,36,36,1,0,36,1,0
839,3,2,0,22,17,36,29,29,1,0,29,3,0
839,4,3,0,22,18,36,36,36,1,0,36,4,0
839,5,4,0,22,26,35,35,35,1,0,35,5,0
839,6,5,0,20,19,37,36,36,1,0,36,6,0
839,1,0,0,15,15,37,36,37,0,1,15,0,1
839,3,0,2,22,17,36,29,36,0,1,17,0,3
839,4,0,3,22,18,36,36,36,0,1,18,0,4
839,5,0,4,22,26,35,35,35,0,1,26,0,5
839,6,0,5,20,19,37,36,37,0,1,19,0,6
840,1,0,0,11,10,36,40,40,1,0,40,1,0
840,3,2,0,19,10,39,37,37,1,0,37,3,0
840,4,3,0,13,19,40,36,36,1,0,36,4,0
840,5,4,0,11,16,40,34,34,1,0,34,5,0
840,6,5,0,16,13,40,37,37,1,0,37,6,0
840,1,0,0,11,10,36,40,36,0,1,10,0,1
840,3,0,2,19,10,39,37,39,0,1,10,0,3
840,4,0,3,13,19,40,36,40,0,1,19,0,4
840,5,0,4,11,16,40,34,40,0,1,16,0,5
840,6,0,5,16,13,40,37,40,0,1,13,0,6
841,4,3,0,20,20,38,38,38,1,0,38,4,0
841,5,4,0,23,-999999,39,-999999,-999999,1,0,-999999,5,0
841,4,0,3,20,20,38,38,38,0,1,20,0,4
841,5,0,4,23,-999999,39,-999999,39,0,1,-999999,0,5
842,1,0,0,18,12,37,38,38,1,0,38,1,0
842,3,2,0,18,15,34,38,38,1,0,38,3,0
842,4,3,0,16,13,36,38,38,1,0,38,4,0
842,5,4,0,17,14,34,36,36,1,0,36,5,0
842,6,5,0,14,9,39,36,36,1,0,36,6,0
842,1,0,0,18,12,37,38,37,0,1,12,0,1
842,3,0,2,18,15,34,38,34,0,1,15,0,3
842,4,0,3,16,13,36,38,36,0,1,13,0,4
842,5,0,4,17,14,34,36,34,0,1,14,0,5
842,6,0,5,14,9,39,36,39,0,1,9,0,6
843,1,0,0,16,12,37,39,39,1,0,39,1,0
843,3,2,0,18,16,36,39,39,1,0,39,3,0
843,4,3,0,20,11,36,39,39,1,0,39,4,0
843,5,4,0,19,13,36,37,37,1,0,37,5,0
843,6,5,0,16,18,35,40,40,1,0,40,6,0
843,1,0,0,16,12,37,39,37,0,1,12,0,1
843,3,0,2,18,16,36,39,36,0,1,16,0,3
843,4,0,3,20,11,36,39,36,0,1,11,0,4
843,5,0,4,19,13,36,37,36,0,1,13,0,5
843,6,0,5,16,18,35,40,35,0,1,18,0,6
844,1,0,0,15,11,36,40,40,1,0,40,1,0
844,4,3,0,14,15,38,37,37,1,0,37,4,0
844,1,0,0,15,11,36,40,36,0,1,11,0,1
844,4,0,3,14,15,38,37,38,0,1,15,0,4
845,4,3,0,21,15,38,35,35,1,0,35,4,0
845,5,4,0,16,14,40,35,35,1,0,35,5,0
845,6,5,0,9,18,40,35,35,1,0,35,6,0
845,4,0,3,21,15,38,35,38,0,1,15,0,4
845,5,0,4,16,14,40,35,40,0,1,14,0,5
845,6,0,5,9,18,40,35,40,0,1,18,0,6
846,1,0,0,11,-999999,38,-999999,-999999,1,0,-999999,1,0
846,3,2,0,14,11,37,28,28,1,0,28,3,0
846,4,3,0,11,13,35,29,29,1,0,29,4,0
846,5,4,0,11,19,37,28,28,1,0,28,5,0
846,6,5,0,14,16,33,27,27,1,0,27,6,0
846,1,0,0,11,-999999,38,-999999,38,0,1,-999999,0,1
846,3,0,2,14,11,37,28,37,0,1,11,0,3
846,4,0,3,11,13,35,29,35,0,1,13,0,4
846,5,0,4,11,19,37,28,37,0,1,19,0,5
846,6,0,5,14,16,33,27,33,0,1,16,0,6
847,1,0,0,16,15,38,38,38,1,0,38,1,0
847,3,2,0,14,12,39,35,35,1,0,35,3,0
847,4,3,0,19,9,36,38,38,1,0,38,4,0
847,5,4,0,15,15,34,36,36,1,0,36,5,0
847,6,5,0,17,13,40,38,38,1,0,38,6,0
847,1,0,0,16,15,38,38,38,0,1,15,0,1
847,3,0,2,14,12,39,35,39,0,1,12,0,3
847,4,0,3,19,9,36,38,36,0,1,9,0,4
847,5,0,4,15,15,34,36,34,0,1,15,0,5
847,6,0,5,17,13,40,38,40,0,1,13,0,6
848,1,0,0,14,24,33,35,35,1,0,35,1,0
848,3,2,0,28,25,37,36,36,1,0,36,3,0
848,4,3,0,28,21,34,36,36,1,0,36,4,0
848,5,4,0,24,16,36,33,33,1,0,33,5,0
848,6,5,0,26,20,36,31,31,1,0,31,6,0
848,1,0,0,14,24,33,35,33,0,1,24,0,1
848,3,0,2,28,25,37,36,37,0,1,25,0,3
848,4,0,3,28,21,34,36,34,0,1,21,0,4
848,5,0,4,24,16,36,33,36,0,1,16,0,5
848,6,0,5,26,20,36,31,36,0,1,20,0,6
849,1,0,0,22,-999999,33,-999999,-999999,1,0,-999999,1,0
849,3,2,0,29,-999999,33,-999999,-999999,1,0,-999999,3,0
849,4,3,0,25,18,24,32,32,1,0,32,4,0
849,5,4,0,21,-999999,26,-999999,-999999,1,0,-999999,5,0
849,6,5,0,19,11,25,37,37,1,0,37,6,0
849,1,0,0,22,-999999,33,-999999,33,0,1,-999999,0,1
849,3,0,2,29,-999999,33,-999999,33,0,1,-999999,0,3
849,4,0,3,25,18,24,32,24,0,1,18,0,4
849,5,0,4,21,-999999,26,-999999,26,0,1,-999999,0,5
849,6,0,5,19,11,25,37,25,0,1,11,0,6
850,1,0,0,9,8,38,38,38,1,0,38,1,0
850,3,2,0,11,-999999,31,-999999,-999999,1,0,-999999,3,0
850,5,4,0,15,10,29,34,34,1,0,34,5,0
850,6,5,0,21,18,31,33,33,1,0,33,6,0
850,1,0,0,9,8,38,38,38,0,1,8,0,1
850,3,0,2,11,-999999,31,-999999,31,0,1,-999999,0,3
850,5,0,4,15,10,29,34,29,0,1,10,0,5
850,6,0,5,21,18,31,33,31,0,1,18,0,6
851,1,0,0,20,14,36,32,32,1,0,32,1,0
851,3,2,0,22,16,35,38,38,1,0,38,3,0
851,4,3,0,24,13,37,36,36,1,0,36,4,0
851,5,4,0,25,21,36,38,38,1,0,38,5,0
851,6,5,0,24,15,35,40,40,1,0,40,6,0
851,1,0,0,20,14,36,32,36,0,1,14,0,1
851,3,0,2,22,16,35,38,35,0,1,16,0,3
851,4,0,3,24,13,37,36,37,0,1,13,0,4
851,5,0,4,25,21,36,38,36,0,1,21,0,5
851,6,0,5,24,15,35,40,35,0,1,15,0,6
852,1,0,0,17,8,32,38,38,1,0,38,1,0
852,3,2,0,10,10,32,33,33,1,0,33,3,0
852,4,3,0,8,-999999,33,-999999,-999999,1,0,-999999,4,0
852,5,4,0,11,-999999,29,-999999,-999999,1,0,-999999,5,0
852,6,5,0,16,19,29,33,33,1,0,33,6,0
852,1,0,0,17,8,32,38,32,0,1,8,0,1
852,3,0,2,10,10,32,33,32,0,1,10,0,3
852,4,0,3,8,-999999,33,-999999,33,0,1,-999999,0,4
852,5,0,4,11,-999999,29,-999999,29,0,1,-999999,0,5
852,6,0,5,16,19,29,33,29,0,1,19,0,6
853,1,0,0,13,13,35,40,40,1,0,40,1,0
853,3,2,0,14,12,40,37,37,1,0,37,3,0
853,4,3,0,18,13,38,38,38,1,0,38,4,0
853,5,4,0,17,14,37,38,38,1,0,38,5,0
853,6,5,0,16,17,36,33,33,1,0,33,6,0
853,1,0,0,13,13,35,40,35,0,1,13,0,1
853,3,0,2,14,12,40,37,40,0,1,12,0,3
853,4,0,3,18,13,38,38,38,0,1,13,0,4
853,5,0,4,17,14,37,38,37,0,1,14,0,5
853,6,0,5,16,17,36,33,36,0,1,17,0,6
854,1,0,0,7,-999999,37,-999999,-999999,1,0,-999999,1,0
854,3,2,0,8,-999999,40,-999999,-999999,1,0,-999999,3,0
854,4,3,0,10,-999999,39,-999999,-999999,1,0,-999999,4,0
854,5,4,0,10,-999999,40,-999999,-999999,1,0,-999999,5,0
854,6,5,0,13,-999999,40,-999999,-999999,1,0,-999999,6,0
854,1,0,0,7,-999999,37,-999999,37,0,1,-999999,0,1
854,3,0,2,8,-999999,40,-999999,40,0,1,-999999,0,3
854,4,0,3,10,-999999,39,-999999,39,0,1,-999999,0,4
854,5,0,4,10,-999999,40,-999999,40,0,1,-999999,0,5
854,6,0,5,13,-999999,40,-999999,40,0,1,-999999,0,6
855,1,0,0,24,-999999,33,-999999,-999999,1,0,-999999,1,0
855,3,2,0,23,-999999,37,-999999,-999999,1,0,-999999,3,0
855,4,3,0,32,-999999,38,-999999,-999999,1,0,-999999,4,0
855,5,4,0,29,-999999,38,-999999,-999999,1,0,-999999,5,0
855,6,5,0,18,-999999,33,-999999,-999999,1,0,-999999,6,0
855,1,0,0,24,-999999,33,-999999,33,0,1,-999999,0,1
855,3,0,2,23,-999999,37,-999999,37,0,1,-999999,0,3
855,4,0,3,32,-999999,38,-999999,38,0,1,-999999,0,4
855,5,0,4,29,-999999,38,-999999,38,0,1,-999999,0,5
855,6,0,5,18,-999999,33,-999999,33,0,1,-999999,0,6
856,1,0,0,15,10,31,36,36,1,0,36,1,0
856,3,2,0,9,7,37,39,39,1,0,39,3,0
856,4,3,0,11,7,37,36,36,1,0,36,4,0
856,5,4,0,13,10,36,35,35,1,0,35,5,0
856,6,5,0,7,7,35,34,34,1,0,34,6,0
856,1,0,0,15,10,31,36,31,0,1,10,0,1
856,3,0,2,9,7,37,39,37,0,1,7,0,3
856,4,0,3,11,7,37,36,37,0,1,7,0,4
856,5,0,4,13,10,36,35,36,0,1,10,0,5
856,6,0,5,7,7,35,34,35,0,1,7,0,6
857,1,0,0,19,-999999,40,-999999,-999999,1,0,-999999,1,0
857,4,3,0,23,-999999,38,-999999,-999999,1,0,-999999,4,0
857,5,4,0,19,-999999,38,-999999,-999999,1,0,-999999,5,0
857,1,0,0,19,-999999,40,-999999,40,0,1,-999999,0,1
857,4,0,3,23,-999999,38,-999999,38,0,1,-999999,0,4
857,5,0,4,19,-999999,38,-999999,38,0,1,-999999,0,5
858,1,0,0,7,12,40,37,37,1,0,37,1,0
858,3,2,0,14,18,40,36,36,1,0,36,3,0
858,4,3,0,16,18,38,35,35,1,0,35,4,0
858,5,4,0,18,15,39,31,31,1,0,31,5,0
858,6,5,0,8,16,40,36,36,1,0,36,6,0
858,1,0,0,7,12,40,37,40,0,1,12,0,1
858,3,0,2,14,18,40,36,40,0,1,18,0,3
858,4,0,3,16,18,38,35,38,0,1,18,0,4
858,5,0,4,18,15,39,31,39,0,1,15,0,5
858,6,0,5,8,16,40,36,40,0,1,16,0,6
859,1,0,0,11,8,40,40,40,1,0,40,1,0
859,1,0,0,11,8,40,40,40,0,1,8,0,1
860,3,2,0,12,-999999,37,-999999,-999999,1,0,-999999,3,0
860,4,3,0,12,-999999,34,-999999,-999999,1,0,-999999,4,0
860,5,4,0,11,-999999,35,-999999,-999999,1,0,-999999,5,0
860,6,5,0,18,-999999,35,-999999,-999999,1,0,-999999,6,0
860,3,0,2,12,-999999,37,-999999,37,0,1,-999999,0,3
860,4,0,3,12,-999999,34,-999999,34,0,1,-999999,0,4
860,5,0,4,11,-999999,35,-999999,35,0,1,-999999,0,5
860,6,0,5,18,-999999,35,-999999,35,0,1,-999999,0,6
861,1,0,0,19,-999999,33,-999999,-999999,1,0,-999999,1,0
861,3,2,0,23,-999999,39,-999999,-999999,1,0,-999999,3,0
861,4,3,0,12,8,40,40,40,1,0,40,4,0
861,5,4,0,17,-999999,34,-999999,-999999,1,0,-999999,5,0
861,6,5,0,18,19,39,37,37,1,0,37,6,0
861,1,0,0,19,-999999,33,-999999,33,0,1,-999999,0,1
861,3,0,2,23,-999999,39,-999999,39,0,1,-999999,0,3
861,4,0,3,12,8,40,40,40,0,1,8,0,4
861,5,0,4,17,-999999,34,-999999,34,0,1,-999999,0,5
861,6,0,5,18,19,39,37,39,0,1,19,0,6
862,1,0,0,8,16,39,40,40,1,0,40,1,0
862,3,2,0,19,14,39,40,40,1,0,40,3,0
862,4,3,0,15,10,40,40,40,1,0,40,4,0
862,5,4,0,9,-999999,39,-999999,-999999,1,0,-999999,5,0
862,6,5,0,9,-999999,40,-999999,-999999,1,0,-999999,6,0
862,1,0,0,8,16,39,40,39,0,1,16,0,1
862,3,0,2,19,14,39,40,39,0,1,14,0,3
862,4,0,3,15,10,40,40,40,0,1,10,0,4
862,5,0,4,9,-999999,39,-999999,39,0,1,-999999,0,5
862,6,0,5,9,-999999,40,-999999,40,0,1,-999999,0,6
863,1,0,0,14,17,39,36,36,1,0,36,1,0
863,3,2,0,11,18,38,37,37,1,0,37,3,0
863,4,3,0,15,19,38,35,35,1,0,35,4,0
863,5,4,0,28,20,37,33,33,1,0,33,5,0
863,6,5,0,14,16,39,37,37,1,0,37,6,0
863,1,0,0,14,17,39,36,39,0,1,17,0,1
863,3,0,2,11,18,38,37,38,0,1,18,0,3
863,4,0,3,15,19,38,35,38,0,1,19,0,4
863,5,0,4,28,20,37,33,37,0,1,20,0,5
863,6,0,5,14,16,39,37,39,0,1,16,0,6
864,3,2,0,30,-999999,37,-999999,-999999,1,0,-999999,3,0
864,6,5,0,28,28,37,33,33,1,0,33,6,0
864,3,0,2,30,-999999,37,-999999,37,0,1,-999999,0,3
864,6,0,5,28,28,37,33,37,0,1,28,0,6
865,1,0,0,10,10,39,40,40,1,0,40,1,0
865,3,2,0,11,9,39,40,40,1,0,40,3,0
865,4,3,0,11,14,39,40,40,1,0,40,4,0
865,5,4,0,11,16,40,40,40,1,0,40,5,0
865,6,5,0,10,12,39,40,40,1,0,40,6,0
865,1,0,0,10,10,39,40,39,0,1,10,0,1
865,3,0,2,11,9,39,40,39,0,1,9,0,3
865,4,0,3,11,14,39,40,39,0,1,14,0,4
865,5,0,4,11,16,40,40,40,0,1,16,0,5
865,6,0,5,10,12,39,40,39,0,1,12,0,6
866,1,0,0,10,11,40,40,40,1,0,40,1,0
866,3,2,0,9,-999999,35,-999999,-999999,1,0,-999999,3,0
866,4,3,0,11,10,38,37,37,1,0,37,4,0
866,5,4,0,14,20,37,33,33,1,0,33,5,0
866,6,5,0,17,14,35,33,33,1,0,33,6,0
866,1,0,0,10,11,40,40,40,0,1,11,0,1
866,3,0,2,9,-999999,35,-999999,35,0,1,-999999,0,3
866,4,0,3,11,10,38,37,38,0,1,10,0,4
866,5,0,4,14,20,37,33,37,0,1,20,0,5
866,6,0,5,17,14,35,33,35,0,1,14,0,6
867,1,0,0,24,11,38,29,29,1,0,29,1,0
867,3,2,0,24,10,40,37,37,1,0,37,3,0
867,4,3,0,26,13,39,35,35,1,0,35,4,0
867,5,4,0,21,11,38,33,33,1,0,33,5,0
867,6,5,0,19,17,40,34,34,1,0,34,6,0
867,1,0,0,24,11,38,29,38,0,1,11,0,1
867,3,0,2,24,10,40,37,40,0,1,10,0,3
867,4,0,3,26,13,39,35,39,0,1,13,0,4
867,5,0,4,21,11,38,33,38,0,1,11,0,5
867,6,0,5,19,17,40,34,40,0,1,17,0,6
868,1,0,0,26,-999999,38,-999999,-999999,1,0,-999999,1,0
868,4,3,0,15,-999999,40,-999999,-999999,1,0,-999999,4,0
868,5,4,0,14,13,40,36,36,1,0,36,5,0
868,6,5,0,23,11,37,33,33,1,0,33,6,0
868,1,0,0,26,-999999,38,-999999,38,0,1,-999999,0,1
868,4,0,3,15,-999999,40,-999999,40,0,1,-999999,0,4
868,5,0,4,14,13,40,36,40,0,1,13,0,5
868,6,0,5,23,11,37,33,37,0,1,11,0,6
869,1,0,0,18,-999999,40,-999999,-999999,1,0,-999999,1,0
869,3,2,0,21,-999999,40,-999999,-999999,1,0,-999999,3,0
869,4,3,0,8,7,39,34,34,1,0,34,4,0
869,5,4,0,11,8,39,33,33,1,0,33,5,0
869,6,5,0,15,7,39,30,30,1,0,30,6,0
869,1,0,0,18,-999999,40,-999999,40,0,1,-999999,0,1
869,3,0,2,21,-999999,40,-999999,40,0,1,-999999,0,3
869,4,0,3,8,7,39,34,39,0,1,7,0,4
869,5,0,4,11,8,39,33,39,0,1,8,0,5
869,6,0,5,15,7,39,30,39,0,1,7,0,6
870,1,0,0,9,16,40,38,38,1,0,38,1,0
870,3,2,0,10,16,40,34,34,1,0,34,3,0
870,4,3,0,15,16,39,32,32,1,0,32,4,0
870,5,4,0,9,11,38,34,34,1,0,34,5,0
870,6,5,0,11,14,40,37,37,1,0,37,6,0
870,1,0,0,9,16,40,38,40,0,1,16,0,1
870,3,0,2,10,16,40,34,40,0,1,16,0,3
870,4,0,3,15,16,39,32,39,0,1,16,0,4
870,5,0,4,9,11,38,34,38,0,1,11,0,5
870,6,0,5,11,14,40,37,40,0,1,14,0,6
871,1,0,0,10,14,39,36,36,1,0,36,1,0
871,3,2,0,12,18,38,33,33,1,0,33,3,0
871,4,3,0,11,14,37,35,35,1,0,35,4,0
871,5,4,0,9,12,35,35,35,1,0,35,5,0
871,6,5,0,8,18,37,28,28,1,0,28,6,0
871,1,0,0,10,14,39,36,39,0,1,14,0,1
871,3,0,2,12,18,38,33,38,0,1,18,0,3
871,4,0,3,11,14,37,35,37,0,1,14,0,4
871,5,0,4,9,12,35,35,35,0,1,12,0,5
871,6,0,5,8,18,37,28,37,0,1,18,0,6
872,1,0,0,16,8,36,35,35,1,0,35,1,0
872,3,2,0,16,13,39,35,35,1,0,35,3,0
872,4,3,0,12,12,37,33,33,1,0,33,4,0
872,5,4,0,11,12,36,32,32,1,0,32,5,0
872,6,5,0,10,10,35,34,34,1,0,34,6,0
872,1,0,0,16,8,36,35,36,0,1,8,0,1
872,3,0,2,16,13,39,35,39,0,1,13,0,3
872,4,0,3,12,12,37,33,37,0,1,12,0,4
872,5,0,4,11,12,36,32,36,0,1,12,0,5
872,6,0,5,10,10,35,34,35,0,1,10,0,6
873,1,0,0,7,7,40,39,39,1,0,39,1,0
873,3,2,0,8,7,40,39,39,1,0,39,3,0
873,4,3,0,10,7,40,40,40,1,0,40,4,0
873,5,4,0,9,7,40,40,40,1,0,40,5,0
873,6,5,0,9,7,39,39,39,1,0,39,6,0
873,1,0,0,7,7,40,39,40,0,1,7,0,1
873,3,0,2,8,7,40,39,40,0,1,7,0,3
873,4,0,3,10,7,40,40,40,0,1,7,0,4
873,5,0,4,9,7,40,40,40,0,1,7,0,5
873,6,0,5,9,7,39,39,39,0,1,7,0,6
874,1,0,0,20,21,40,35,35,1,0,35,1,0
874,3,2,0,30,28,40,31,31,1,0,31,3,0
874,4,3,0,29,28,40,29,29,1,0,29,4,0
874,5,4,0,26,27,39,20,20,1,0,20,5,0
874,6,5,0,20,26,40,31,31,1,0,31,6,0
874,1,0,0,20,21,40,35,40,0,1,21,0,1
874,3,0,2,30,28,40,31,40,0,1,28,0,3
874,4,0,3,29,28,40,29,40,0,1,28,0,4
874,5,0,4,26,27,39,20,39,0,1,27,0,5
874,6,0,5,20,26,40,31,40,0,1,26,0,6
875,1,0,0,29,19,33,24,24,1,0,24,1,0
875,4,3,0,29,29,33,33,33,1,0,33,4,0
875,5,4,0,30,-999999,34,-999999,-999999,1,0,-999999,5,0
875,6,5,0,22,-999999,35,-999999,-999999,1,0,-999999,6,0
875,1,0,0,29,19,33,24,33,0,1,19,0,1
875,4,0,3,29,29,33,33,33,0,1,29,0,4
875,5,0,4,30,-999999,34,-999999,34,0,1,-999999,0,5
875,6,0,5,22,-999999,35,-999999,35,0,1,-999999,0,6
876,1,0,0,7,14,40,38,38,1,0,38,1,0
876,3,2,0,11,9,36,36,36,1,0,36,3,0
876,4,3,0,8,9,38,37,37,1,0,37,4,0
876,5,4,0,13,13,37,37,37,1,0,37,5,0
876,6,5,0,14,11,35,33,33,1,0,33,6,0
876,1,0,0,7,14,40,38,40,0,1,14,0,1
876,3,0,2,11,9,36,36,36,0,1,9,0,3
876,4,0,3,8,9,38,37,38,0,1,9,0,4
876,5,0,4,13,13,37,37,37,0,1,13,0,5
876,6,0,5,14,11,35,33,35,0,1,11,0,6
877,1,0,0,13,17,33,36,36,1,0,36,1,0
877,3,2,0,19,7,31,33,33,1,0,33,3,0
877,4,3,0,15,-999999,33,-999999,-999999,1,0,-999999,4,0
877,5,4,0,11,17,26,34,34,1,0,34,5,0
877,6,5,0,11,16,32,35,35,1,0,35,6,0
877,1,0,0,13,17,33,36,33,0,1,17,0,1
877,3,0,2,19,7,31,33,31,0,1,7,0,3
877,4,0,3,15,-999999,33,-999999,33,0,1,-999999,0,4
877,5,0,4,11,17,26,34,26,0,1,17,0,5
877,6,0,5,11,16,32,35,32,0,1,16,0,6
878,1,0,0,18,20,39,38,38,1,0,38,1,0
878,3,2,0,20,23,38,38,38,1,0,38,3,0
878,4,3,0,21,20,38,37,37,1,0,37,4,0
878,5,4,0,20,23,35,37,37,1,0,37,5,0
878,6,5,0,18,22,37,36,36,1,0,36,6,0
878,1,0,0,18,20,39,38,39,0,1,20,0,1
878,3,0,2,20,23,38,38,38,0,1,23,0,3
878,4,0,3,21,20,38,37,38,0,1,20,0,4
878,5,0,4,20,23,35,37,35,0,1,23,0,5
878,6,0,5,18,22,37,36,37,0,1,22,0,6
879,1,0,0,8,7,40,35,35,1,0,35,1,0
879,3,2,0,7,14,40,39,39,1,0,39,3,0
879,4,3,0,7,12,40,38,38,1,0,38,4,0
879,5,4,0,8,24,40,34,34,1,0,34,5,0
879,6,5,0,7,20,38,36,36,1,0,36,6,0
879,1,0,0,8,7,40,35,40,0,1,7,0,1
879,3,0,2,7,14,40,39,40,0,1,14,0,3
879,4,0,3,7,12,40,38,40,0,1,12,0,4
879,5,0,4,8,24,40,34,40,0,1,24,0,5
879,6,0,5,7,20,38,36,38,0,1,20,0,6
880,1,0,0,24,-999999,38,-999999,-999999,1,0,-999999,1,0
880,3,2,0,24,28,34,33,33,1,0,33,3,0
880,4,3,0,28,28,36,30,30,1,0,30,4,0
880,5,4,0,29,27,34,33,33,1,0,33,5,0
880,6,5,0,28,26,34,36,36,1,0,36,6,0
880,1,0,0,24,-999999,38,-999999,38,0,1,-999999,0,1
880,3,0,2,24,28,34,33,34,0,1,28,0,3
880,4,0,3,28,28,36,30,36,0,1,28,0,4
880,5,0,4,29,27,34,33,34,0,1,27,0,5
880,6,0,5,28,26,34,36,34,0,1,26,0,6
881,4,3,0,7,8,39,40,40,1,0,40,4,0
881,5,4,0,9,11,40,36,36,1,0,36,5,0
881,6,5,0,11,-999999,37,-999999,-999999,1,0,-999999,6,0
881,4,0,3,7,8,39,40,39,0,1,8,0,4
881,5,0,4,9,11,40,36,40,0,1,11,0,5
881,6,0,5,11,-999999,37,-999999,37,0,1,-999999,0,6
882,1,0,0,20,14,37,39,39,1,0,39,1,0
882,3,2,0,19,17,40,39,39,1,0,39,3,0
882,4,3,0,20,16,37,36,36,1,0,36,4,0
882,5,4,0,19,16,40,36,36,1,0,36,5,0
882,6,5,0,17,12,39,40,40,1,0,40,6,0
882,1,0,0,20,14,37,39,37,0,1,14,0,1
882,3,0,2,19,17,40,39,40,0,1,17,0,3
882,4,0,3,20,16,37,36,37,0,1,16,0,4
882,5,0,4,19,16,40,36,40,0,1,16,0,5
882,6,0,5,17,12,39,40,39,0,1,12,0,6
883,1,0,0,21,11,39,35,35,1,0,35,1,0
883,3,2,0,21,12,36,35,35,1,0,35,3,0
883,4,3,0,20,12,33,33,33,1,0,33,4,0
883,5,4,0,16,15,32,29,29,1,0,29,5,0
883,6,5,0,11,14,31,35,35,1,0,35,6,0
883,1,0,0,21,11,39,35,39,0,1,11,0,1
883,3,0,2,21,12,36,35,36,0,1,12,0,3
883,4,0,3,20,12,33,33,33,0,1,12,0,4
883,5,0,4,16,15,32,29,32,0,1,15,0,5
883,6,0,5,11,14,31,35,31,0,1,14,0,6
884,1,0,0,25,15,35,39,39,1,0,39,1,0
884,3,2,0,19,20,36,25,25,1,0,25,3,0
884,4,3,0,19,26,39,35,35,1,0,35,4,0
884,5,4,0,24,-999999,34,-999999,-999999,1,0,-999999,5,0
884,6,5,0,25,-999999,37,-999999,-999999,1,0,-999999,6,0
884,1,0,0,25,15,35,39,35,0,1,15,0,1
884,3,0,2,19,20,36,25,36,0,1,20,0,3
884,4,0,3,19,26,39,35,39,0,1,26,0,4
884,5,0,4,24,-999999,34,-999999,34,0,1,-999999,0,5
884,6,0,5,25,-999999,37,-999999,37,0,1,-999999,0,6
885,1,0,0,9,8,40,36,36,1,0,36,1,0
885,3,2,0,15,15,36,28,28,1,0,28,3,0
885,4,3,0,13,13,40,31,31,1,0,31,4,0
885,5,4,0,13,15,37,31,31,1,0,31,5,0
885,6,5,0,16,14,35,33,33,1,0,33,6,0
885,1,0,0,9,8,40,36,40,0,1,8,0,1
885,3,0,2,15,15,36,28,36,0,1,15,0,3
885,4,0,3,13,13,40,31,40,0,1,13,0,4
885,5,0,4,13,15,37,31,37,0,1,15,0,5
885,6,0,5,16,14,35,33,35,0,1,14,0,6
886,1,0,0,11,11,40,36,36,1,0,36,1,0
886,3,2,0,19,-999999,34,-999999,-999999,1,0,-999999,3,0
886,4,3,0,19,-999999,40,-999999,-999999,1,0,-999999,4,0
886,5,4,0,16,-999999,34,-999999,-999999,1,0,-999999,5,0
886,6,5,0,26,-999999,34,-999999,-999999,1,0,-999999,6,0
886,1,0,0,11,11,40,36,40,0,1,11,0,1
886,3,0,2,19,-999999,34,-999999,34,0,1,-999999,0,3
886,4,0,3,19,-999999,40,-999999,40,0,1,-999999,0,4
886,5,0,4,16,-999999,34,-999999,34,0,1,-999999,0,5
886,6,0,5,26,-999999,34,-999999,34,0,1,-999999,0,6
887,1,0,0,14,-999999,39,-999999,-999999,1,0,-999999,1,0
887,3,2,0,9,-999999,38,-999999,-999999,1,0,-999999,3,0
887,4,3,0,8,-999999,39,-999999,-999999,1,0,-999999,4,0
887,5,4,0,8,-999999,38,-999999,-999999,1,0,-999999,5,0
887,1,0,0,14,-999999,39,-999999,39,0,1,-999999,0,1
887,3,0,2,9,-999999,38,-999999,38,0,1,-999999,0,3
887,4,0,3,8,-999999,39,-999999,39,0,1,-999999,0,4
887,5,0,4,8,-999999,38,-999999,38,0,1,-999999,0,5
888,1,0,0,17,-999999,40,-999999,-999999,1,0,-999999,1,0
888,3,2,0,30,-999999,40,-999999,-999999,1,0,-999999,3,0
888,4,3,0,27,13,40,34,34,1,0,34,4,0
888,5,4,0,23,9,40,37,37,1,0,37,5,0
888,6,5,0,29,12,39,37,37,1,0,37,6,0
888,1,0,0,17,-999999,40,-999999,40,0,1,-999999,0,1
888,3,0,2,30,-999999,40,-999999,40,0,1,-999999,0,3
888,4,0,3,27,13,40,34,40,0,1,13,0,4
888,5,0,4,23,9,40,37,40,0,1,9,0,5
888,6,0,5,29,12,39,37,39,0,1,12,0,6
889,1,0,0,8,11,40,37,37,1,0,37,1,0
889,3,2,0,8,7,40,39,39,1,0,39,3,0
889,4,3,0,7,8,40,35,35,1,0,35,4,0
889,5,4,0,8,9,38,35,35,1,0,35,5,0
889,6,5,0,8,7,40,36,36,1,0,36,6,0
889,1,0,0,8,11,40,37,40,0,1,11,0,1
889,3,0,2,8,7,40,39,40,0,1,7,0,3
889,4,0,3,7,8,40,35,40,0,1,8,0,4
889,5,0,4,8,9,38,35,38,0,1,9,0,5
889,6,0,5,8,7,40,36,40,0,1,7,0,6
890,1,0,0,12,-999999,40,-999999,-999999,1,0,-999999,1,0
890,3,2,0,10,-999999,39,-999999,-999999,1,0,-999999,3,0
890,4,3,0,15,-999999,40,-999999,-999999,1,0,-999999,4,0
890,5,4,0,17,-999999,37,-999999,-999999,1,0,-999999,5,0
890,6,5,0,12,-999999,38,-999999,-999999,1,0,-999999,6,0
890,1,0,0,12,-999999,40,-999999,40,0,1,-999999,0,1
890,3,0,2,10,-999999,39,-999999,39,0,1,-999999,0,3
890,4,0,3,15,-999999,40,-999999,40,0,1,-999999,0,4
890,5,0,4,17,-999999,37,-999999,37,0,1,-999999,0,5
890,6,0,5,12,-999999,38,-999999,38,0,1,-999999,0,6
891,1,0,0,21,-999999,40,-999999,-999999,1,0,-999999,1,0
891,3,2,0,21,17,38,23,23,1,0,23,3,0
891,4,3,0,15,16,39,29,29,1,0,29,4,0
891,5,4,0,9,-999999,39,-999999,-999999,1,0,-999999,5,0
891,6,5,0,7,25,40,26,26,1,0,26,6,0
891,1,0,0,21,-999999,40,-999999,40,0,1,-999999,0,1
891,3,0,2,21,17,38,23,38,0,1,17,0,3
891,4,0,3,15,16,39,29,39,0,1,16,0,4
891,5,0,4,9,-999999,39,-999999,39,0,1,-999999,0,5
891,6,0,5,7,25,40,26,40,0,1,25,0,6
892,1,0,0,20,22,38,35,35,1,0,35,1,0
892,3,2,0,15,-999999,37,-999999,-999999,1,0,-999999,3,0
892,4,3,0,18,-999999,39,-999999,-999999,1,0,-999999,4,0
892,5,4,0,20,-999999,38,-999999,-999999,1,0,-999999,5,0
892,1,0,0,20,22,38,35,38,0,1,22,0,1
892,3,0,2,15,-999999,37,-999999,37,0,1,-999999,0,3
892,4,0,3,18,-999999,39,-999999,39,0,1,-999999,0,4
892,5,0,4,20,-999999,38,-999999,38,0,1,-999999,0,5
893,1,0,0,19,14,40,30,30,1,0,30,1,0
893,3,2,0,18,11,35,33,33,1,0,33,3,0
893,4,3,0,25,13,33,34,34,1,0,34,4,0
893,5,4,0,25,20,35,28,28,1,0,28,5,0
893,6,5,0,23,14,32,31,31,1,0,31,6,0
893,1,0,0,19,14,40,30,40,0,1,14,0,1
893,3,0,2,18,11,35,33,35,0,1,11,0,3
893,4,0,3,25,13,33,34,33,0,1,13,0,4
893,5,0,4,25,20,35,28,35,0,1,20,0,5
893,6,0,5,23,14,32,31,32,0,1,14,0,6
894,1,0,0,20,21,23,19,19,1,0,19,1,0
894,3,2,0,16,-999999,23,-999999,-999999,1,0,-999999,3,0
894,4,3,0,18,-999999,22,-999999,-999999,1,0,-999999,4,0
894,5,4,0,20,-999999,22,-999999,-999999,1,0,-999999,5,0
894,6,5,0,22,-999999,27,-999999,-999999,1,0,-999999,6,0
894,1,0,0,20,21,23,19,23,0,1,21,0,1
894,3,0,2,16,-999999,23,-999999,23,0,1,-999999,0,3
894,4,0,3,18,-999999,22,-999999,22,0,1,-999999,0,4
894,5,0,4,20,-999999,22,-999999,22,0,1,-999999,0,5
894,6,0,5,22,-999999,27,-999999,27,0,1,-999999,0,6
895,1,0,0,18,21,33,32,32,1,0,32,1,0
895,3,2,0,18,-999999,34,-999999,-999999,1,0,-999999,3,0
895,4,3,0,20,22,36,21,21,1,0,21,4,0
895,5,4,0,25,18,36,27,27,1,0,27,5,0
895,6,5,0,21,-999999,36,-999999,-999999,1,0,-999999,6,0
895,1,0,0,18,21,33,32,33,0,1,21,0,1
895,3,0,2,18,-999999,34,-999999,34,0,1,-999999,0,3
895,4,0,3,20,22,36,21,36,0,1,22,0,4
895,5,0,4,25,18,36,27,36,0,1,18,0,5
895,6,0,5,21,-999999,36,-999999,36,0,1,-999999,0,6
896,1,0,0,12,-999999,40,-999999,-999999,1,0,-999999,1,0
896,3,2,0,11,-999999,40,-999999,-999999,1,0,-999999,3,0
896,4,3,0,16,-999999,38,-999999,-999999,1,0,-999999,4,0
896,5,4,0,13,-999999,39,-999999,-999999,1,0,-999999,5,0
896,6,5,0,19,-999999,38,-999999,-999999,1,0,-999999,6,0
896,1,0,0,12,-999999,40,-999999,40,0,1,-999999,0,1
896,3,0,2,11,-999999,40,-999999,40,0,1,-999999,0,3
896,4,0,3,16,-999999,38,-999999,38,0,1,-999999,0,4
896,5,0,4,13,-999999,39,-999999,39,0,1,-999999,0,5
896,6,0,5,19,-999999,38,-999999,38,0,1,-999999,0,6
897,1,0,0,8,-999999,38,-999999,-999999,1,0,-999999,1,0
897,3,2,0,10,16,40,32,32,1,0,32,3,0
897,4,3,0,9,-999999,39,-999999,-999999,1,0,-999999,4,0
897,5,4,0,13,15,37,31,31,1,0,31,5,0
897,6,5,0,14,-999999,34,-999999,-999999,1,0,-999999,6,0
897,1,0,0,8,-999999,38,-999999,38,0,1,-999999,0,1
897,3,0,2,10,16,40,32,40,0,1,16,0,3
897,4,0,3,9,-999999,39,-999999,39,0,1,-999999,0,4
897,5,0,4,13,15,37,31,37,0,1,15,0,5
897,6,0,5,14,-999999,34,-999999,34,0,1,-999999,0,6
898,3,2,0,20,-999999,29,-999999,-999999,1,0,-999999,3,0
898,4,3,0,22,-999999,28,-999999,-999999,1,0,-999999,4,0
898,5,4,0,20,-999999,33,-999999,-999999,1,0,-999999,5,0
898,6,5,0,17,-999999,39,-999999,-999999,1,0,-999999,6,0
898,3,0,2,20,-999999,29,-999999,29,0,1,-999999,0,3
898,4,0,3,22,-999999,28,-999999,28,0,1,-999999,0,4
898,5,0,4,20,-999999,33,-999999,33,0,1,-999999,0,5
898,6,0,5,17,-999999,39,-999999,39,0,1,-999999,0,6
899,1,0,0,13,13,40,38,38,1,0,38,1,0
899,3,2,0,13,10,39,35,35,1,0,35,3,0
899,4,3,0,15,11,40,36,36,1,0,36,4,0
899,5,4,0,12,9,40,32,32,1,0,32,5,0
899,6,5,0,12,16,36,38,38,1,0,38,6,0
899,1,0,0,13,13,40,38,40,0,1,13,0,1
899,3,0,2,13,10,39,35,39,0,1,10,0,3
899,4,0,3,15,11,40,36,40,0,1,11,0,4
899,5,0,4,12,9,40,32,40,0,1,9,0,5
899,6,0,5,12,16,36,38,36,0,1,16,0,6
900,1,0,0,12,14,40,33,33,1,0,33,1,0
900,3,2,0,11,16,40,33,33,1,0,33,3,0
900,4,3,0,11,13,40,32,32,1,0,32,4,0
900,5,4,0,15,16,40,33,33,1,0,33,5,0
900,6,5,0,12,18,40,29,29,1,0,29,6,0
900,1,0,0,12,14,40,33,40,0,1,14,0,1
900,3,0,2,11,16,40,33,40,0,1,16,0,3
900,4,0,3,11,13,40,32,40,0,1,13,0,4
900,5,0,4,15,16,40,33,40,0,1,16,0,5
900,6,0,5,12,18,40,29,40,0,1,18,0,6
901,1,0,0,19,15,38,37,37,1,0,37,1,0
901,3,2,0,14,8,36,36,36,1,0,36,3,0
901,4,3,0,15,10,35,37,37,1,0,37,4,0
901,5,4,0,18,21,32,33,33,1,0,33,5,0
901,6,5,0,25,13,29,36,36,1,0,36,6,0
901,1,0,0,19,15,38,37,38,0,1,15,0,1
901,3,0,2,14,8,36,36,36,0,1,8,0,3
901,4,0,3,15,10,35,37,35,0,1,10,0,4
901,5,0,4,18,21,32,33,32,0,1,21,0,5
901,6,0,5,25,13,29,36,29,0,1,13,0,6
902,1,0,0,11,14,34,36,36,1,0,36,1,0
902,3,2,0,11,11,34,33,33,1,0,33,3,0
902,4,3,0,11,15,27,23,23,1,0,23,4,0
902,5,4,0,8,-999999,30,-999999,-999999,1,0,-999999,5,0
902,6,5,0,9,-999999,30,-999999,-999999,1,0,-999999,6,0
902,1,0,0,11,14,34,36,34,0,1,14,0,1
902,3,0,2,11,11,34,33,34,0,1,11,0,3
902,4,0,3,11,15,27,23,27,0,1,15,0,4
902,5,0,4,8,-999999,30,-999999,30,0,1,-999999,0,5
902,6,0,5,9,-999999,30,-999999,30,0,1,-999999,0,6
903,1,0,0,16,27,36,39,39,1,0,39,1,0
903,3,2,0,13,13,39,39,39,1,0,39,3,0
903,4,3,0,16,15,39,36,36,1,0,36,4,0
903,5,4,0,24,19,38,34,34,1,0,34,5,0
903,6,5,0,12,13,34,35,35,1,0,35,6,0
903,1,0,0,16,27,36,39,36,0,1,27,0,1
903,3,0,2,13,13,39,39,39,0,1,13,0,3
903,4,0,3,16,15,39,36,39,0,1,15,0,4
903,5,0,4,24,19,38,34,38,0,1,19,0,5
903,6,0,5,12,13,34,35,34,0,1,13,0,6
904,1,0,0,9,17,37,40,40,1,0,40,1,0
904,3,2,0,14,17,30,39,39,1,0,39,3,0
904,4,3,0,12,13,39,38,38,1,0,38,4,0
904,5,4,0,10,18,37,38,38,1,0,38,5,0
904,6,5,0,13,17,39,34,34,1,0,34,6,0
904,1,0,0,9,17,37,40,37,0,1,17,0,1
904,3,0,2,14,17,30,39,30,0,1,17,0,3
904,4,0,3,12,13,39,38,39,0,1,13,0,4
904,5,0,4,10,18,37,38,37,0,1,18,0,5
904,6,0,5,13,17,39,34,39,0,1,17,0,6
905,1,0,0,28,24,38,38,38,1,0,38,1,0
905,3,2,0,23,-999999,39,-999999,-999999,1,0,-999999,3,0
905,4,3,0,30,-999999,37,-999999,-999999,1,0,-999999,4,0
905,5,4,0,33,-999999,34,-999999,-999999,1,0,-999999,5,0
905,6,5,0,28,-999999,32,-999999,-999999,1,0,-999999,6,0
905,1,0,0,28,24,38,38,38,0,1,24,0,1
905,3,0,2,23,-999999,39,-999999,39,0,1,-999999,0,3
905,4,0,3,30,-999999,37,-999999,37,0,1,-999999,0,4
905,5,0,4,33,-999999,34,-999999,34,0,1,-999999,0,5
905,6,0,5,28,-999999,32,-999999,32,0,1,-999999,0,6
906,1,0,0,16,22,37,39,39,1,0,39,1,0
906,3,2,0,17,9,39,39,39,1,0,39,3,0
906,4,3,0,21,-999999,40,-999999,-999999,1,0,-999999,4,0
906,5,4,0,21,18,38,38,38,1,0,38,5,0
906,1,0,0,16,22,37,39,37,0,1,22,0,1
906,3,0,2,17,9,39,39,39,0,1,9,0,3
906,4,0,3,21,-999999,40,-999999,40,0,1,-999999,0,4
906,5,0,4,21,18,38,38,38,0,1,18,0,5
907,1,0,0,9,14,40,30,30,1,0,30,1,0
907,3,2,0,8,20,39,31,31,1,0,31,3,0
907,4,3,0,9,20,38,26,26,1,0,26,4,0
907,5,4,0,11,23,37,28,28,1,0,28,5,0
907,6,5,0,13,15,37,34,34,1,0,34,6,0
907,1,0,0,9,14,40,30,40,0,1,14,0,1
907,3,0,2,8,20,39,31,39,0,1,20,0,3
907,4,0,3,9,20,38,26,38,0,1,20,0,4
907,5,0,4,11,23,37,28,37,0,1,23,0,5
907,6,0,5,13,15,37,34,37,0,1,15,0,6
908,3,2,0,9,-999999,40,-999999,-999999,1,0,-999999,3,0
908,4,3,0,11,19,40,36,36,1,0,36,4,0
908,6,5,0,18,20,39,31,31,1,0,31,6,0
908,3,0,2,9,-999999,40,-999999,40,0,1,-999999,0,3
908,4,0,3,11,19,40,36,40,0,1,19,0,4
908,6,0,5,18,20,39,31,39,0,1,20,0,6
909,1,0,0,8,7,40,40,40,1,0,40,1,0
909,3,2,0,7,7,40,40,40,1,0,40,3,0
909,4,3,0,10,8,40,40,40,1,0,40,4,0
909,5,4,0,7,13,36,39,39,1,0,39,5,0
909,6,5,0,10,8,39,40,40,1,0,40,6,0
909,1,0,0,8,7,40,40,40,0,1,7,0,1
909,3,0,2,7,7,40,40,40,0,1,7,0,3
909,4,0,3,10,8,40,40,40,0,1,8,0,4
909,5,0,4,7,13,36,39,36,0,1,13,0,5
909,6,0,5,10,8,39,40,39,0,1,8,0,6
910,1,0,0,8,11,39,36,36,1,0,36,1,0
910,3,2,0,7,17,40,34,34,1,0,34,3,0
910,4,3,0,7,-999999,39,-999999,-999999,1,0,-999999,4,0
910,5,4,0,10,22,39,35,35,1,0,35,5,0
910,6,5,0,9,11,38,37,37,1,0,37,6,0
910,1,0,0,8,11,39,36,39,0,1,11,0,1
910,3,0,2,7,17,40,34,40,0,1,17,0,3
910,4,0,3,7,-999999,39,-999999,39,0,1,-999999,0,4
910,5,0,4,10,22,39,35,39,0,1,22,0,5
910,6,0,5,9,11,38,37,38,0,1,11,0,6
911,1,0,0,12,-999999,36,-999999,-999999,1,0,-999999,1,0
911,3,2,0,18,-999999,38,-999999,-999999,1,0,-999999,3,0
911,4,3,0,14,-999999,39,-999999,-999999,1,0,-999999,4,0
911,5,4,0,19,-999999,34,-999999,-999999,1,0,-999999,5,0
911,6,5,0,17,14,34,28,28,1,0,28,6,0
911,1,0,0,12,-999999,36,-999999,36,0,1,-999999,0,1
911,3,0,2,18,-999999,38,-999999,38,0,1,-999999,0,3
911,4,0,3,14,-999999,39,-999999,39,0,1,-999999,0,4
911,5,0,4,19,-999999,34,-999999,34,0,1,-999999,0,5
911,6,0,5,17,14,34,28,34,0,1,14,0,6
912,1,0,0,15,7,39,39,39,1,0,39,1,0
912,3,2,0,12,7,39,36,36,1,0,36,3,0
912,4,3,0,17,-999999,39,-999999,-999999,1,0,-999999,4,0
912,5,4,0,15,13,38,36,36,1,0,36,5,0
912,6,5,0,17,16,37,36,36,1,0,36,6,0
912,1,0,0,15,7,39,39,39,0,1,7,0,1
912,3,0,2,12,7,39,36,39,0,1,7,0,3
912,4,0,3,17,-999999,39,-999999,39,0,1,-999999,0,4
912,5,0,4,15,13,38,36,38,0,1,13,0,5
912,6,0,5,17,16,37,36,37,0,1,16,0,6
913,1,0,0,25,-999999,40,-999999,-999999,1,0,-999999,1,0
913,3,2,0,24,-999999,39,-999999,-999999,1,0,-999999,3,0
913,4,3,0,19,-999999,40,-999999,-999999,1,0,-999999,4,0
913,5,4,0,25,20,39,31,31,1,0,31,5,0
913,6,5,0,26,-999999,37,-999999,-999999,1,0,-999999,6,0
913,1,0,0,25,-999999,40,-999999,40,0,1,-999999,0,1
913,3,0,2,24,-999999,39,-999999,39,0,1,-999999,0,3
913,4,0,3,19,-999999,40,-999999,40,0,1,-999999,0,4
913,5,0,4,25,20,39,31,39,0,1,20,0,5
913,6,0,5,26,-999999,37,-999999,37,0,1,-999999,0,6
914,1,0,0,11,15,36,40,40,1,0,40,1,0
914,3,2,0,14,-999999,39,-999999,-999999,1,0,-999999,3,0
914,4,3,0,14,-999999,40,-999999,-999999,1,0,-999999,4,0
914,5,4,0,17,-999999,40,-999999,-999999,1,0,-999999,5,0
914,6,5,0,19,-999999,40,-999999,-999999,1,0,-999999,6,0
914,1,0,0,11,15,36,40,36,0,1,15,0,1
914,3,0,2,14,-999999,39,-999999,39,0,1,-999999,0,3
914,4,0,3,14,-999999,40,-999999,40,0,1,-999999,0,4
914,5,0,4,17,-999999,40,-999999,40,0,1,-999999,0,5
914,6,0,5,19,-999999,40,-999999,40,0,1,-999999,0,6
915,1,0,0,10,14,37,32,32,1,0,32,1,0
915,3,2,0,13,14,36,31,31,1,0,31,3,0
915,4,3,0,10,-999999,33,-999999,-999999,1,0,-999999,4,0
915,5,4,0,9,-999999,40,-999999,-999999,1,0,-999999,5,0
915,6,5,0,13,-999999,37,-999999,-999999,1,0,-999999,6,0
915,1,0,0,10,14,37,32,37,0,1,14,0,1
915,3,0,2,13,14,36,31,36,0,1,14,0,3
915,4,0,3,10,-999999,33,-999999,33,0,1,-999999,0,4
915,5,0,4,9,-999999,40,-999999,40,0,1,-999999,0,5
915,6,0,5,13,-999999,37,-999999,37,0,1,-999999,0,6
916,1,0,0,17,21,37,31,31,1,0,31,1,0
916,6,5,0,16,-999999,37,-999999,-999999,1,0,-999999,6,0
916,1,0,0,17,21,37,31,37,0,1,21,0,1
916,6,0,5,16,-999999,37,-999999,37,0,1,-999999,0,6
917,1,0,0,10,16,36,37,37,1,0,37,1,0
917,3,2,0,15,16,38,35,35,1,0,35,3,0
917,4,3,0,13,14,37,37,37,1,0,37,4,0
917,5,4,0,11,14,35,39,39,1,0,39,5,0
917,1,0,0,10,16,36,37,36,0,1,16,0,1
917,3,0,2,15,16,38,35,38,0,1,16,0,3
917,4,0,3,13,14,37,37,37,0,1,14,0,4
917,5,0,4,11,14,35,39,35,0,1,14,0,5
918,1,0,0,16,11,31,36,36,1,0,36,1,0
918,3,2,0,24,12,30,34,34,1,0,34,3,0
918,4,3,0,22,11,29,34,34,1,0,34,4,0
918,5,4,0,17,13,31,27,27,1,0,27,5,0
918,6,5,0,24,18,22,29,29,1,0,29,6,0
918,1,0,0,16,11,31,36,31,0,1,11,0,1
918,3,0,2,24,12,30,34,30,0,1,12,0,3
918,4,0,3,22,11,29,34,29,0,1,11,0,4
918,5,0,4,17,13,31,27,31,0,1,13,0,5
918,6,0,5,24,18,22,29,22,0,1,18,0,6
919,1,0,0,15,8,39,37,37,1,0,37,1,0
919,3,2,0,16,8,35,36,36,1,0,36,3,0
919,4,3,0,12,9,38,37,37,1,0,37,4,0
919,5,4,0,25,9,36,36,36,1,0,36,5,0
919,6,5,0,26,18,34,36,36,1,0,36,6,0
919,1,0,0,15,8,39,37,39,0,1,8,0,1
919,3,0,2,16,8,35,36,35,0,1,8,0,3
919,4,0,3,12,9,38,37,38,0,1,9,0,4
919,5,0,4,25,9,36,36,36,0,1,9,0,5
919,6,0,5,26,18,34,36,34,0,1,18,0,6
920,1,0,0,20,17,39,37,37,1,0,37,1,0
920,3,2,0,21,31,36,32,32,1,0,32,3,0
920,4,3,0,22,28,37,30,30,1,0,30,4,0
920,5,4,0,24,25.666667,35,34,34,1,0,34,5,0
920,6,5,0,21,27,37,31,31,1,0,31,6,0
920,1,0,0,20,17,39,37,39,0,1,17,0,1
920,3,0,2,21,31,36,32,36,0,1,31,0,3
920,4,0,3,22,28,37,30,37,0,1,28,0,4
920,5,0,4,24,25.666667,35,34,35,0,1,25.666667,0,5
920,6,0,5,21,27,37,31,37,0,1,27,0,6
921,1,0,0,13,15,40,40,40,1,0,40,1,0
921,3,2,0,26,12,34,34,34,1,0,34,3,0
921,6,5,0,20,11,36,34,34,1,0,34,6,0
921,1,0,0,13,15,40,40,40,0,1,15,0,1
921,3,0,2,26,12,34,34,34,0,1,12,0,3
921,6,0,5,20,11,36,34,36,0,1,11,0,6
922,1,0,0,15,13,39,39,39,1,0,39,1,0
922,3,2,0,12,12,39,34.285714,34.285714,1,0,34.285714,3,0
922,4,3,0,18,14,37,38,38,1,0,38,4,0
922,5,4,0,11,13,37,36,36,1,0,36,5,0
922,6,5,0,15,17,36,38,38,1,0,38,6,0
922,1,0,0,15,13,39,39,39,0,1,13,0,1
922,3,0,2,12,12,39,34.285714,39,0,1,12,0,3
922,4,0,3,18,14,37,38,37,0,1,14,0,4
922,5,0,4,11,13,37,36,37,0,1,13,0,5
922,6,0,5,15,17,36,38,36,0,1,17,0,6
923,1,0,0,15,18,39,38,38,1,0,38,1,0
923,3,2,0,20,18,39,38,38,1,0,38,3,0
923,4,3,0,16,16,38,39,39,1,0,39,4,0
923,5,4,0,17,21,38,39,39,1,0,39,5,0
923,6,5,0,28,24,38,32,32,1,0,32,6,0
923,1,0,0,15,18,39,38,39,0,1,18,0,1
923,3,0,2,20,18,39,38,39,0,1,18,0,3
923,4,0,3,16,16,38,39,38,0,1,16,0,4
923,5,0,4,17,21,38,39,38,0,1,21,0,5
923,6,0,5,28,24,38,32,38,0,1,24,0,6
924,3,2,0,10,10,40,40,40,1,0,40,3,0
924,3,0,2,10,10,40,40,40,0,1,10,0,3
925,3,2,0,26,16,36,37,37,1,0,37,3,0
925,4,3,0,22,18,38,37,37,1,0,37,4,0
925,5,4,0,18,12,37,36,36,1,0,36,5,0
925,6,5,0,22,20,31,35,35,1,0,35,6,0
925,3,0,2,26,16,36,37,36,0,1,16,0,3
925,4,0,3,22,18,38,37,38,0,1,18,0,4
925,5,0,4,18,12,37,36,37,0,1,12,0,5
925,6,0,5,22,20,31,35,31,0,1,20,0,6
926,1,0,0,21,14,35,32,32,1,0,32,1,0
926,4,3,0,27,15,34,33,33,1,0,33,4,0
926,5,4,0,30,19,29,24,24,1,0,24,5,0
926,1,0,0,21,14,35,32,35,0,1,14,0,1
926,4,0,3,27,15,34,33,34,0,1,15,0,4
926,5,0,4,30,19,29,24,29,0,1,19,0,5
927,1,0,0,22,10,39,36,36,1,0,36,1,0
927,3,2,0,22,-999999,38,-999999,-999999,1,0,-999999,3,0
927,4,3,0,21,-999999,35,-999999,-999999,1,0,-999999,4,0
927,5,4,0,25,-999999,34,-999999,-999999,1,0,-999999,5,0
927,6,5,0,23,-999999,31,-999999,-999999,1,0,-999999,6,0
927,1,0,0,22,10,39,36,39,0,1,10,0,1
927,3,0,2,22,-999999,38,-999999,38,0,1,-999999,0,3
927,4,0,3,21,-999999,35,-999999,35,0,1,-999999,0,4
927,5,0,4,25,-999999,34,-999999,34,0,1,-999999,0,5
927,6,0,5,23,-999999,31,-999999,31,0,1,-999999,0,6
928,1,0,0,7,-999999,40,-999999,-999999,1,0,-999999,1,0
928,3,2,0,10,17,40,37,37,1,0,37,3,0
928,4,3,0,14,-999999,37,-999999,-999999,1,0,-999999,4,0
928,5,4,0,13,-999999,38,-999999,-999999,1,0,-999999,5,0
928,6,5,0,15,-999999,38,-999999,-999999,1,0,-999999,6,0
928,1,0,0,7,-999999,40,-999999,40,0,1,-999999,0,1
928,3,0,2,10,17,40,37,40,0,1,17,0,3
928,4,0,3,14,-999999,37,-999999,37,0,1,-999999,0,4
928,5,0,4,13,-999999,38,-999999,38,0,1,-999999,0,5
928,6,0,5,15,-999999,38,-999999,38,0,1,-999999,0,6
929,1,0,0,9,9,40,38,38,1,0,38,1,0
929,1,0,0,9,9,40,38,40,0,1,9,0,1
930,1,0,0,23,14,40,40,40,1,0,40,1,0
930,3,2,0,25,24,40,34,34,1,0,34,3,0
930,4,3,0,20,21,40,39,39,1,0,39,4,0
930,5,4,0,27,24,40,35,35,1,0,35,5,0
930,6,5,0,24,24,39,37,37,1,0,37,6,0
930,1,0,0,23,14,40,40,40,0,1,14,0,1
930,3,0,2,25,24,40,34,40,0,1,24,0,3
930,4,0,3,20,21,40,39,40,0,1,21,0,4
930,5,0,4,27,24,40,35,40,0,1,24,0,5
930,6,0,5,24,24,39,37,39,0,1,24,0,6
931,1,0,0,7,7,40,40,40,1,0,40,1,0
931,3,2,0,7,7,40,40,40,1,0,40,3,0
931,4,3,0,8,7,40,39,39,1,0,39,4,0
931,5,4,0,8,12,40,39,39,1,0,39,5,0
931,6,5,0,9,10,40,39,39,1,0,39,6,0
931,1,0,0,7,7,40,40,40,0,1,7,0,1
931,3,0,2,7,7,40,40,40,0,1,7,0,3
931,4,0,3,8,7,40,39,40,0,1,7,0,4
931,5,0,4,8,12,40,39,40,0,1,12,0,5
931,6,0,5,9,10,40,39,40,0,1,10,0,6
932,1,0,0,18,-999999,37,-999999,-999999,1,0,-999999,1,0
932,3,2,0,22,-999999,37,-999999,-999999,1,0,-999999,3,0
932,4,3,0,16,-999999,26,-999999,-999999,1,0,-999999,4,0
932,5,4,0,15,-999999,34,-999999,-999999,1,0,-999999,5,0
932,6,5,0,17,-999999,33,-999999,-999999,1,0,-999999,6,0
932,1,0,0,18,-999999,37,-999999,37,0,1,-999999,0,1
932,3,0,2,22,-999999,37,-999999,37,0,1,-999999,0,3
932,4,0,3,16,-999999,26,-999999,26,0,1,-999999,0,4
932,5,0,4,15,-999999,34,-999999,34,0,1,-999999,0,5
932,6,0,5,17,-999999,33,-999999,33,0,1,-999999,0,6
933,1,0,0,8,14,40,37,37,1,0,37,1,0
933,4,3,0,10,14,39,33,33,1,0,33,4,0
933,5,4,0,7,10,36,40,40,1,0,40,5,0
933,6,5,0,8,-999999,39,-999999,-999999,1,0,-999999,6,0
933,1,0,0,8,14,40,37,40,0,1,14,0,1
933,4,0,3,10,14,39,33,39,0,1,14,0,4
933,5,0,4,7,10,36,40,36,0,1,10,0,5
933,6,0,5,8,-999999,39,-999999,39,0,1,-999999,0,6
934,1,0,0,16,12,38,32,32,1,0,32,1,0
934,3,2,0,21,8,37,36,36,1,0,36,3,0
934,4,3,0,20,8,31,34,34,1,0,34,4,0
934,5,4,0,17,18,32,31,31,1,0,31,5,0
934,6,5,0,19,21,32,27,27,1,0,27,6,0
934,1,0,0,16,12,38,32,38,0,1,12,0,1
934,3,0,2,21,8,37,36,37,0,1,8,0,3
934,4,0,3,20,8,31,34,31,0,1,8,0,4
934,5,0,4,17,18,32,31,32,0,1,18,0,5
934,6,0,5,19,21,32,27,32,0,1,21,0,6
935,1,0,0,28,13,38,36,36,1,0,36,1,0
935,3,2,0,32,24,36,36,36,1,0,36,3,0
935,4,3,0,29,23,38,36,36,1,0,36,4,0
935,5,4,0,31,25,34,38,38,1,0,38,5,0
935,6,5,0,28,23,34,37,37,1,0,37,6,0
935,1,0,0,28,13,38,36,38,0,1,13,0,1
935,3,0,2,32,24,36,36,36,0,1,24,0,3
935,4,0,3,29,23,38,36,38,0,1,23,0,4
935,5,0,4,31,25,34,38,34,0,1,25,0,5
935,6,0,5,28,23,34,37,34,0,1,23,0,6
936,1,0,0,22,15,40,38,38,1,0,38,1,0
936,3,2,0,19,21,39,38,38,1,0,38,3,0
936,4,3,0,18,17,40,38,38,1,0,38,4,0
936,5,4,0,21,17,38,37,37,1,0,37,5,0
936,6,5,0,18,16,39,36,36,1,0,36,6,0
936,1,0,0,22,15,40,38,40,0,1,15,0,1
936,3,0,2,19,21,39,38,39,0,1,21,0,3
936,4,0,3,18,17,40,38,40,0,1,17,0,4
936,5,0,4,21,17,38,37,38,0,1,17,0,5
936,6,0,5,18,16,39,36,39,0,1,16,0,6
937,1,0,0,10,-999999,40,-999999,-999999,1,0,-999999,1,0
937,3,2,0,10,-999999,39,-999999,-999999,1,0,-999999,3,0
937,4,3,0,7,-999999,40,-999999,-999999,1,0,-999999,4,0
937,5,4,0,11,-999999,40,-999999,-999999,1,0,-999999,5,0
937,6,5,0,10,-999999,40,-999999,-999999,1,0,-999999,6,0
937,1,0,0,10,-999999,40,-999999,40,0,1,-999999,0,1
937,3,0,2,10,-999999,39,-999999,39,0,1,-999999,0,3
937,4,0,3,7,-999999,40,-999999,40,0,1,-999999,0,4
937,5,0,4,11,-999999,40,-999999,40,0,1,-999999,0,5
937,6,0,5,10,-999999,40,-999999,40,0,1,-999999,0,6
938,1,0,0,20,14,38,39,39,1,0,39,1,0
938,3,2,0,12,7,36,40,40,1,0,40,3,0
938,4,3,0,11,7,35,38,38,1,0,38,4,0
938,5,4,0,11,8,36,37,37,1,0,37,5,0
938,6,5,0,12,8,34,37,37,1,0,37,6,0
938,1,0,0,20,14,38,39,38,0,1,14,0,1
938,3,0,2,12,7,36,40,36,0,1,7,0,3
938,4,0,3,11,7,35,38,35,0,1,7,0,4
938,5,0,4,11,8,36,37,36,0,1,8,0,5
938,6,0,5,12,8,34,37,34,0,1,8,0,6
939,1,0,0,9,-999999,40,-999999,-999999,1,0,-999999,1,0
939,3,2,0,7,17,40,31,31,1,0,31,3,0
939,5,4,0,7,17,36,36,36,1,0,36,5,0
939,6,5,0,8,15,40,34,34,1,0,34,6,0
939,1,0,0,9,-999999,40,-999999,40,0,1,-999999,0,1
939,3,0,2,7,17,40,31,40,0,1,17,0,3
939,5,0,4,7,17,36,36,36,0,1,17,0,5
939,6,0,5,8,15,40,34,40,0,1,15,0,6
940,1,0,0,19,-999999,38,-999999,-999999,1,0,-999999,1,0
940,3,2,0,24,-999999,32,-999999,-999999,1,0,-999999,3,0
940,4,3,0,15,-999999,29,-999999,-999999,1,0,-999999,4,0
940,5,4,0,13,-999999,36,-999999,-999999,1,0,-999999,5,0
940,6,5,0,16,-999999,34,-999999,-999999,1,0,-999999,6,0
940,1,0,0,19,-999999,38,-999999,38,0,1,-999999,0,1
940,3,0,2,24,-999999,32,-999999,32,0,1,-999999,0,3
940,4,0,3,15,-999999,29,-999999,29,0,1,-999999,0,4
940,5,0,4,13,-999999,36,-999999,36,0,1,-999999,0,5
940,6,0,5,16,-999999,34,-999999,34,0,1,-999999,0,6
941,1,0,0,18,18,33,34,34,1,0,34,1,0
941,3,2,0,19,18,33,33,33,1,0,33,3,0
941,4,3,0,19,17,35,36,36,1,0,36,4,0
941,5,4,0,19,24,26,25,25,1,0,25,5,0
941,6,5,0,23,22,25,29,29,1,0,29,6,0
941,1,0,0,18,18,33,34,33,0,1,18,0,1
941,3,0,2,19,18,33,33,33,0,1,18,0,3
941,4,0,3,19,17,35,36,35,0,1,17,0,4
941,5,0,4,19,24,26,25,26,0,1,24,0,5
941,6,0,5,23,22,25,29,25,0,1,22,0,6
942,1,0,0,12,9,40,36,36,1,0,36,1,0
942,3,2,0,13,8,38,38,38,1,0,38,3,0
942,4,3,0,12,-999999,37,-999999,-999999,1,0,-999999,4,0
942,5,4,0,-999999,11,38.857143,38,38,1,0,38,5,0
942,6,5,0,11,-999999,37,-999999,-999999,1,0,-999999,6,0
942,1,0,0,12,9,40,36,40,0,1,9,0,1
942,3,0,2,13,8,38,38,38,0,1,8,0,3
942,4,0,3,12,-999999,37,-999999,37,0,1,-999999,0,4
942,5,0,4,-999999,11,38.857143,38,38.857143,0,1,11,0,5
942,6,0,5,11,-999999,37,-999999,37,0,1,-999999,0,6
943,1,0,0,11,-999999,39,-999999,-999999,1,0,-999999,1,0
943,3,2,0,16,-999999,39,-999999,-999999,1,0,-999999,3,0
943,4,3,0,12,-999999,38,-999999,-999999,1,0,-999999,4,0
943,5,4,0,12,-999999,37,-999999,-999999,1,0,-999999,5,0
943,6,5,0,8,-999999,35,-999999,-999999,1,0,-999999,6,0
943,1,0,0,11,-999999,39,-999999,39,0,1,-999999,0,1
943,3,0,2,16,-999999,39,-999999,39,0,1,-999999,0,3
943,4,0,3,12,-999999,38,-999999,38,0,1,-999999,0,4
943,5,0,4,12,-999999,37,-999999,37,0,1,-999999,0,5
943,6,0,5,8,-999999,35,-999999,35,0,1,-999999,0,6
944,1,0,0,14,11,38,38,38,1,0,38,1,0
944,3,2,0,17,16,36,40,40,1,0,40,3,0
944,4,3,0,15,9,34,35,35,1,0,35,4,0
944,5,4,0,17,7,34,39,39,1,0,39,5,0
944,6,5,0,26,10,37,37,37,1,0,37,6,0
944,1,0,0,14,11,38,38,38,0,1,11,0,1
944,3,0,2,17,16,36,40,36,0,1,16,0,3
944,4,0,3,15,9,34,35,34,0,1,9,0,4
944,5,0,4,17,7,34,39,34,0,1,7,0,5
944,6,0,5,26,10,37,37,37,0,1,10,0,6
945,1,0,0,18,11,40,39,39,1,0,39,1,0
945,3,2,0,25,13,36,39,39,1,0,39,3,0
945,4,3,0,24,21,38,36,36,1,0,36,4,0
945,5,4,0,20,18,38,37,37,1,0,37,5,0
945,6,5,0,27,13,34,37,37,1,0,37,6,0
945,1,0,0,18,11,40,39,40,0,1,11,0,1
945,3,0,2,25,13,36,39,36,0,1,13,0,3
945,4,0,3,24,21,38,36,38,0,1,21,0,4
945,5,0,4,20,18,38,37,38,0,1,18,0,5
945,6,0,5,27,13,34,37,34,0,1,13,0,6
946,1,0,0,15,20,39,37,37,1,0,37,1,0
946,3,2,0,18,17,35,37,37,1,0,37,3,0
946,4,3,0,17,14,33,35,35,1,0,35,4,0
946,5,4,0,12,22,39,37,37,1,0,37,5,0
946,6,5,0,14,17,38,36,36,1,0,36,6,0
946,1,0,0,15,20,39,37,39,0,1,20,0,1
946,3,0,2,18,17,35,37,35,0,1,17,0,3
946,4,0,3,17,14,33,35,33,0,1,14,0,4
946,5,0,4,12,22,39,37,39,0,1,22,0,5
946,6,0,5,14,17,38,36,38,0,1,17,0,6
947,1,0,0,19,7,35,40,40,1,0,40,1,0
947,3,2,0,21,20,33,39,39,1,0,39,3,0
947,4,3,0,25,15,28,39,39,1,0,39,4,0
947,5,4,0,23,12,30,35,35,1,0,35,5,0
947,6,5,0,24,13,33,39,39,1,0,39,6,0
947,1,0,0,19,7,35,40,35,0,1,7,0,1
947,3,0,2,21,20,33,39,33,0,1,20,0,3
947,4,0,3,25,15,28,39,28,0,1,15,0,4
947,5,0,4,23,12,30,35,30,0,1,12,0,5
947,6,0,5,24,13,33,39,33,0,1,13,0,6
948,1,0,0,-999999,22,-999999,39,39,1,0,39,1,0
948,3,2,0,18,23,38,34,34,1,0,34,3,0
948,4,3,0,24,21,39,38,38,1,0,38,4,0
948,5,4,0,21,22,39,39,39,1,0,39,5,0
948,1,0,0,-999999,22,-999999,39,-999999,0,1,22,0,1
948,3,0,2,18,23,38,34,38,0,1,23,0,3
948,4,0,3,24,21,39,38,39,0,1,21,0,4
948,5,0,4,21,22,39,39,39,0,1,22,0,5
949,1,0,0,13,-999999,40,-999999,-999999,1,0,-999999,1,0
949,3,2,0,13,-999999,37,-999999,-999999,1,0,-999999,3,0
949,4,3,0,16,-999999,37,-999999,-999999,1,0,-999999,4,0
949,5,4,0,24,-999999,33,-999999,-999999,1,0,-999999,5,0
949,6,5,0,28,17,38,40,40,1,0,40,6,0
949,1,0,0,13,-999999,40,-999999,40,0,1,-999999,0,1
949,3,0,2,13,-999999,37,-999999,37,0,1,-999999,0,3
949,4,0,3,16,-999999,37,-999999,37,0,1,-999999,0,4
949,5,0,4,24,-999999,33,-999999,33,0,1,-999999,0,5
949,6,0,5,28,17,38,40,38,0,1,17,0,6
950,1,0,0,8,10,40,39,39,1,0,39,1,0
950,3,2,0,10,8,36,39,39,1,0,39,3,0
950,4,3,0,7,9,36,37,37,1,0,37,4,0
950,5,4,0,7,10,40,36,36,1,0,36,5,0
950,6,5,0,8,7,40,36,36,1,0,36,6,0
950,1,0,0,8,10,40,39,40,0,1,10,0,1
950,3,0,2,10,8,36,39,36,0,1,8,0,3
950,4,0,3,7,9,36,37,36,0,1,9,0,4
950,5,0,4,7,10,40,36,40,0,1,10,0,5
950,6,0,5,8,7,40,36,40,0,1,7,0,6
951,1,0,0,11,-999999,40,-999999,-999999,1,0,-999999,1,0
951,3,2,0,10,-999999,40,-999999,-999999,1,0,-999999,3,0
951,4,3,0,11,-999999,40,-999999,-999999,1,0,-999999,4,0
951,6,5,0,13,31,38,19,19,1,0,19,6,0
951,1,0,0,11,-999999,40,-999999,40,0,1,-999999,0,1
951,3,0,2,10,-999999,40,-999999,40,0,1,-999999,0,3
951,4,0,3,11,-999999,40,-999999,40,0,1,-999999,0,4
951,6,0,5,13,31,38,19,38,0,1,31,0,6
952,1,0,0,8,10,40,38,38,1,0,38,1,0
952,3,2,0,10,7,40,33,33,1,0,33,3,0
952,4,3,0,10,11,40,31,31,1,0,31,4,0
952,5,4,0,10,9,39,33,33,1,0,33,5,0
952,6,5,0,11,12,39,35,35,1,0,35,6,0
952,1,0,0,8,10,40,38,40,0,1,10,0,1
952,3,0,2,10,7,40,33,40,0,1,7,0,3
952,4,0,3,10,11,40,31,40,0,1,11,0,4
952,5,0,4,10,9,39,33,39,0,1,9,0,5
952,6,0,5,11,12,39,35,39,0,1,12,0,6
953,1,0,0,10,9,40,40,40,1,0,40,1,0
953,3,2,0,12,13,40,39,39,1,0,39,3,0
953,4,3,0,10,14,40,39,39,1,0,39,4,0
953,5,4,0,12,20,40,39,39,1,0,39,5,0
953,6,5,0,13,16,39,38,38,1,0,38,6,0
953,1,0,0,10,9,40,40,40,0,1,9,0,1
953,3,0,2,12,13,40,39,40,0,1,13,0,3
953,4,0,3,10,14,40,39,40,0,1,14,0,4
953,5,0,4,12,20,40,39,40,0,1,20,0,5
953,6,0,5,13,16,39,38,39,0,1,16,0,6
954,3,2,0,12,-999999,33,-999999,-999999,1,0,-999999,3,0
954,5,4,0,23,16,40,37,37,1,0,37,5,0
954,6,5,0,11,-999999,38,-999999,-999999,1,0,-999999,6,0
954,3,0,2,12,-999999,33,-999999,33,0,1,-999999,0,3
954,5,0,4,23,16,40,37,40,0,1,16,0,5
954,6,0,5,11,-999999,38,-999999,38,0,1,-999999,0,6
955,1,0,0,7,9,39,37,37,1,0,37,1,0
955,3,2,0,7,8,36,35,35,1,0,35,3,0
955,4,3,0,7,13,36,36,36,1,0,36,4,0
955,5,4,0,8,12,33,33,33,1,0,33,5,0
955,1,0,0,7,9,39,37,39,0,1,9,0,1
955,3,0,2,7,8,36,35,36,0,1,8,0,3
955,4,0,3,7,13,36,36,36,0,1,13,0,4
955,5,0,4,8,12,33,33,33,0,1,12,0,5
956,1,0,0,33,-999999,34,-999999,-999999,1,0,-999999,1,0
956,3,2,0,32,-999999,33,-999999,-999999,1,0,-999999,3,0
956,4,3,0,29,29,34,27,27,1,0,27,4,0
956,5,4,0,30,31,31,33,33,1,0,33,5,0
956,6,5,0,31,27,30,28,28,1,0,28,6,0
956,1,0,0,33,-999999,34,-999999,34,0,1,-999999,0,1
956,3,0,2,32,-999999,33,-999999,33,0,1,-999999,0,3
956,4,0,3,29,29,34,27,34,0,1,29,0,4
956,5,0,4,30,31,31,33,31,0,1,31,0,5
956,6,0,5,31,27,30,28,30,0,1,27,0,6
957,1,0,0,12,17,40,39,39,1,0,39,1,0
957,3,2,0,7,19,40,40,40,1,0,40,3,0
957,4,3,0,7,15,40,39,39,1,0,39,4,0
957,5,4,0,12,14,36,39,39,1,0,39,5,0
957,6,5,0,11,18,40,38,38,1,0,38,6,0
957,1,0,0,12,17,40,39,40,0,1,17,0,1
957,3,0,2,7,19,40,40,40,0,1,19,0,3
957,4,0,3,7,15,40,39,40,0,1,15,0,4
957,5,0,4,12,14,36,39,36,0,1,14,0,5
957,6,0,5,11,18,40,38,40,0,1,18,0,6
958,1,0,0,29,23,40,37,37,1,0,37,1,0
958,3,2,0,28,23,39,37,37,1,0,37,3,0
958,4,3,0,23,-999999,40,-999999,-999999,1,0,-999999,4,0
958,5,4,0,28,23,40,36,36,1,0,36,5,0
958,6,5,0,25,-999999,39,-999999,-999999,1,0,-999999,6,0
958,1,0,0,29,23,40,37,40,0,1,23,0,1
958,3,0,2,28,23,39,37,39,0,1,23,0,3
958,4,0,3,23,-999999,40,-999999,40,0,1,-999999,0,4
958,5,0,4,28,23,40,36,40,0,1,23,0,5
958,6,0,5,25,-999999,39,-999999,39,0,1,-999999,0,6
959,3,2,0,23,-999999,35,-999999,-999999,1,0,-999999,3,0
959,4,3,0,26,-999999,38,-999999,-999999,1,0,-999999,4,0
959,5,4,0,17,-999999,36,-999999,-999999,1,0,-999999,5,0
959,6,5,0,14,-999999,38,-999999,-999999,1,0,-999999,6,0
959,3,0,2,23,-999999,35,-999999,35,0,1,-999999,0,3
959,4,0,3,26,-999999,38,-999999,38,0,1,-999999,0,4
959,5,0,4,17,-999999,36,-999999,36,0,1,-999999,0,5
959,6,0,5,14,-999999,38,-999999,38,0,1,-999999,0,6
960,1,0,0,20,-999999,40,-999999,-999999,1,0,-999999,1,0
960,3,2,0,23,-999999,39,-999999,-999999,1,0,-999999,3,0
960,4,3,0,18,-999999,33,-999999,-999999,1,0,-999999,4,0
960,5,4,0,18,-999999,37,-999999,-999999,1,0,-999999,5,0
960,6,5,0,20,18,35,37,37,1,0,37,6,0
960,1,0,0,20,-999999,40,-999999,40,0,1,-999999,0,1
960,3,0,2,23,-999999,39,-999999,39,0,1,-999999,0,3
960,4,0,3,18,-999999,33,-999999,33,0,1,-999999,0,4
960,5,0,4,18,-999999,37,-999999,37,0,1,-999999,0,5
960,6,0,5,20,18,35,37,35,0,1,18,0,6
961,1,0,0,14,19,37,34,34,1,0,34,1,0
961,3,2,0,11,-999999,35,-999999,-999999,1,0,-999999,3,0
961,4,3,0,12,-999999,33,-999999,-999999,1,0,-999999,4,0
961,5,4,0,19,-999999,35,-999999,-999999,1,0,-999999,5,0
961,6,5,0,24,-999999,35,-999999,-999999,1,0,-999999,6,0
961,1,0,0,14,19,37,34,37,0,1,19,0,1
961,3,0,2,11,-999999,35,-999999,35,0,1,-999999,0,3
961,4,0,3,12,-999999,33,-999999,33,0,1,-999999,0,4
961,5,0,4,19,-999999,35,-999999,35,0,1,-999999,0,5
961,6,0,5,24,-999999,35,-999999,35,0,1,-999999,0,6
962,1,0,0,22,-999999,35,-999999,-999999,1,0,-999999,1,0
962,3,2,0,31,24,30,38,38,1,0,38,3,0
962,4,3,0,29,-999999,30,-999999,-999999,1,0,-999999,4,0
962,5,4,0,23,-999999,33,-999999,-999999,1,0,-999999,5,0
962,6,5,0,30,-999999,29,-999999,-999999,1,0,-999999,6,0
962,1,0,0,22,-999999,35,-999999,35,0,1,-999999,0,1
962,3,0,2,31,24,30,38,30,0,1,24,0,3
962,4,0,3,29,-999999,30,-999999,30,0,1,-999999,0,4
962,5,0,4,23,-999999,33,-999999,33,0,1,-999999,0,5
962,6,0,5,30,-999999,29,-999999,29,0,1,-999999,0,6
963,1,0,0,10,17,39,34,34,1,0,34,1,0
963,1,0,0,10,17,39,34,39,0,1,17,0,1
964,1,0,0,22,27,37,36,36,1,0,36,1,0
964,3,2,0,26,-999999,39,-999999,-999999,1,0,-999999,3,0
964,4,3,0,12,-999999,34,-999999,-999999,1,0,-999999,4,0
964,5,4,0,12,-999999,37,-999999,-999999,1,0,-999999,5,0
964,1,0,0,22,27,37,36,37,0,1,27,0,1
964,3,0,2,26,-999999,39,-999999,39,0,1,-999999,0,3
964,4,0,3,12,-999999,34,-999999,34,0,1,-999999,0,4
964,5,0,4,12,-999999,37,-999999,37,0,1,-999999,0,5
965,1,0,0,31,28,34,37,37,1,0,37,1,0
965,3,2,0,27,28,36,32,32,1,0,32,3,0
965,4,3,0,32,27,35,33,33,1,0,33,4,0
965,5,4,0,27,26,34,35,35,1,0,35,5,0
965,6,5,0,32,25,26,31,31,1,0,31,6,0
965,1,0,0,31,28,34,37,34,0,1,28,0,1
965,3,0,2,27,28,36,32,36,0,1,28,0,3
965,4,0,3,32,27,35,33,35,0,1,27,0,4
965,5,0,4,27,26,34,35,34,0,1,26,0,5
965,6,0,5,32,25,26,31,26,0,1,25,0,6
966,1,0,0,7,9,40,39,39,1,0,39,1,0
966,3,2,0,7,9,40,34,34,1,0,34,3,0
966,4,3,0,7,13,40,36,36,1,0,36,4,0
966,5,4,0,8,9,39,38,38,1,0,38,5,0
966,6,5,0,7,7,40,39,39,1,0,39,6,0
966,1,0,0,7,9,40,39,40,0,1,9,0,1
966,3,0,2,7,9,40,34,40,0,1,9,0,3
966,4,0,3,7,13,40,36,40,0,1,13,0,4
966,5,0,4,8,9,39,38,39,0,1,9,0,5
966,6,0,5,7,7,40,39,40,0,1,7,0,6
967,3,2,0,-999999,8,-999999,40,40,1,0,40,3,0
967,4,3,0,8,7,37,38,38,1,0,38,4,0
967,5,4,0,8,7,37,39,39,1,0,39,5,0
967,3,0,2,-999999,8,-999999,40,-999999,0,1,8,0,3
967,4,0,3,8,7,37,38,37,0,1,7,0,4
967,5,0,4,8,7,37,39,37,0,1,7,0,5
968,1,0,0,18,15,39,38,38,1,0,38,1,0
968,5,4,0,14,-999999,40,-999999,-999999,1,0,-999999,5,0
968,6,5,0,10,9,37,38,38,1,0,38,6,0
968,1,0,0,18,15,39,38,39,0,1,15,0,1
968,5,0,4,14,-999999,40,-999999,40,0,1,-999999,0,5
968,6,0,5,10,9,37,38,37,0,1,9,0,6
969,3,2,0,18,-999999,39,-999999,-999999,1,0,-999999,3,0
969,5,4,0,17,21,35,28,28,1,0,28,5,0
969,6,5,0,19,15,37,34,34,1,0,34,6,0
969,3,0,2,18,-999999,39,-999999,39,0,1,-999999,0,3
969,5,0,4,17,21,35,28,35,0,1,21,0,5
969,6,0,5,19,15,37,34,37,0,1,15,0,6
970,1,0,0,11,-999999,40,-999999,-999999,1,0,-999999,1,0
970,3,2,0,15,-999999,40,-999999,-999999,1,0,-999999,3,0
970,4,3,0,16,-999999,38,-999999,-999999,1,0,-999999,4,0
970,5,4,0,12,-999999,36,-999999,-999999,1,0,-999999,5,0
970,6,5,0,16,-999999,38,-999999,-999999,1,0,-999999,6,0
970,1,0,0,11,-999999,40,-999999,40,0,1,-999999,0,1
970,3,0,2,15,-999999,40,-999999,40,0,1,-999999,0,3
970,4,0,3,16,-999999,38,-999999,38,0,1,-999999,0,4
970,5,0,4,12,-999999,36,-999999,36,0,1,-999999,0,5
970,6,0,5,16,-999999,38,-999999,38,0,1,-999999,0,6
971,3,2,0,22,18,37,33,33,1,0,33,3,0
971,4,3,0,12,11,39,37,37,1,0,37,4,0
971,5,4,0,18,14,34,28,28,1,0,28,5,0
971,6,5,0,21,16,35,37,37,1,0,37,6,0
971,3,0,2,22,18,37,33,37,0,1,18,0,3
971,4,0,3,12,11,39,37,39,0,1,11,0,4
971,5,0,4,18,14,34,28,34,0,1,14,0,5
971,6,0,5,21,16,35,37,35,0,1,16,0,6
972,1,0,0,17,8,38,40,40,1,0,40,1,0
972,3,2,0,16,17,37,34,34,1,0,34,3,0
972,4,3,0,10,13,40,37,37,1,0,37,4,0
972,5,4,0,14,17,38,37,37,1,0,37,5,0
972,6,5,0,15,24,35,33,33,1,0,33,6,0
972,1,0,0,17,8,38,40,38,0,1,8,0,1
972,3,0,2,16,17,37,34,37,0,1,17,0,3
972,4,0,3,10,13,40,37,40,0,1,13,0,4
972,5,0,4,14,17,38,37,38,0,1,17,0,5
972,6,0,5,15,24,35,33,35,0,1,24,0,6
973,1,0,0,12,-999999,40,-999999,-999999,1,0,-999999,1,0
973,3,2,0,14,-999999,40,-999999,-999999,1,0,-999999,3,0
973,4,3,0,12,-999999,36,-999999,-999999,1,0,-999999,4,0
973,5,4,0,8,-999999,40,-999999,-999999,1,0,-999999,5,0
973,6,5,0,12,-999999,40,-999999,-999999,1,0,-999999,6,0
973,1,0,0,12,-999999,40,-999999,40,0,1,-999999,0,1
973,3,0,2,14,-999999,40,-999999,40,0,1,-999999,0,3
973,4,0,3,12,-999999,36,-999999,36,0,1,-999999,0,4
973,5,0,4,8,-999999,40,-999999,40,0,1,-999999,0,5
973,6,0,5,12,-999999,40,-999999,40,0,1,-999999,0,6
974,1,0,0,-999999,20,-999999,36,36,1,0,36,1,0
974,1,0,0,-999999,20,-999999,36,-999999,0,1,20,0,1
975,1,0,0,10,19,40,33,33,1,0,33,1,0
975,3,2,0,12,20,40,29,29,1,0,29,3,0
975,4,3,0,-999999,15,-999999,30,30,1,0,30,4,0
975,5,4,0,9,21,40,32,32,1,0,32,5,0
975,6,5,0,-999999,18,-999999,34,34,1,0,34,6,0
975,1,0,0,10,19,40,33,40,0,1,19,0,1
975,3,0,2,12,20,40,29,40,0,1,20,0,3
975,4,0,3,-999999,15,-999999,30,-999999,0,1,15,0,4
975,5,0,4,9,21,40,32,40,0,1,21,0,5
975,6,0,5,-999999,18,-999999,34,-999999,0,1,18,0,6
976,1,0,0,15,-999999,36,-999999,-999999,1,0,-999999,1,0
976,3,2,0,9,-999999,38,-999999,-999999,1,0,-999999,3,0
976,4,3,0,12,-999999,32,-999999,-999999,1,0,-999999,4,0
976,5,4,0,7,-999999,38,-999999,-999999,1,0,-999999,5,0
976,6,5,0,15,-999999,39,-999999,-999999,1,0,-999999,6,0
976,1,0,0,15,-999999,36,-999999,36,0,1,-999999,0,1
976,3,0,2,9,-999999,38,-999999,38,0,1,-999999,0,3
976,4,0,3,12,-999999,32,-999999,32,0,1,-999999,0,4
976,5,0,4,7,-999999,38,-999999,38,0,1,-999999,0,5
976,6,0,5,15,-999999,39,-999999,39,0,1,-999999,0,6
977,1,0,0,15,11,40,39,39,1,0,39,1,0
977,3,2,0,23,11,39,38,38,1,0,38,3,0
977,4,3,0,22,11,39,39,39,1,0,39,4,0
977,5,4,0,18,13,39,37,37,1,0,37,5,0
977,6,5,0,19,10,40,39,39,1,0,39,6,0
977,1,0,0,15,11,40,39,40,0,1,11,0,1
977,3,0,2,23,11,39,38,39,0,1,11,0,3
977,4,0,3,22,11,39,39,39,0,1,11,0,4
977,5,0,4,18,13,39,37,39,0,1,13,0,5
977,6,0,5,19,10,40,39,40,0,1,10,0,6
978,1,0,0,11,-999999,40,-999999,-999999,1,0,-999999,1,0
978,3,2,0,19,-999999,40,-999999,-999999,1,0,-999999,3,0
978,4,3,0,14,-999999,38,-999999,-999999,1,0,-999999,4,0
978,5,4,0,18,-999999,40,-999999,-999999,1,0,-999999,5,0
978,6,5,0,16,-999999,34,-999999,-999999,1,0,-999999,6,0
978,1,0,0,11,-999999,40,-999999,40,0,1,-999999,0,1
978,3,0,2,19,-999999,40,-999999,40,0,1,-999999,0,3
978,4,0,3,14,-999999,38,-999999,38,0,1,-999999,0,4
978,5,0,4,18,-999999,40,-999999,40,0,1,-999999,0,5
978,6,0,5,16,-999999,34,-999999,34,0,1,-999999,0,6
979,1,0,0,10,16,40,39,39,1,0,39,1,0
979,3,2,0,12,15,39,34,34,1,0,34,3,0
979,4,3,0,13,16,38,38,38,1,0,38,4,0
979,5,4,0,18,14,38,36,36,1,0,36,5,0
979,6,5,0,15,16,37,36,36,1,0,36,6,0
979,1,0,0,10,16,40,39,40,0,1,16,0,1
979,3,0,2,12,15,39,34,39,0,1,15,0,3
979,4,0,3,13,16,38,38,38,0,1,16,0,4
979,5,0,4,18,14,38,36,38,0,1,14,0,5
979,6,0,5,15,16,37,36,37,0,1,16,0,6
980,1,0,0,17,-999999,37,-999999,-999999,1,0,-999999,1,0
980,3,2,0,20,14,40,40,40,1,0,40,3,0
980,4,3,0,22,18,36,35,35,1,0,35,4,0
980,5,4,0,22,18,37,34,34,1,0,34,5,0
980,6,5,0,14,15,38,37,37,1,0,37,6,0
980,1,0,0,17,-999999,37,-999999,37,0,1,-999999,0,1
980,3,0,2,20,14,40,40,40,0,1,14,0,3
980,4,0,3,22,18,36,35,36,0,1,18,0,4
980,5,0,4,22,18,37,34,37,0,1,18,0,5
980,6,0,5,14,15,38,37,38,0,1,15,0,6
981,1,0,0,22,10,33,39,39,1,0,39,1,0
981,3,2,0,15,14,34,39,39,1,0,39,3,0
981,4,3,0,21,13,34,35,35,1,0,35,4,0
981,5,4,0,17,15,34,39,39,1,0,39,5,0
981,6,5,0,18,14,34,35,35,1,0,35,6,0
981,1,0,0,22,10,33,39,33,0,1,10,0,1
981,3,0,2,15,14,34,39,34,0,1,14,0,3
981,4,0,3,21,13,34,35,34,0,1,13,0,4
981,5,0,4,17,15,34,39,34,0,1,15,0,5
981,6,0,5,18,14,34,35,34,0,1,14,0,6
982,1,0,0,11,16,40,40,40,1,0,40,1,0
982,3,2,0,10,15,37,36,36,1,0,36,3,0
982,4,3,0,18,17,36,37,37,1,0,37,4,0
982,5,4,0,18,13,36,34,34,1,0,34,5,0
982,6,5,0,18,-999999,35,-999999,-999999,1,0,-999999,6,0
982,1,0,0,11,16,40,40,40,0,1,16,0,1
982,3,0,2,10,15,37,36,37,0,1,15,0,3
982,4,0,3,18,17,36,37,36,0,1,17,0,4
982,5,0,4,18,13,36,34,36,0,1,13,0,5
982,6,0,5,18,-999999,35,-999999,35,0,1,-999999,0,6
983,1,0,0,24,16,40,35,35,1,0,35,1,0
983,3,2,0,22,13,38,33,33,1,0,33,3,0
983,4,3,0,26,-999999,40,-999999,-999999,1,0,-999999,4,0
983,5,4,0,17,14,40,33.142857,33.142857,1,0,33.142857,5,0
983,6,5,0,29,-999999,37,-999999,-999999,1,0,-999999,6,0
983,1,0,0,24,16,40,35,40,0,1,16,0,1
983,3,0,2,22,13,38,33,38,0,1,13,0,3
983,4,0,3,26,-999999,40,-999999,40,0,1,-999999,0,4
983,5,0,4,17,14,40,33.142857,40,0,1,14,0,5
983,6,0,5,29,-999999,37,-999999,37,0,1,-999999,0,6
984,3,2,0,10,-999999,39,-999999,-999999,1,0,-999999,3,0
984,4,3,0,13,-999999,40,-999999,-999999,1,0,-999999,4,0
984,5,4,0,17,9,40,30,30,1,0,30,5,0
984,6,5,0,18,-999999,40,-999999,-999999,1,0,-999999,6,0
984,3,0,2,10,-999999,39,-999999,39,0,1,-999999,0,3
984,4,0,3,13,-999999,40,-999999,40,0,1,-999999,0,4
984,5,0,4,17,9,40,30,40,0,1,9,0,5
984,6,0,5,18,-999999,40,-999999,40,0,1,-999999,0,6
985,1,0,0,7,10,40,40,40,1,0,40,1,0
985,3,2,0,7,10,40,39,39,1,0,39,3,0
985,4,3,0,8,13,40,38,38,1,0,38,4,0
985,5,4,0,7,14,40,38,38,1,0,38,5,0
985,6,5,0,7,-999999,40,-999999,-999999,1,0,-999999,6,0
985,1,0,0,7,10,40,40,40,0,1,10,0,1
985,3,0,2,7,10,40,39,40,0,1,10,0,3
985,4,0,3,8,13,40,38,40,0,1,13,0,4
985,5,0,4,7,14,40,38,40,0,1,14,0,5
985,6,0,5,7,-999999,40,-999999,40,0,1,-999999,0,6
986,1,0,0,30,18,34,35,35,1,0,35,1,0
986,3,2,0,25,15,34,30,30,1,0,30,3,0
986,4,3,0,24,15,32,35,35,1,0,35,4,0
986,5,4,0,21,22,31,34,34,1,0,34,5,0
986,6,5,0,26,29,33,28,28,1,0,28,6,0
986,1,0,0,30,18,34,35,34,0,1,18,0,1
986,3,0,2,25,15,34,30,34,0,1,15,0,3
986,4,0,3,24,15,32,35,32,0,1,15,0,4
986,5,0,4,21,22,31,34,31,0,1,22,0,5
986,6,0,5,26,29,33,28,33,0,1,29,0,6
987,1,0,0,21,13,37,37,37,1,0,37,1,0
987,3,2,0,17,22,32,34,34,1,0,34,3,0
987,4,3,0,14,15,38,36,36,1,0,36,4,0
987,5,4,0,15,17,34,31,31,1,0,31,5,0
987,6,5,0,13,16,36,34,34,1,0,34,6,0
987,1,0,0,21,13,37,37,37,0,1,13,0,1
987,3,0,2,17,22,32,34,32,0,1,22,0,3
987,4,0,3,14,15,38,36,38,0,1,15,0,4
987,5,0,4,15,17,34,31,34,0,1,17,0,5
987,6,0,5,13,16,36,34,36,0,1,16,0,6
988,1,0,0,14,13,35,38,38,1,0,38,1,0
988,3,2,0,9,16,40,40,40,1,0,40,3,0
988,4,3,0,9,7,38,38,38,1,0,38,4,0
988,5,4,0,7,10,39,40,40,1,0,40,5,0
988,6,5,0,13,10,39,27,27,1,0,27,6,0
988,1,0,0,14,13,35,38,35,0,1,13,0,1
988,3,0,2,9,16,40,40,40,0,1,16,0,3
988,4,0,3,9,7,38,38,38,0,1,7,0,4
988,5,0,4,7,10,39,40,39,0,1,10,0,5
988,6,0,5,13,10,39,27,39,0,1,10,0,6
989,1,0,0,11,9,40,35,35,1,0,35,1,0
989,1,0,0,11,9,40,35,40,0,1,9,0,1
990,1,0,0,20,24,40,40,40,1,0,40,1,0
990,3,2,0,17,-999999,40,-999999,-999999,1,0,-999999,3,0
990,4,3,0,16,-999999,40,-999999,-999999,1,0,-999999,4,0
990,5,4,0,20,17,40,35,35,1,0,35,5,0
990,6,5,0,21,14,40,35,35,1,0,35,6,0
990,1,0,0,20,24,40,40,40,0,1,24,0,1
990,3,0,2,17,-999999,40,-999999,40,0,1,-999999,0,3
990,4,0,3,16,-999999,40,-999999,40,0,1,-999999,0,4
990,5,0,4,20,17,40,35,40,0,1,17,0,5
990,6,0,5,21,14,40,35,40,0,1,14,0,6
991,1,0,0,22,21,39,31,31,1,0,31,1,0
991,3,2,0,18,20,39,33,33,1,0,33,3,0
991,4,3,0,25,23,39,33,33,1,0,33,4,0
991,5,4,0,12,14,39,34,34,1,0,34,5,0
991,6,5,0,15,14,38,32,32,1,0,32,6,0
991,1,0,0,22,21,39,31,39,0,1,21,0,1
991,3,0,2,18,20,39,33,39,0,1,20,0,3
991,4,0,3,25,23,39,33,39,0,1,23,0,4
991,5,0,4,12,14,39,34,39,0,1,14,0,5
991,6,0,5,15,14,38,32,38,0,1,14,0,6
992,1,0,0,8,-999999,38,-999999,-999999,1,0,-999999,1,0
992,3,2,0,11,-999999,38,-999999,-999999,1,0,-999999,3,0
992,4,3,0,7,-999999,36,-999999,-999999,1,0,-999999,4,0
992,5,4,0,9,-999999,40,-999999,-999999,1,0,-999999,5,0
992,6,5,0,7,-999999,35,-999999,-999999,1,0,-999999,6,0
992,1,0,0,8,-999999,38,-999999,38,0,1,-999999,0,1
992,3,0,2,11,-999999,38,-999999,38,0,1,-999999,0,3
992,4,0,3,7,-999999,36,-999999,36,0,1,-999999,0,4
992,5,0,4,9,-999999,40,-999999,40,0,1,-999999,0,5
992,6,0,5,7,-999999,35,-999999,35,0,1,-999999,0,6
993,1,0,0,14,13,40,39,39,1,0,39,1,0
993,3,2,0,7,13,39,39,39,1,0,39,3,0
993,4,3,0,7,8,40,38,38,1,0,38,4,0
993,5,4,0,10,8,40,35,35,1,0,35,5,0
993,6,5,0,8,8,40,38,38,1,0,38,6,0
993,1,0,0,14,13,40,39,40,0,1,13,0,1
993,3,0,2,7,13,39,39,39,0,1,13,0,3
993,4,0,3,7,8,40,38,40,0,1,8,0,4
993,5,0,4,10,8,40,35,40,0,1,8,0,5
993,6,0,5,8,8,40,38,40,0,1,8,0,6
994,1,0,0,18,17,39,36,36,1,0,36,1,0
994,4,3,0,19,-999999,37,-999999,-999999,1,0,-999999,4,0
994,5,4,0,19,28,36,26,26,1,0,26,5,0
994,6,5,0,19,-999999,37,-999999,-999999,1,0,-999999,6,0
994,1,0,0,18,17,39,36,39,0,1,17,0,1
994,4,0,3,19,-999999,37,-999999,37,0,1,-999999,0,4
994,5,0,4,19,28,36,26,36,0,1,28,0,5
994,6,0,5,19,-999999,37,-999999,37,0,1,-999999,0,6
995,1,0,0,21,15,38,37,37,1,0,37,1,0
995,3,2,0,22,15,35,31,31,1,0,31,3,0
995,4,3,0,24,15,35,32,32,1,0,32,4,0
995,5,4,0,16,11,36,29,29,1,0,29,5,0
995,6,5,0,15,13,36,27,27,1,0,27,6,0
995,1,0,0,21,15,38,37,38,0,1,15,0,1
995,3,0,2,22,15,35,31,35,0,1,15,0,3
995,4,0,3,24,15,35,32,35,0,1,15,0,4
995,5,0,4,16,11,36,29,36,0,1,11,0,5
995,6,0,5,15,13,36,27,36,0,1,13,0,6
996,1,0,0,21,-999999,40,-999999,-999999,1,0,-999999,1,0
996,3,2,0,24,-999999,36,-999999,-999999,1,0,-999999,3,0
996,4,3,0,26,-999999,37,-999999,-999999,1,0,-999999,4,0
996,5,4,0,28,25,37,32,32,1,0,32,5,0
996,6,5,0,20,22,39,40,40,1,0,40,6,0
996,1,0,0,21,-999999,40,-999999,40,0,1,-999999,0,1
996,3,0,2,24,-999999,36,-999999,36,0,1,-999999,0,3
996,4,0,3,26,-999999,37,-999999,37,0,1,-999999,0,4
996,5,0,4,28,25,37,32,37,0,1,25,0,5
996,6,0,5,20,22,39,40,39,0,1,22,0,6
997,1,0,0,9,9,37,40,40,1,0,40,1,0
997,3,2,0,12,9,38,40,40,1,0,40,3,0
997,4,3,0,12,7,40,39,39,1,0,39,4,0
997,5,4,0,8,9,39,38,38,1,0,38,5,0
997,6,5,0,10,13,40,36,36,1,0,36,6,0
997,1,0,0,9,9,37,40,37,0,1,9,0,1
997,3,0,2,12,9,38,40,38,0,1,9,0,3
997,4,0,3,12,7,40,39,40,0,1,7,0,4
997,5,0,4,8,9,39,38,39,0,1,9,0,5
997,6,0,5,10,13,40,36,40,0,1,13,0,6
998,3,2,0,7,19,40,36,36,1,0,36,3,0
998,4,3,0,11,20,37,31,31,1,0,31,4,0
998,5,4,0,11,20,36,36,36,1,0,36,5,0
998,6,5,0,9,20,35,34,34,1,0,34,6,0
998,3,0,2,7,19,40,36,40,0,1,19,0,3
998,4,0,3,11,20,37,31,37,0,1,20,0,4
998,5,0,4,11,20,36,36,36,0,1,20,0,5
998,6,0,5,9,20,35,34,35,0,1,20,0,6
999,1,0,0,10,23,40,39,39,1,0,39,1,0
999,3,2,0,11,22,40,40,40,1,0,40,3,0
999,4,3,0,13,17,40,39,39,1,0,39,4,0
999,5,4,0,17,26,39,37,37,1,0,37,5,0
999,6,5,0,15,15,38,38,38,1,0,38,6,0
999,1,0,0,10,23,40,39,40,0,1,23,0,1
999,3,0,2,11,22,40,40,40,0,1,22,0,3
999,4,0,3,13,17,40,39,40,0,1,17,0,4
999,5,0,4,17,26,39,37,39,0,1,26,0,5
999,6,0,5,15,15,38,38,38,0,1,15,0,6
1000,1,0,0,14,17,40,32,32,1,0,32,1,0
1000,4,3,0,16,-999999,33,-999999,-999999,1,0,-999999,4,0
1000,5,4,0,14,-999999,37,-999999,-999999,1,0,-999999,5,0
1000,6,5,0,24,17,32,32,32,1,0,32,6,0
1000,1,0,0,14,17,40,32,40,0,1,17,0,1
1000,4,0,3,16,-999999,33,-999999,33,0,1,-999999,0,4
1000,5,0,4,14,-999999,37,-999999,37,0,1,-999999,0,5
1000,6,0,5,24,17,32,32,32,0,1,17,0,6
1001,1,0,0,24,8,40,40,40,1,0,40,1,0
1001,3,2,0,21,-999999,36,-999999,-999999,1,0,-999999,3,0
1001,4,3,0,22,-999999,40,-999999,-999999,1,0,-999999,4,0
1001,5,4,0,27,-999999,40,-999999,-999999,1,0,-999999,5,0
1001,6,5,0,25,-999999,40,-999999,-999999,1,0,-999999,6,0
1001,1,0,0,24,8,40,40,40,0,1,8,0,1
1001,3,0,2,21,-999999,36,-999999,36,0,1,-999999,0,3
1001,4,0,3,22,-999999,40,-999999,40,0,1,-999999,0,4
1001,5,0,4,27,-999999,40,-999999,40,0,1,-999999,0,5
1001,6,0,5,25,-999999,40,-999999,40,0,1,-999999,0,6
1002,1,0,0,11,15,40,38,38,1,0,38,1,0
1002,3,2,0,13,15,36,39,39,1,0,39,3,0
1002,4,3,0,12,13,36,38,38,1,0,38,4,0
1002,5,4,0,10,15,40,38,38,1,0,38,5,0
1002,6,5,0,8,13,39,36,36,1,0,36,6,0
1002,1,0,0,11,15,40,38,40,0,1,15,0,1
1002,3,0,2,13,15,36,39,36,0,1,15,0,3
1002,4,0,3,12,13,36,38,36,0,1,13,0,4
1002,5,0,4,10,15,40,38,40,0,1,15,0,5
1002,6,0,5,8,13,39,36,39,0,1,13,0,6
1003,1,0,0,-999999,11,-999999,36,36,1,0,36,1,0
1003,3,2,0,13,11,38,34,34,1,0,34,3,0
1003,4,3,0,10,17,40,31,31,1,0,31,4,0
1003,5,4,0,8,16,40,33,33,1,0,33,5,0
1003,6,5,0,10,12,37,34,34,1,0,34,6,0
1003,1,0,0,-999999,11,-999999,36,-999999,0,1,11,0,1
1003,3,0,2,13,11,38,34,38,0,1,11,0,3
1003,4,0,3,10,17,40,31,40,0,1,17,0,4
1003,5,0,4,8,16,40,33,40,0,1,16,0,5
1003,6,0,5,10,12,37,34,37,0,1,12,0,6
1004,1,0,0,21,8,37,38,38,1,0,38,1,0
1004,3,2,0,9,10,40,40,40,1,0,40,3,0
1004,4,3,0,19,19,32,28,28,1,0,28,4,0
1004,5,4,0,17,11,36,34,34,1,0,34,5,0
1004,6,5,0,20,8,35,36,36,1,0,36,6,0
1004,1,0,0,21,8,37,38,37,0,1,8,0,1
1004,3,0,2,9,10,40,40,40,0,1,10,0,3
1004,4,0,3,19,19,32,28,32,0,1,19,0,4
1004,5,0,4,17,11,36,34,36,0,1,11,0,5
1004,6,0,5,20,8,35,36,35,0,1,8,0,6
1005,1,0,0,18,10,37,39,39,1,0,39,1,0
1005,3,2,0,17,15,37,32,32,1,0,32,3,0
1005,4,3,0,25,11,35,38,38,1,0,38,4,0
1005,5,4,0,12,12,38,37,37,1,0,37,5,0
1005,6,5,0,13,12,36,35,35,1,0,35,6,0
1005,1,0,0,18,10,37,39,37,0,1,10,0,1
1005,3,0,2,17,15,37,32,37,0,1,15,0,3
1005,4,0,3,25,11,35,38,35,0,1,11,0,4
1005,5,0,4,12,12,38,37,38,0,1,12,0,5
1005,6,0,5,13,12,36,35,36,0,1,12,0,6
1006,3,2,0,26,30,32,18,18,1,0,18,3,0
1006,4,3,0,30,26,34,23,23,1,0,23,4,0
1006,5,4,0,31,34,31,18,18,1,0,18,5,0
1006,3,0,2,26,30,32,18,32,0,1,30,0,3
1006,4,0,3,30,26,34,23,34,0,1,26,0,4
1006,5,0,4,31,34,31,18,31,0,1,34,0,5
1007,1,0,0,15,7,39,39,39,1,0,39,1,0
1007,3,2,0,14,14,39,34,34,1,0,34,3,0
1007,4,3,0,14,13,39,36,36,1,0,36,4,0
1007,5,4,0,17,17,38,31,31,1,0,31,5,0
1007,6,5,0,14,14,38,28,28,1,0,28,6,0
1007,1,0,0,15,7,39,39,39,0,1,7,0,1
1007,3,0,2,14,14,39,34,39,0,1,14,0,3
1007,4,0,3,14,13,39,36,39,0,1,13,0,4
1007,5,0,4,17,17,38,31,38,0,1,17,0,5
1007,6,0,5,14,14,38,28,38,0,1,14,0,6
1008,1,0,0,7,10,40,33,33,1,0,33,1,0
1008,3,2,0,7,9,39,34,34,1,0,34,3,0
1008,4,3,0,8,11,39,31,31,1,0,31,4,0
1008,5,4,0,8,11,40,27,27,1,0,27,5,0
1008,6,5,0,12,14,40,34,34,1,0,34,6,0
1008,1,0,0,7,10,40,33,40,0,1,10,0,1
1008,3,0,2,7,9,39,34,39,0,1,9,0,3
1008,4,0,3,8,11,39,31,39,0,1,11,0,4
1008,5,0,4,8,11,40,27,40,0,1,11,0,5
1008,6,0,5,12,14,40,34,40,0,1,14,0,6
1009,1,0,0,-999999,9,-999999,40,40,1,0,40,1,0
1009,3,2,0,19,13,37,39,39,1,0,39,3,0
1009,4,3,0,17,12,37,39,39,1,0,39,4,0
1009,5,4,0,15,8,37,37,37,1,0,37,5,0
1009,6,5,0,12,12,37,37,37,1,0,37,6,0
1009,1,0,0,-999999,9,-999999,40,-999999,0,1,9,0,1
1009,3,0,2,19,13,37,39,37,0,1,13,0,3
1009,4,0,3,17,12,37,39,37,0,1,12,0,4
1009,5,0,4,15,8,37,37,37,0,1,8,0,5
1009,6,0,5,12,12,37,37,37,0,1,12,0,6
1010,1,0,0,23,-999999,38,-999999,-999999,1,0,-999999,1,0
1010,6,5,0,22,-999999,37,-999999,-999999,1,0,-999999,6,0
1010,1,0,0,23,-999999,38,-999999,38,0,1,-999999,0,1
1010,6,0,5,22,-999999,37,-999999,37,0,1,-999999,0,6
1011,1,0,0,11,9,33,32,32,1,0,32,1,0
1011,3,2,0,15,22,35,26,26,1,0,26,3,0
1011,4,3,0,22,27,37,36,36,1,0,36,4,0
1011,5,4,0,25,20,38,24,24,1,0,24,5,0
1011,6,5,0,15,17,37,35,35,1,0,35,6,0
1011,1,0,0,11,9,33,32,33,0,1,9,0,1
1011,3,0,2,15,22,35,26,35,0,1,22,0,3
1011,4,0,3,22,27,37,36,37,0,1,27,0,4
1011,5,0,4,25,20,38,24,38,0,1,20,0,5
1011,6,0,5,15,17,37,35,37,0,1,17,0,6
1012,1,0,0,7,11,40,39,39,1,0,39,1,0
1012,3,2,0,7,8,40,35,35,1,0,35,3,0
1012,4,3,0,7,11,40,39,39,1,0,39,4,0
1012,5,4,0,11,-999999,39,-999999,-999999,1,0,-999999,5,0
1012,6,5,0,7,12,40,38,38,1,0,38,6,0
1012,1,0,0,7,11,40,39,40,0,1,11,0,1
1012,3,0,2,7,8,40,35,40,0,1,8,0,3
1012,4,0,3,7,11,40,39,40,0,1,11,0,4
1012,5,0,4,11,-999999,39,-999999,39,0,1,-999999,0,5
1012,6,0,5,7,12,40,38,40,0,1,12,0,6
1013,1,0,0,10,17,35,39,39,1,0,39,1,0
1013,3,2,0,15,26,34,32,32,1,0,32,3,0
1013,4,3,0,16,-999999,35,-999999,-999999,1,0,-999999,4,0
1013,5,4,0,11,-999999,34,-999999,-999999,1,0,-999999,5,0
1013,6,5,0,13,23,35,34,34,1,0,34,6,0
1013,1,0,0,10,17,35,39,35,0,1,17,0,1
1013,3,0,2,15,26,34,32,34,0,1,26,0,3
1013,4,0,3,16,-999999,35,-999999,35,0,1,-999999,0,4
1013,5,0,4,11,-999999,34,-999999,34,0,1,-999999,0,5
1013,6,0,5,13,23,35,34,35,0,1,23,0,6
1014,1,0,0,-999999,29,-999999,35,35,1,0,35,1,0
1014,3,2,0,20,10,36,38,38,1,0,38,3,0
1014,4,3,0,22,11,33,36,36,1,0,36,4,0
1014,5,4,0,29,19,37,33,33,1,0,33,5,0
1014,6,5,0,14,-999999,38,-999999,-999999,1,0,-999999,6,0
1014,1,0,0,-999999,29,-999999,35,-999999,0,1,29,0,1
1014,3,0,2,20,10,36,38,36,0,1,10,0,3
1014,4,0,3,22,11,33,36,33,0,1,11,0,4
1014,5,0,4,29,19,37,33,37,0,1,19,0,5
1014,6,0,5,14,-999999,38,-999999,38,0,1,-999999,0,6
1015,1,0,0,23,10,38,40,40,1,0,40,1,0
1015,3,2,0,15,9,37,38,38,1,0,38,3,0
1015,4,3,0,16,7,36,36,36,1,0,36,4,0
1015,5,4,0,11,11,35,39,39,1,0,39,5,0
1015,6,5,0,17,9,32,38,38,1,0,38,6,0
1015,1,0,0,23,10,38,40,38,0,1,10,0,1
1015,3,0,2,15,9,37,38,37,0,1,9,0,3
1015,4,0,3,16,7,36,36,36,0,1,7,0,4
1015,5,0,4,11,11,35,39,35,0,1,11,0,5
1015,6,0,5,17,9,32,38,32,0,1,9,0,6
1016,1,0,0,18,28,39,30,30,1,0,30,1,0
1016,3,2,0,20,25,36,18,18,1,0,18,3,0
1016,4,3,0,16,24,40,24,24,1,0,24,4,0
1016,5,4,0,18,27,35,29,29,1,0,29,5,0
1016,6,5,0,16,26,36,25,25,1,0,25,6,0
1016,1,0,0,18,28,39,30,39,0,1,28,0,1
1016,3,0,2,20,25,36,18,36,0,1,25,0,3
1016,4,0,3,16,24,40,24,40,0,1,24,0,4
1016,5,0,4,18,27,35,29,35,0,1,27,0,5
1016,6,0,5,16,26,36,25,36,0,1,26,0,6
1017,1,0,0,18,16,40,38,38,1,0,38,1,0
1017,3,2,0,16,18,38,37,37,1,0,37,3,0
1017,4,3,0,21,18,37,36,36,1,0,36,4,0
1017,5,4,0,12,20,37,36,36,1,0,36,5,0
1017,6,5,0,16,-999999,36,-999999,-999999,1,0,-999999,6,0
1017,1,0,0,18,16,40,38,40,0,1,16,0,1
1017,3,0,2,16,18,38,37,38,0,1,18,0,3
1017,4,0,3,21,18,37,36,37,0,1,18,0,4
1017,5,0,4,12,20,37,36,37,0,1,20,0,5
1017,6,0,5,16,-999999,36,-999999,36,0,1,-999999,0,6
1018,1,0,0,17,13,35,40,40,1,0,40,1,0
1018,3,2,0,16,21,35,40,40,1,0,40,3,0
1018,4,3,0,9,12,38,40,40,1,0,40,4,0
1018,5,4,0,12,12,37,39,39,1,0,39,5,0
1018,6,5,0,17,14,36,40,40,1,0,40,6,0
1018,1,0,0,17,13,35,40,35,0,1,13,0,1
1018,3,0,2,16,21,35,40,35,0,1,21,0,3
1018,4,0,3,9,12,38,40,38,0,1,12,0,4
1018,5,0,4,12,12,37,39,37,0,1,12,0,5
1018,6,0,5,17,14,36,40,36,0,1,14,0,6
1019,1,0,0,20,20,37,31,31,1,0,31,1,0
1019,3,2,0,17,10,38,35,35,1,0,35,3,0
1019,4,3,0,14,-999999,40,-999999,-999999,1,0,-999999,4,0
1019,5,4,0,16,-999999,35,-999999,-999999,1,0,-999999,5,0
1019,6,5,0,15,11,37,37,37,1,0,37,6,0
1019,1,0,0,20,20,37,31,37,0,1,20,0,1
1019,3,0,2,17,10,38,35,38,0,1,10,0,3
1019,4,0,3,14,-999999,40,-999999,40,0,1,-999999,0,4
1019,5,0,4,16,-999999,35,-999999,35,0,1,-999999,0,5
1019,6,0,5,15,11,37,37,37,0,1,11,0,6
1020,1,0,0,17,-999999,31,-999999,-999999,1,0,-999999,1,0
1020,3,2,0,10,-999999,32,-999999,-999999,1,0,-999999,3,0
1020,5,4,0,20,-999999,32,-999999,-999999,1,0,-999999,5,0
1020,6,5,0,18,-999999,29,-999999,-999999,1,0,-999999,6,0
1020,1,0,0,17,-999999,31,-999999,31,0,1,-999999,0,1
1020,3,0,2,10,-999999,32,-999999,32,0,1,-999999,0,3
1020,5,0,4,20,-999999,32,-999999,32,0,1,-999999,0,5
1020,6,0,5,18,-999999,29,-999999,29,0,1,-999999,0,6
1021,1,0,0,18,-999999,39,-999999,-999999,1,0,-999999,1,0
1021,3,2,0,18,17,37,38,38,1,0,38,3,0
1021,4,3,0,18,14,40,38,38,1,0,38,4,0
1021,5,4,0,26,16,38,36,36,1,0,36,5,0
1021,6,5,0,20,16,39,38,38,1,0,38,6,0
1021,1,0,0,18,-999999,39,-999999,39,0,1,-999999,0,1
1021,3,0,2,18,17,37,38,37,0,1,17,0,3
1021,4,0,3,18,14,40,38,40,0,1,14,0,4
1021,5,0,4,26,16,38,36,38,0,1,16,0,5
1021,6,0,5,20,16,39,38,39,0,1,16,0,6
1022,1,0,0,11,-999999,38,-999999,-999999,1,0,-999999,1,0
1022,3,2,0,14,-999999,35,-999999,-999999,1,0,-999999,3,0
1022,4,3,0,17,9,34,34,34,1,0,34,4,0
1022,5,4,0,23,-999999,35,-999999,-999999,1,0,-999999,5,0
1022,6,5,0,23,21,38,33,33,1,0,33,6,0
1022,1,0,0,11,-999999,38,-999999,38,0,1,-999999,0,1
1022,3,0,2,14,-999999,35,-999999,35,0,1,-999999,0,3
1022,4,0,3,17,9,34,34,34,0,1,9,0,4
1022,5,0,4,23,-999999,35,-999999,35,0,1,-999999,0,5
1022,6,0,5,23,21,38,33,38,0,1,21,0,6
1023,1,0,0,12,15,40,37,37,1,0,37,1,0
1023,3,2,0,10,12,39,36,36,1,0,36,3,0
1023,4,3,0,8,16,39,32,32,1,0,32,4,0
1023,5,4,0,8,15,37,36,36,1,0,36,5,0
1023,6,5,0,8,11,36,35,35,1,0,35,6,0
1023,1,0,0,12,15,40,37,40,0,1,15,0,1
1023,3,0,2,10,12,39,36,39,0,1,12,0,3
1023,4,0,3,8,16,39,32,39,0,1,16,0,4
1023,5,0,4,8,15,37,36,37,0,1,15,0,5
1023,6,0,5,8,11,36,35,36,0,1,11,0,6
1024,1,0,0,10,7,39,36,36,1,0,36,1,0
1024,3,2,0,17,-999999,36,-999999,-999999,1,0,-999999,3,0
1024,4,3,0,19,-999999,39,-999999,-999999,1,0,-999999,4,0
1024,5,4,0,21,-999999,37,-999999,-999999,1,0,-999999,5,0
1024,6,5,0,19,14,40,40,40,1,0,40,6,0
1024,1,0,0,10,7,39,36,39,0,1,7,0,1
1024,3,0,2,17,-999999,36,-999999,36,0,1,-999999,0,3
1024,4,0,3,19,-999999,39,-999999,39,0,1,-999999,0,4
1024,5,0,4,21,-999999,37,-999999,37,0,1,-999999,0,5
1024,6,0,5,19,14,40,40,40,0,1,14,0,6
1025,1,0,0,7,7,37,40,40,1,0,40,1,0
1025,3,2,0,8,7,35,39,39,1,0,39,3,0
1025,4,3,0,8,10,35,37,37,1,0,37,4,0
1025,5,4,0,12,8,36,35,35,1,0,35,5,0
1025,6,5,0,8,7,36,37,37,1,0,37,6,0
1025,1,0,0,7,7,37,40,37,0,1,7,0,1
1025,3,0,2,8,7,35,39,35,0,1,7,0,3
1025,4,0,3,8,10,35,37,35,0,1,10,0,4
1025,5,0,4,12,8,36,35,36,0,1,8,0,5
1025,6,0,5,8,7,36,37,36,0,1,7,0,6
1026,1,0,0,10,12,40,38,38,1,0,38,1,0
1026,3,2,0,9,9,40,32,32,1,0,32,3,0
1026,4,3,0,8,9,40,38,38,1,0,38,4,0
1026,5,4,0,9,11,39,33,33,1,0,33,5,0
1026,6,5,0,9,14,38,35,35,1,0,35,6,0
1026,1,0,0,10,12,40,38,40,0,1,12,0,1
1026,3,0,2,9,9,40,32,40,0,1,9,0,3
1026,4,0,3,8,9,40,38,40,0,1,9,0,4
1026,5,0,4,9,11,39,33,39,0,1,11,0,5
1026,6,0,5,9,14,38,35,38,0,1,14,0,6
1027,1,0,0,21,-999999,40,-999999,-999999,1,0,-999999,1,0
1027,3,2,0,14,-999999,39,-999999,-999999,1,0,-999999,3,0
1027,4,3,0,26,23,34,33,33,1,0,33,4,0
1027,5,4,0,19,25,38,36,36,1,0,36,5,0
1027,6,5,0,18,24,38,34,34,1,0,34,6,0
1027,1,0,0,21,-999999,40,-999999,40,0,1,-999999,0,1
1027,3,0,2,14,-999999,39,-999999,39,0,1,-999999,0,3
1027,4,0,3,26,23,34,33,34,0,1,23,0,4
1027,5,0,4,19,25,38,36,38,0,1,25,0,5
1027,6,0,5,18,24,38,34,38,0,1,24,0,6
1028,1,0,0,11,-999999,36,-999999,-999999,1,0,-999999,1,0
1028,4,3,0,7,-999999,36,-999999,-999999,1,0,-999999,4,0
1028,5,4,0,10,-999999,38,-999999,-999999,1,0,-999999,5,0
1028,6,5,0,11,-999999,36,-999999,-999999,1,0,-999999,6,0
1028,1,0,0,11,-999999,36,-999999,36,0,1,-999999,0,1
1028,4,0,3,7,-999999,36,-999999,36,0,1,-999999,0,4
1028,5,0,4,10,-999999,38,-999999,38,0,1,-999999,0,5
1028,6,0,5,11,-999999,36,-999999,36,0,1,-999999,0,6
1029,1,0,0,22,9,36,40,40,1,0,40,1,0
1029,3,2,0,24,14,37,39,39,1,0,39,3,0
1029,1,0,0,22,9,36,40,36,0,1,9,0,1
1029,3,0,2,24,14,37,39,37,0,1,14,0,3
1030,1,0,0,12,14,38,33,33,1,0,33,1,0
1030,3,2,0,14,24,38,22,22,1,0,22,3,0
1030,4,3,0,14,29,38,30,30,1,0,30,4,0
1030,5,4,0,14,25,36,30,30,1,0,30,5,0
1030,6,5,0,16,24,36,26,26,1,0,26,6,0
1030,1,0,0,12,14,38,33,38,0,1,14,0,1
1030,3,0,2,14,24,38,22,38,0,1,24,0,3
1030,4,0,3,14,29,38,30,38,0,1,29,0,4
1030,5,0,4,14,25,36,30,36,0,1,25,0,5
1030,6,0,5,16,24,36,26,36,0,1,24,0,6
1031,1,0,0,17,21,37,39,39,1,0,39,1,0
1031,3,2,0,12,16,38,37,37,1,0,37,3,0
1031,4,3,0,12,15,36,30,30,1,0,30,4,0
1031,5,4,0,17,18,40,27,27,1,0,27,5,0
1031,6,5,0,21,19,37,28,28,1,0,28,6,0
1031,1,0,0,17,21,37,39,37,0,1,21,0,1
1031,3,0,2,12,16,38,37,38,0,1,16,0,3
1031,4,0,3,12,15,36,30,36,0,1,15,0,4
1031,5,0,4,17,18,40,27,40,0,1,18,0,5
1031,6,0,5,21,19,37,28,37,0,1,19,0,6
1032,1,0,0,17,16,38,29,29,1,0,29,1,0
1032,3,2,0,13,-999999,36,-999999,-999999,1,0,-999999,3,0
1032,4,3,0,17,-999999,34,-999999,-999999,1,0,-999999,4,0
1032,5,4,0,20,-999999,35,-999999,-999999,1,0,-999999,5,0
1032,6,5,0,21,23,34,27,27,1,0,27,6,0
1032,1,0,0,17,16,38,29,38,0,1,16,0,1
1032,3,0,2,13,-999999,36,-999999,36,0,1,-999999,0,3
1032,4,0,3,17,-999999,34,-999999,34,0,1,-999999,0,4
1032,5,0,4,20,-999999,35,-999999,35,0,1,-999999,0,5
1032,6,0,5,21,23,34,27,34,0,1,23,0,6
1033,1,0,0,19,12,38,39,39,1,0,39,1,0
1033,3,2,0,19,11,37,38,38,1,0,38,3,0
1033,4,3,0,10,14,39,37,37,1,0,37,4,0
1033,5,4,0,10,15,36,36,36,1,0,36,5,0
1033,6,5,0,8,12,32,37,37,1,0,37,6,0
1033,1,0,0,19,12,38,39,38,0,1,12,0,1
1033,3,0,2,19,11,37,38,37,0,1,11,0,3
1033,4,0,3,10,14,39,37,39,0,1,14,0,4
1033,5,0,4,10,15,36,36,36,0,1,15,0,5
1033,6,0,5,8,12,32,37,32,0,1,12,0,6
1034,1,0,0,13,16,39,36,36,1,0,36,1,0
1034,3,2,0,18.666667,-999999,38,-999999,-999999,1,0,-999999,3,0
1034,4,3,0,14,-999999,32,-999999,-999999,1,0,-999999,4,0
1034,5,4,0,22.166667,18,35,34,34,1,0,34,5,0
1034,6,5,0,16,-999999,37,-999999,-999999,1,0,-999999,6,0
1034,1,0,0,13,16,39,36,39,0,1,16,0,1
1034,3,0,2,18.666667,-999999,38,-999999,38,0,1,-999999,0,3
1034,4,0,3,14,-999999,32,-999999,32,0,1,-999999,0,4
1034,5,0,4,22.166667,18,35,34,35,0,1,18,0,5
1034,6,0,5,16,-999999,37,-999999,37,0,1,-999999,0,6
1035,1,0,0,15,17,39,40,40,1,0,40,1,0
1035,3,2,0,19,17,36,35,35,1,0,35,3,0
1035,4,3,0,23,20,36,35,35,1,0,35,4,0
1035,5,4,0,20,18,36,36,36,1,0,36,5,0
1035,6,5,0,22,20,36,35,35,1,0,35,6,0
1035,1,0,0,15,17,39,40,39,0,1,17,0,1
1035,3,0,2,19,17,36,35,36,0,1,17,0,3
1035,4,0,3,23,20,36,35,36,0,1,20,0,4
1035,5,0,4,20,18,36,36,36,0,1,18,0,5
1035,6,0,5,22,20,36,35,36,0,1,20,0,6
1036,1,0,0,7,-999999,32,-999999,-999999,1,0,-999999,1,0
1036,3,2,0,7,-999999,28,-999999,-999999,1,0,-999999,3,0
1036,4,3,0,10,-999999,27,-999999,-999999,1,0,-999999,4,0
1036,5,4,0,12,-999999,33,-999999,-999999,1,0,-999999,5,0
1036,6,5,0,19,-999999,29,-999999,-999999,1,0,-999999,6,0
1036,1,0,0,7,-999999,32,-999999,32,0,1,-999999,0,1
1036,3,0,2,7,-999999,28,-999999,28,0,1,-999999,0,3
1036,4,0,3,10,-999999,27,-999999,27,0,1,-999999,0,4
1036,5,0,4,12,-999999,33,-999999,33,0,1,-999999,0,5
1036,6,0,5,19,-999999,29,-999999,29,0,1,-999999,0,6
1037,1,0,0,17,23,34,26,26,1,0,26,1,0
1037,3,2,0,20,16,37,36,36,1,0,36,3,0
1037,4,3,0,20,14,38,29,29,1,0,29,4,0
1037,5,4,0,18,18,37,33,33,1,0,33,5,0
1037,6,5,0,21,20,37,26,26,1,0,26,6,0
1037,1,0,0,17,23,34,26,34,0,1,23,0,1
1037,3,0,2,20,16,37,36,37,0,1,16,0,3
1037,4,0,3,20,14,38,29,38,0,1,14,0,4
1037,5,0,4,18,18,37,33,37,0,1,18,0,5
1037,6,0,5,21,20,37,26,37,0,1,20,0,6
1038,1,0,0,9,16,38,40,40,1,0,40,1,0
1038,3,2,0,21,14,39,39,39,1,0,39,3,0
1038,4,3,0,22,18,37,39,39,1,0,39,4,0
1038,5,4,0,15,18,38,37,37,1,0,37,5,0
1038,6,5,0,14,19,38,37,37,1,0,37,6,0
1038,1,0,0,9,16,38,40,38,0,1,16,0,1
1038,3,0,2,21,14,39,39,39,0,1,14,0,3
1038,4,0,3,22,18,37,39,37,0,1,18,0,4
1038,5,0,4,15,18,38,37,38,0,1,18,0,5
1038,6,0,5,14,19,38,37,38,0,1,19,0,6
1039,1,0,0,9,12,36,34,34,1,0,34,1,0
1039,3,2,0,8,15,38,37,37,1,0,37,3,0
1039,4,3,0,10,-999999,38,-999999,-999999,1,0,-999999,4,0
1039,5,4,0,8,15,39,39,39,1,0,39,5,0
1039,6,5,0,8,13,37,37,37,1,0,37,6,0
1039,1,0,0,9,12,36,34,36,0,1,12,0,1
1039,3,0,2,8,15,38,37,38,0,1,15,0,3
1039,4,0,3,10,-999999,38,-999999,38,0,1,-999999,0,4
1039,5,0,4,8,15,39,39,39,0,1,15,0,5
1039,6,0,5,8,13,37,37,37,0,1,13,0,6
1040,1,0,0,13,17,36,37,37,1,0,37,1,0
1040,3,2,0,9,12,36,35,35,1,0,35,3,0
1040,4,3,0,13,16,39,37,37,1,0,37,4,0
1040,5,4,0,12,11,37,34,34,1,0,34,5,0
1040,6,5,0,14,-999999,34,-999999,-999999,1,0,-999999,6,0
1040,1,0,0,13,17,36,37,36,0,1,17,0,1
1040,3,0,2,9,12,36,35,36,0,1,12,0,3
1040,4,0,3,13,16,39,37,39,0,1,16,0,4
1040,5,0,4,12,11,37,34,37,0,1,11,0,5
1040,6,0,5,14,-999999,34,-999999,34,0,1,-999999,0,6
1041,1,0,0,27,20,32,29,29,1,0,29,1,0
1041,3,2,0,19,21,33,26,26,1,0,26,3,0
1041,4,3,0,27,28,24,27,27,1,0,27,4,0
1041,5,4,0,28,27,29,21,21,1,0,21,5,0
1041,6,5,0,25,22,32,26,26,1,0,26,6,0
1041,1,0,0,27,20,32,29,32,0,1,20,0,1
1041,3,0,2,19,21,33,26,33,0,1,21,0,3
1041,4,0,3,27,28,24,27,24,0,1,28,0,4
1041,5,0,4,28,27,29,21,29,0,1,27,0,5
1041,6,0,5,25,22,32,26,32,0,1,22,0,6
1042,1,0,0,15,-999999,40,-999999,-999999,1,0,-999999,1,0
1042,3,2,0,12,-999999,39,-999999,-999999,1,0,-999999,3,0
1042,4,3,0,14,-999999,37,-999999,-999999,1,0,-999999,4,0
1042,5,4,0,11,-999999,37,-999999,-999999,1,0,-999999,5,0
1042,6,5,0,18,-999999,39,-999999,-999999,1,0,-999999,6,0
1042,1,0,0,15,-999999,40,-999999,40,0,1,-999999,0,1
1042,3,0,2,12,-999999,39,-999999,39,0,1,-999999,0,3
1042,4,0,3,14,-999999,37,-999999,37,0,1,-999999,0,4
1042,5,0,4,11,-999999,37,-999999,37,0,1,-999999,0,5
1042,6,0,5,18,-999999,39,-999999,39,0,1,-999999,0,6
1043,1,0,0,8,8,36,38,38,1,0,38,1,0
1043,3,2,0,10,8,39,35,35,1,0,35,3,0
1043,1,0,0,8,8,36,38,36,0,1,8,0,1
1043,3,0,2,10,8,39,35,39,0,1,8,0,3
1044,1,0,0,-999999,10,-999999,37,37,1,0,37,1,0
1044,3,2,0,11,-999999,40,-999999,-999999,1,0,-999999,3,0
1044,4,3,0,8,-999999,40,-999999,-999999,1,0,-999999,4,0
1044,5,4,0,10,-999999,40,-999999,-999999,1,0,-999999,5,0
1044,6,5,0,8,10,39,33,33,1,0,33,6,0
1044,1,0,0,-999999,10,-999999,37,-999999,0,1,10,0,1
1044,3,0,2,11,-999999,40,-999999,40,0,1,-999999,0,3
1044,4,0,3,8,-999999,40,-999999,40,0,1,-999999,0,4
1044,5,0,4,10,-999999,40,-999999,40,0,1,-999999,0,5
1044,6,0,5,8,10,39,33,39,0,1,10,0,6
1045,1,0,0,12,20,40,35,35,1,0,35,1,0
1045,3,2,0,8,12,36,38,38,1,0,38,3,0
1045,4,3,0,11,12,36,39,39,1,0,39,4,0
1045,5,4,0,17,18,35,33,33,1,0,33,5,0
1045,6,5,0,13,14,35,38,38,1,0,38,6,0
1045,1,0,0,12,20,40,35,40,0,1,20,0,1
1045,3,0,2,8,12,36,38,36,0,1,12,0,3
1045,4,0,3,11,12,36,39,36,0,1,12,0,4
1045,5,0,4,17,18,35,33,35,0,1,18,0,5
1045,6,0,5,13,14,35,38,35,0,1,14,0,6
1046,1,0,0,11,13,36,39,39,1,0,39,1,0
1046,3,2,0,9,14,40,39,39,1,0,39,3,0
1046,4,3,0,7,12,40,39,39,1,0,39,4,0
1046,5,4,0,9,18,40,39,39,1,0,39,5,0
1046,6,5,0,7,17,40,40,40,1,0,40,6,0
1046,1,0,0,11,13,36,39,36,0,1,13,0,1
1046,3,0,2,9,14,40,39,40,0,1,14,0,3
1046,4,0,3,7,12,40,39,40,0,1,12,0,4
1046,5,0,4,9,18,40,39,40,0,1,18,0,5
1046,6,0,5,7,17,40,40,40,0,1,17,0,6
1047,1,0,0,12,11,40,40,40,1,0,40,1,0
1047,3,2,0,9,11,40,36,36,1,0,36,3,0
1047,4,3,0,12,19,40,34,34,1,0,34,4,0
1047,6,5,0,10,17,39,35,35,1,0,35,6,0
1047,1,0,0,12,11,40,40,40,0,1,11,0,1
1047,3,0,2,9,11,40,36,40,0,1,11,0,3
1047,4,0,3,12,19,40,34,40,0,1,19,0,4
1047,6,0,5,10,17,39,35,39,0,1,17,0,6
1048,1,0,0,14,21,40,36,36,1,0,36,1,0
1048,3,2,0,8,13,40,36,36,1,0,36,3,0
1048,4,3,0,8,-999999,37,-999999,-999999,1,0,-999999,4,0
1048,5,4,0,10,12,33,38,38,1,0,38,5,0
1048,6,5,0,12,24,33,35,35,1,0,35,6,0
1048,1,0,0,14,21,40,36,40,0,1,21,0,1
1048,3,0,2,8,13,40,36,40,0,1,13,0,3
1048,4,0,3,8,-999999,37,-999999,37,0,1,-999999,0,4
1048,5,0,4,10,12,33,38,33,0,1,12,0,5
1048,6,0,5,12,24,33,35,33,0,1,24,0,6
1049,1,0,0,13,13,40,33,33,1,0,33,1,0
1049,3,2,0,10,7,39,34,34,1,0,34,3,0
1049,4,3,0,8,7,36,33,33,1,0,33,4,0
1049,5,4,0,9,10,35,37,37,1,0,37,5,0
1049,6,5,0,8,7,31,36,36,1,0,36,6,0
1049,1,0,0,13,13,40,33,40,0,1,13,0,1
1049,3,0,2,10,7,39,34,39,0,1,7,0,3
1049,4,0,3,8,7,36,33,36,0,1,7,0,4
1049,5,0,4,9,10,35,37,35,0,1,10,0,5
1049,6,0,5,8,7,31,36,31,0,1,7,0,6
1050,1,0,0,15,17,35,36,36,1,0,36,1,0
1050,3,2,0,17,13,37,34,34,1,0,34,3,0
1050,4,3,0,18,15,35,33,33,1,0,33,4,0
1050,5,4,0,21,14,36,29,29,1,0,29,5,0
1050,6,5,0,18,14,37,32,32,1,0,32,6,0
1050,1,0,0,15,17,35,36,35,0,1,17,0,1
1050,3,0,2,17,13,37,34,37,0,1,13,0,3
1050,4,0,3,18,15,35,33,35,0,1,15,0,4
1050,5,0,4,21,14,36,29,36,0,1,14,0,5
1050,6,0,5,18,14,37,32,37,0,1,14,0,6
1051,1,0,0,20,-999999,38,-999999,-999999,1,0,-999999,1,0
1051,3,2,0,18,-999999,39,-999999,-999999,1,0,-999999,3,0
1051,4,3,0,22,-999999,35,-999999,-999999,1,0,-999999,4,0
1051,5,4,0,16,27,35,32,32,1,0,32,5,0
1051,6,5,0,25,29,34,24,24,1,0,24,6,0
1051,1,0,0,20,-999999,38,-999999,38,0,1,-999999,0,1
1051,3,0,2,18,-999999,39,-999999,39,0,1,-999999,0,3
1051,4,0,3,22,-999999,35,-999999,35,0,1,-999999,0,4
1051,5,0,4,16,27,35,32,35,0,1,27,0,5
1051,6,0,5,25,29,34,24,34,0,1,29,0,6
1052,3,2,0,16,22,36,29,29,1,0,29,3,0
1052,4,3,0,19,-999999,36,-999999,-999999,1,0,-999999,4,0
1052,5,4,0,-999999,19,-999999,26,26,1,0,26,5,0
1052,6,5,0,15,-999999,35,-999999,-999999,1,0,-999999,6,0
1052,3,0,2,16,22,36,29,36,0,1,22,0,3
1052,4,0,3,19,-999999,36,-999999,36,0,1,-999999,0,4
1052,5,0,4,-999999,19,-999999,26,-999999,0,1,19,0,5
1052,6,0,5,15,-999999,35,-999999,35,0,1,-999999,0,6
1053,1,0,0,7,-999999,39,-999999,-999999,1,0,-999999,1,0
1053,3,2,0,7,7,40,36,36,1,0,36,3,0
1053,4,3,0,8,-999999,39,-999999,-999999,1,0,-999999,4,0
1053,5,4,0,9,9,39,36,36,1,0,36,5,0
1053,6,5,0,10,-999999,39,-999999,-999999,1,0,-999999,6,0
1053,1,0,0,7,-999999,39,-999999,39,0,1,-999999,0,1
1053,3,0,2,7,7,40,36,40,0,1,7,0,3
1053,4,0,3,8,-999999,39,-999999,39,0,1,-999999,0,4
1053,5,0,4,9,9,39,36,39,0,1,9,0,5
1053,6,0,5,10,-999999,39,-999999,39,0,1,-999999,0,6
1054,1,0,0,10,13,39,37,37,1,0,37,1,0
1054,3,2,0,13,8,39,36,36,1,0,36,3,0
1054,4,3,0,17,-999999,36,-999999,-999999,1,0,-999999,4,0
1054,5,4,0,16,14,38,35,35,1,0,35,5,0
1054,6,5,0,22,17,35,33,33,1,0,33,6,0
1054,1,0,0,10,13,39,37,39,0,1,13,0,1
1054,3,0,2,13,8,39,36,39,0,1,8,0,3
1054,4,0,3,17,-999999,36,-999999,36,0,1,-999999,0,4
1054,5,0,4,16,14,38,35,38,0,1,14,0,5
1054,6,0,5,22,17,35,33,35,0,1,17,0,6
1055,1,0,0,18,-999999,40,-999999,-999999,1,0,-999999,1,0
1055,3,2,0,16,16,38,38,38,1,0,38,3,0
1055,4,3,0,17,18,38,33,33,1,0,33,4,0
1055,5,4,0,21,21,36,25,25,1,0,25,5,0
1055,6,5,0,22,-999999,36,-999999,-999999,1,0,-999999,6,0
1055,1,0,0,18,-999999,40,-999999,40,0,1,-999999,0,1
1055,3,0,2,16,16,38,38,38,0,1,16,0,3
1055,4,0,3,17,18,38,33,38,0,1,18,0,4
1055,5,0,4,21,21,36,25,36,0,1,21,0,5
1055,6,0,5,22,-999999,36,-999999,36,0,1,-999999,0,6
1056,4,3,0,10,-999999,40,-999999,-999999,1,0,-999999,4,0
1056,5,4,0,13,11,37,37,37,1,0,37,5,0
1056,4,0,3,10,-999999,40,-999999,40,0,1,-999999,0,4
1056,5,0,4,13,11,37,37,37,0,1,11,0,5
1057,1,0,0,18,10,36,38,38,1,0,38,1,0
1057,3,2,0,10,15,40,38,38,1,0,38,3,0
1057,4,3,0,11,-999999,39,-999999,-999999,1,0,-999999,4,0
1057,5,4,0,11,14,40,37,37,1,0,37,5,0
1057,6,5,0,9,12,39,36,36,1,0,36,6,0
1057,1,0,0,18,10,36,38,36,0,1,10,0,1
1057,3,0,2,10,15,40,38,40,0,1,15,0,3
1057,4,0,3,11,-999999,39,-999999,39,0,1,-999999,0,4
1057,5,0,4,11,14,40,37,40,0,1,14,0,5
1057,6,0,5,9,12,39,36,39,0,1,12,0,6
1058,1,0,0,24,-999999,40,-999999,-999999,1,0,-999999,1,0
1058,3,2,0,29,-999999,29,-999999,-999999,1,0,-999999,3,0
1058,5,4,0,16,21,23,36,36,1,0,36,5,0
1058,6,5,0,21,20,27,35,35,1,0,35,6,0
1058,1,0,0,24,-999999,40,-999999,40,0,1,-999999,0,1
1058,3,0,2,29,-999999,29,-999999,29,0,1,-999999,0,3
1058,5,0,4,16,21,23,36,23,0,1,21,0,5
1058,6,0,5,21,20,27,35,27,0,1,20,0,6
1059,1,0,0,8,-999999,40,-999999,-999999,1,0,-999999,1,0
1059,3,2,0,11,10,36,40,40,1,0,40,3,0
1059,4,3,0,10,10,40,40,40,1,0,40,4,0
1059,5,4,0,20,10,36,36,36,1,0,36,5,0
1059,6,5,0,16,12,40,35,35,1,0,35,6,0
1059,1,0,0,8,-999999,40,-999999,40,0,1,-999999,0,1
1059,3,0,2,11,10,36,40,36,0,1,10,0,3
1059,4,0,3,10,10,40,40,40,0,1,10,0,4
1059,5,0,4,20,10,36,36,36,0,1,10,0,5
1059,6,0,5,16,12,40,35,40,0,1,12,0,6
1060,1,0,0,22,12,39,40,40,1,0,40,1,0
1060,3,2,0,20,21,40,40,40,1,0,40,3,0
1060,4,3,0,22,14,40,39,39,1,0,39,4,0
1060,5,4,0,25,18,40,39,39,1,0,39,5,0
1060,6,5,0,19,20,40,40,40,1,0,40,6,0
1060,1,0,0,22,12,39,40,39,0,1,12,0,1
1060,3,0,2,20,21,40,40,40,0,1,21,0,3
1060,4,0,3,22,14,40,39,40,0,1,14,0,4
1060,5,0,4,25,18,40,39,40,0,1,18,0,5
1060,6,0,5,19,20,40,40,40,0,1,20,0,6
1061,1,0,0,25,-999999,40,-999999,-999999,1,0,-999999,1,0
1061,1,0,0,25,-999999,40,-999999,40,0,1,-999999,0,1
1062,1,0,0,10,20,40,35,35,1,0,35,1,0
1062,3,2,0,12,22,38,34,34,1,0,34,3,0
1062,4,3,0,16,24,40,33,33,1,0,33,4,0
1062,1,0,0,10,20,40,35,40,0,1,20,0,1
1062,3,0,2,12,22,38,34,38,0,1,22,0,3
1062,4,0,3,16,24,40,33,40,0,1,24,0,4
1063,1,0,0,24,-999999,40,-999999,-999999,1,0,-999999,1,0
1063,4,3,0,10,15,40,32,32,1,0,32,4,0
1063,6,5,0,21,15,40,36,36,1,0,36,6,0
1063,1,0,0,24,-999999,40,-999999,40,0,1,-999999,0,1
1063,4,0,3,10,15,40,32,40,0,1,15,0,4
1063,6,0,5,21,15,40,36,40,0,1,15,0,6
1064,1,0,0,19,-999999,39,-999999,-999999,1,0,-999999,1,0
1064,3,2,0,19,-999999,39,-999999,-999999,1,0,-999999,3,0
1064,4,3,0,14,-999999,38,-999999,-999999,1,0,-999999,4,0
1064,5,4,0,29,-999999,26,-999999,-999999,1,0,-999999,5,0
1064,6,5,0,30,-999999,31,-999999,-999999,1,0,-999999,6,0
1064,1,0,0,19,-999999,39,-999999,39,0,1,-999999,0,1
1064,3,0,2,19,-999999,39,-999999,39,0,1,-999999,0,3
1064,4,0,3,14,-999999,38,-999999,38,0,1,-999999,0,4
1064,5,0,4,29,-999999,26,-999999,26,0,1,-999999,0,5
1064,6,0,5,30,-999999,31,-999999,31,0,1,-999999,0,6
1065,1,0,0,12,-999999,40,-999999,-999999,1,0,-999999,1,0
1065,3,2,0,16,16,36,26,26,1,0,26,3,0
1065,4,3,0,14,14,35,34,34,1,0,34,4,0
1065,5,4,0,12,-999999,40,-999999,-999999,1,0,-999999,5,0
1065,6,5,0,16,-999999,39,-999999,-999999,1,0,-999999,6,0
1065,1,0,0,12,-999999,40,-999999,40,0,1,-999999,0,1
1065,3,0,2,16,16,36,26,36,0,1,16,0,3
1065,4,0,3,14,14,35,34,35,0,1,14,0,4
1065,5,0,4,12,-999999,40,-999999,40,0,1,-999999,0,5
1065,6,0,5,16,-999999,39,-999999,39,0,1,-999999,0,6
1066,1,0,0,19,-999999,39,-999999,-999999,1,0,-999999,1,0
1066,1,0,0,19,-999999,39,-999999,39,0,1,-999999,0,1
1067,1,0,0,19,10,39,40,40,1,0,40,1,0
1067,3,2,0,23,18,37,40,40,1,0,40,3,0
1067,4,3,0,21,19,37,39,39,1,0,39,4,0
1067,5,4,0,10,13,39,40,40,1,0,40,5,0
1067,6,5,0,9,8,32,40,40,1,0,40,6,0
1067,1,0,0,19,10,39,40,39,0,1,10,0,1
1067,3,0,2,23,18,37,40,37,0,1,18,0,3
1067,4,0,3,21,19,37,39,37,0,1,19,0,4
1067,5,0,4,10,13,39,40,39,0,1,13,0,5
1067,6,0,5,9,8,32,40,32,0,1,8,0,6
1068,1,0,0,21,-999999,40,-999999,-999999,1,0,-999999,1,0
1068,3,2,0,21,19,40,28,28,1,0,28,3,0
1068,4,3,0,14,18,28,31,31,1,0,31,4,0
1068,5,4,0,16,11,33,36,36,1,0,36,5,0
1068,1,0,0,21,-999999,40,-999999,40,0,1,-999999,0,1
1068,3,0,2,21,19,40,28,40,0,1,19,0,3
1068,4,0,3,14,18,28,31,28,0,1,18,0,4
1068,5,0,4,16,11,33,36,33,0,1,11,0,5
1069,1,0,0,23,29,38,32,32,1,0,32,1,0
1069,3,2,0,28,27,29,32,32,1,0,32,3,0
1069,4,3,0,26,28,34,33,33,1,0,33,4,0
1069,5,4,0,26,34,31,32,32,1,0,32,5,0
1069,6,5,0,28,29,30,33,33,1,0,33,6,0
1069,1,0,0,23,29,38,32,38,0,1,29,0,1
1069,3,0,2,28,27,29,32,29,0,1,27,0,3
1069,4,0,3,26,28,34,33,34,0,1,28,0,4
1069,5,0,4,26,34,31,32,31,0,1,34,0,5
1069,6,0,5,28,29,30,33,30,0,1,29,0,6
1070,1,0,0,13,10,39,34,34,1,0,34,1,0
1070,3,2,0,10,-999999,40,-999999,-999999,1,0,-999999,3,0
1070,4,3,0,10,-999999,40,-999999,-999999,1,0,-999999,4,0
1070,5,4,0,18,-999999,35,-999999,-999999,1,0,-999999,5,0
1070,6,5,0,16,-999999,36,-999999,-999999,1,0,-999999,6,0
1070,1,0,0,13,10,39,34,39,0,1,10,0,1
1070,3,0,2,10,-999999,40,-999999,40,0,1,-999999,0,3
1070,4,0,3,10,-999999,40,-999999,40,0,1,-999999,0,4
1070,5,0,4,18,-999999,35,-999999,35,0,1,-999999,0,5
1070,6,0,5,16,-999999,36,-999999,36,0,1,-999999,0,6
1071,1,0,0,9,19,40,38,38,1,0,38,1,0
1071,3,2,0,18,11,40,37,37,1,0,37,3,0
1071,5,4,0,11,13,40,39,39,1,0,39,5,0
1071,1,0,0,9,19,40,38,40,0,1,19,0,1
1071,3,0,2,18,11,40,37,40,0,1,11,0,3
1071,5,0,4,11,13,40,39,40,0,1,13,0,5
1072,1,0,0,15,-999999,35,-999999,-999999,1,0,-999999,1,0
1072,3,2,0,14,-999999,32,-999999,-999999,1,0,-999999,3,0
1072,4,3,0,18,21,33,33,33,1,0,33,4,0
1072,5,4,0,9,14,35,31,31,1,0,31,5,0
1072,6,5,0,12,14,33,26,26,1,0,26,6,0
1072,1,0,0,15,-999999,35,-999999,35,0,1,-999999,0,1
1072,3,0,2,14,-999999,32,-999999,32,0,1,-999999,0,3
1072,4,0,3,18,21,33,33,33,0,1,21,0,4
1072,5,0,4,9,14,35,31,35,0,1,14,0,5
1072,6,0,5,12,14,33,26,33,0,1,14,0,6
1073,1,0,0,8,18,40,39,39,1,0,39,1,0
1073,3,2,0,14,22,36,36,36,1,0,36,3,0
1073,4,3,0,15,22,40,37,37,1,0,37,4,0
1073,5,4,0,14,18,40,38,38,1,0,38,5,0
1073,6,5,0,17,20,40,37,37,1,0,37,6,0
1073,1,0,0,8,18,40,39,40,0,1,18,0,1
1073,3,0,2,14,22,36,36,36,0,1,22,0,3
1073,4,0,3,15,22,40,37,40,0,1,22,0,4
1073,5,0,4,14,18,40,38,40,0,1,18,0,5
1073,6,0,5,17,20,40,37,40,0,1,20,0,6
1074,1,0,0,12,7,40,30,30,1,0,30,1,0
1074,3,2,0,13,9,35,37,37,1,0,37,3,0
1074,4,3,0,17,7,38,35,35,1,0,35,4,0
1074,5,4,0,14,7,37,35,35,1,0,35,5,0
1074,6,5,0,18,26,34,37,37,1,0,37,6,0
1074,1,0,0,12,7,40,30,40,0,1,7,0,1
1074,3,0,2,13,9,35,37,35,0,1,9,0,3
1074,4,0,3,17,7,38,35,38,0,1,7,0,4
1074,5,0,4,14,7,37,35,37,0,1,7,0,5
1074,6,0,5,18,26,34,37,34,0,1,26,0,6
1075,1,0,0,12,14,37,40,40,1,0,40,1,0
1075,3,2,0,21,12,39,38,38,1,0,38,3,0
1075,4,3,0,19,13,37,37,37,1,0,37,4,0
1075,5,4,0,17,12,37,38,38,1,0,38,5,0
1075,6,5,0,17,13,37,35,35,1,0,35,6,0
1075,1,0,0,12,14,37,40,37,0,1,14,0,1
1075,3,0,2,21,12,39,38,39,0,1,12,0,3
1075,4,0,3,19,13,37,37,37,0,1,13,0,4
1075,5,0,4,17,12,37,38,37,0,1,12,0,5
1075,6,0,5,17,13,37,35,37,0,1,13,0,6
1076,1,0,0,23,-999999,40,-999999,-999999,1,0,-999999,1,0
1076,3,2,0,25,14,33,36,36,1,0,36,3,0
1076,4,3,0,22,16,37,35,35,1,0,35,4,0
1076,5,4,0,26,22,32,28,28,1,0,28,5,0
1076,6,5,0,25,16,33,29,29,1,0,29,6,0
1076,1,0,0,23,-999999,40,-999999,40,0,1,-999999,0,1
1076,3,0,2,25,14,33,36,33,0,1,14,0,3
1076,4,0,3,22,16,37,35,37,0,1,16,0,4
1076,5,0,4,26,22,32,28,32,0,1,22,0,5
1076,6,0,5,25,16,33,29,33,0,1,16,0,6
1077,1,0,0,22,-999999,36,-999999,-999999,1,0,-999999,1,0
1077,3,2,0,26,-999999,33,-999999,-999999,1,0,-999999,3,0
1077,4,3,0,22,-999999,36,-999999,-999999,1,0,-999999,4,0
1077,5,4,0,20,-999999,36,-999999,-999999,1,0,-999999,5,0
1077,6,5,0,19,14,31,32,32,1,0,32,6,0
1077,1,0,0,22,-999999,36,-999999,36,0,1,-999999,0,1
1077,3,0,2,26,-999999,33,-999999,33,0,1,-999999,0,3
1077,4,0,3,22,-999999,36,-999999,36,0,1,-999999,0,4
1077,5,0,4,20,-999999,36,-999999,36,0,1,-999999,0,5
1077,6,0,5,19,14,31,32,31,0,1,14,0,6
1078,1,0,0,12,-999999,38,-999999,-999999,1,0,-999999,1,0
1078,3,2,0,9,17,37,35,35,1,0,35,3,0
1078,4,3,0,10,7,40,33,33,1,0,33,4,0
1078,5,4,0,10,9,37,37,37,1,0,37,5,0
1078,6,5,0,10,13,37,37,37,1,0,37,6,0
1078,1,0,0,12,-999999,38,-999999,38,0,1,-999999,0,1
1078,3,0,2,9,17,37,35,37,0,1,17,0,3
1078,4,0,3,10,7,40,33,40,0,1,7,0,4
1078,5,0,4,10,9,37,37,37,0,1,9,0,5
1078,6,0,5,10,13,37,37,37,0,1,13,0,6
1079,1,0,0,18,9,38,33,33,1,0,33,1,0
1079,6,5,0,11,-999999,38,-999999,-999999,1,0,-999999,6,0
1079,1,0,0,18,9,38,33,38,0,1,9,0,1
1079,6,0,5,11,-999999,38,-999999,38,0,1,-999999,0,6
1080,1,0,0,14,14,40,35,35,1,0,35,1,0
1080,3,2,0,10,15,39,37,37,1,0,37,3,0
1080,4,3,0,13,24,38,21,21,1,0,21,4,0
1080,5,4,0,10,23,38,27,27,1,0,27,5,0
1080,6,5,0,9,18,39,33,33,1,0,33,6,0
1080,1,0,0,14,14,40,35,40,0,1,14,0,1
1080,3,0,2,10,15,39,37,39,0,1,15,0,3
1080,4,0,3,13,24,38,21,38,0,1,24,0,4
1080,5,0,4,10,23,38,27,38,0,1,23,0,5
1080,6,0,5,9,18,39,33,39,0,1,18,0,6
1081,1,0,0,14,10,37,39,39,1,0,39,1,0
1081,3,2,0,22,12,35,37,37,1,0,37,3,0
1081,4,3,0,19,13,37,37,37,1,0,37,4,0
1081,5,4,0,24,9,37,36,36,1,0,36,5,0
1081,6,5,0,20,8,36,34,34,1,0,34,6,0
1081,1,0,0,14,10,37,39,37,0,1,10,0,1
1081,3,0,2,22,12,35,37,35,0,1,12,0,3
1081,4,0,3,19,13,37,37,37,0,1,13,0,4
1081,5,0,4,24,9,37,36,37,0,1,9,0,5
1081,6,0,5,20,8,36,34,36,0,1,8,0,6
1082,1,0,0,11,15,39,38,38,1,0,38,1,0
1082,3,2,0,14,14,39,39,39,1,0,39,3,0
1082,4,3,0,10,15,39,38,38,1,0,38,4,0
1082,5,4,0,17,23,38,36,36,1,0,36,5,0
1082,6,5,0,17,18,38,33,33,1,0,33,6,0
1082,1,0,0,11,15,39,38,39,0,1,15,0,1
1082,3,0,2,14,14,39,39,39,0,1,14,0,3
1082,4,0,3,10,15,39,38,39,0,1,15,0,4
1082,5,0,4,17,23,38,36,38,0,1,23,0,5
1082,6,0,5,17,18,38,33,38,0,1,18,0,6
1083,1,0,0,15,18,35,35,35,1,0,35,1,0
1083,3,2,0,18,20,37,31,31,1,0,31,3,0
1083,4,3,0,13,23,35,32,32,1,0,32,4,0
1083,5,4,0,20,26,30,30,30,1,0,30,5,0
1083,6,5,0,19,22,33,24,24,1,0,24,6,0
1083,1,0,0,15,18,35,35,35,0,1,18,0,1
1083,3,0,2,18,20,37,31,37,0,1,20,0,3
1083,4,0,3,13,23,35,32,35,0,1,23,0,4
1083,5,0,4,20,26,30,30,30,0,1,26,0,5
1083,6,0,5,19,22,33,24,33,0,1,22,0,6
1084,1,0,0,12,21,37,39,39,1,0,39,1,0
1084,3,2,0,19,16,36,39,39,1,0,39,3,0
1084,4,3,0,13,14,37,38,38,1,0,38,4,0
1084,5,4,0,16,13,38,38,38,1,0,38,5,0
1084,6,5,0,13,17,38,39,39,1,0,39,6,0
1084,1,0,0,12,21,37,39,37,0,1,21,0,1
1084,3,0,2,19,16,36,39,36,0,1,16,0,3
1084,4,0,3,13,14,37,38,37,0,1,14,0,4
1084,5,0,4,16,13,38,38,38,0,1,13,0,5
1084,6,0,5,13,17,38,39,38,0,1,17,0,6
1085,3,2,0,20,-999999,37,-999999,-999999,1,0,-999999,3,0
1085,4,3,0,15,29,34,34,34,1,0,34,4,0
1085,5,4,0,21,-999999,34,-999999,-999999,1,0,-999999,5,0
1085,6,5,0,26,-999999,26,-999999,-999999,1,0,-999999,6,0
1085,3,0,2,20,-999999,37,-999999,37,0,1,-999999,0,3
1085,4,0,3,15,29,34,34,34,0,1,29,0,4
1085,5,0,4,21,-999999,34,-999999,34,0,1,-999999,0,5
1085,6,0,5,26,-999999,26,-999999,26,0,1,-999999,0,6
1086,1,0,0,24,10,36,39,39,1,0,39,1,0
1086,3,2,0,31,18,33,37,37,1,0,37,3,0
1086,4,3,0,28,15,36,37,37,1,0,37,4,0
1086,5,4,0,31,16,32,35,35,1,0,35,5,0
1086,6,5,0,31,24,31,34,34,1,0,34,6,0
1086,1,0,0,24,10,36,39,36,0,1,10,0,1
1086,3,0,2,31,18,33,37,33,0,1,18,0,3
1086,4,0,3,28,15,36,37,36,0,1,15,0,4
1086,5,0,4,31,16,32,35,32,0,1,16,0,5
1086,6,0,5,31,24,31,34,31,0,1,24,0,6
1087,1,0,0,20,9,40,39,39,1,0,39,1,0
1087,3,2,0,24,19,39,40,40,1,0,40,3,0
1087,4,3,0,26,25,39,38,38,1,0,38,4,0
1087,5,4,0,25,22,39,39,39,1,0,39,5,0
1087,6,5,0,24,16,39,38,38,1,0,38,6,0
1087,1,0,0,20,9,40,39,40,0,1,9,0,1
1087,3,0,2,24,19,39,40,39,0,1,19,0,3
1087,4,0,3,26,25,39,38,39,0,1,25,0,4
1087,5,0,4,25,22,39,39,39,0,1,22,0,5
1087,6,0,5,24,16,39,38,39,0,1,16,0,6
1088,1,0,0,25,18,36,37,37,1,0,37,1,0
1088,3,2,0,22,20,38,40,40,1,0,40,3,0
1088,4,3,0,17,18,37,36,36,1,0,36,4,0
1088,5,4,0,16,14,38,39,39,1,0,39,5,0
1088,6,5,0,15,-999999,40,-999999,-999999,1,0,-999999,6,0
1088,1,0,0,25,18,36,37,36,0,1,18,0,1
1088,3,0,2,22,20,38,40,38,0,1,20,0,3
1088,4,0,3,17,18,37,36,37,0,1,18,0,4
1088,5,0,4,16,14,38,39,38,0,1,14,0,5
1088,6,0,5,15,-999999,40,-999999,40,0,1,-999999,0,6
1089,1,0,0,7,12,39,39,39,1,0,39,1,0
1089,3,2,0,12,14,40,37,37,1,0,37,3,0
1089,4,3,0,8,8,39,38,38,1,0,38,4,0
1089,5,4,0,7,19,38,39,39,1,0,39,5,0
1089,6,5,0,20,28,32,35,35,1,0,35,6,0
1089,1,0,0,7,12,39,39,39,0,1,12,0,1
1089,3,0,2,12,14,40,37,40,0,1,14,0,3
1089,4,0,3,8,8,39,38,39,0,1,8,0,4
1089,5,0,4,7,19,38,39,38,0,1,19,0,5
1089,6,0,5,20,28,32,35,32,0,1,28,0,6
1090,1,0,0,12,-999999,39,-999999,-999999,1,0,-999999,1,0
1090,3,2,0,10,21,37,29,29,1,0,29,3,0
1090,4,3,0,13,15,36,30,30,1,0,30,4,0
1090,5,4,0,12,19,37,29,29,1,0,29,5,0
1090,6,5,0,10,19,36,28,28,1,0,28,6,0
1090,1,0,0,12,-999999,39,-999999,39,0,1,-999999,0,1
1090,3,0,2,10,21,37,29,37,0,1,21,0,3
1090,4,0,3,13,15,36,30,36,0,1,15,0,4
1090,5,0,4,12,19,37,29,37,0,1,19,0,5
1090,6,0,5,10,19,36,28,36,0,1,19,0,6
1091,1,0,0,28,28,39,38,38,1,0,38,1,0
1091,3,2,0,29,30,37,29,29,1,0,29,3,0
1091,4,3,0,21,29,38,22,22,1,0,22,4,0
1091,5,4,0,27,-999999,37,-999999,-999999,1,0,-999999,5,0
1091,6,5,0,23,-999999,38,-999999,-999999,1,0,-999999,6,0
1091,1,0,0,28,28,39,38,39,0,1,28,0,1
1091,3,0,2,29,30,37,29,37,0,1,30,0,3
1091,4,0,3,21,29,38,22,38,0,1,29,0,4
1091,5,0,4,27,-999999,37,-999999,37,0,1,-999999,0,5
1091,6,0,5,23,-999999,38,-999999,38,0,1,-999999,0,6
1092,1,0,0,14,22,34,31,31,1,0,31,1,0
1092,3,2,0,12,22,32,34,34,1,0,34,3,0
1092,4,3,0,13,27,34,29,29,1,0,29,4,0
1092,5,4,0,11,17,29,28,28,1,0,28,5,0
1092,6,5,0,18,24,26,33,33,1,0,33,6,0
1092,1,0,0,14,22,34,31,34,0,1,22,0,1
1092,3,0,2,12,22,32,34,32,0,1,22,0,3
1092,4,0,3,13,27,34,29,34,0,1,27,0,4
1092,5,0,4,11,17,29,28,29,0,1,17,0,5
1092,6,0,5,18,24,26,33,26,0,1,24,0,6
1093,1,0,0,8,7,40,39,39,1,0,39,1,0
1093,3,2,0,16,11,37,37,37,1,0,37,3,0
1093,4,3,0,15,8,33,40,40,1,0,40,4,0
1093,5,4,0,22,14,37,38,38,1,0,38,5,0
1093,6,5,0,19,8,36,40,40,1,0,40,6,0
1093,1,0,0,8,7,40,39,40,0,1,7,0,1
1093,3,0,2,16,11,37,37,37,0,1,11,0,3
1093,4,0,3,15,8,33,40,33,0,1,8,0,4
1093,5,0,4,22,14,37,38,37,0,1,14,0,5
1093,6,0,5,19,8,36,40,36,0,1,8,0,6
1094,1,0,0,10,13,39,34,34,1,0,34,1,0
1094,3,2,0,7,18,38,26,26,1,0,26,3,0
1094,4,3,0,7,11,34,32,32,1,0,32,4,0
1094,5,4,0,9,13,35,31,31,1,0,31,5,0
1094,6,5,0,10,11,38,32,32,1,0,32,6,0
1094,1,0,0,10,13,39,34,39,0,1,13,0,1
1094,3,0,2,7,18,38,26,38,0,1,18,0,3
1094,4,0,3,7,11,34,32,34,0,1,11,0,4
1094,5,0,4,9,13,35,31,35,0,1,13,0,5
1094,6,0,5,10,11,38,32,38,0,1,11,0,6
1095,1,0,0,15,-999999,35,-999999,-999999,1,0,-999999,1,0
1095,3,2,0,16,11,36,38,38,1,0,38,3,0
1095,4,3,0,13,-999999,34,-999999,-999999,1,0,-999999,4,0
1095,5,4,0,8,-999999,33,-999999,-999999,1,0,-999999,5,0
1095,6,5,0,11,-999999,37,-999999,-999999,1,0,-999999,6,0
1095,1,0,0,15,-999999,35,-999999,35,0,1,-999999,0,1
1095,3,0,2,16,11,36,38,36,0,1,11,0,3
1095,4,0,3,13,-999999,34,-999999,34,0,1,-999999,0,4
1095,5,0,4,8,-999999,33,-999999,33,0,1,-999999,0,5
1095,6,0,5,11,-999999,37,-999999,37,0,1,-999999,0,6
1096,1,0,0,11,22,40,38,38,1,0,38,1,0
1096,3,2,0,12,19,39,40,40,1,0,40,3,0
1096,4,3,0,11,16,40,39,39,1,0,39,4,0
1096,5,4,0,15,19,40,36,36,1,0,36,5,0
1096,6,5,0,10,14,40,39,39,1,0,39,6,0
1096,1,0,0,11,22,40,38,40,0,1,22,0,1
1096,3,0,2,12,19,39,40,39,0,1,19,0,3
1096,4,0,3,11,16,40,39,40,0,1,16,0,4
1096,5,0,4,15,19,40,36,40,0,1,19,0,5
1096,6,0,5,10,14,40,39,40,0,1,14,0,6
1097,1,0,0,7,16,40,40,40,1,0,40,1,0
1097,3,2,0,14,11,37,40,40,1,0,40,3,0
1097,4,3,0,7,12,40,40,40,1,0,40,4,0
1097,5,4,0,12,19,40,38,38,1,0,38,5,0
1097,6,5,0,16,26,36,38,38,1,0,38,6,0
1097,1,0,0,7,16,40,40,40,0,1,16,0,1
1097,3,0,2,14,11,37,40,37,0,1,11,0,3
1097,4,0,3,7,12,40,40,40,0,1,12,0,4
1097,5,0,4,12,19,40,38,40,0,1,19,0,5
1097,6,0,5,16,26,36,38,36,0,1,26,0,6
1098,1,0,0,18,-999999,35,-999999,-999999,1,0,-999999,1,0
1098,3,2,0,20,19,37,37,37,1,0,37,3,0
1098,4,3,0,14,9,34,38,38,1,0,38,4,0
1098,5,4,0,11,11,38,38,38,1,0,38,5,0
1098,6,5,0,12,18,35,37,37,1,0,37,6,0
1098,1,0,0,18,-999999,35,-999999,35,0,1,-999999,0,1
1098,3,0,2,20,19,37,37,37,0,1,19,0,3
1098,4,0,3,14,9,34,38,34,0,1,9,0,4
1098,5,0,4,11,11,38,38,38,0,1,11,0,5
1098,6,0,5,12,18,35,37,35,0,1,18,0,6
1099,1,0,0,7,10,39,38,38,1,0,38,1,0
1099,3,2,0,7,17,34,35,35,1,0,35,3,0
1099,4,3,0,7,7,36,38,38,1,0,38,4,0
1099,5,4,0,7,14,32,32,32,1,0,32,5,0
1099,6,5,0,7,16,37,40,40,1,0,40,6,0
1099,1,0,0,7,10,39,38,39,0,1,10,0,1
1099,3,0,2,7,17,34,35,34,0,1,17,0,3
1099,4,0,3,7,7,36,38,36,0,1,7,0,4
1099,5,0,4,7,14,32,32,32,0,1,14,0,5
1099,6,0,5,7,16,37,40,37,0,1,16,0,6
1100,1,0,0,15,-999999,39,-999999,-999999,1,0,-999999,1,0
1100,3,2,0,20,21,37,32,32,1,0,32,3,0
1100,4,3,0,18,27,34,36,36,1,0,36,4,0
1100,5,4,0,18,21,36,31,31,1,0,31,5,0
1100,6,5,0,24,23,35,35,35,1,0,35,6,0
1100,1,0,0,15,-999999,39,-999999,39,0,1,-999999,0,1
1100,3,0,2,20,21,37,32,37,0,1,21,0,3
1100,4,0,3,18,27,34,36,34,0,1,27,0,4
1100,5,0,4,18,21,36,31,36,0,1,21,0,5
1100,6,0,5,24,23,35,35,35,0,1,23,0,6
1101,4,3,0,25,-999999,27,-999999,-999999,1,0,-999999,4,0
1101,5,4,0,20,23,25,37,37,1,0,37,5,0
1101,6,5,0,27,31,26,26,26,1,0,26,6,0
1101,4,0,3,25,-999999,27,-999999,27,0,1,-999999,0,4
1101,5,0,4,20,23,25,37,25,0,1,23,0,5
1101,6,0,5,27,31,26,26,26,0,1,31,0,6
1102,1,0,0,18,-999999,37,-999999,-999999,1,0,-999999,1,0
1102,3,2,0,18,-999999,39,-999999,-999999,1,0,-999999,3,0
1102,4,3,0,23,-999999,35,-999999,-999999,1,0,-999999,4,0
1102,5,4,0,17,-999999,37,-999999,-999999,1,0,-999999,5,0
1102,6,5,0,22,21,37,36,36,1,0,36,6,0
1102,1,0,0,18,-999999,37,-999999,37,0,1,-999999,0,1
1102,3,0,2,18,-999999,39,-999999,39,0,1,-999999,0,3
1102,4,0,3,23,-999999,35,-999999,35,0,1,-999999,0,4
1102,5,0,4,17,-999999,37,-999999,37,0,1,-999999,0,5
1102,6,0,5,22,21,37,36,37,0,1,21,0,6
1103,3,2,0,29,14,36,29,29,1,0,29,3,0
1103,4,3,0,23,-999999,36,-999999,-999999,1,0,-999999,4,0
1103,5,4,0,26,-999999,37,-999999,-999999,1,0,-999999,5,0
1103,6,5,0,22,28,38,38,38,1,0,38,6,0
1103,3,0,2,29,14,36,29,36,0,1,14,0,3
1103,4,0,3,23,-999999,36,-999999,36,0,1,-999999,0,4
1103,5,0,4,26,-999999,37,-999999,37,0,1,-999999,0,5
1103,6,0,5,22,28,38,38,38,0,1,28,0,6
1104,1,0,0,13,8,38,38,38,1,0,38,1,0
1104,3,2,0,15,10,38,34,34,1,0,34,3,0
1104,4,3,0,15,13,35,36,36,1,0,36,4,0
1104,5,4,0,16,12,36,36,36,1,0,36,5,0
1104,1,0,0,13,8,38,38,38,0,1,8,0,1
1104,3,0,2,15,10,38,34,38,0,1,10,0,3
1104,4,0,3,15,13,35,36,35,0,1,13,0,4
1104,5,0,4,16,12,36,36,36,0,1,12,0,5
1105,1,0,0,25,14,29,35,35,1,0,35,1,0
1105,3,2,0,25,20,35,37,37,1,0,37,3,0
1105,4,3,0,26,15,31,35,35,1,0,35,4,0
1105,6,5,0,20,17,34,34,34,1,0,34,6,0
1105,1,0,0,25,14,29,35,29,0,1,14,0,1
1105,3,0,2,25,20,35,37,35,0,1,20,0,3
1105,4,0,3,26,15,31,35,31,0,1,15,0,4
1105,6,0,5,20,17,34,34,34,0,1,17,0,6
1106,1,0,0,17,13,36,37,37,1,0,37,1,0
1106,3,2,0,17,10,35,35,35,1,0,35,3,0
1106,4,3,0,17,-999999,30,-999999,-999999,1,0,-999999,4,0
1106,5,4,0,19,19,31,31,31,1,0,31,5,0
1106,6,5,0,12,15,31,33,33,1,0,33,6,0
1106,1,0,0,17,13,36,37,36,0,1,13,0,1
1106,3,0,2,17,10,35,35,35,0,1,10,0,3
1106,4,0,3,17,-999999,30,-999999,30,0,1,-999999,0,4
1106,5,0,4,19,19,31,31,31,0,1,19,0,5
1106,6,0,5,12,15,31,33,31,0,1,15,0,6
1107,1,0,0,21,9,40,40,40,1,0,40,1,0
1107,3,2,0,17,-999999,38,-999999,-999999,1,0,-999999,3,0
1107,4,3,0,19,-999999,39,-999999,-999999,1,0,-999999,4,0
1107,5,4,0,24,-999999,38,-999999,-999999,1,0,-999999,5,0
1107,6,5,0,18,-999999,39,-999999,-999999,1,0,-999999,6,0
1107,1,0,0,21,9,40,40,40,0,1,9,0,1
1107,3,0,2,17,-999999,38,-999999,38,0,1,-999999,0,3
1107,4,0,3,19,-999999,39,-999999,39,0,1,-999999,0,4
1107,5,0,4,24,-999999,38,-999999,38,0,1,-999999,0,5
1107,6,0,5,18,-999999,39,-999999,39,0,1,-999999,0,6
1108,1,0,0,13,18,40,39,39,1,0,39,1,0
1108,3,2,0,19,15,40,35,35,1,0,35,3,0
1108,4,3,0,16,19,40,36,36,1,0,36,4,0
1108,5,4,0,23,26,40,35,35,1,0,35,5,0
1108,6,5,0,22,19,40,30,30,1,0,30,6,0
1108,1,0,0,13,18,40,39,40,0,1,18,0,1
1108,3,0,2,19,15,40,35,40,0,1,15,0,3
1108,4,0,3,16,19,40,36,40,0,1,19,0,4
1108,5,0,4,23,26,40,35,40,0,1,26,0,5
1108,6,0,5,22,19,40,30,40,0,1,19,0,6
1109,1,0,0,25,20,39,39,39,1,0,39,1,0
1109,3,2,0,23,19,39,36,36,1,0,36,3,0
1109,4,3,0,24,24,39,37,37,1,0,37,4,0
1109,5,4,0,23,26,39,35,35,1,0,35,5,0
1109,6,5,0,27,29,38,36,36,1,0,36,6,0
1109,1,0,0,25,20,39,39,39,0,1,20,0,1
1109,3,0,2,23,19,39,36,39,0,1,19,0,3
1109,4,0,3,24,24,39,37,39,0,1,24,0,4
1109,5,0,4,23,26,39,35,39,0,1,26,0,5
1109,6,0,5,27,29,38,36,38,0,1,29,0,6
1110,1,0,0,16,21,35,32,32,1,0,32,1,0
1110,3,2,0,17,21,32,32,32,1,0,32,3,0
1110,4,3,0,20,21,30,36,36,1,0,36,4,0
1110,5,4,0,21,30,33,31,31,1,0,31,5,0
1110,6,5,0,27,27,35,32,32,1,0,32,6,0
1110,1,0,0,16,21,35,32,35,0,1,21,0,1
1110,3,0,2,17,21,32,32,32,0,1,21,0,3
1110,4,0,3,20,21,30,36,30,0,1,21,0,4
1110,5,0,4,21,30,33,31,33,0,1,30,0,5
1110,6,0,5,27,27,35,32,35,0,1,27,0,6
1111,1,0,0,7,8,39,38,38,1,0,38,1,0
1111,3,2,0,11,11,40,37,37,1,0,37,3,0
1111,4,3,0,11,14,40,36,36,1,0,36,4,0
1111,5,4,0,10,12,38,36,36,1,0,36,5,0
1111,6,5,0,8,9,40,37,37,1,0,37,6,0
1111,1,0,0,7,8,39,38,39,0,1,8,0,1
1111,3,0,2,11,11,40,37,40,0,1,11,0,3
1111,4,0,3,11,14,40,36,40,0,1,14,0,4
1111,5,0,4,10,12,38,36,38,0,1,12,0,5
1111,6,0,5,8,9,40,37,40,0,1,9,0,6
1112,3,2,0,20,-999999,26,-999999,-999999,1,0,-999999,3,0
1112,4,3,0,8,8,35,35,35,1,0,35,4,0
1112,5,4,0,8,21,38,29,29,1,0,29,5,0
1112,6,5,0,19,14,36,29,29,1,0,29,6,0
1112,3,0,2,20,-999999,26,-999999,26,0,1,-999999,0,3
1112,4,0,3,8,8,35,35,35,0,1,8,0,4
1112,5,0,4,8,21,38,29,38,0,1,21,0,5
1112,6,0,5,19,14,36,29,36,0,1,14,0,6
1113,1,0,0,14,-999999,40,-999999,-999999,1,0,-999999,1,0
1113,3,2,0,16,-999999,40,-999999,-999999,1,0,-999999,3,0
1113,4,3,0,20,-999999,40,-999999,-999999,1,0,-999999,4,0
1113,5,4,0,24,-999999,39,-999999,-999999,1,0,-999999,5,0
1113,6,5,0,24,-999999,40,-999999,-999999,1,0,-999999,6,0
1113,1,0,0,14,-999999,40,-999999,40,0,1,-999999,0,1
1113,3,0,2,16,-999999,40,-999999,40,0,1,-999999,0,3
1113,4,0,3,20,-999999,40,-999999,40,0,1,-999999,0,4
1113,5,0,4,24,-999999,39,-999999,39,0,1,-999999,0,5
1113,6,0,5,24,-999999,40,-999999,40,0,1,-999999,0,6
1114,1,0,0,8,8,38,37,37,1,0,37,1,0
1114,3,2,0,13,8,39,38,38,1,0,38,3,0
1114,5,4,0,9,11,38,38,38,1,0,38,5,0
1114,6,5,0,8,8,37,36,36,1,0,36,6,0
1114,1,0,0,8,8,38,37,38,0,1,8,0,1
1114,3,0,2,13,8,39,38,39,0,1,8,0,3
1114,5,0,4,9,11,38,38,38,0,1,11,0,5
1114,6,0,5,8,8,37,36,37,0,1,8,0,6
1115,1,0,0,13,11,40,40,40,1,0,40,1,0
1115,3,2,0,20,14,37,39,39,1,0,39,3,0
1115,4,3,0,21,12,37,36,36,1,0,36,4,0
1115,5,4,0,16,13,36,39,39,1,0,39,5,0
1115,6,5,0,18,13,37,37,37,1,0,37,6,0
1115,1,0,0,13,11,40,40,40,0,1,11,0,1
1115,3,0,2,20,14,37,39,37,0,1,14,0,3
1115,4,0,3,21,12,37,36,37,0,1,12,0,4
1115,5,0,4,16,13,36,39,36,0,1,13,0,5
1115,6,0,5,18,13,37,37,37,0,1,13,0,6
1116,1,0,0,17,22,38,34,34,1,0,34,1,0
1116,3,2,0,15,17,39,34,34,1,0,34,3,0
1116,4,3,0,17,17,40,27,27,1,0,27,4,0
1116,5,4,0,16,13,37,30,30,1,0,30,5,0
1116,6,5,0,16,16,32,33,33,1,0,33,6,0
1116,1,0,0,17,22,38,34,38,0,1,22,0,1
1116,3,0,2,15,17,39,34,39,0,1,17,0,3
1116,4,0,3,17,17,40,27,40,0,1,17,0,4
1116,5,0,4,16,13,37,30,37,0,1,13,0,5
1116,6,0,5,16,16,32,33,32,0,1,16,0,6
1117,1,0,0,8,13,36,37,37,1,0,37,1,0
1117,3,2,0,16,22,40,35,35,1,0,35,3,0
1117,4,3,0,11,16,36,35,35,1,0,35,4,0
1117,5,4,0,12,19,40,34,34,1,0,34,5,0
1117,6,5,0,18,16,35,31,31,1,0,31,6,0
1117,1,0,0,8,13,36,37,36,0,1,13,0,1
1117,3,0,2,16,22,40,35,40,0,1,22,0,3
1117,4,0,3,11,16,36,35,36,0,1,16,0,4
1117,5,0,4,12,19,40,34,40,0,1,19,0,5
1117,6,0,5,18,16,35,31,35,0,1,16,0,6
1118,1,0,0,13,-999999,40,-999999,-999999,1,0,-999999,1,0
1118,3,2,0,15,-999999,40,-999999,-999999,1,0,-999999,3,0
1118,4,3,0,13,-999999,39,-999999,-999999,1,0,-999999,4,0
1118,5,4,0,16,-999999,32,-999999,-999999,1,0,-999999,5,0
1118,6,5,0,14,-999999,35,-999999,-999999,1,0,-999999,6,0
1118,1,0,0,13,-999999,40,-999999,40,0,1,-999999,0,1
1118,3,0,2,15,-999999,40,-999999,40,0,1,-999999,0,3
1118,4,0,3,13,-999999,39,-999999,39,0,1,-999999,0,4
1118,5,0,4,16,-999999,32,-999999,32,0,1,-999999,0,5
1118,6,0,5,14,-999999,35,-999999,35,0,1,-999999,0,6
1119,1,0,0,15,17,40,29,29,1,0,29,1,0
1119,3,2,0,13,-999999,37,-999999,-999999,1,0,-999999,3,0
1119,4,3,0,19,14,36,32,32,1,0,32,4,0
1119,5,4,0,17,17,40,34,34,1,0,34,5,0
1119,6,5,0,14,13,37,31,31,1,0,31,6,0
1119,1,0,0,15,17,40,29,40,0,1,17,0,1
1119,3,0,2,13,-999999,37,-999999,37,0,1,-999999,0,3
1119,4,0,3,19,14,36,32,36,0,1,14,0,4
1119,5,0,4,17,17,40,34,40,0,1,17,0,5
1119,6,0,5,14,13,37,31,37,0,1,13,0,6
1120,1,0,0,11,15,40,36,36,1,0,36,1,0
1120,3,2,0,8,18,35,36,36,1,0,36,3,0
1120,4,3,0,16,18,38,34,34,1,0,34,4,0
1120,5,4,0,16,17,35,36,36,1,0,36,5,0
1120,6,5,0,9,14,39,36,36,1,0,36,6,0
1120,1,0,0,11,15,40,36,40,0,1,15,0,1
1120,3,0,2,8,18,35,36,35,0,1,18,0,3
1120,4,0,3,16,18,38,34,38,0,1,18,0,4
1120,5,0,4,16,17,35,36,35,0,1,17,0,5
1120,6,0,5,9,14,39,36,39,0,1,14,0,6
1121,1,0,0,7,-999999,40,-999999,-999999,1,0,-999999,1,0
1121,3,2,0,7,-999999,40,-999999,-999999,1,0,-999999,3,0
1121,4,3,0,12,16,38,19,19,1,0,19,4,0
1121,5,4,0,10,14,36,27,27,1,0,27,5,0
1121,6,5,0,8,-999999,36,-999999,-999999,1,0,-999999,6,0
1121,1,0,0,7,-999999,40,-999999,40,0,1,-999999,0,1
1121,3,0,2,7,-999999,40,-999999,40,0,1,-999999,0,3
1121,4,0,3,12,16,38,19,38,0,1,16,0,4
1121,5,0,4,10,14,36,27,36,0,1,14,0,5
1121,6,0,5,8,-999999,36,-999999,36,0,1,-999999,0,6
1122,3,2,0,10,13,36,39,39,1,0,39,3,0
1122,4,3,0,13,10,36,40,40,1,0,40,4,0
1122,5,4,0,16,15,34,38,38,1,0,38,5,0
1122,6,5,0,11,14,36,39,39,1,0,39,6,0
1122,3,0,2,10,13,36,39,36,0,1,13,0,3
1122,4,0,3,13,10,36,40,36,0,1,10,0,4
1122,5,0,4,16,15,34,38,34,0,1,15,0,5
1122,6,0,5,11,14,36,39,36,0,1,14,0,6
1123,1,0,0,21,14,40,39,39,1,0,39,1,0
1123,3,2,0,18,12,40,37,37,1,0,37,3,0
1123,4,3,0,15,18,39,34,34,1,0,34,4,0
1123,5,4,0,13,-999999,40,-999999,-999999,1,0,-999999,5,0
1123,6,5,0,14,-999999,40,-999999,-999999,1,0,-999999,6,0
1123,1,0,0,21,14,40,39,40,0,1,14,0,1
1123,3,0,2,18,12,40,37,40,0,1,12,0,3
1123,4,0,3,15,18,39,34,39,0,1,18,0,4
1123,5,0,4,13,-999999,40,-999999,40,0,1,-999999,0,5
1123,6,0,5,14,-999999,40,-999999,40,0,1,-999999,0,6
1124,1,0,0,9,17,40,40,40,1,0,40,1,0
1124,3,2,0,7,9,40,39,39,1,0,39,3,0
1124,4,3,0,10,10,40,39,39,1,0,39,4,0
1124,5,4,0,9,8,39,37,37,1,0,37,5,0
1124,6,5,0,12,9,38,37,37,1,0,37,6,0
1124,1,0,0,9,17,40,40,40,0,1,17,0,1
1124,3,0,2,7,9,40,39,40,0,1,9,0,3
1124,4,0,3,10,10,40,39,40,0,1,10,0,4
1124,5,0,4,9,8,39,37,39,0,1,8,0,5
1124,6,0,5,12,9,38,37,38,0,1,9,0,6
1125,1,0,0,13,-999999,39,-999999,-999999,1,0,-999999,1,0
1125,1,0,0,13,-999999,39,-999999,39,0,1,-999999,0,1
1126,1,0,0,19,16,40,35,35,1,0,35,1,0
1126,3,2,0,17,21,40,35,35,1,0,35,3,0
1126,4,3,0,16,16,38,30,30,1,0,30,4,0
1126,5,4,0,13,16,37,34,34,1,0,34,5,0
1126,6,5,0,14,-999999,39,-999999,-999999,1,0,-999999,6,0
1126,1,0,0,19,16,40,35,40,0,1,16,0,1
1126,3,0,2,17,21,40,35,40,0,1,21,0,3
1126,4,0,3,16,16,38,30,38,0,1,16,0,4
1126,5,0,4,13,16,37,34,37,0,1,16,0,5
1126,6,0,5,14,-999999,39,-999999,39,0,1,-999999,0,6
1127,1,0,0,23,-999999,28,-999999,-999999,1,0,-999999,1,0
1127,3,2,0,14,17,34,32,32,1,0,32,3,0
1127,4,3,0,19,14,32,36,36,1,0,36,4,0
1127,5,4,0,16,15,35,33,33,1,0,33,5,0
1127,6,5,0,33,27,27,30,30,1,0,30,6,0
1127,1,0,0,23,-999999,28,-999999,28,0,1,-999999,0,1
1127,3,0,2,14,17,34,32,34,0,1,17,0,3
1127,4,0,3,19,14,32,36,32,0,1,14,0,4
1127,5,0,4,16,15,35,33,35,0,1,15,0,5
1127,6,0,5,33,27,27,30,27,0,1,27,0,6
1128,1,0,0,10,-999999,40,-999999,-999999,1,0,-999999,1,0
1128,1,0,0,10,-999999,40,-999999,40,0,1,-999999,0,1
1129,1,0,0,25,13,35,36,36,1,0,36,1,0
1129,3,2,0,11,10,39,38,38,1,0,38,3,0
1129,4,3,0,17,11,40,31,31,1,0,31,4,0
1129,5,4,0,22,16,37,30,30,1,0,30,5,0
1129,6,5,0,9,12,39,36,36,1,0,36,6,0
1129,1,0,0,25,13,35,36,35,0,1,13,0,1
1129,3,0,2,11,10,39,38,39,0,1,10,0,3
1129,4,0,3,17,11,40,31,40,0,1,11,0,4
1129,5,0,4,22,16,37,30,37,0,1,16,0,5
1129,6,0,5,9,12,39,36,39,0,1,12,0,6
1130,1,0,0,23,16,40,34,34,1,0,34,1,0
1130,3,2,0,24,20,38,36,36,1,0,36,3,0
1130,4,3,0,25,24,38,29,29,1,0,29,4,0
1130,5,4,0,20,16,35,24,24,1,0,24,5,0
1130,6,5,0,24,28,33,35,35,1,0,35,6,0
1130,1,0,0,23,16,40,34,40,0,1,16,0,1
1130,3,0,2,24,20,38,36,38,0,1,20,0,3
1130,4,0,3,25,24,38,29,38,0,1,24,0,4
1130,5,0,4,20,16,35,24,35,0,1,16,0,5
1130,6,0,5,24,28,33,35,33,0,1,28,0,6
1131,1,0,0,15,14,40,40,40,1,0,40,1,0
1131,3,2,0,13,14,40,39,39,1,0,39,3,0
1131,4,3,0,10,14,40,39,39,1,0,39,4,0
1131,5,4,0,10,14,40,40,40,1,0,40,5,0
1131,6,5,0,11,14,40,38,38,1,0,38,6,0
1131,1,0,0,15,14,40,40,40,0,1,14,0,1
1131,3,0,2,13,14,40,39,40,0,1,14,0,3
1131,4,0,3,10,14,40,39,40,0,1,14,0,4
1131,5,0,4,10,14,40,40,40,0,1,14,0,5
1131,6,0,5,11,14,40,38,40,0,1,14,0,6
